date,tpa_nama,sensor,day_tpa,day_ring,night_tpa,night_ring
2019-01-04,Cikundul,Terra,24.26153061224493,24.57000000000005,18.89273684210531,19.230000000000018
2019-01-10,Cikundul,Terra,28.630000000000052,29.130000000000052,,
2019-01-29,Cikundul,Terra,29.74357142857145,28.750000000000057,,
2019-02-02,Cikundul,Terra,28.693469387755144,28.49000000000001,,
2019-02-05,Cikundul,Terra,25.52663265306125,24.230000000000018,,
2019-02-14,Cikundul,Terra,31.425408163265327,29.763144329896953,,
2019-02-18,Cikundul,Terra,28.07000000000005,28.57000000000005,,
2019-02-23,Cikundul,Terra,30.051122448979623,29.02000000000004,,
2019-02-25,Cikundul,Terra,32.389441340782156,32.42296296296298,,
2019-02-26,Cikundul,Terra,28.73622448979595,27.79000000000002,,
2019-03-15,Cikundul,Terra,29.983163265306132,29.253870220162277,,
2019-03-20,Cikundul,Terra,31.12102040816329,30.48537906137185,,
2019-03-21,Cikundul,Terra,25.777391304347855,25.33000000000004,,
2019-03-22,Cikundul,Terra,30.60304347826089,30.100588235294143,,
2019-03-25,Cikundul,Terra,29.579081632653104,29.130000000000052,,
2019-03-29,Cikundul,Terra,32.09673469387757,31.35796875000002,,
2019-03-31,Cikundul,Terra,27.444347826086993,28.33000000000004,,
2019-04-03,Cikundul,Terra,30.88285714285716,29.910000000000025,,
2019-04-06,Cikundul,Terra,28.60673469387758,28.250000000000057,,
2019-04-07,Cikundul,Terra,32.73673469387759,32.110000000000014,,
2019-04-12,Cikundul,Terra,31.25418367346942,28.310000000000002,,
2019-04-14,Cikundul,Terra,30.03000000000003,30.750000000000057,,
2019-04-15,Cikundul,Terra,28.757346938775562,27.950000000000045,,
2019-04-17,Cikundul,Terra,30.282096774193587,29.590000000000032,,
2019-04-23,Cikundul,Terra,29.219897959183704,28.07000000000005,,
2019-04-25,Cikundul,Terra,29.568367346938782,29.410000000000025,,
2019-04-30,Cikundul,Terra,29.250000000000057,28.690000000000055,,
2019-05-03,Cikundul,Terra,29.824795918367357,28.91000000000003,,
2019-05-04,Cikundul,Terra,28.973775510204117,28.610000000000014,,
2019-05-05,Cikundul,Terra,30.647755102040826,29.210000000000036,,
2019-05-07,Cikundul,Terra,29.786122448979622,28.77000000000004,,
2019-05-09,Cikundul,Terra,29.330612244897992,28.77000000000004,,
2019-05-12,Cikundul,Terra,28.542755102040843,27.89000000000004,,
2019-05-14,Cikundul,Terra,25.526122448979613,25.77000000000004,,
2019-05-17,Cikundul,Terra,30.83938775510206,29.970000000000027,,
2019-05-18,Cikundul,Terra,29.580408163265336,28.7567532467533,,
2019-05-19,Cikundul,Terra,28.827551020408205,26.07310559006216,,
2019-05-21,Cikundul,Terra,28.623265306122477,28.05000000000001,,21.53000000000003
2019-05-23,Cikundul,Terra,24.445102040816362,23.55000000000001,20.850000000000023,20.57000000000005
2019-05-24,Cikundul,Terra,29.115714285714315,28.53000000000003,,
2019-05-25,Cikundul,Terra,30.314285714285756,29.470000000000027,,21.27000000000004
2019-05-26,Cikundul,Terra,28.39857142857146,28.29000000000002,19.83000000000004,19.57000000000005
2019-05-28,Cikundul,Terra,30.87755102040819,29.550000000000008,,20.27000000000004
2019-05-30,Cikundul,Terra,29.4353892215569,28.79000000000002,,
2019-06-05,Cikundul,Terra,27.768571428571455,27.110000000000014,22.10265306122452,21.510000000000048
2019-06-06,Cikundul,Terra,29.439897959183696,28.260159362549846,21.67051020408165,21.610000000000014
2019-06-08,Cikundul,Terra,23.758979591836766,22.630000000000052,,
2019-06-09,Cikundul,Terra,27.45653061224493,27.470000000000027,,
2019-06-10,Cikundul,Terra,29.821938775510226,29.03000000000003,,20.610000000000014
2019-06-11,Cikundul,Terra,29.70428571428574,29.53000000000003,,
2019-06-13,Cikundul,Terra,30.2575510204082,29.310000000000002,21.690335195530757,21.610000000000014
2019-06-15,Cikundul,Terra,30.820102040816362,29.350000000000023,,19.450000000000045
2019-06-17,Cikundul,Terra,27.774489795918413,28.49000000000001,17.79000000000002,19.670000000000016
2019-06-18,Cikundul,Terra,28.419081632653103,28.470000000000027,20.383265306122485,20.090000000000032
2019-06-19,Cikundul,Terra,29.17061224489797,28.55000000000001,,
2019-06-20,Cikundul,Terra,25.191224489795943,25.582702702702747,19.38663265306123,19.190000000000055
2019-06-22,Cikundul,Terra,26.275204081632683,25.610000000000014,,
2019-06-24,Cikundul,Terra,29.70846938775514,28.81,,21.29000000000002
2019-06-25,Cikundul,Terra,28.535306122449,28.870000000000005,,
2019-06-26,Cikundul,Terra,28.287755102040823,27.70006910167823,,21.210000000000036
2019-06-27,Cikundul,Terra,29.317142857142873,28.859900990099025,19.970000000000027,19.49000000000001
2019-06-28,Cikundul,Terra,,27.310000000000002,19.725510204081658,20.090000000000032
2019-06-29,Cikundul,Terra,30.088367346938806,29.350000000000023,,20.850000000000023
2019-06-30,Cikundul,Terra,,,19.507755102040825,19.07000000000005
2019-07-01,Cikundul,Terra,31.022142857142896,29.910000000000025,18.71500000000003,18.590000000000032
2019-07-03,Cikundul,Terra,25.667040816326544,25.370000000000005,20.46336734693881,20.470000000000027
2019-07-08,Cikundul,Terra,29.402653061224502,28.6489573459716,18.679600000000036,19.710000000000036
2019-07-10,Cikundul,Terra,29.42775510204083,28.636649214659734,,18.370000000000005
2019-07-11,Cikundul,Terra,26.490631578947394,26.010000000000048,,
2019-07-12,Cikundul,Terra,29.54551020408165,28.55000000000001,19.05581632653064,18.610000000000014
2019-07-13,Cikundul,Terra,29.470714285714323,29.05000000000001,,19.07000000000005
2019-07-14,Cikundul,Terra,27.713469387755126,27.650000000000034,,19.450000000000045
2019-07-15,Cikundul,Terra,29.466224489795966,28.79000000000002,19.18724489795922,19.07666666666671
2019-07-16,Cikundul,Terra,,,18.97183673469392,18.77000000000004
2019-07-17,Cikundul,Terra,30.32540816326534,29.33000000000004,,
2019-07-19,Cikundul,Terra,27.390000000000043,26.930000000000007,,20.710000000000036
2019-07-21,Cikundul,Terra,,,20.068265306122495,19.890000000000043
2019-07-22,Cikundul,Terra,30.05438775510207,28.990000000000013,,
2019-07-24,Cikundul,Terra,30.19581632653061,29.59000000000003,14.053478260869575,13.950000000000045
2019-07-26,Cikundul,Terra,29.753265306122476,28.79000000000002,20.72285714285716,19.550000000000015
2019-07-27,Cikundul,Terra,22.09336633663368,21.730000000000018,,
2019-07-28,Cikundul,Terra,31.013163265306158,30.150000000000034,,20.49000000000001
2019-07-29,Cikundul,Terra,28.54530612244901,27.57000000000005,,19.53000000000003
2019-07-30,Cikundul,Terra,,27.630000000000052,18.411317365269483,18.870000000000005
2019-07-31,Cikundul,Terra,31.338877551020428,30.05000000000001,,19.170000000000016
2019-08-01,Cikundul,Terra,,,16.83000000000004,16.910000000000025
2019-08-02,Cikundul,Terra,30.850612244898,29.710000000000036,19.298983050847486,20.370000000000005
2019-08-04,Cikundul,Terra,30.06306122448981,29.2073863636364,19.681485148514874,19.05000000000001
2019-08-05,Cikundul,Terra,30.097142857142863,29.450000000000045,,
2019-08-06,Cikundul,Terra,29.13010204081637,28.610000000000014,,
2019-08-09,Cikundul,Terra,28.695918367346977,28.01852842809369,,17.950000000000045
2019-08-11,Cikundul,Terra,,30.715892116182605,18.826271186440717,19.27000000000004
2019-08-13,Cikundul,Terra,31.291224489795933,30.430000000000007,,20.730000000000018
2019-08-14,Cikundul,Terra,30.11622448979595,29.640000000000043,,17.33000000000004
2019-08-15,Cikundul,Terra,,26.79000000000002,22.113578947368442,21.670000000000016
2019-08-16,Cikundul,Terra,28.545307262569857,28.090000000000032,,
2019-08-17,Cikundul,Terra,,,19.65897959183675,19.750000000000057
2019-08-18,Cikundul,Terra,34.077755102040825,33.05000000000001,19.328562874251517,18.53000000000003
2019-08-19,Cikundul,Terra,30.481224489795927,30.470000000000024,,
2019-08-20,Cikundul,Terra,31.468979591836774,30.850000000000023,,21.370000000000005
2019-08-21,Cikundul,Terra,31.87346938775513,31.090000000000032,,12.910000000000025
2019-08-22,Cikundul,Terra,,,21.51326530612247,21.150000000000034
2019-08-23,Cikundul,Terra,32.000000000000036,30.99000000000001,,
2019-08-25,Cikundul,Terra,30.40959183673472,29.33000000000004,,
2019-08-27,Cikundul,Terra,26.590000000000032,28.55000000000001,,
2019-08-29,Cikundul,Terra,32.086632653061265,32.01000000000005,19.89724489795921,19.630000000000052
2019-08-30,Cikundul,Terra,32.03285714285716,31.390000000000043,,20.130000000000052
2019-08-31,Cikundul,Terra,33.763265306122484,32.950000000000045,19.551122448979623,19.95000000000005
2019-09-01,Cikundul,Terra,32.3760204081633,31.670000000000023,18.680391061452553,18.77000000000004
2019-09-03,Cikundul,Terra,,,20.96284210526318,20.27000000000004
2019-09-05,Cikundul,Terra,32.882448979591864,31.477931570762074,,17.99000000000001
2019-09-06,Cikundul,Terra,34.033979591836754,33.610000000000014,19.256122448979617,19.170000000000016
2019-09-07,Cikundul,Terra,,31.730000000000018,20.726938775510213,20.810000000000002
2019-09-08,Cikundul,Terra,34.557346938775524,33.52045081967217,,
2019-09-09,Cikundul,Terra,29.86806122448982,30.55000000000001,,
2019-09-10,Cikundul,Terra,36.76479591836739,35.47000000000003,,21.190000000000055
2019-09-12,Cikundul,Terra,36.06357142857145,34.809465648854975,19.449489795918407,18.970000000000027
2019-09-13,Cikundul,Terra,27.45826530612249,27.710000000000036,,
2019-09-14,Cikundul,Terra,33.5840816326531,32.97000000000003,20.0586734693878,19.810000000000002
2019-09-15,Cikundul,Terra,30.777755102040842,31.190000000000055,,17.33000000000004
2019-09-16,Cikundul,Terra,31.849183673469412,31.230000000000018,,12.890000000000043
2019-09-17,Cikundul,Terra,34.17846938775512,32.57000000000005,20.80136842105267,20.450000000000045
2019-09-18,Cikundul,Terra,,,20.364387755102065,20.29000000000002
2019-09-19,Cikundul,Terra,31.862755102040826,32.420000000000016,20.37440677966106,19.79000000000002
2019-09-21,Cikundul,Terra,33.756734693877576,31.850000000000023,15.930000000000007,18.250000000000057
2019-09-22,Cikundul,Terra,34.1987755102041,33.79000000000002,16.450000000000045,16.450000000000045
2019-09-23,Cikundul,Terra,31.630714285714323,31.590000000000032,,22.170000000000016
2019-09-24,Cikundul,Terra,36.13612244897962,33.690000000000055,21.0315642458101,21.07000000000005
2019-09-25,Cikundul,Terra,31.190000000000055,31.690000000000055,,16.910000000000025
2019-09-26,Cikundul,Terra,36.771326530612264,35.670000000000016,20.330102040816364,20.670000000000016
2019-09-28,Cikundul,Terra,35.48765306122453,35.650062695924795,21.047551020408203,21.08313304721034
2019-10-01,Cikundul,Terra,32.81724489795921,32.190000000000055,,
2019-10-05,Cikundul,Terra,38.77316326530614,37.76443298969076,18.99000000000001,19.750000000000057
2019-10-07,Cikundul,Terra,35.82653061224494,35.170000000000016,21.001632653061264,20.53000000000003
2019-10-09,Cikundul,Terra,32.466326530612285,31.790000000000017,,
2019-10-14,Cikundul,Terra,34.89969387755105,34.01000000000005,21.135408163265343,20.77000000000004
2019-10-17,Cikundul,Terra,30.57000000000005,30.33000000000004,,
2019-10-19,Cikundul,Terra,,,21.414081632653094,20.79000000000002
2019-10-20,Cikundul,Terra,,,20.890000000000043,20.590000000000032
2019-10-21,Cikundul,Terra,35.14775510204087,33.60000000000002,,
2019-10-22,Cikundul,Terra,32.98459183673472,31.850000000000023,,
2019-10-24,Cikundul,Terra,35.76377551020411,35.42126126126128,,19.470000000000027
2019-10-25,Cikundul,Terra,35.05489795918371,34.55000000000002,,
2019-10-26,Cikundul,Terra,34.73959183673472,34.01860335195535,,
2019-10-28,Cikundul,Terra,35.439183673469415,33.52289520426291,,21.450000000000045
2019-10-30,Cikundul,Terra,37.372244897959206,34.910000000000025,20.199081632653083,19.77000000000004
2019-11-01,Cikundul,Terra,,,20.060400000000033,19.750000000000057
2019-11-06,Cikundul,Terra,39.55877551020411,39.26495088408648,,16.33000000000004
2019-11-08,Cikundul,Terra,40.09642857142861,39.9197328244275,,
2019-11-09,Cikundul,Terra,36.356224489795935,36.170000000000016,,20.010000000000048
2019-11-10,Cikundul,Terra,37.4487755102041,37.55000000000002,,21.77000000000004
2019-11-11,Cikundul,Terra,33.27173913043481,34.306091954022996,,17.99000000000001
2019-11-16,Cikundul,Terra,32.30683673469388,32.21000000000004,,
2019-11-17,Cikundul,Terra,35.437142857142874,35.30000000000001,,22.930000000000007
2019-11-18,Cikundul,Terra,35.47326530612248,35.2993868921776,,
2019-11-20,Cikundul,Terra,32.16551020408166,31.230000000000018,,
2019-11-24,Cikundul,Terra,34.33459183673471,33.73000000000002,,
2019-11-26,Cikundul,Terra,,,19.78608695652179,20.130000000000052
2019-11-27,Cikundul,Terra,,28.05000000000001,19.275714285714336,21.170000000000016
2019-11-29,Cikundul,Terra,32.48979591836737,31.970000000000024,,
2019-12-08,Cikundul,Terra,31.881836734693895,31.99000000000001,,
2019-12-24,Cikundul,Terra,33.42948979591839,33.25000000000006,,
2020-01-02,Cikundul,Terra,29.28731843575419,28.750000000000057,,
2020-01-14,Cikundul,Terra,,,20.681734693877583,20.77000000000004
2020-01-16,Cikundul,Terra,31.000612244897997,29.1600778210117,,
2020-03-02,Cikundul,Terra,30.24785714285718,29.57000000000005,,
2020-03-06,Cikundul,Terra,32.11122448979596,30.950000000000045,,
2020-03-13,Cikundul,Terra,21.710000000000036,24.970000000000027,,
2020-03-15,Cikundul,Terra,33.56642857142862,31.79000000000002,,
2020-03-17,Cikundul,Terra,32.301843575419035,30.77000000000004,,
2020-03-31,Cikundul,Terra,28.835510204081665,27.83000000000004,,
2020-04-05,Cikundul,Terra,29.221428571428604,28.430000000000007,,
2020-04-09,Cikundul,Terra,29.450000000000045,29.510000000000048,,
2020-04-11,Cikundul,Terra,,,15.85336734693879,14.930000000000007
2020-04-14,Cikundul,Terra,32.73836734693877,31.2766666666667,19.87469387755103,19.670000000000016
2020-04-15,Cikundul,Terra,27.283367346938803,27.090000000000032,,
2020-04-23,Cikundul,Terra,29.718979591836753,28.85000000000002,,
2020-04-26,Cikundul,Terra,31.183265306122472,29.370000000000005,,
2020-05-04,Cikundul,Terra,27.27000000000004,26.83000000000004,,
2020-05-07,Cikundul,Terra,29.92734693877553,29.130000000000052,,
2020-05-14,Cikundul,Terra,30.246122448979634,29.550000000000015,,
2020-05-15,Cikundul,Terra,,,21.676949152542427,21.57000000000005
2020-05-16,Cikundul,Terra,30.97061224489799,30.139922178988375,,
2020-05-20,Cikundul,Terra,30.585918367346984,29.53000000000003,,
2020-05-23,Cikundul,Terra,29.99132653061227,28.77000000000004,,
2020-05-30,Cikundul,Terra,30.360204081632688,29.690000000000055,,
2020-06-03,Cikundul,Terra,27.827142857142878,27.610000000000014,,
2020-06-04,Cikundul,Terra,25.41565217391308,26.359759036144595,,
2020-06-08,Cikundul,Terra,27.250000000000057,27.650000000000034,,
2020-06-11,Cikundul,Terra,26.34581632653064,26.05000000000001,,
2020-06-12,Cikundul,Terra,30.147142857142892,29.090000000000032,,18.690000000000055
2020-06-14,Cikundul,Terra,28.60948979591842,28.528681318681347,22.130000000000052,21.470000000000027
2020-06-17,Cikundul,Terra,28.541632653061257,27.810000000000002,,
2020-06-21,Cikundul,Terra,27.171739130434805,27.29000000000002,,
2020-06-22,Cikundul,Terra,28.968983050847488,28.110000000000014,,
2020-06-26,Cikundul,Terra,,28.890000000000043,21.669387755102065,20.690000000000055
2020-06-28,Cikundul,Terra,26.86040816326534,24.33000000000004,,
2020-06-29,Cikundul,Terra,28.51279329608942,28.83000000000004,,21.410000000000025
2020-07-01,Cikundul,Terra,29.96010204081633,28.31,,
2020-07-05,Cikundul,Terra,29.223163265306148,28.308023952095812,,20.390000000000043
2020-07-06,Cikundul,Terra,29.11908163265308,27.76045081967218,,
2020-07-07,Cikundul,Terra,24.592448979591865,26.510000000000048,20.734081632653087,20.970000000000024
2020-07-08,Cikundul,Terra,,28.430000000000007,13.259183673469417,13.410000000000025
2020-07-12,Cikundul,Terra,30.487142857142885,29.35000000000002,,
2020-07-14,Cikundul,Terra,28.82714285714289,28.077928994082882,21.830816326530645,21.07000000000005
2020-07-17,Cikundul,Terra,30.743163265306148,29.302626506024108,20.841856287425184,20.77000000000004
2020-07-19,Cikundul,Terra,32.19400000000002,30.250000000000057,,
2020-07-21,Cikundul,Terra,30.61897959183678,29.33000000000004,,20.79000000000002
2020-07-22,Cikundul,Terra,27.063469387755127,27.07000000000005,15.878673469387763,16.710000000000036
2020-07-24,Cikundul,Terra,28.935408163265333,27.533575949367112,,20.03000000000003
2020-07-26,Cikundul,Terra,21.852244897959213,23.930000000000007,20.090612244897986,20.15000000000003
2020-07-28,Cikundul,Terra,23.337524752475257,23.910000000000025,,18.450000000000045
2020-07-29,Cikundul,Terra,28.022755102040847,27.430000000000007,,
2020-07-30,Cikundul,Terra,31.713469387755136,30.150000000000034,,
2020-07-31,Cikundul,Terra,29.75489795918371,28.590000000000032,,
2020-08-01,Cikundul,Terra,27.644897959183705,26.916738255033575,21.271938775510208,20.670000000000016
2020-08-02,Cikundul,Terra,30.344693877551048,29.27000000000004,,
2020-08-06,Cikundul,Terra,29.3171428571429,28.52000000000004,,
2020-08-07,Cikundul,Terra,29.555408163265344,28.890000000000043,,
2020-08-08,Cikundul,Terra,,,22.21612244897962,20.77000000000004
2020-08-09,Cikundul,Terra,30.366122448979617,29.83000000000004,,
2020-08-16,Cikundul,Terra,28.663469387755146,28.27000000000004,,
2020-08-17,Cikundul,Terra,28.297959183673505,28.53000000000003,,19.55000000000001
2020-08-20,Cikundul,Terra,31.23153061224494,29.510000000000048,,21.850000000000023
2020-08-23,Cikundul,Terra,28.983163265306143,28.710000000000036,,
2020-08-25,Cikundul,Terra,32.759081632653086,32.170000000000016,,
2020-08-26,Cikundul,Terra,29.191836734693908,29.230000000000018,,14.210000000000036
2020-08-27,Cikundul,Terra,32.49510204081635,31.79000000000002,18.77244897959186,19.350000000000023
2020-08-28,Cikundul,Terra,,,19.321200000000022,19.350000000000023
2020-08-29,Cikundul,Terra,31.583673469387797,30.510617760617812,21.910000000000025,21.390000000000043
2020-08-31,Cikundul,Terra,29.56000000000002,28.910000000000025,,17.970000000000027
2020-09-01,Cikundul,Terra,25.38405940594061,25.090000000000032,,
2020-09-05,Cikundul,Terra,27.310000000000002,27.730000000000018,20.775918367346957,20.49000000000001
2020-09-07,Cikundul,Terra,32.825612244897975,31.33000000000004,15.470000000000027,16.210000000000036
2020-09-12,Cikundul,Terra,31.13561224489799,31.89656126482217,,
2020-09-13,Cikundul,Terra,,,15.466039603960441,15.03000000000003
2020-09-16,Cikundul,Terra,22.892173913043514,25.010000000000048,,19.390000000000043
2020-09-19,Cikundul,Terra,34.764285714285734,33.610000000000014,,
2020-09-23,Cikundul,Terra,34.27663265306124,33.170000000000016,,21.79000000000002
2020-09-24,Cikundul,Terra,29.7387755102041,29.33000000000004,,
2020-09-25,Cikundul,Terra,30.83132653061225,30.190000000000055,21.7944897959184,21.79000000000002
2020-09-30,Cikundul,Terra,33.346428571428596,32.63000000000005,,
2020-10-02,Cikundul,Terra,31.310000000000002,31.410000000000025,,
2020-10-07,Cikundul,Terra,32.232234636871546,30.230000000000018,,
2020-10-16,Cikundul,Terra,34.03237623762381,33.910000000000025,,
2020-11-04,Cikundul,Terra,30.73887755102045,30.130000000000052,,
2020-11-13,Cikundul,Terra,30.545816326530637,29.880000000000024,,
2020-11-15,Cikundul,Terra,31.82846938775513,30.42026717557254,,
2020-11-17,Cikundul,Terra,33.47091836734696,31.217572327044056,,
2021-02-12,Cikundul,Terra,28.84122448979595,28.090000000000032,,
2021-02-14,Cikundul,Terra,,,20.96183673469391,20.510000000000048
2021-02-22,Cikundul,Terra,29.798673469387797,29.27000000000004,,
2021-03-05,Cikundul,Terra,32.10846938775512,31.484301994302005,,
2021-03-06,Cikundul,Terra,30.723571428571436,31.03000000000003,,
2021-03-18,Cikundul,Terra,29.03739130434785,28.83000000000004,,
2021-04-08,Cikundul,Terra,28.46000000000005,28.77000000000004,,
2021-04-10,Cikundul,Terra,31.438265306122485,30.370000000000005,,
2021-04-11,Cikundul,Terra,27.03000000000003,27.03000000000003,,
2021-04-14,Cikundul,Terra,27.57000000000005,27.090000000000032,,
2021-04-15,Cikundul,Terra,30.90285714285718,29.210000000000036,,
2021-04-17,Cikundul,Terra,32.03742514970062,29.800495867768607,,
2021-04-19,Cikundul,Terra,32.358379888268175,31.650000000000034,,
2021-04-21,Cikundul,Terra,32.000714285714324,30.750000000000057,22.470102040816368,21.630000000000052
2021-04-22,Cikundul,Terra,31.727857142857168,30.855593220339,,20.150000000000034
2021-04-23,Cikundul,Terra,29.71255102040819,28.986302521008415,20.250000000000057,20.250000000000057
2021-04-24,Cikundul,Terra,32.59112244897962,31.450000000000045,15.363571428571468,16.250000000000057
2021-04-26,Cikundul,Terra,32.08010204081636,31.136753246753294,,
2021-04-29,Cikundul,Terra,27.195612244898,26.190000000000055,,
2021-04-30,Cikundul,Terra,30.130000000000052,28.110000000000014,,
2021-05-01,Cikundul,Terra,30.698979591836753,29.778790322580672,,
2021-05-02,Cikundul,Terra,,,15.990000000000009,15.990000000000009
2021-05-03,Cikundul,Terra,30.925612244898,29.610000000000014,,
2021-05-08,Cikundul,Terra,29.592653061224503,29.29000000000002,,
2021-05-10,Cikundul,Terra,31.618775510204102,29.55000000000001,,20.470000000000027
2021-05-11,Cikundul,Terra,,,19.39960000000003,18.930000000000007
2021-05-12,Cikundul,Terra,31.03653061224492,29.210000000000036,,
2021-05-14,Cikundul,Terra,30.55244897959186,29.190000000000055,,
2021-05-15,Cikundul,Terra,28.66408163265309,29.230000000000018,,17.79000000000002
2021-05-17,Cikundul,Terra,28.575408163265323,27.01000000000005,,
2021-05-19,Cikundul,Terra,31.06887755102043,29.863722222222233,,
2021-05-21,Cikundul,Terra,29.247959183673494,29.310000000000002,,
2021-05-22,Cikundul,Terra,27.57346938775514,27.670000000000016,,
2021-05-24,Cikundul,Terra,29.182653061224535,28.79000000000002,,
2021-05-26,Cikundul,Terra,29.161530612244935,28.70035916824201,,20.49000000000001
2021-05-28,Cikundul,Terra,30.75295918367348,29.860000000000014,,
2021-06-02,Cikundul,Terra,29.4175510204082,28.710000000000036,,
2021-06-04,Cikundul,Terra,27.78306122448983,25.58000000000004,,20.230000000000018
2021-06-06,Cikundul,Terra,29.465612244897983,28.75370093457949,,
2021-06-07,Cikundul,Terra,26.222142857142885,26.170000000000016,,
2021-06-08,Cikundul,Terra,28.455000000000023,28.198791208791256,,
2021-06-09,Cikundul,Terra,29.00551020408167,28.360000000000014,,
2021-06-11,Cikundul,Terra,29.763877551020453,28.890000000000043,,
2021-06-13,Cikundul,Terra,24.250000000000057,25.49000000000001,21.688877551020447,21.210000000000036
2021-06-14,Cikundul,Terra,28.113367346938826,27.77000000000004,,
2021-06-18,Cikundul,Terra,28.277040816326572,27.930000000000007,,
2021-06-20,Cikundul,Terra,28.898775510204096,27.250000000000057,,
2021-06-22,Cikundul,Terra,28.43571428571431,27.750000000000057,,
2021-06-27,Cikundul,Terra,28.869081632653085,27.57000000000005,,
2021-06-29,Cikundul,Terra,26.46051020408166,25.30380530973452,20.030204081632697,20.010000000000048
2021-07-02,Cikundul,Terra,27.251005586592203,27.260000000000048,,19.370000000000005
2021-07-03,Cikundul,Terra,28.073571428571448,27.710000000000036,,19.870000000000005
2021-07-04,Cikundul,Terra,29.65581632653066,28.870000000000005,,21.510000000000048
2021-07-05,Cikundul,Terra,,,20.302741935483883,20.170000000000016
2021-07-06,Cikundul,Terra,30.312857142857172,29.450000000000045,,22.090000000000032
2021-07-08,Cikundul,Terra,29.29265306122453,28.030000000000026,,21.03000000000003
2021-07-09,Cikundul,Terra,30.379387755102073,29.610000000000014,,
2021-07-12,Cikundul,Terra,23.730000000000018,23.810000000000002,,
2021-07-13,Cikundul,Terra,29.774000000000015,29.410000000000025,,
2021-07-15,Cikundul,Terra,25.1407784431138,25.350000000000023,,21.890000000000043
2021-07-16,Cikundul,Terra,25.09387755102044,25.33000000000004,,
2021-07-17,Cikundul,Terra,29.370000000000005,28.470000000000027,,20.210000000000036
2021-07-18,Cikundul,Terra,29.613877551020437,28.763333333333378,,
2021-07-20,Cikundul,Terra,29.01112244897962,28.27000000000004,,
2021-07-21,Cikundul,Terra,,,15.390000000000043,16.350000000000023
2021-07-25,Cikundul,Terra,27.7271428571429,27.360000000000014,20.58234693877555,20.210000000000036
2021-07-26,Cikundul,Terra,28.828265306122468,27.610000000000014,,21.230000000000018
2021-07-27,Cikundul,Terra,30.8898979591837,30.170000000000016,20.004795918367357,20.090000000000032
2021-07-28,Cikundul,Terra,27.72857142857145,26.970000000000027,19.882842105263197,19.890000000000043
2021-07-29,Cikundul,Terra,30.281122448979612,29.30486880466473,,19.29000000000002
2021-08-01,Cikundul,Terra,26.582346938775547,26.590000000000032,,
2021-08-04,Cikundul,Terra,28.469897959183704,27.750000000000057,,
2021-08-07,Cikundul,Terra,31.35591836734697,30.299860834990067,,21.910000000000025
2021-08-10,Cikundul,Terra,27.644693877551042,26.53000000000003,,18.590000000000032
2021-08-11,Cikundul,Terra,29.821122448979636,28.890000000000043,,21.250000000000057
2021-08-12,Cikundul,Terra,32.305612244898,31.27000000000004,,
2021-08-16,Cikundul,Terra,33.08551020408166,31.430000000000003,22.022842105263187,20.890000000000043
2021-08-17,Cikundul,Terra,29.570306122448997,29.420000000000016,,
2021-08-18,Cikundul,Terra,29.324285714285736,28.810000000000002,,
2021-08-23,Cikundul,Terra,30.204489795918395,30.20834394904462,,14.730000000000018
2021-08-25,Cikundul,Terra,32.24755102040818,31.250000000000053,21.12795918367351,20.53000000000003
2021-08-26,Cikundul,Terra,31.190000000000055,29.55000000000001,,16.930000000000007
2021-08-27,Cikundul,Terra,28.933979591836756,28.976525759577296,,18.430000000000007
2021-08-28,Cikundul,Terra,30.14367346938779,28.850000000000023,20.29000000000002,19.850000000000023
2021-09-03,Cikundul,Terra,31.4021428571429,30.46969111969115,,
2021-09-04,Cikundul,Terra,30.569897959183702,29.890000000000043,,
2021-09-06,Cikundul,Terra,29.858163265306157,29.250000000000057,,
2021-09-08,Cikundul,Terra,31.67163265306125,29.99000000000001,21.238367346938805,21.27000000000004
2021-09-10,Cikundul,Terra,32.7064285714286,31.489681274900406,,
2021-09-17,Cikundul,Terra,33.38765306122453,32.150000000000034,22.188061224489832,21.27000000000004
2021-09-18,Cikundul,Terra,29.752653061224525,29.210000000000036,,
2021-09-19,Cikundul,Terra,,,20.510000000000048,20.750000000000057
2021-09-26,Cikundul,Terra,31.99256983240228,29.29000000000002,,
2021-09-29,Cikundul,Terra,29.673979591836744,29.210000000000036,,
2021-09-30,Cikundul,Terra,29.242857142857165,29.208750000000038,,
2021-10-03,Cikundul,Terra,32.10377551020409,30.79053435114506,,
2021-10-07,Cikundul,Terra,30.851836734693894,30.53000000000003,,18.33000000000004
2021-10-08,Cikundul,Terra,31.312959183673506,29.45000000000005,,
2021-10-10,Cikundul,Terra,33.28224489795923,30.510000000000048,,
2021-10-12,Cikundul,Terra,33.52622448979595,32.610000000000014,,
2021-10-17,Cikundul,Terra,31.62653061224494,31.570000000000046,,
2021-11-02,Cikundul,Terra,28.044067796610193,24.79000000000002,,
2021-11-03,Cikundul,Terra,,,17.430000000000007,17.33000000000004
2021-11-25,Cikundul,Terra,30.335102040816345,30.57000000000005,,
2021-12-02,Cikundul,Terra,28.52204081632657,27.83000000000004,,
2021-12-16,Cikundul,Terra,30.650000000000034,30.33000000000004,,
2022-01-04,Cikundul,Terra,26.229795918367362,25.810000000000002,,
2022-01-05,Cikundul,Terra,30.250714285714327,29.210000000000036,,
2022-01-16,Cikundul,Terra,,,22.24010204081635,22.210000000000036
2022-02-03,Cikundul,Terra,26.77000000000004,28.510000000000048,,
2022-02-22,Cikundul,Terra,27.59558659217877,28.79000000000002,,
2022-03-14,Cikundul,Terra,30.21033898305088,30.590000000000032,,
2022-03-17,Cikundul,Terra,27.47948979591841,28.590000000000032,,
2022-03-24,Cikundul,Terra,27.7727419354839,26.630000000000052,,
2022-03-30,Cikundul,Terra,31.51908163265308,30.29000000000002,,
2022-03-31,Cikundul,Terra,30.85857142857147,30.110000000000014,,
2022-04-02,Cikundul,Terra,29.919183673469416,29.590000000000032,,
2022-04-04,Cikundul,Terra,32.13724489795922,30.630000000000052,,
2022-04-06,Cikundul,Terra,29.76765363128494,29.04892720306515,,
2022-04-09,Cikundul,Terra,26.962244897959202,26.250000000000057,,
2022-04-13,Cikundul,Terra,30.568979591836758,30.03000000000003,,
2022-04-14,Cikundul,Terra,26.59816326530616,26.150000000000034,,
2022-04-16,Cikundul,Terra,26.565593220339007,25.430000000000007,,
2022-04-22,Cikundul,Terra,27.802551020408195,27.650000000000034,,
2022-04-25,Cikundul,Terra,28.95670658682636,27.910000000000025,,
2022-05-03,Cikundul,Terra,29.753061224489834,28.890000000000043,,
2022-05-06,Cikundul,Terra,23.380000000000027,25.510000000000048,,
2022-05-08,Cikundul,Terra,29.08765306122451,27.77000000000004,,
2022-05-10,Cikundul,Terra,31.590000000000032,29.430000000000007,,
2022-05-13,Cikundul,Terra,29.51387755102042,28.510000000000048,,
2022-05-15,Cikundul,Terra,30.534591836734734,29.296649214659702,,
2022-05-18,Cikundul,Terra,30.74591836734698,29.27000000000004,,
2022-05-22,Cikundul,Terra,24.625714285714302,26.690000000000055,,
2022-05-27,Cikundul,Terra,30.066836734693908,29.077692307692352,,
2022-05-29,Cikundul,Terra,25.363571428571447,24.350000000000023,,
2022-05-31,Cikundul,Terra,29.741224489795947,28.250000000000057,,
2022-06-05,Cikundul,Terra,28.976836734693897,27.696666666666715,,
2022-06-07,Cikundul,Terra,27.998979591836772,26.810000000000002,,
2022-06-10,Cikundul,Terra,28.83000000000004,25.55000000000001,,
2022-06-18,Cikundul,Terra,29.57000000000005,26.150000000000034,,
2022-06-19,Cikundul,Terra,27.92520408163267,26.670000000000016,,
2022-06-21,Cikundul,Terra,24.671632653061234,24.210000000000036,,19.010000000000048
2022-06-28,Cikundul,Terra,21.695408163265324,21.710000000000036,,18.010000000000048
2022-06-29,Cikundul,Terra,25.135816326530655,24.730000000000018,,
2022-06-30,Cikundul,Terra,28.561734693877572,27.230000000000015,,18.410000000000025
2022-07-01,Cikundul,Terra,,,19.717932960893886,19.710000000000036
2022-07-02,Cikundul,Terra,27.252959183673493,26.25621621621627,,
2022-07-04,Cikundul,Terra,24.415102040816347,25.670000000000016,20.493163265306137,19.99000000000001
2022-07-05,Cikundul,Terra,30.74673469387759,29.57000000000005,,
2022-07-07,Cikundul,Terra,28.236734693877587,27.710000000000036,,21.650000000000034
2022-07-09,Cikundul,Terra,29.470306122449024,28.33000000000004,,18.350000000000023
2022-07-14,Cikundul,Terra,24.72418367346942,24.33000000000004,,
2022-07-17,Cikundul,Terra,,,11.57000000000005,11.450000000000045
2022-07-18,Cikundul,Terra,29.78102040816329,28.890000000000043,,
2022-07-19,Cikundul,Terra,23.9085483870968,22.130000000000052,,
2022-07-20,Cikundul,Terra,28.400816326530645,27.930000000000007,20.25724489795921,20.910000000000025
2022-07-21,Cikundul,Terra,29.846836734693916,28.970000000000027,,
2022-07-27,Cikundul,Terra,28.76306122448981,27.690000000000055,,18.630000000000052
2022-07-28,Cikundul,Terra,27.86469387755105,27.57000000000005,,
2022-07-30,Cikundul,Terra,27.170000000000016,26.710000000000036,,
2022-08-01,Cikundul,Terra,30.172346938775526,29.110000000000014,,
2022-08-06,Cikundul,Terra,28.87224489795921,27.890000000000043,,
2022-08-07,Cikundul,Terra,26.77000000000004,26.77000000000004,,20.910000000000025
2022-08-08,Cikundul,Terra,30.083775510204106,29.05000000000001,,20.610000000000014
2022-08-09,Cikundul,Terra,,,14.646530612244943,14.07000000000005
2022-08-13,Cikundul,Terra,28.299795918367376,28.010000000000048,,
2022-08-19,Cikundul,Terra,30.359591836734733,29.71000000000004,,
2022-08-20,Cikundul,Terra,26.430000000000007,25.130000000000052,,
2022-08-23,Cikundul,Terra,27.98183673469391,28.144049586776898,,
2022-08-24,Cikundul,Terra,24.28043478260873,23.450000000000045,,
2022-08-30,Cikundul,Terra,27.26040816326532,27.410000000000025,,
2022-09-02,Cikundul,Terra,28.438571428571443,29.110000000000014,,
2022-09-14,Cikundul,Terra,28.3326530612245,27.99000000000001,,
2022-09-16,Cikundul,Terra,28.11918367346943,26.210000000000036,,
2022-09-25,Cikundul,Terra,30.94520408163268,29.86486880466473,20.94948979591839,20.49000000000001
2022-09-27,Cikundul,Terra,31.956122448979613,30.57000000000005,,
2022-10-04,Cikundul,Terra,26.662580645161327,28.57000000000005,,
2022-11-29,Cikundul,Terra,31.726836734693904,29.91806250000002,,
2022-12-09,Cikundul,Terra,30.252959183673518,29.55000000000001,,
2022-12-21,Cikundul,Terra,28.556428571428608,26.810000000000002,,
2023-01-07,Cikundul,Terra,25.820000000000036,27.590000000000032,,
2023-01-09,Cikundul,Terra,26.454693877551055,27.190000000000055,,
2023-01-11,Cikundul,Terra,,28.690000000000055,21.384897959183707,21.07000000000005
2023-01-12,Cikundul,Terra,29.246632653061255,29.010000000000048,,
2023-01-14,Cikundul,Terra,30.316836734693894,29.410000000000025,,
2023-01-21,Cikundul,Terra,27.846122448979617,27.99000000000001,,
2023-03-07,Cikundul,Terra,31.69561224489799,31.01675324675329,,
2023-03-12,Cikundul,Terra,28.56530612244903,29.150000000000034,,
2023-03-13,Cikundul,Terra,29.988571428571465,29.03000000000003,,
2023-04-03,Cikundul,Terra,23.50064516129034,23.57000000000005,,
2023-04-05,Cikundul,Terra,30.607346938775546,29.03000000000003,,
2023-04-08,Cikundul,Terra,30.85224489795921,29.670000000000016,,
2023-04-15,Cikundul,Terra,27.462203389830552,26.150000000000034,,
2023-04-17,Cikundul,Terra,28.710102040816356,27.870000000000005,,
2023-04-18,Cikundul,Terra,24.090000000000032,26.410000000000025,,
2023-04-19,Cikundul,Terra,30.872040816326557,30.050000000000008,,
2023-04-22,Cikundul,Terra,30.900204081632683,29.47617886178864,,
2023-04-24,Cikundul,Terra,30.722755102040846,29.330000000000044,,
2023-04-25,Cikundul,Terra,30.891304347826125,30.450000000000045,,
2023-05-01,Cikundul,Terra,22.850000000000023,25.33000000000004,,
2023-05-04,Cikundul,Terra,29.518061224489816,28.860000000000014,,
2023-05-10,Cikundul,Terra,25.810000000000002,25.810000000000002,,
2023-05-13,Cikundul,Terra,29.960000000000015,28.890000000000043,,
2023-05-14,Cikundul,Terra,28.592448979591882,27.330000000000037,21.15887755102043,20.850000000000023
2023-05-15,Cikundul,Terra,27.093163265306153,26.590000000000032,,
2023-05-16,Cikundul,Terra,30.422959183673512,29.05000000000001,21.255612244897996,21.150000000000034
2023-05-17,Cikundul,Terra,,,17.83000000000004,17.83000000000004
2023-05-19,Cikundul,Terra,29.36387755102044,28.870000000000005,,
2023-05-22,Cikundul,Terra,26.345102040816347,25.57000000000005,,
2023-05-23,Cikundul,Terra,27.29612244897963,26.670000000000016,,
2023-05-25,Cikundul,Terra,29.17520408163269,28.390000000000043,,
2023-05-26,Cikundul,Terra,29.719081632653097,28.390000000000043,,
2023-05-28,Cikundul,Terra,,,21.253265306122476,21.110000000000014
2023-05-29,Cikundul,Terra,,,19.230000000000018,19.150000000000034
2023-05-30,Cikundul,Terra,28.812142857142895,28.19809815950925,,22.53000000000003
2023-05-31,Cikundul,Terra,29.10142857142858,28.79000000000002,,
2023-06-01,Cikundul,Terra,29.187244897959214,28.670000000000016,,
2023-06-02,Cikundul,Terra,29.483367346938813,29.03000000000003,13.38188118811883,14.670000000000016
2023-06-04,Cikundul,Terra,26.974285714285728,27.05000000000001,,
2023-06-09,Cikundul,Terra,28.762040816326568,28.350000000000023,,
2023-06-11,Cikundul,Terra,28.949897959183705,28.450000000000045,,20.410000000000025
2023-06-12,Cikundul,Terra,28.74653061224493,28.19000000000005,,
2023-06-13,Cikundul,Terra,29.28663265306125,28.450000000000045,,
2023-06-14,Cikundul,Terra,28.169183673469398,26.230000000000018,,
2023-06-18,Cikundul,Terra,28.342142857142886,27.630000000000052,,
2023-06-20,Cikundul,Terra,29.52540816326535,28.259855072463818,19.663061224489812,19.33000000000004
2023-06-21,Cikundul,Terra,,23.710000000000036,20.74408163265308,20.450000000000045
2023-06-24,Cikundul,Terra,27.522959183673496,27.370000000000005,,
2023-06-25,Cikundul,Terra,27.551428571428612,27.150000000000034,18.079591836734743,19.05000000000001
2023-06-26,Cikundul,Terra,28.548673469387793,28.01667549668878,,17.750000000000057
2023-06-28,Cikundul,Terra,27.96693877551025,27.410000000000025,,
2023-06-29,Cikundul,Terra,23.402244897959225,23.370000000000005,,
2023-06-30,Cikundul,Terra,27.523979591836774,27.05000000000001,,
2023-07-02,Cikundul,Terra,20.130000000000052,21.110000000000014,,
2023-07-03,Cikundul,Terra,30.14346938775515,30.250000000000057,18.69367346938779,17.77000000000004
2023-07-05,Cikundul,Terra,28.332551020408175,27.670000000000016,,
2023-07-08,Cikundul,Terra,28.92408163265308,28.870000000000005,,
2023-07-10,Cikundul,Terra,27.94193877551024,27.137931570762102,,
2023-07-12,Cikundul,Terra,29.356632653061272,28.650000000000034,,19.33000000000004
2023-07-13,Cikundul,Terra,27.972653061224538,27.610000000000014,,
2023-07-15,Cikundul,Terra,28.083163265306155,27.630000000000052,,
2023-07-16,Cikundul,Terra,,,19.83183673469391,19.710000000000036
2023-07-17,Cikundul,Terra,29.054387755102063,28.29000000000002,21.042842105263176,20.950000000000045
2023-07-18,Cikundul,Terra,28.59581632653064,28.210000000000033,18.49632653061228,18.690000000000055
2023-07-19,Cikundul,Terra,27.55663265306125,26.710000000000036,19.84826530612247,19.110000000000014
2023-07-20,Cikundul,Terra,27.91193877551025,27.350000000000023,,
2023-07-22,Cikundul,Terra,28.785612244898,28.03000000000003,,
2023-07-23,Cikundul,Terra,27.833673469387797,27.390000000000043,,
2023-07-24,Cikundul,Terra,28.989897959183708,28.370000000000005,,20.57000000000005
2023-07-27,Cikundul,Terra,29.665306122449003,28.770000000000035,,
2023-07-31,Cikundul,Terra,27.58581632653064,27.079900990099052,,21.55000000000001
2023-08-01,Cikundul,Terra,28.64306122448983,28.05000000000001,,
2023-08-04,Cikundul,Terra,27.710408163265324,27.55000000000002,,
2023-08-05,Cikundul,Terra,,29.170000000000016,21.420102040816342,21.090000000000032
2023-08-06,Cikundul,Terra,,,18.49000000000001,18.55000000000001
2023-08-08,Cikundul,Terra,28.656632653061248,28.230000000000018,17.83000000000004,17.83000000000004
2023-08-10,Cikundul,Terra,29.692551020408185,29.010000000000048,21.310000000000002,20.890000000000043
2023-08-11,Cikundul,Terra,29.00234693877554,28.80000000000001,,
2023-08-12,Cikundul,Terra,28.33142857142861,28.190000000000055,18.40284210526318,18.950000000000045
2023-08-13,Cikundul,Terra,24.250000000000057,24.05000000000001,19.000204081632667,19.230000000000018
2023-08-14,Cikundul,Terra,28.429795918367383,27.77000000000004,,20.910000000000025
2023-08-15,Cikundul,Terra,31.24632653061227,30.670000000000016,,
2023-08-16,Cikundul,Terra,29.922755102040856,29.870000000000005,,
2023-08-17,Cikundul,Terra,28.844081632653094,28.649276190476225,,
2023-08-18,Cikundul,Terra,28.818265306122477,28.07000000000005,19.35255102040818,19.010000000000048
2023-08-20,Cikundul,Terra,31.267653061224518,30.477366482504625,,20.99000000000001
2023-08-22,Cikundul,Terra,29.872244897959206,29.670000000000016,19.302934131736563,19.650000000000034
2023-08-23,Cikundul,Terra,28.594067796610194,28.860000000000014,,
2023-08-24,Cikundul,Terra,31.088571428571473,30.390000000000043,18.945612244897987,19.420000000000016
2023-08-25,Cikundul,Terra,31.340816326530646,31.190000000000055,,
2023-08-27,Cikundul,Terra,30.401122448979613,29.4270568561873,20.8942105263158,20.730000000000018
2023-08-29,Cikundul,Terra,32.31540816326534,31.450000000000045,18.743469387755113,18.210000000000036
2023-08-30,Cikundul,Terra,30.223265306122485,29.668943089430908,19.05000000000001,19.03000000000003
2023-08-31,Cikundul,Terra,28.330510204081655,28.930000000000007,,18.750000000000057
2023-09-01,Cikundul,Terra,32.982448979591865,32.14000000000004,19.350000000000023,19.57000000000005
2023-09-03,Cikundul,Terra,32.340204081632685,31.810000000000002,20.549207920792114,19.610000000000014
2023-09-05,Cikundul,Terra,30.59387755102044,30.390000000000036,20.040000000000028,19.850000000000023
2023-09-06,Cikundul,Terra,29.38632653061228,29.140040983606603,,20.630000000000052
2023-09-08,Cikundul,Terra,32.81479591836737,32.35984063745021,20.346440677966118,20.090000000000032
2023-09-09,Cikundul,Terra,31.179591836734723,30.700000000000045,,
2023-09-10,Cikundul,Terra,31.313979591836777,30.80301369863015,,21.510000000000048
2023-09-11,Cikundul,Terra,31.696122448979622,30.750000000000057,19.697142857142893,19.870000000000005
2023-09-12,Cikundul,Terra,30.79755102040821,30.230000000000015,,21.870000000000005
2023-09-13,Cikundul,Terra,34.14581632653065,33.710000000000036,17.56739130434785,17.390000000000043
2023-09-15,Cikundul,Terra,32.94724489795922,32.783262879788666,21.364489795918388,20.79000000000002
2023-09-16,Cikundul,Terra,31.877448979591872,31.416666666666686,,16.29000000000002
2023-09-18,Cikundul,Terra,32.55663265306126,31.55000000000001,,
2023-09-20,Cikundul,Terra,33.29418367346941,32.916577896138506,20.967551020408195,21.05000000000001
2023-09-21,Cikundul,Terra,30.65448979591839,31.514207317073218,,
2023-09-22,Cikundul,Terra,32.31214285714289,32.05000000000001,,19.510000000000048
2023-09-23,Cikundul,Terra,32.50932960893858,31.83000000000004,18.031739130434808,16.610000000000014
2023-09-24,Cikundul,Terra,25.786451612903264,29.49000000000001,,16.870000000000005
2023-09-25,Cikundul,Terra,34.57438775510205,33.710000000000036,20.372857142857175,20.49000000000001
2023-09-27,Cikundul,Terra,35.56418367346942,35.05000000000001,,21.410000000000025
2023-09-28,Cikundul,Terra,32.63765306122452,32.14486880466476,20.7872448979592,20.510000000000048
2023-09-29,Cikundul,Terra,30.29142857142859,30.139217687074876,,22.510000000000048
2023-10-02,Cikundul,Terra,31.736428571428597,29.190000000000055,,
2023-10-04,Cikundul,Terra,33.776428571428596,33.696666666666715,,
2023-10-05,Cikundul,Terra,33.065306122449016,32.70460887949264,,21.850000000000023
2023-10-06,Cikundul,Terra,29.73622448979595,29.910000000000025,20.953578947368463,20.950000000000045
2023-10-07,Cikundul,Terra,31.578163265306138,31.099729729729756,,21.310000000000002
2023-10-09,Cikundul,Terra,34.8083673469388,34.77000000000004,,
2023-10-10,Cikundul,Terra,30.055816326530657,29.450000000000045,,
2023-10-12,Cikundul,Terra,33.43877551020412,31.33000000000004,,16.07000000000005
2023-10-14,Cikundul,Terra,34.44346938775514,33.85000000000002,,
2023-10-16,Cikundul,Terra,32.56928571428573,32.55000000000001,,
2023-10-17,Cikundul,Terra,32.11795918367349,32.900000000000034,,
2023-10-18,Cikundul,Terra,29.236451612903245,29.890000000000043,,22.650000000000034
2023-10-19,Cikundul,Terra,34.56510204081635,34.410000000000025,,
2023-10-22,Cikundul,Terra,,,21.034693877551042,20.853056478405335
2023-10-23,Cikundul,Terra,30.14979591836737,30.364183908045987,,
2023-10-24,Cikundul,Terra,29.69877551020413,30.53000000000003,,
2023-10-26,Cikundul,Terra,32.817959183673494,32.450000000000045,,21.670000000000016
2023-10-28,Cikundul,Terra,32.970306122449,33.29793157076207,,22.730000000000018
2023-10-29,Cikundul,Terra,33.97000000000003,32.69948453608252,,22.390000000000043
2023-10-30,Cikundul,Terra,30.424183673469404,30.910000000000025,22.01521739130437,21.730000000000018
2023-10-31,Cikundul,Terra,34.19163265306126,34.53000000000003,,
2023-11-02,Cikundul,Terra,33.96571428571432,33.610000000000014,,
2023-11-03,Cikundul,Terra,29.824795918367375,29.090000000000032,,
2023-11-07,Cikundul,Terra,29.703367346938805,29.49000000000001,20.184081632653097,20.850000000000023
2023-11-08,Cikundul,Terra,29.91240000000005,29.79000000000002,,19.05000000000001
2023-11-10,Cikundul,Terra,19.29000000000002,21.450000000000045,,
2023-11-12,Cikundul,Terra,30.582346938775547,30.470000000000027,,
2023-11-17,Cikundul,Terra,30.522244897959215,30.05000000000001,,
2023-11-19,Cikundul,Terra,34.48775510204084,34.710000000000036,,
2023-11-20,Cikundul,Terra,30.803163265306146,30.525363321799336,,
2023-12-11,Cikundul,Terra,31.938877551020433,31.196840052015656,,
2023-12-13,Cikundul,Terra,32.415918367346976,31.930000000000007,,
2023-12-14,Cikundul,Terra,28.30775510204083,29.150000000000034,,
2023-12-15,Cikundul,Terra,30.27438775510206,30.579070480081757,,18.930000000000007
2023-12-16,Cikundul,Terra,32.77704081632656,32.22015936254983,,
2023-12-20,Cikundul,Terra,32.85377551020412,32.79000000000002,,20.390000000000043
2023-12-21,Cikundul,Terra,31.103061224489824,26.730000000000018,,
2023-12-28,Cikundul,Terra,32.54969387755106,32.03694848084547,,
2024-01-09,Cikundul,Terra,29.9383673469388,28.85099470899473,,
2024-01-20,Cikundul,Terra,,,20.010000000000048,19.77000000000004
2024-01-26,Cikundul,Terra,29.380102040816364,29.290238095238113,,
2024-02-05,Cikundul,Terra,28.03130434782612,27.810000000000002,,
2024-02-09,Cikundul,Terra,30.548877551020443,30.05000000000001,,
2024-02-12,Cikundul,Terra,28.29560000000002,24.730000000000018,20.627551020408177,20.77000000000004
2024-02-14,Cikundul,Terra,,,22.77000000000004,22.090000000000032
2024-02-20,Cikundul,Terra,24.810000000000002,25.53000000000003,,
2024-02-27,Cikundul,Terra,30.05438775510207,28.51939226519341,,
2024-03-18,Cikundul,Terra,,,19.963854748603357,19.910000000000025
2024-03-19,Cikundul,Terra,28.278877551020425,27.950000000000045,,20.750000000000057
2024-03-20,Cikundul,Terra,25.65520408163266,25.856666666666683,,
2024-03-21,Cikundul,Terra,28.07122448979595,28.26817518248179,,19.55000000000001
2024-03-22,Cikundul,Terra,28.924693877551054,27.83000000000004,,
2024-03-24,Cikundul,Terra,29.840306122449007,28.890000000000043,,
2024-03-29,Cikundul,Terra,29.317142857142887,28.750000000000057,,
2024-03-31,Cikundul,Terra,30.04122448979597,29.29000000000002,,
2024-04-02,Cikundul,Terra,30.07000000000005,27.690000000000055,,
2024-04-07,Cikundul,Terra,31.576020408163306,30.710000000000036,,
2024-04-10,Cikundul,Terra,29.5179591836735,29.15000000000003,,
2024-04-15,Cikundul,Terra,,,21.948562874251543,22.510000000000048
2024-04-17,Cikundul,Terra,30.750510204081664,29.630000000000052,,
2024-04-18,Cikundul,Terra,30.453061224489822,30.023672922252043,,
2024-04-22,Cikundul,Terra,30.683775510204097,29.05000000000001,,
2024-05-04,Cikundul,Terra,27.683061224489833,26.356666666666683,,
2024-05-06,Cikundul,Terra,29.74255102040821,28.910000000000025,21.719897959183704,21.250000000000057
2024-05-07,Cikundul,Terra,29.921938775510245,28.730000000000018,21.475306122449012,21.310000000000002
2024-05-08,Cikundul,Terra,,,21.05000000000001,19.730000000000018
2024-05-09,Cikundul,Terra,30.381020408163295,29.190000000000055,,22.470000000000027
2024-05-11,Cikundul,Terra,28.353979591836772,27.730000000000018,,
2024-05-16,Cikundul,Terra,28.049795918367362,29.83000000000004,,
2024-05-17,Cikundul,Terra,28.010000000000048,28.190000000000055,,
2024-05-19,Cikundul,Terra,26.34142857142861,24.865987460815056,,
2024-05-26,Cikundul,Terra,29.36153061224492,28.250000000000057,,22.090000000000032
2024-05-27,Cikundul,Terra,27.32204081632656,27.010000000000048,,
2024-05-28,Cikundul,Terra,29.046122448979617,28.370000000000005,21.29000000000002,20.510000000000048
2024-05-29,Cikundul,Terra,29.22680000000003,28.390000000000043,,23.150000000000034
2024-05-30,Cikundul,Terra,27.981836734693907,27.61000000000001,,
2024-05-31,Cikundul,Terra,29.955306122449027,28.870000000000005,,22.33000000000004
2024-06-04,Cikundul,Terra,28.410000000000025,28.750000000000057,,
2024-06-05,Cikundul,Terra,28.52600000000005,27.27000000000004,,
2024-06-06,Cikundul,Terra,,,20.43153061224492,19.83000000000004
2024-06-07,Cikundul,Terra,28.93591836734697,28.090000000000035,21.750000000000057,21.230000000000018
2024-06-08,Cikundul,Terra,27.709489795918373,27.73000000000002,,
2024-06-09,Cikundul,Terra,28.33000000000004,25.870000000000005,,
2024-06-10,Cikundul,Terra,28.532346938775547,26.930000000000007,,
2024-06-12,Cikundul,Terra,26.91948979591839,25.48964556962026,,
2024-06-14,Cikundul,Terra,28.400000000000038,27.51000000000005,,
2024-06-17,Cikundul,Terra,29.19714285714289,28.298364779874223,22.034677419354864,21.710000000000036
2024-06-19,Cikundul,Terra,27.92469387755106,27.14015936254984,16.845306122449,17.610000000000014
2024-06-20,Cikundul,Terra,,,18.13297029702973,18.170000000000016
2024-06-21,Cikundul,Terra,26.732551020408174,25.852391304347847,21.230000000000018,20.470000000000027
2024-06-22,Cikundul,Terra,25.414489795918414,24.08203125000004,20.967040816326566,20.590000000000032
2024-06-26,Cikundul,Terra,26.787244897959205,26.350000000000023,22.121326530612265,21.090000000000032
2024-06-27,Cikundul,Terra,27.789489795918396,26.53000000000003,,
2024-06-30,Cikundul,Terra,26.50061224489799,25.410000000000025,,
2024-07-01,Cikundul,Terra,27.300816326530654,26.870000000000005,,
2024-07-02,Cikundul,Terra,24.69520408163269,24.310000000000002,,
2024-07-04,Cikundul,Terra,28.724400000000028,27.610000000000014,,
2024-07-08,Cikundul,Terra,25.98000000000003,25.29000000000002,,
2024-07-09,Cikundul,Terra,26.553775510204108,25.77000000000004,,
2024-07-11,Cikundul,Terra,28.182551020408205,27.470000000000027,21.408400000000043,21.150000000000034
2024-07-12,Cikundul,Terra,23.705816326530652,23.870000000000005,,19.470000000000027
2024-07-13,Cikundul,Terra,26.938571428571468,26.570000000000054,,21.230000000000018
2024-07-14,Cikundul,Terra,25.934795918367378,25.450000000000045,17.204782608695695,17.350000000000023
2024-07-16,Cikundul,Terra,27.715510204081646,27.170000000000016,17.73560000000003,19.310000000000002
2024-07-17,Cikundul,Terra,25.517142857142883,25.730000000000018,,
2024-07-18,Cikundul,Terra,26.70102040816329,25.450000000000045,,21.83000000000004
2024-07-19,Cikundul,Terra,27.609489795918407,27.350000000000023,21.178938547486073,20.810000000000002
2024-07-20,Cikundul,Terra,,,15.670000000000016,17.33000000000004
2024-07-21,Cikundul,Terra,28.777551020408204,27.730000000000018,,17.470000000000027
2024-07-23,Cikundul,Terra,23.31020408163266,22.950000000000045,,
2024-07-24,Cikundul,Terra,27.54918367346943,26.97000000000003,,
2024-07-26,Cikundul,Terra,28.21877551020412,27.450000000000045,20.99387755102043,20.750000000000057
2024-07-28,Cikundul,Terra,28.278469387755138,27.390000000000043,,18.810000000000002
2024-07-29,Cikundul,Terra,27.730000000000018,27.470000000000027,,
2024-07-30,Cikundul,Terra,,25.49000000000001,20.650000000000034,21.370000000000005
2024-07-31,Cikundul,Terra,29.10877551020411,28.230000000000018,17.730000000000018,17.130000000000052
2024-08-01,Cikundul,Terra,,,13.670000000000016,12.810000000000002
2024-08-04,Cikundul,Terra,28.058775510204114,27.35000000000002,,21.590000000000032
2024-08-05,Cikundul,Terra,28.09581632653065,27.29000000000002,,17.77000000000004
2024-08-09,Cikundul,Terra,29.138469387755134,28.64578512396698,21.52612244897962,20.870000000000005
2024-08-10,Cikundul,Terra,28.34316326530615,28.390000000000043,,
2024-08-12,Cikundul,Terra,27.453877551020426,26.450000000000045,,20.99000000000001
2024-08-14,Cikundul,Terra,29.562755102040846,28.910000000000025,20.433061224489816,20.29000000000002
2024-08-15,Cikundul,Terra,27.562346938775526,27.170000000000016,,
2024-08-18,Cikundul,Terra,,,19.166086956521777,18.77000000000004
2024-08-19,Cikundul,Terra,30.479897959183717,29.610000000000014,20.908775510204112,20.02000000000004
2024-08-20,Cikundul,Terra,29.10530612244899,28.798791208791222,19.11816326530614,19.250000000000057
2024-08-21,Cikundul,Terra,29.510816326530644,29.263333333333378,,
2024-08-22,Cikundul,Terra,29.425816326530647,28.370000000000005,,
2024-08-23,Cikundul,Terra,,,18.210000000000036,19.110000000000014
2024-08-24,Cikundul,Terra,28.861428571428615,27.910000000000025,,18.170000000000016
2024-08-25,Cikundul,Terra,28.362448979591854,27.51000000000005,,
2024-08-26,Cikundul,Terra,29.815612244897988,29.110000000000014,19.519385474860357,19.55000000000001
2024-08-27,Cikundul,Terra,24.99438775510206,23.610000000000014,,
2024-08-29,Cikundul,Terra,29.0933673469388,27.410000000000025,,
2024-08-31,Cikundul,Terra,29.79897959183676,29.08000000000004,14.270000000000039,
2024-09-01,Cikundul,Terra,28.24204081632655,27.730000000000018,,
2024-09-02,Cikundul,Terra,,27.970000000000027,21.621020408163314,21.710000000000036
2024-09-03,Cikundul,Terra,31.854489795918397,30.910000000000025,,21.33000000000004
2024-09-05,Cikundul,Terra,31.83571428571431,30.370000000000005,,
2024-09-06,Cikundul,Terra,29.977346938775526,28.890000000000043,,19.710000000000036
2024-09-07,Cikundul,Terra,30.48622448979595,29.799880952380963,,
2024-09-08,Cikundul,Terra,31.018673469387792,29.84413911060436,,17.950000000000045
2024-09-13,Cikundul,Terra,30.5136734693878,29.350000000000023,,20.950000000000045
2024-09-14,Cikundul,Terra,20.253478260869592,20.55000000000001,,17.150000000000034
2024-09-15,Cikundul,Terra,32.02265306122452,31.010000000000048,,
2024-09-16,Cikundul,Terra,29.575714285714312,29.110000000000017,,
2024-09-17,Cikundul,Terra,31.858163265306146,31.023991655076525,,
2024-09-18,Cikundul,Terra,31.1664285714286,29.97595041322316,14.568979591836765,15.03000000000003
2024-09-20,Cikundul,Terra,30.725408163265346,29.450000000000045,20.72406779661021,20.730000000000018
2024-09-23,Cikundul,Terra,26.83000000000004,28.57000000000005,,
2024-09-27,Cikundul,Terra,33.065000000000026,31.476772908366552,,
2024-09-28,Cikundul,Terra,,,19.18673469387758,18.77000000000004
2024-09-30,Cikundul,Terra,30.132755102040846,29.590000000000032,,
2024-10-07,Cikundul,Terra,32.27591836734698,30.89000000000004,,
2024-10-09,Cikundul,Terra,31.782244897959227,30.950000000000045,,19.77000000000004
2024-10-11,Cikundul,Terra,,,22.81826086956523,22.870000000000005
2024-10-16,Cikundul,Terra,,,20.377346938775528,20.110000000000014
2024-10-17,Cikundul,Terra,31.92418367346941,30.590000000000035,,
2024-10-21,Cikundul,Terra,31.230000000000018,30.870000000000005,,
2024-10-22,Cikundul,Terra,30.47969387755106,29.950000000000045,,
2024-10-24,Cikundul,Terra,26.510000000000048,28.79000000000002,,14.010000000000048
2024-10-26,Cikundul,Terra,32.92448979591841,31.630000000000056,,
2024-10-27,Cikundul,Terra,31.641428571428605,30.53000000000003,19.210000000000036,19.210000000000036
2024-10-29,Cikundul,Terra,31.206326530612287,29.55000000000001,,21.730000000000018
2024-11-05,Cikundul,Terra,29.91826086956524,29.750000000000057,,
2024-11-12,Cikundul,Terra,29.250000000000057,29.150000000000034,,
2024-11-13,Cikundul,Terra,29.421122448979617,27.970000000000027,,
2025-01-01,Cikundul,Terra,27.17548387096779,26.230000000000018,,
2025-01-02,Cikundul,Terra,23.84673469387759,24.99000000000001,,
2025-01-19,Cikundul,Terra,28.545652173913073,24.470000000000027,,
2025-02-05,Cikundul,Terra,24.539387755102076,25.850000000000023,,
2025-02-09,Cikundul,Terra,29.291224489795958,28.470000000000027,,
2025-02-15,Cikundul,Terra,25.29846938775512,25.55000000000001,,
2025-02-27,Cikundul,Terra,29.116530612244933,28.430000000000007,,
2025-03-06,Cikundul,Terra,26.327653061224524,24.83000000000004,,
2025-03-08,Cikundul,Terra,30.190000000000055,29.910000000000025,,
2025-03-09,Cikundul,Terra,27.045280898876438,25.870000000000005,,
2025-03-11,Cikundul,Terra,30.42030612244899,29.363333333333344,,
2025-03-14,Cikundul,Terra,24.66551020408167,24.090000000000032,,
2025-03-21,Cikundul,Terra,26.978877551020418,27.130000000000052,,
2025-03-26,Cikundul,Terra,31.98520000000003,29.79000000000002,,
2025-04-05,Cikundul,Terra,29.668469387755128,28.476772908366552,,
2025-04-07,Cikundul,Terra,29.162244897959223,28.150000000000034,,20.730000000000018
2025-04-08,Cikundul,Terra,27.888265306122477,26.450000000000045,,
2025-04-12,Cikundul,Terra,28.510000000000012,28.010000000000048,,
2025-04-22,Cikundul,Terra,26.99484210526318,23.590000000000032,21.18520958083835,20.750000000000057
2025-04-25,Cikundul,Terra,27.69540816326535,26.650000000000034,,
2025-04-27,Cikundul,Terra,29.15959183673473,28.510000000000048,,
2025-04-28,Cikundul,Terra,28.69663265306125,28.190000000000055,,
2025-04-29,Cikundul,Terra,25.88040816326535,24.910000000000025,19.810000000000002,20.610000000000017
2025-04-30,Cikundul,Terra,26.10051020408165,25.670000000000016,,
2025-05-02,Cikundul,Terra,29.208367346938804,28.520623655914015,,
2025-05-05,Cikundul,Terra,24.49846938775513,25.83000000000004,,
2025-05-07,Cikundul,Terra,28.3091836734694,27.357725631768968,,
2025-05-10,Cikundul,Terra,18.53387096774199,20.910000000000025,,
2025-05-14,Cikundul,Terra,29.021632653061253,27.98944000000001,,
2025-05-15,Cikundul,Terra,27.60000000000002,25.930000000000007,,
2025-05-18,Cikundul,Terra,26.47469387755104,26.49000000000001,,
2025-05-19,Cikundul,Terra,29.931530612244934,29.390000000000043,,
2025-05-20,Cikundul,Terra,28.510000000000037,27.370000000000005,,
2025-05-25,Cikundul,Terra,25.704897959183697,24.390000000000043,,
2025-05-27,Cikundul,Terra,25.180408163265334,24.57757990867584,21.394193548387104,20.930000000000007
2025-05-28,Cikundul,Terra,28.48510204081637,28.810000000000002,,
2025-05-30,Cikundul,Terra,28.916428571428604,27.91654353562007,18.43193877551025,18.890000000000043
2025-06-04,Cikundul,Terra,27.938163265306162,27.05000000000001,,
2025-06-08,Cikundul,Terra,27.859489795918403,27.141208791208836,,21.870000000000005
2025-06-09,Cikundul,Terra,,,20.90744897959185,20.850000000000023
2025-06-14,Cikundul,Terra,28.025816326530627,26.410000000000025,,
2025-06-16,Cikundul,Terra,26.03622448979595,26.27000000000004,,
2025-06-23,Cikundul,Terra,21.825423728813593,21.870000000000005,,20.610000000000014
2025-06-26,Cikundul,Terra,27.707755102040853,26.910000000000025,21.44913043478264,20.650000000000034
2025-07-04,Cikundul,Terra,23.620510204081672,23.83000000000004,,
2025-07-08,Cikundul,Terra,25.859183673469428,24.71400000000003,22.590000000000032,21.970000000000027
2025-07-09,Cikundul,Terra,24.63752475247527,24.03000000000003,20.210000000000036,20.410000000000025
2025-07-10,Cikundul,Terra,22.870000000000005,22.870000000000005,13.311326530612277,14.050000000000011
2025-07-11,Cikundul,Terra,25.970000000000027,25.090000000000032,,15.670000000000016
2025-07-17,Cikundul,Terra,,,13.635816326530627,13.430000000000007
2025-07-18,Cikundul,Terra,27.177857142857167,26.23000000000002,,21.590000000000032
2025-07-19,Cikundul,Terra,26.202244897959215,25.920000000000016,,
2025-07-20,Cikundul,Terra,25.891530612244942,25.110000000000014,19.894387755102073,20.410000000000025
2025-07-21,Cikundul,Terra,27.940918367346953,26.83000000000004,20.522448979591882,20.730000000000018
2025-07-23,Cikundul,Terra,27.048367346938804,26.390000000000043,,16.390000000000043
2025-07-24,Cikundul,Terra,27.076122448979604,26.350000000000023,,19.510000000000048
2025-07-25,Cikundul,Terra,,24.77000000000004,20.43959183673474,21.170000000000016
2025-07-26,Cikundul,Terra,27.819183673469425,26.670000000000012,22.42557894736844,21.450000000000045
2025-07-28,Cikundul,Terra,26.531224489795957,25.860000000000014,,21.57000000000005
2025-07-31,Cikundul,Terra,26.747448979591866,26.27000000000004,15.690000000000055,18.630000000000052
2025-08-01,Cikundul,Terra,,,19.36469387755105,19.77000000000004
2025-08-02,Cikundul,Terra,28.837040816326553,28.010000000000048,21.07816326530615,21.470000000000027
2025-08-03,Cikundul,Terra,26.855918367346955,26.730000000000018,,
2025-08-04,Cikundul,Terra,24.150000000000034,24.210000000000036,,
2025-08-05,Cikundul,Terra,26.558571428571458,25.610000000000014,,
2025-08-07,Cikundul,Terra,27.646632653061268,26.750000000000053,,
2025-08-08,Cikundul,Terra,26.337551020408178,25.850000000000026,,
2025-08-10,Cikundul,Terra,26.874795918367372,26.305811023622052,,
2025-08-15,Cikundul,Terra,24.903061224489825,24.690000000000055,,
2025-08-16,Cikundul,Terra,,,11.06540816326532,11.830000000000041
2025-08-17,Cikundul,Terra,26.649693877551048,25.970000000000024,,
2025-08-18,Cikundul,Terra,25.274183673469416,24.390000000000047,,
2025-08-22,Cikundul,Terra,,23.690000000000055,21.45897959183676,21.07000000000005
2025-08-23,Cikundul,Terra,26.32285714285717,25.190000000000055,,
2025-08-26,Cikundul,Terra,25.366224489795947,25.470000000000027,22.012448979591866,21.970000000000027
2025-08-27,Cikundul,Terra,27.18867346938778,26.630000000000052,,
2025-08-29,Cikundul,Terra,26.83000000000004,26.83000000000004,,
2025-08-30,Cikundul,Terra,23.370000000000005,24.350000000000023,,
2025-09-01,Cikundul,Terra,27.31040816326533,26.930000000000007,21.390000000000043,20.970000000000027
2025-09-02,Cikundul,Terra,26.501020408163292,26.23000000000002,,
2025-09-03,Cikundul,Terra,23.05775510204085,21.927722419928834,22.910000000000025,21.630000000000052
2025-09-04,Cikundul,Terra,28.986326530612256,27.83000000000004,16.390000000000043,16.390000000000043
2025-09-06,Cikundul,Terra,24.911836734693924,25.07666666666671,,
2025-09-08,Cikundul,Terra,27.131122448979603,26.926304347826097,,
2025-09-13,Cikundul,Terra,26.677142857142893,26.110000000000014,,
2025-09-15,Cikundul,Terra,,,15.571326530612282,16.450000000000045
2025-09-21,Cikundul,Terra,28.795000000000027,28.010000000000048,,19.690000000000055
2025-09-24,Cikundul,Terra,28.237346938775545,27.640000000000043,,
2025-09-26,Cikundul,Terra,28.265306122448987,27.770000000000042,,
2025-10-01,Cikundul,Terra,27.48428571428576,27.23000000000002,,
2025-10-04,Cikundul,Terra,29.31785714285718,29.03000000000003,17.659591836734744,18.470000000000027
2025-10-05,Cikundul,Terra,28.135000000000044,27.730000000000018,,
2025-10-06,Cikundul,Terra,30.300510204081654,29.470000000000027,21.93081632653063,21.79000000000002
2025-10-09,Cikundul,Terra,29.81938775510206,28.910000000000025,,
2025-10-10,Cikundul,Terra,28.96510204081637,28.810000000000002,,
2025-10-14,Cikundul,Terra,29.190510204081654,29.02000000000004,,
2025-11-03,Cikundul,Terra,26.016836734693896,24.350000000000023,,
2025-11-07,Cikundul,Terra,29.07000000000005,26.970000000000027,,
2025-11-30,Cikundul,Terra,28.689489795918398,26.950000000000045,,
2025-12-07,Cikundul,Terra,27.708469387755137,26.870000000000005,,
2025-12-20,Cikundul,Terra,25.16877551020412,24.250000000000057,,
2025-12-22,Cikundul,Terra,27.670000000000016,27.910000000000025,,
2026-01-12,Cikundul,Terra,,,14.221836734693913,14.859739478957929
2026-01-16,Cikundul,Terra,25.38877551020412,25.014970530451908,,
2026-02-03,Cikundul,Terra,21.00434782608699,20.930000000000007,,
2026-02-10,Cikundul,Terra,27.531326530612287,26.970000000000027,,
2026-03-10,Cikundul,Terra,24.963265306122466,24.850000000000023,,
2026-03-12,Cikundul,Terra,27.747551020408174,27.190000000000055,,
2026-03-13,Cikundul,Terra,26.27795918367349,25.750000000000057,,
2026-03-15,Cikundul,Terra,27.127653061224528,26.390000000000043,,
2026-03-17,Cikundul,Terra,28.79459183673472,27.890000000000043,,
2026-03-18,Cikundul,Terra,28.58653061224494,27.970000000000027,,
2026-03-19,Cikundul,Terra,27.04112244897961,26.29000000000002,,
2026-03-20,Cikundul,Terra,28.346020408163287,27.450000000000045,,
2026-03-22,Cikundul,Terra,,,21.05673469387756,20.55000000000001
2026-03-23,Cikundul,Terra,25.92897959183677,26.039404878048803,,
2026-03-28,Cikundul,Terra,24.510000000000048,24.29000000000002,,
2026-04-01,Cikundul,Terra,27.986020408163295,27.429465648854972,,
2026-04-04,Cikundul,Terra,26.353163265306147,25.35279069767444,,
2026-04-12,Cikundul,Terra,26.867346938775537,26.510000000000048,,
2026-04-13,Cikundul,Terra,27.894387755102073,27.390000000000043,,
2026-04-14,Cikundul,Terra,26.62204081632656,26.110000000000014,,
2026-04-16,Cikundul,Terra,27.37663265306127,26.730000000000018,,
2026-04-19,Cikundul,Terra,25.721734693877583,24.730000000000018,,
2026-04-24,Cikundul,Terra,27.232244897959202,26.77000000000004,,
2026-04-26,Cikundul,Terra,27.525306122449017,26.950000000000045,,
2026-05-02,Cikundul,Terra,25.94000000000002,24.526000000000035,,
2026-05-06,Cikundul,Terra,26.38938775510206,25.55000000000001,,
2026-05-11,Cikundul,Terra,26.764387755102053,26.13000000000005,,
2026-05-12,Cikundul,Terra,26.61112244897962,25.33000000000004,,23.150000000000034
2026-05-13,Cikundul,Terra,,,22.67132653061228,22.650000000000034
2026-05-19,Cikundul,Terra,27.201122448979632,26.730000000000018,,21.750000000000057
2026-05-24,Cikundul,Terra,25.007551020408197,24.870000000000005,,
2026-05-26,Cikundul,Terra,21.78969387755105,21.670000000000016,,20.730000000000018
2026-05-27,Cikundul,Terra,23.830000000000016,23.430000000000007,,
2026-05-28,Cikundul,Terra,,24.250000000000057,20.412959183673482,21.07000000000005
2026-05-29,Cikundul,Terra,26.471836734693916,25.982466666666685,,18.090000000000032
2026-05-31,Cikundul,Terra,24.861632653061243,24.130000000000052,,20.55000000000001
2026-06-02,Cikundul,Terra,,,16.921836734693898,18.590000000000032
2026-06-03,Cikundul,Terra,25.979897959183706,25.350000000000023,,
2026-06-05,Cikundul,Terra,,22.710000000000036,22.44040816326533,21.690000000000055
2026-06-06,Cikundul,Terra,27.567448979591862,27.190000000000055,,22.250000000000057
2026-06-08,Cikundul,Terra,26.14602040816329,25.418372881355953,21.872653061224515,21.05000000000001
2026-06-09,Cikundul,Terra,25.718571428571455,25.470000000000027,,
2026-06-10,Cikundul,Terra,25.052142857142897,24.450000000000045,21.810000000000002,21.130000000000052
2026-06-11,Cikundul,Terra,26.01142857142861,25.796052303860534,,21.810000000000002
2026-06-16,Cikundul,Terra,21.889489795918397,22.53000000000003,,
2026-06-17,Cikundul,Terra,,,22.070918367346966,21.750000000000057
2026-06-18,Cikundul,Terra,26.120204081632696,25.730000000000018,21.91479591836738,22.05000000000001
2026-06-19,Cikundul,Terra,26.694795918367376,26.610000000000014,,
2026-06-20,Cikundul,Terra,,24.890000000000043,22.196122448979615,22.370000000000005
2026-06-23,Cikundul,Terra,25.917653061224513,25.57000000000005,20.910000000000025,20.55000000000001
2026-06-26,Cikundul,Terra,25.22438775510208,24.930000000000007,,21.930000000000007
2026-06-27,Cikundul,Terra,,,19.23960000000004,19.430000000000007
2026-06-28,Cikundul,Terra,26.457346938775544,26.05000000000001,,21.630000000000052
2026-07-01,Cikundul,Terra,24.91030612244903,24.705346715328506,,20.650000000000034
2026-07-03,Cikundul,Terra,25.11214285714289,24.790000000000017,,22.77000000000004
2026-07-06,Cikundul,Terra,26.32846938775513,26.27000000000004,18.16693877551023,19.250000000000057
2026-07-07,Cikundul,Terra,,,21.144610778443152,20.350000000000023
2026-07-08,Cikundul,Terra,24.921224489795947,24.370000000000005,,21.130000000000052
2026-07-09,Cikundul,Terra,25.666020408163295,25.670000000000016,,
2026-07-10,Cikundul,Terra,24.525000000000038,24.230000000000018,,20.630000000000052
2026-07-11,Cikundul,Terra,24.340204081632677,24.05000000000001,,
2026-07-14,Cikundul,Terra,25.292244897959204,25.03000000000003,,
2026-07-15,Cikundul,Terra,,23.77000000000004,23.058712871287167,21.83000000000004
2026-07-21,Cikundul,Terra,25.413163265306146,25.250000000000057,20.611632653061267,20.250000000000057
2026-07-22,Cikundul,Terra,,,19.40877551020412,20.05000000000001
2026-07-23,Cikundul,Terra,24.60632653061227,24.370000000000005,,20.77000000000004
2026-07-24,Cikundul,Terra,24.55622448979594,24.450000000000045,,
2026-07-25,Cikundul,Terra,,,15.228813559322049,18.49000000000001
2026-07-26,Cikundul,Terra,25.335918367346963,25.05000000000001,,19.650000000000034
2026-07-27,Cikundul,Terra,,,15.588644067796634,16.310000000000002
2026-07-29,Cikundul,Terra,25.225714285714314,25.370000000000005,,
2026-07-31,Cikundul,Terra,,24.590000000000032,16.214285714285747,17.390000000000043
2026-08-02,Cikundul,Terra,26.041938775510236,25.83000000000004,,22.57000000000005
2026-08-03,Cikundul,Terra,26.245612244897973,26.330000000000044,,
2026-08-05,Cikundul,Terra,25.917346938775534,25.610000000000014,,21.99000000000001
2026-08-07,Cikundul,Terra,26.427653061224532,26.150000000000034,22.410102040816366,21.07000000000005
2026-08-08,Cikundul,Terra,25.679693877551035,25.590000000000032,20.56204081632656,20.490000000000013
2026-08-10,Cikundul,Terra,26.63877551020411,26.590000000000032,,21.810000000000002
2026-08-12,Cikundul,Terra,25.539387755102073,25.850000000000023,,22.710000000000036
2026-08-13,Cikundul,Terra,25.962448979591855,25.650000000000034,19.761428571428585,19.57000000000005
2026-08-15,Cikundul,Terra,26.55153061224493,26.170000000000016,21.144897959183684,21.250000000000057
2026-08-17,Cikundul,Terra,,22.79000000000002,20.723979591836773,20.33000000000004
2026-08-18,Cikundul,Terra,24.544032258064558,24.230000000000018,,19.370000000000005
2026-08-20,Cikundul,Terra,27.117142857142884,26.980000000000018,19.94235955056182,21.170000000000016
2026-08-22,Cikundul,Terra,26.157653061224526,26.110000000000014,,22.510000000000048
2026-08-23,Cikundul,Terra,25.924693877551068,25.79000000000002,19.84040816326533,20.05000000000001
2026-08-25,Cikundul,Terra,27.34040816326533,26.830000000000044,,19.110000000000014
2026-08-27,Cikundul,Terra,28.023673469387766,27.730000000000018,,21.83000000000004
2026-08-28,Cikundul,Terra,26.90877551020412,26.510000000000044,,
2026-08-30,Cikundul,Terra,27.202857142857173,27.20020161290327,,
2026-09-01,Cikundul,Terra,27.8994897959184,27.730000000000018,,23.930000000000007
2026-09-02,Cikundul,Terra,28.307346938775527,27.590000000000032,,21.850000000000023
2026-09-06,Cikundul,Terra,25.01979591836738,24.830000000000037,,18.110000000000014
2026-09-07,Cikundul,Terra,25.740306122449002,25.29000000000002,20.14857142857146,19.810000000000006
2026-09-11,Cikundul,Terra,,26.07000000000005,21.99000000000001,21.250000000000057
2026-09-14,Cikundul,Terra,28.41540816326532,28.210000000000036,,22.55000000000001
2026-09-16,Cikundul,Terra,27.21755102040818,26.700000000000045,,
2026-09-17,Cikundul,Terra,25.989183673469416,25.810000000000002,17.834897959183706,17.190000000000055
2026-09-18,Cikundul,Terra,,,18.801224489795953,18.410000000000025
2026-09-19,Cikundul,Terra,28.049387755102067,27.730000000000018,,
2026-09-21,Cikundul,Terra,27.86673469387758,28.13000000000005,22.373265306122484,22.370000000000005
2026-09-22,Cikundul,Terra,27.86908163265308,27.83000000000004,,
2019-01-03,Cikundul,Aqua,,,14.623367346938796,15.930000000000007
2019-01-04,Cikundul,Aqua,33.618469387755134,31.464918032786915,,
2019-01-09,Cikundul,Aqua,28.870000000000005,29.970000000000027,,
2019-01-31,Cikundul,Aqua,27.390000000000043,27.650000000000034,,
2019-03-20,Cikundul,Aqua,32.87244897959189,29.150000000000034,,
2019-03-29,Cikundul,Aqua,35.22591836734695,33.450000000000045,,
2019-04-10,Cikundul,Aqua,30.79000000000002,27.590000000000032,,
2019-04-17,Cikundul,Aqua,30.29469387755106,28.79000000000002,,
2019-05-04,Cikundul,Aqua,,,21.21010204081636,20.610000000000014
2019-05-06,Cikundul,Aqua,25.437653061224513,23.53000000000003,,
2019-05-16,Cikundul,Aqua,30.921836734693912,29.522781954887254,,
2019-05-17,Cikundul,Aqua,34.59020408163269,31.969785809906316,,
2019-05-23,Cikundul,Aqua,29.691326530612262,27.910000000000025,,21.130000000000052
2019-05-24,Cikundul,Aqua,33.323367346938795,31.206343115124195,,
2019-05-26,Cikundul,Aqua,35.450000000000045,32.07000000000005,20.719081632653104,20.33000000000004
2019-05-27,Cikundul,Aqua,,,19.45255102040818,19.750000000000057
2019-05-28,Cikundul,Aqua,,27.950000000000045,21.477959183673498,21.230000000000018
2019-05-30,Cikundul,Aqua,30.559387755102087,28.130000000000052,21.1252040816327,20.890000000000043
2019-06-04,Cikundul,Aqua,28.22869565217393,28.730000000000018,,
2019-06-05,Cikundul,Aqua,,,20.09500000000004,20.450000000000045
2019-06-06,Cikundul,Aqua,31.009897959183697,28.83000000000004,,21.410000000000025
2019-06-09,Cikundul,Aqua,32.23397959183678,30.650000000000034,,
2019-06-10,Cikundul,Aqua,28.96391304347829,28.130000000000052,,18.970000000000027
2019-06-11,Cikundul,Aqua,33.88306122448982,31.930000000000007,,
2019-06-13,Cikundul,Aqua,33.371428571428616,31.57000000000005,,21.05000000000001
2019-06-18,Cikundul,Aqua,33.60357142857145,31.283061224489824,,18.710000000000036
2019-06-20,Cikundul,Aqua,32.24204081632654,30.297321428571436,,18.650000000000034
2019-06-22,Cikundul,Aqua,31.618469387755145,30.210000000000036,,
2019-06-23,Cikundul,Aqua,27.55000000000001,27.010000000000048,,
2019-06-25,Cikundul,Aqua,35.072448979591854,33.08598746081508,,
2019-06-27,Cikundul,Aqua,31.90081632653063,30.690000000000055,,19.55000000000001
2019-06-29,Cikundul,Aqua,33.21887755102046,31.870000000000005,,16.130000000000052
2019-07-01,Cikundul,Aqua,33.98224489795922,32.53000000000003,,16.250000000000057
2019-07-02,Cikundul,Aqua,34.01010204081637,32.89000000000004,,
2019-07-03,Cikundul,Aqua,32.196428571428584,30.950000000000045,20.37785714285719,20.390000000000043
2019-07-06,Cikundul,Aqua,,25.130000000000052,20.11561224489798,20.310000000000002
2019-07-07,Cikundul,Aqua,,,19.984183673469403,20.110000000000014
2019-07-08,Cikundul,Aqua,,31.350000000000023,20.174285714285748,19.53000000000003
2019-07-09,Cikundul,Aqua,,,18.612244897959215,18.630000000000052
2019-07-11,Cikundul,Aqua,31.196734693877588,29.950000000000045,,
2019-07-13,Cikundul,Aqua,34.05377551020409,32.70329842931941,19.337040816326542,19.170000000000016
2019-07-15,Cikundul,Aqua,28.178571428571438,30.970000000000027,16.955263157894777,17.670000000000016
2019-07-16,Cikundul,Aqua,31.741020408163283,30.950000000000045,17.476779661016955,17.370000000000005
2019-07-17,Cikundul,Aqua,33.23316326530616,31.79000000000002,,
2019-07-18,Cikundul,Aqua,32.35500000000003,31.35000000000002,,
2019-07-21,Cikundul,Aqua,,,20.633240223463734,20.49000000000001
2019-07-22,Cikundul,Aqua,29.911739130434807,30.370000000000005,,
2019-07-24,Cikundul,Aqua,35.40622448979594,33.84000000000003,,
2019-07-25,Cikundul,Aqua,33.09000000000003,32.670000000000016,,17.970000000000027
2019-07-26,Cikundul,Aqua,32.136612903225846,31.110000000000014,16.63147368421054,17.590000000000032
2019-07-27,Cikundul,Aqua,32.36489795918368,31.930000000000007,,
2019-07-29,Cikundul,Aqua,33.98714285714287,32.399461966604854,17.59960000000002,17.610000000000014
2019-07-30,Cikundul,Aqua,,,19.790000000000028,19.810000000000002
2019-07-31,Cikundul,Aqua,33.07826530612247,30.890000000000043,18.832551020408182,18.810000000000002
2019-08-01,Cikundul,Aqua,,,18.787142857142886,18.550000000000008
2019-08-03,Cikundul,Aqua,32.25000000000006,33.650000000000034,,
2019-08-04,Cikundul,Aqua,33.75132653061227,32.670000000000016,,19.410000000000025
2019-08-05,Cikundul,Aqua,35.09928571428574,33.410000000000025,11.524897959183697,11.53000000000003
2019-08-07,Cikundul,Aqua,34.22602040816329,33.950000000000045,,
2019-08-09,Cikundul,Aqua,30.850000000000023,30.250000000000057,,
2019-08-10,Cikundul,Aqua,36.033979591836776,34.83000000000004,,
2019-08-11,Cikundul,Aqua,35.091224489795955,34.710000000000036,,18.690000000000055
2019-08-12,Cikundul,Aqua,33.95800000000003,33.81,,
2019-08-16,Cikundul,Aqua,33.64000000000004,32.710000000000036,,12.29000000000002
2019-08-18,Cikundul,Aqua,37.423061224489835,34.964868804664754,,19.29000000000002
2019-08-19,Cikundul,Aqua,34.228571428571456,32.950000000000045,,
2019-08-23,Cikundul,Aqua,35.70551020408166,33.76892561983475,,18.730000000000018
2019-08-24,Cikundul,Aqua,,,18.22010204081635,18.250000000000057
2019-08-25,Cikundul,Aqua,33.55000000000001,34.63000000000005,,
2019-08-29,Cikundul,Aqua,,,19.090000000000032,19.03000000000003
2019-08-30,Cikundul,Aqua,32.210000000000036,34.79000000000002,,17.630000000000052
2019-08-31,Cikundul,Aqua,,,17.92255102040819,17.870000000000005
2019-09-01,Cikundul,Aqua,34.56122448979594,33.93000000000001,,16.57000000000005
2019-09-02,Cikundul,Aqua,,,10.062959183673499,10.990000000000009
2019-09-06,Cikundul,Aqua,40.59887755102042,38.47000000000003,,17.33000000000004
2019-09-08,Cikundul,Aqua,39.960102040816366,36.77000000000004,,19.83000000000004
2019-09-10,Cikundul,Aqua,35.083061224489825,33.99000000000001,,19.890000000000043
2019-09-11,Cikundul,Aqua,37.9783673469388,36.84998009950251,18.158469387755147,18.190000000000055
2019-09-12,Cikundul,Aqua,33.090612244898004,31.430000000000007,17.58581632653064,17.55000000000001
2019-09-13,Cikundul,Aqua,39.81785714285717,38.41368000000002,,
2019-09-14,Cikundul,Aqua,,,19.33000000000004,18.450000000000045
2019-09-15,Cikundul,Aqua,35.45435754189947,33.59000000000003,18.97112244897962,19.190000000000055
2019-09-17,Cikundul,Aqua,,36.13000000000005,17.130000000000052,16.590000000000032
2019-09-18,Cikundul,Aqua,35.10642857142859,34.93000000000001,,18.390000000000043
2019-09-19,Cikundul,Aqua,33.896122448979625,33.650000000000034,20.3763157894737,20.03000000000003
2019-09-22,Cikundul,Aqua,38.63918367346943,35.670000000000016,19.0148979591837,19.090000000000032
2019-09-24,Cikundul,Aqua,,37.210000000000036,20.090000000000032,20.07000000000005
2019-09-27,Cikundul,Aqua,31.250000000000057,31.250000000000057,,18.670000000000016
2019-10-01,Cikundul,Aqua,41.088163265306136,37.60340050377836,,
2019-10-04,Cikundul,Aqua,30.83000000000004,35.57000000000005,,19.55000000000001
2019-10-05,Cikundul,Aqua,37.096122448979635,36.110000000000014,19.27000000000004,19.130000000000052
2019-10-09,Cikundul,Aqua,,,19.286424581005615,18.950000000000045
2019-10-15,Cikundul,Aqua,37.395306122449014,36.63000000000005,,
2019-10-16,Cikundul,Aqua,,,20.786956521739175,20.590000000000032
2019-10-17,Cikundul,Aqua,33.675612244898,35.33729613733909,17.650000000000034,18.210000000000036
2019-10-19,Cikundul,Aqua,,,18.992551020408204,19.650000000000034
2019-10-22,Cikundul,Aqua,35.51489795918369,35.9898493408663,,
2019-10-24,Cikundul,Aqua,38.067653061224526,36.97000000000003,,
2019-10-25,Cikundul,Aqua,,,18.090000000000032,20.350000000000023
2019-10-26,Cikundul,Aqua,35.40591836734696,34.96050279329612,,
2019-10-27,Cikundul,Aqua,,,19.80214285714289,20.27000000000004
2019-10-30,Cikundul,Aqua,,,21.010000000000048,21.83000000000004
2019-11-03,Cikundul,Aqua,,,19.610000000000014,18.850000000000023
2019-11-05,Cikundul,Aqua,37.409489795918404,36.450000000000045,,20.07000000000005
2019-11-06,Cikundul,Aqua,36.423367346938825,35.07000000000005,20.194897959183702,19.930000000000007
2019-11-07,Cikundul,Aqua,36.73061224489799,37.57000000000005,,
2019-11-08,Cikundul,Aqua,35.57653061224493,35.400515463917564,,
2019-11-09,Cikundul,Aqua,41.1344897959184,40.51000000000005,18.28918367346943,18.610000000000014
2019-11-10,Cikundul,Aqua,,,21.451694915254283,21.630000000000052
2019-11-11,Cikundul,Aqua,37.306734693877566,36.09000000000003,20.25224489795922,19.470000000000027
2019-11-16,Cikundul,Aqua,36.05326530612249,36.33000000000004,,
2019-11-18,Cikundul,Aqua,40.60714285714288,38.950000000000045,,17.810000000000002
2019-11-27,Cikundul,Aqua,32.281938775510234,33.450000000000045,19.730000000000018,19.130000000000052
2019-11-28,Cikundul,Aqua,,,20.50265306122453,20.470000000000027
2019-12-10,Cikundul,Aqua,,,20.53000000000003,20.590000000000032
2019-12-12,Cikundul,Aqua,,,18.870000000000005,19.650000000000034
2019-12-13,Cikundul,Aqua,33.27000000000004,34.710000000000036,,
2020-01-12,Cikundul,Aqua,35.2394897959184,33.52950286806886,,
2020-01-17,Cikundul,Aqua,33.08821229050282,32.83000000000004,,
2020-01-18,Cikundul,Aqua,,,17.997244897959217,19.410000000000025
2020-02-08,Cikundul,Aqua,33.179387755102084,30.470000000000027,,
2020-03-02,Cikundul,Aqua,34.33000000000004,31.890000000000043,,
2020-03-07,Cikundul,Aqua,27.99000000000001,29.33000000000004,,
2020-03-11,Cikundul,Aqua,27.551694915254252,29.470000000000027,,
2020-04-12,Cikundul,Aqua,32.816530612244925,30.390000000000043,,
2020-04-14,Cikundul,Aqua,31.27000000000004,30.05000000000001,22.093673469387785,21.190000000000055
2020-04-16,Cikundul,Aqua,,,22.03645161290326,21.99000000000001
2020-04-21,Cikundul,Aqua,,,20.358367346938802,20.010000000000048
2020-05-03,Cikundul,Aqua,30.34785714285717,28.930000000000007,,
2020-05-12,Cikundul,Aqua,32.830204081632694,30.870000000000005,,
2020-05-15,Cikundul,Aqua,,,20.682653061224528,20.310000000000002
2020-05-16,Cikundul,Aqua,30.186521739130466,28.910000000000025,,
2020-05-19,Cikundul,Aqua,29.650000000000034,29.650000000000034,,
2020-05-23,Cikundul,Aqua,32.866938775510214,31.291223744292257,,22.010000000000048
2020-05-24,Cikundul,Aqua,31.733979591836757,29.93000000000001,,
2020-06-09,Cikundul,Aqua,,,19.07000000000005,19.410000000000025
2020-06-10,Cikundul,Aqua,,28.190000000000055,20.03153061224492,21.27000000000004
2020-06-11,Cikundul,Aqua,29.29000000000002,28.170000000000016,,
2020-06-12,Cikundul,Aqua,29.93969387755104,28.810000000000002,20.450000000000045,20.27000000000004
2020-06-13,Cikundul,Aqua,29.217128712871325,28.890000000000043,,
2020-06-25,Cikundul,Aqua,,,17.547448979591874,17.370000000000005
2020-06-29,Cikundul,Aqua,29.87765306122452,30.090000000000032,20.96214285714288,20.99000000000001
2020-07-01,Cikundul,Aqua,29.7545161290323,28.150000000000034,,
2020-07-05,Cikundul,Aqua,28.586734693877577,28.03000000000003,,18.99000000000001
2020-07-08,Cikundul,Aqua,28.38366336633668,27.250000000000057,,
2020-07-14,Cikundul,Aqua,,,21.095684210526333,20.950000000000045
2020-07-17,Cikundul,Aqua,27.818387096774213,29.670000000000016,19.183979591836753,19.090000000000032
2020-07-18,Cikundul,Aqua,,28.890000000000043,20.991734693877568,20.730000000000018
2020-07-24,Cikundul,Aqua,36.37877551020412,33.410000000000025,19.57663265306125,19.55000000000001
2020-07-26,Cikundul,Aqua,,,20.384387755102075,19.79000000000002
2020-07-27,Cikundul,Aqua,31.15234693877555,29.930000000000007,18.99000000000001,18.99000000000001
2020-07-28,Cikundul,Aqua,31.52265306122452,30.930000000000003,,19.010000000000048
2020-07-29,Cikundul,Aqua,31.607040816326553,29.99000000000001,,
2020-07-31,Cikundul,Aqua,34.321530612244935,31.170000000000016,,
2020-08-02,Cikundul,Aqua,32.95408163265311,30.99000000000001,,16.090000000000032
2020-08-07,Cikundul,Aqua,34.95418367346942,33.91848758465013,,
2020-08-09,Cikundul,Aqua,36.39081632653065,34.359759036144595,,20.79000000000002
2020-08-15,Cikundul,Aqua,,29.05000000000001,18.638316831683223,19.850000000000023
2020-08-16,Cikundul,Aqua,29.297826086956547,29.950000000000045,,
2020-09-05,Cikundul,Aqua,30.219322033898337,29.07000000000005,19.450000000000045,19.33000000000004
2020-09-07,Cikundul,Aqua,31.097142857142902,30.170000000000016,,22.010000000000048
2020-09-11,Cikundul,Aqua,,,17.013877551020425,16.77000000000004
2020-09-12,Cikundul,Aqua,36.22071428571432,34.33769230769234,,19.910000000000025
2020-09-15,Cikundul,Aqua,34.911224489795956,33.72448175182484,,
2020-09-19,Cikundul,Aqua,35.790612244897986,35.07000000000005,,
2020-09-24,Cikundul,Aqua,33.49831460674162,32.87000000000001,,
2020-09-25,Cikundul,Aqua,,,19.79887755102044,20.350000000000023
2020-09-29,Cikundul,Aqua,,,14.429200000000034,14.670000000000016
2020-10-03,Cikundul,Aqua,32.2164285714286,29.610000000000014,,
2020-10-07,Cikundul,Aqua,31.814387755102082,30.310000000000002,,
2020-10-12,Cikundul,Aqua,,,18.286734693877595,17.210000000000036
2020-10-14,Cikundul,Aqua,29.333367346938797,27.27000000000004,,
2020-10-23,Cikundul,Aqua,,,20.507029702970332,19.83000000000004
2020-11-01,Cikundul,Aqua,6.333877551020456,13.53000000000003,,
2020-11-11,Cikundul,Aqua,30.494347826087008,30.130000000000052,,
2021-02-12,Cikundul,Aqua,30.250510204081667,28.810000000000002,,
2021-03-01,Cikundul,Aqua,37.1929591836735,35.31,,
2021-03-05,Cikundul,Aqua,36.54520408163268,34.661208791208814,,
2021-04-06,Cikundul,Aqua,32.04438775510205,27.33000000000004,,
2021-04-08,Cikundul,Aqua,28.369801980198048,27.590000000000032,,
2021-04-20,Cikundul,Aqua,33.841224489795955,32.47000000000003,,
2021-04-22,Cikundul,Aqua,35.31051020408166,32.47000000000003,,19.970000000000027
2021-04-24,Cikundul,Aqua,31.425714285714303,31.810000000000002,,
2021-04-26,Cikundul,Aqua,34.21428571428575,32.07000000000005,21.956938775510224,21.850000000000023
2021-05-01,Cikundul,Aqua,33.93561224489799,30.858606060606075,,
2021-05-07,Cikundul,Aqua,,,20.024059405940637,20.33000000000004
2021-05-08,Cikundul,Aqua,33.57234693877553,31.07000000000005,,
2021-05-09,Cikundul,Aqua,,,20.502402234636893,20.710000000000036
2021-05-10,Cikundul,Aqua,33.88244897959186,32.20500000000004,22.262000000000025,21.150000000000034
2021-05-11,Cikundul,Aqua,,,16.736632653061257,17.690000000000055
2021-05-15,Cikundul,Aqua,,31.07000000000005,15.035217391304373,15.510000000000048
2021-05-16,Cikundul,Aqua,,,21.236168224299085,21.110000000000014
2021-05-21,Cikundul,Aqua,28.00132653061227,27.49000000000001,,
2021-05-27,Cikundul,Aqua,30.454591836734707,29.610000000000014,,
2021-05-28,Cikundul,Aqua,28.370000000000005,29.07000000000005,,
2021-06-04,Cikundul,Aqua,31.714489795918396,29.762500000000045,,21.910000000000025
2021-06-05,Cikundul,Aqua,32.386646706586845,30.55000000000001,,
2021-06-06,Cikundul,Aqua,30.310000000000002,29.55000000000001,,
2021-06-07,Cikundul,Aqua,31.077903225806473,29.470000000000027,,
2021-06-09,Cikundul,Aqua,31.747448979591873,29.930000000000007,,
2021-06-12,Cikundul,Aqua,,,18.750000000000057,18.750000000000057
2021-06-13,Cikundul,Aqua,32.209200000000024,31.210000000000036,21.457826086956562,21.230000000000018
2021-07-02,Cikundul,Aqua,31.334081632653092,29.610000000000014,20.956020408163294,20.810000000000002
2021-07-03,Cikundul,Aqua,,,21.31428571428573,20.710000000000036
2021-07-04,Cikundul,Aqua,29.230000000000018,29.130000000000052,,21.010000000000048
2021-07-05,Cikundul,Aqua,,27.090000000000032,20.937374301675998,20.870000000000005
2021-07-06,Cikundul,Aqua,32.88673469387758,31.27000000000004,,21.49000000000001
2021-07-14,Cikundul,Aqua,22.22010204081635,23.630000000000052,,
2021-07-15,Cikundul,Aqua,30.902178770949735,30.33000000000004,,
2021-07-16,Cikundul,Aqua,33.28938775510207,31.29000000000002,,
2021-07-17,Cikundul,Aqua,,,20.163061224489827,20.190000000000055
2021-07-18,Cikundul,Aqua,33.90336734693881,31.590000000000032,,13.970000000000027
2021-07-25,Cikundul,Aqua,32.898673469387774,31.209600000000037,18.308979591836763,18.230000000000018
2021-07-27,Cikundul,Aqua,34.41234693877554,32.410000000000025,18.610000000000014,19.010000000000048
2021-07-28,Cikundul,Aqua,29.430000000000007,28.150000000000034,20.131224489795933,20.210000000000036
2021-07-29,Cikundul,Aqua,29.513389830508494,29.750000000000057,,19.150000000000034
2021-08-01,Cikundul,Aqua,30.80387755102043,29.250000000000057,,
2021-08-02,Cikundul,Aqua,,,17.83000000000004,19.430000000000007
2021-08-03,Cikundul,Aqua,,,18.17948979591839,18.510000000000048
2021-08-07,Cikundul,Aqua,31.064081632653103,30.27000000000004,,20.310000000000002
2021-08-10,Cikundul,Aqua,,36.01000000000005,19.480714285714317,19.630000000000052
2021-08-12,Cikundul,Aqua,35.769387755102066,33.85984063745021,,
2021-08-16,Cikundul,Aqua,,,20.80680000000003,20.370000000000005
2021-08-23,Cikundul,Aqua,23.528260869565248,25.470000000000027,20.625612244897987,20.03000000000003
2021-08-25,Cikundul,Aqua,29.99000000000001,29.150000000000034,20.941368421052655,20.27000000000004
2021-08-26,Cikundul,Aqua,33.07918367346941,32.753652173913096,,19.07000000000005
2021-08-27,Cikundul,Aqua,,,20.910000000000025,20.190000000000055
2021-08-28,Cikundul,Aqua,33.585204081632675,30.33000000000004,19.810000000000002,19.630000000000052
2021-08-31,Cikundul,Aqua,,,19.025754189944173,19.130000000000052
2021-09-02,Cikundul,Aqua,34.002903225806484,31.810000000000002,,
2021-09-04,Cikundul,Aqua,33.03000000000003,31.910000000000025,,
2021-09-09,Cikundul,Aqua,34.28500000000003,31.99000000000001,,
2021-09-15,Cikundul,Aqua,26.70214285714288,26.970000000000027,,
2021-09-17,Cikundul,Aqua,33.13000000000005,31.350000000000023,,21.130000000000052
2021-09-18,Cikundul,Aqua,35.472105263157935,32.370000000000005,,
2021-09-19,Cikundul,Aqua,,,21.01846938775512,20.710000000000036
2021-09-20,Cikundul,Aqua,30.702173913043513,27.690000000000055,19.716122448979625,19.750000000000057
2021-09-26,Cikundul,Aqua,27.473265306122478,26.230000000000018,,
2021-09-28,Cikundul,Aqua,,,20.55000000000001,20.29000000000002
2021-10-08,Cikundul,Aqua,33.695612244898,31.310000000000002,,20.55000000000001
2021-10-09,Cikundul,Aqua,,,16.690000000000055,18.210000000000036
2021-10-25,Cikundul,Aqua,,,10.082142857142877,10.750000000000057
2021-12-02,Cikundul,Aqua,33.8179591836735,31.356666666666683,,
2022-01-03,Cikundul,Aqua,30.99000000000001,31.370000000000005,,
2022-01-16,Cikundul,Aqua,,,21.17551020408166,20.99000000000001
2022-03-29,Cikundul,Aqua,34.183684210526344,30.210000000000036,,
2022-03-31,Cikundul,Aqua,32.1812871287129,30.710000000000036,,
2022-04-25,Cikundul,Aqua,32.63884210526318,32.450000000000045,,
2022-05-27,Cikundul,Aqua,34.463979591836754,31.27000000000004,,
2022-06-01,Cikundul,Aqua,31.48744897959187,29.03000000000003,9.110000000000014,9.510000000000048
2022-06-10,Cikundul,Aqua,31.329693877551072,28.810000000000002,,
2022-06-19,Cikundul,Aqua,30.524591836734725,27.83000000000004,,
2022-06-28,Cikundul,Aqua,26.210000000000036,25.410000000000025,20.371122448979612,20.390000000000043
2022-06-29,Cikundul,Aqua,30.08438775510208,28.110000000000014,,
2022-06-30,Cikundul,Aqua,27.712653061224515,26.930000000000007,19.540816326530646,19.710000000000036
2022-07-01,Cikundul,Aqua,32.51622448979595,29.970000000000027,,15.550000000000011
2022-07-07,Cikundul,Aqua,30.68653061224493,29.690000000000055,,19.49000000000001
2022-07-08,Cikundul,Aqua,28.522244897959233,28.86131639722865,,
2022-07-09,Cikundul,Aqua,26.61020408163268,26.670000000000016,19.890000000000043,18.650000000000034
2022-07-10,Cikundul,Aqua,,27.710000000000036,17.000736842105276,16.670000000000016
2022-07-19,Cikundul,Aqua,32.2094897959184,29.890000000000043,,21.130000000000052
2022-07-20,Cikundul,Aqua,,,20.77000000000004,20.27000000000004
2022-07-21,Cikundul,Aqua,32.788877551020434,30.610000000000014,20.68071428571433,20.478711516533657
2022-07-25,Cikundul,Aqua,,,12.43520408163266,13.650000000000034
2022-07-26,Cikundul,Aqua,29.04326530612248,26.110000000000014,,
2022-08-01,Cikundul,Aqua,32.170714285714304,30.973278688524616,,20.83000000000004
2022-08-06,Cikundul,Aqua,28.14521739130439,27.710000000000036,,21.190000000000055
2022-08-08,Cikundul,Aqua,29.56448979591839,28.79000000000002,,19.750000000000057
2022-08-09,Cikundul,Aqua,31.74000000000004,30.23000000000002,19.64652173913048,18.350000000000023
2022-08-10,Cikundul,Aqua,,,19.470000000000027,19.310000000000002
2022-08-11,Cikundul,Aqua,33.49000000000001,28.99000000000001,,16.710000000000036
2022-08-16,Cikundul,Aqua,27.510000000000048,29.390000000000043,,
2022-08-18,Cikundul,Aqua,,27.230000000000018,20.177653061224543,20.27000000000004
2022-08-20,Cikundul,Aqua,27.230000000000018,26.690000000000055,,
2022-08-22,Cikundul,Aqua,,,21.23826086956524,21.090000000000032
2022-08-24,Cikundul,Aqua,,,20.750000000000057,20.710000000000036
2022-08-25,Cikundul,Aqua,29.12287128712874,28.870000000000005,,18.370000000000005
2022-08-27,Cikundul,Aqua,26.33000000000004,24.33000000000004,,
2022-08-29,Cikundul,Aqua,,26.07000000000005,18.90520408163269,18.870000000000005
2022-08-30,Cikundul,Aqua,32.473061224489825,30.410000000000025,,
2022-09-17,Cikundul,Aqua,31.971326530612288,30.190000000000055,,
2022-09-18,Cikundul,Aqua,,,20.190612244897977,19.610000000000014
2022-09-19,Cikundul,Aqua,28.7629591836735,27.170000000000016,,
2022-09-25,Cikundul,Aqua,,,20.108061224489816,19.29000000000002
2022-09-28,Cikundul,Aqua,31.981122448979622,29.53000000000003,18.868882681564283,19.49000000000001
2022-10-12,Cikundul,Aqua,29.39782608695657,27.730000000000018,,
2022-10-16,Cikundul,Aqua,,,20.750000000000057,20.53000000000003
2022-10-29,Cikundul,Aqua,30.683225806451638,28.110000000000014,,
2022-12-18,Cikundul,Aqua,34.74094972067042,31.890000000000043,,
2023-01-06,Cikundul,Aqua,30.590000000000032,29.370000000000005,,
2023-01-11,Cikundul,Aqua,,,19.450000000000045,19.450000000000045
2023-01-12,Cikundul,Aqua,27.010000000000048,25.430000000000007,,
2023-01-13,Cikundul,Aqua,29.006956521739177,27.890000000000043,,
2023-01-15,Cikundul,Aqua,33.801020408163296,31.57000000000005,,
2023-02-18,Cikundul,Aqua,30.72561224489799,29.410000000000025,,
2023-02-19,Cikundul,Aqua,35.144081632653084,32.870000000000005,,
2023-03-05,Cikundul,Aqua,30.03173913043482,29.670000000000016,,
2023-03-07,Cikundul,Aqua,33.73316326530614,32.07000000000005,,
2023-03-08,Cikundul,Aqua,,,19.246020408163307,18.99000000000001
2023-03-10,Cikundul,Aqua,,,20.064693877551036,20.210000000000036
2023-03-18,Cikundul,Aqua,31.768695652173946,29.710000000000036,,
2023-04-08,Cikundul,Aqua,35.074795918367364,34.35000000000002,,
2023-05-13,Cikundul,Aqua,22.51918367346941,23.510000000000048,,
2023-05-14,Cikundul,Aqua,31.208877551020446,29.430000000000007,,
2023-05-16,Cikundul,Aqua,33.30877551020412,30.55000000000001,19.51469387755106,19.370000000000005
2023-05-17,Cikundul,Aqua,,,20.511122448979613,20.55000000000001
2023-05-20,Cikundul,Aqua,,,21.37356435643566,20.810000000000002
2023-05-23,Cikundul,Aqua,27.74782608695655,26.230000000000018,,19.77000000000004
2023-05-25,Cikundul,Aqua,31.747857142857164,30.150000000000034,,
2023-05-27,Cikundul,Aqua,,,20.747755102040834,20.77000000000004
2023-05-29,Cikundul,Aqua,,32.25000000000006,20.110000000000014,20.03000000000003
2023-05-30,Cikundul,Aqua,33.038061224489816,30.709518072289193,,19.650000000000034
2023-06-01,Cikundul,Aqua,31.492574257425787,31.510000000000048,,
2023-06-04,Cikundul,Aqua,31.93744897959187,30.630000000000052,,
2023-06-11,Cikundul,Aqua,31.4211224489796,32.03000000000003,,
2023-06-12,Cikundul,Aqua,,,20.55020408163267,20.110000000000014
2023-06-13,Cikundul,Aqua,31.250000000000057,29.170000000000016,20.623775510204105,20.750000000000057
2023-06-20,Cikundul,Aqua,33.23214285714289,31.130270793036807,,
2023-06-21,Cikundul,Aqua,,,21.087653061224525,20.79000000000002
2023-06-22,Cikundul,Aqua,31.538982035928186,29.190000000000055,,
2023-06-24,Cikundul,Aqua,31.580408163265332,31.210000000000036,,21.910000000000025
2023-06-26,Cikundul,Aqua,31.265000000000043,30.690000000000055,20.728571428571467,20.203350785340355
2023-06-27,Cikundul,Aqua,31.210510204081643,29.580240963855463,,
2023-06-29,Cikundul,Aqua,30.069693877551057,28.07000000000005,,16.05000000000001
2023-07-03,Cikundul,Aqua,,,18.748469387755136,18.670000000000016
2023-07-04,Cikundul,Aqua,,27.210000000000036,18.03000000000003,18.670000000000016
2023-07-09,Cikundul,Aqua,30.749130434782643,30.390000000000043,,
2023-07-10,Cikundul,Aqua,,,20.430000000000007,19.650000000000034
2023-07-11,Cikundul,Aqua,,,21.130000000000052,20.590000000000032
2023-07-12,Cikundul,Aqua,,,18.94061224489799,18.410000000000025
2023-07-16,Cikundul,Aqua,31.84010204081635,29.930000000000007,,
2023-07-17,Cikundul,Aqua,,,20.253578947368474,20.450000000000045
2023-07-18,Cikundul,Aqua,33.27448979591841,31.03000000000003,19.26673469387757,18.750000000000057
2023-07-21,Cikundul,Aqua,30.271290322580672,28.650000000000034,,
2023-07-22,Cikundul,Aqua,,31.53000000000003,20.913798882681583,20.55000000000001
2023-07-23,Cikundul,Aqua,32.77877551020411,33.49000000000001,,
2023-07-24,Cikundul,Aqua,,,20.395612244897983,20.350000000000023
2023-07-26,Cikundul,Aqua,,,19.365306122448988,19.210000000000036
2023-07-27,Cikundul,Aqua,28.97714285714288,26.910000000000025,,17.470000000000027
2023-07-28,Cikundul,Aqua,33.55642857142859,31.670000000000016,,16.750000000000057
2023-07-30,Cikundul,Aqua,35.41765306122451,32.63000000000005,17.315742574257442,17.310000000000002
2023-07-31,Cikundul,Aqua,,,19.608265306122487,19.77000000000004
2023-08-01,Cikundul,Aqua,32.245816326530644,32.34968127490042,,
2023-08-05,Cikundul,Aqua,,,20.28234693877553,20.470000000000027
2023-08-06,Cikundul,Aqua,32.93265306122453,30.870000000000005,20.677789473684246,20.250000000000057
2023-08-08,Cikundul,Aqua,31.670000000000016,30.959461756373976,,17.310000000000002
2023-08-10,Cikundul,Aqua,34.2914285714286,32.650000000000034,,20.650000000000034
2023-08-11,Cikundul,Aqua,35.90285714285719,34.370000000000005,,
2023-08-12,Cikundul,Aqua,30.461020408163282,31.790630048465303,,
2023-08-13,Cikundul,Aqua,36.09918367346942,33.29106870229009,11.197903225806488,12.610000000000014
2023-08-15,Cikundul,Aqua,34.5736734693878,32.79000000000002,,
2023-08-16,Cikundul,Aqua,31.010000000000048,30.55000000000001,,16.670000000000016
2023-08-17,Cikundul,Aqua,34.74836734693879,32.090000000000025,18.77000000000004,19.250000000000057
2023-08-18,Cikundul,Aqua,33.16806122448982,31.810000000000002,,
2023-08-19,Cikundul,Aqua,34.110000000000014,34.110000000000014,,
2023-08-20,Cikundul,Aqua,37.19989795918369,34.910000000000025,18.910000000000025,18.850000000000023
2023-08-22,Cikundul,Aqua,,30.750000000000057,19.503061224489826,19.49000000000001
2023-08-23,Cikundul,Aqua,,,19.49000000000001,18.750000000000057
2023-08-27,Cikundul,Aqua,34.855612244898,33.110000000000014,18.335483870967774,18.650000000000034
2023-08-29,Cikundul,Aqua,34.71591836734696,31.910000000000025,16.43204081632657,17.730000000000018
2023-09-01,Cikundul,Aqua,35.71091836734697,34.200000000000045,,
2023-09-02,Cikundul,Aqua,,,18.69051020408167,18.470000000000027
2023-09-03,Cikundul,Aqua,35.6418367346939,34.13023598820064,,17.230000000000018
2023-09-05,Cikundul,Aqua,34.76530612244899,32.79000000000002,,
2023-09-07,Cikundul,Aqua,,,18.779263157894757,18.57000000000005
2023-09-10,Cikundul,Aqua,36.36642857142861,34.91973760932946,18.145918367346976,18.05000000000001
2023-09-12,Cikundul,Aqua,37.20262569832404,36.01000000000005,,20.33000000000004
2023-09-13,Cikundul,Aqua,40.451428571428586,39.760262390670604,,18.430000000000007
2023-09-17,Cikundul,Aqua,34.665928143712584,33.63000000000005,,
2023-09-19,Cikundul,Aqua,,,19.594285714285743,20.27000000000004
2023-09-21,Cikundul,Aqua,31.52153061224492,31.590000000000032,,19.310000000000002
2023-09-22,Cikundul,Aqua,37.84744897959185,36.40896907216498,18.031428571428613,17.910000000000025
2023-09-24,Cikundul,Aqua,34.33132653061227,34.01000000000005,19.55295918367351,19.590000000000032
2023-09-26,Cikundul,Aqua,37.22785714285717,35.73000000000002,,19.850000000000023
2023-09-27,Cikundul,Aqua,35.03640000000003,34.650000000000034,,
2023-09-28,Cikundul,Aqua,33.33244897959186,33.23000000000002,,20.390000000000043
2023-09-29,Cikundul,Aqua,36.593979591836764,36.47191489361705,19.562448979591867,19.57000000000005
2023-09-30,Cikundul,Aqua,,,19.590000000000032,20.07000000000005
2023-10-01,Cikundul,Aqua,37.11428571428574,35.8446035242291,,12.53000000000003
2023-10-06,Cikundul,Aqua,34.17795918367351,36.25000000000006,,17.690000000000055
2023-10-07,Cikundul,Aqua,,,21.598877551020433,21.05000000000001
2023-10-08,Cikundul,Aqua,,31.690000000000055,21.29000000000002,21.310000000000002
2023-10-18,Cikundul,Aqua,37.96578947368425,34.450000000000045,,
2023-10-26,Cikundul,Aqua,,,20.510000000000048,19.930000000000007
2023-10-27,Cikundul,Aqua,,34.79000000000002,21.10265306122451,21.230000000000018
2023-10-28,Cikundul,Aqua,36.391530612244914,36.110000000000014,20.710000000000036,20.710000000000036
2023-10-30,Cikundul,Aqua,34.38064516129035,34.25000000000006,,
2023-10-31,Cikundul,Aqua,,22.83000000000004,21.11142857142862,21.07000000000005
2023-11-02,Cikundul,Aqua,,,21.514081632653095,21.010000000000048
2023-11-07,Cikundul,Aqua,,,21.34173469387756,20.77000000000004
2023-11-08,Cikundul,Aqua,31.118000000000023,33.03000000000003,,
2023-11-17,Cikundul,Aqua,,,20.536530612244945,20.870000000000005
2023-11-18,Cikundul,Aqua,35.48091836734695,34.41983935742973,,
2023-12-11,Cikundul,Aqua,32.7379591836735,32.48197183098593,,
2023-12-12,Cikundul,Aqua,35.950000000000045,34.870000000000005,,19.07000000000005
2023-12-13,Cikundul,Aqua,34.28479591836737,33.64672131147545,,19.77000000000004
2023-12-14,Cikundul,Aqua,35.3648979591837,35.370000000000005,,
2023-12-16,Cikundul,Aqua,35.924591836734734,34.163509933774854,,
2023-12-17,Cikundul,Aqua,,,17.983265306122462,18.130000000000052
2023-12-20,Cikundul,Aqua,35.282448979591884,32.57000000000005,,18.27000000000004
2023-12-21,Cikundul,Aqua,38.851632653061245,37.31,,
2024-01-20,Cikundul,Aqua,,,15.540483870967792,18.260200000000047
2024-01-23,Cikundul,Aqua,,,13.670612244898004,14.010000000000048
2024-01-25,Cikundul,Aqua,33.525408163265325,31.510000000000048,,19.210000000000036
2024-01-26,Cikundul,Aqua,,,19.866530612244908,19.57000000000005
2024-01-30,Cikundul,Aqua,32.35000000000002,31.110000000000014,,
2024-02-09,Cikundul,Aqua,35.73673684210528,31.170000000000016,,
2024-02-12,Cikundul,Aqua,,,21.872244897959188,21.730000000000018
2024-02-21,Cikundul,Aqua,34.870000000000005,32.83000000000004,,
2024-03-18,Cikundul,Aqua,,25.610000000000014,18.086836734693893,18.170000000000016
2024-03-20,Cikundul,Aqua,32.14857142857147,30.2509266409267,19.31960000000002,19.630000000000052
2024-03-21,Cikundul,Aqua,31.845204081632662,30.710000000000036,,22.49000000000001
2024-04-01,Cikundul,Aqua,29.77000000000004,29.53000000000003,,
2024-04-18,Cikundul,Aqua,28.071734693877573,27.29000000000002,,
2024-05-02,Cikundul,Aqua,29.634693877551047,27.470000000000027,,21.870000000000005
2024-05-07,Cikundul,Aqua,33.66775510204086,31.390000000000043,,22.05000000000001
2024-05-29,Cikundul,Aqua,33.15428571428574,31.250000000000057,20.670000000000016,20.650000000000034
2024-05-31,Cikundul,Aqua,33.530204081632675,32.31,,
2024-06-05,Cikundul,Aqua,34.580918367346975,32.13655737704923,,18.870000000000005
2024-06-06,Cikundul,Aqua,,,21.725306122449016,21.49000000000001
2024-06-07,Cikundul,Aqua,,,20.953061224489826,20.53000000000003
2024-06-10,Cikundul,Aqua,29.764387755102078,30.83000000000004,,
2024-06-14,Cikundul,Aqua,,23.870000000000005,22.05000000000001,21.170000000000016
2024-06-15,Cikundul,Aqua,25.827826086956552,27.110000000000014,,
2024-06-17,Cikundul,Aqua,32.69775510204085,29.890000000000043,18.53000000000003,19.110000000000014
2024-06-18,Cikundul,Aqua,,,20.450000000000045,20.430000000000007
2024-06-19,Cikundul,Aqua,31.36683673469391,30.250000000000057,,22.33000000000004
2024-06-20,Cikundul,Aqua,31.350000000000023,28.710000000000036,,
2024-06-21,Cikundul,Aqua,26.0030434782609,26.850000000000023,,17.05000000000001
2024-06-22,Cikundul,Aqua,32.12204081632655,29.421840000000014,,
2024-06-28,Cikundul,Aqua,,,21.27000000000004,21.05000000000001
2024-07-09,Cikundul,Aqua,32.813163265306144,30.83000000000004,,15.890000000000043
2024-07-11,Cikundul,Aqua,31.577959183673496,28.910000000000025,20.110000000000014,20.110000000000014
2024-07-13,Cikundul,Aqua,27.42069306930697,26.870000000000005,,19.390000000000043
2024-07-14,Cikundul,Aqua,31.56040816326534,30.090000000000032,,17.090000000000032
2024-07-15,Cikundul,Aqua,,,19.027448979591874,18.690000000000055
2024-07-16,Cikundul,Aqua,31.690000000000055,31.03000000000003,,20.130000000000052
2024-07-18,Cikundul,Aqua,26.110000000000014,26.250000000000057,,19.970000000000027
2024-07-19,Cikundul,Aqua,31.590000000000032,30.29000000000002,,
2024-07-21,Cikundul,Aqua,33.69142857142861,31.657500000000027,,19.99000000000001
2024-07-22,Cikundul,Aqua,31.54193877551022,31.07000000000005,19.00397959183676,18.33000000000004
2024-07-23,Cikundul,Aqua,25.63956521739134,25.610000000000014,,16.870000000000005
2024-07-26,Cikundul,Aqua,32.85938775510208,30.310000000000002,,19.49000000000001
2024-07-28,Cikundul,Aqua,29.778265306122478,30.390000000000043,,21.150000000000034
2024-07-30,Cikundul,Aqua,,29.910000000000025,21.193016759776544,21.190000000000055
2024-08-04,Cikundul,Aqua,33.592959183673514,32.170000000000016,,20.730000000000018
2024-08-05,Cikundul,Aqua,31.930510204081653,30.110000000000014,,
2024-08-09,Cikundul,Aqua,,28.05000000000001,19.976836734693897,19.090000000000032
2024-08-11,Cikundul,Aqua,,27.27000000000004,17.44928571428575,19.110000000000014
2024-08-14,Cikundul,Aqua,29.58810055865924,30.470000000000027,,18.870000000000005
2024-08-16,Cikundul,Aqua,31.806938775510243,29.950000000000045,,
2024-08-18,Cikundul,Aqua,,,19.93571428571431,19.850000000000023
2024-08-19,Cikundul,Aqua,34.12265306122451,32.400000000000034,,19.53000000000003
2024-08-21,Cikundul,Aqua,32.98115789473686,31.27000000000004,,17.57000000000005
2024-08-23,Cikundul,Aqua,,,20.300179640718586,19.810000000000002
2024-08-24,Cikundul,Aqua,33.94734693877554,32.360000000000014,,18.27000000000004
2024-08-26,Cikundul,Aqua,,,20.03000000000003,19.710000000000036
2024-08-31,Cikundul,Aqua,,32.13000000000005,21.206326530612294,20.930000000000007
2024-09-02,Cikundul,Aqua,34.002000000000024,32.33000000000004,,21.230000000000018
2024-09-03,Cikundul,Aqua,36.63040816326532,34.99000000000001,17.017142857142886,16.930000000000007
2024-09-04,Cikundul,Aqua,,,20.940612244897974,20.690000000000055
2024-09-05,Cikundul,Aqua,,,16.501304347826125,16.930000000000007
2024-09-07,Cikundul,Aqua,30.692173913043497,30.310000000000002,20.390169491525434,20.010000000000048
2024-09-12,Cikundul,Aqua,,28.27000000000004,20.23644067796613,20.170000000000016
2024-09-13,Cikundul,Aqua,33.886530612244925,31.690000000000055,,
2024-09-14,Cikundul,Aqua,26.015204081632696,29.590000000000032,,19.890000000000043
2024-09-15,Cikundul,Aqua,34.27367346938779,32.51000000000005,19.267448979591872,19.590000000000032
2024-09-17,Cikundul,Aqua,32.69010204081637,30.690000000000055,,
2024-09-18,Cikundul,Aqua,,29.110000000000014,16.567040816326575,16.630000000000052
2024-09-19,Cikundul,Aqua,34.16653061224491,32.79986083499007,,
2024-09-20,Cikundul,Aqua,38.36632653061228,36.07000000000005,,17.730000000000018
2024-09-27,Cikundul,Aqua,,,20.704081632653075,20.670000000000016
2024-09-30,Cikundul,Aqua,36.18438775510206,34.670000000000016,,
2024-10-06,Cikundul,Aqua,,30.250000000000057,21.390918367346952,21.130000000000052
2024-10-07,Cikundul,Aqua,34.014897959183685,32.83000000000004,,
2024-10-09,Cikundul,Aqua,32.64306122448984,28.850000000000023,21.590000000000032,21.450000000000045
2024-10-11,Cikundul,Aqua,,,20.350000000000023,20.130000000000052
2024-10-16,Cikundul,Aqua,30.94204081632655,29.480000000000018,,17.430000000000007
2024-10-17,Cikundul,Aqua,31.318877551020442,29.690000000000055,17.783877551020417,17.630000000000052
2024-10-26,Cikundul,Aqua,30.83653061224494,29.350000000000023,,
2024-10-29,Cikundul,Aqua,32.38846938775514,31.79000000000002,20.462959183673494,21.07000000000005
2024-10-31,Cikundul,Aqua,,,20.921224489795954,21.170000000000016
2024-11-14,Cikundul,Aqua,,,18.390000000000043,18.230000000000018
2025-01-02,Cikundul,Aqua,33.877244897959216,32.285363748458714,,
2025-01-06,Cikundul,Aqua,29.05918367346941,27.53000000000003,,
2025-03-05,Cikundul,Aqua,,,21.29000000000002,21.210000000000036
2025-03-24,Cikundul,Aqua,,,21.332376237623777,20.670000000000016
2025-04-04,Cikundul,Aqua,30.54755102040818,28.150000000000034,,
2025-04-07,Cikundul,Aqua,33.3364285714286,31.786971751412455,,
2025-04-24,Cikundul,Aqua,,,17.661020408163292,15.930000000000007
2025-04-27,Cikundul,Aqua,,26.890000000000043,20.730000000000018,20.310000000000002
2025-05-02,Cikundul,Aqua,32.711632653061265,31.280745209368373,,15.210000000000036
2025-05-04,Cikundul,Aqua,25.27000000000004,26.090000000000032,,
2025-05-27,Cikundul,Aqua,29.69877551020412,28.77000000000004,,
2025-05-29,Cikundul,Aqua,30.13785714285718,28.010000000000048,,20.810000000000002
2025-05-30,Cikundul,Aqua,31.882095808383262,29.650000000000034,,
2025-06-02,Cikundul,Aqua,32.39000000000004,29.890000000000036,,
2025-06-04,Cikundul,Aqua,31.621122448979612,29.130000000000052,,
2025-06-07,Cikundul,Aqua,31.800816326530637,29.07000000000005,,
2025-06-08,Cikundul,Aqua,27.543265306122464,27.630000000000052,,
2025-06-11,Cikundul,Aqua,,,20.04030612244902,20.05000000000001
2025-06-16,Cikundul,Aqua,25.730000000000018,26.230000000000018,,
2025-06-24,Cikundul,Aqua,,,20.850000000000023,20.83000000000004
2025-07-09,Cikundul,Aqua,29.307551020408198,27.53000000000003,,19.650000000000034
2025-07-10,Cikundul,Aqua,29.696938775510237,28.450000000000045,,
2025-07-11,Cikundul,Aqua,,,19.836938775510227,19.670000000000012
2025-07-12,Cikundul,Aqua,30.918163265306145,28.690000000000055,,
2025-07-16,Cikundul,Aqua,,,20.406224489795942,20.090000000000032
2025-07-18,Cikundul,Aqua,,,19.127959183673482,19.150000000000034
2025-07-19,Cikundul,Aqua,32.869693877551065,31.04000000000002,18.70938775510208,18.83000000000004
2025-07-20,Cikundul,Aqua,25.742448979591877,23.690000000000055,,
2025-07-21,Cikundul,Aqua,29.639795918367348,28.53000000000003,,20.750000000000057
2025-07-22,Cikundul,Aqua,25.763913043478283,25.930000000000007,,
2025-07-24,Cikundul,Aqua,,,20.96540816326532,20.29000000000002
2025-07-28,Cikundul,Aqua,,,19.436086956521773,18.850000000000023
2025-08-15,Cikundul,Aqua,,,19.55000000000001,19.090000000000032
2025-08-16,Cikundul,Aqua,24.438979591836755,23.130000000000052,,
2025-08-21,Cikundul,Aqua,30.286938775510226,28.250000000000057,,
2025-08-22,Cikundul,Aqua,28.590000000000032,27.210000000000036,,
2025-08-26,Cikundul,Aqua,31.152551020408207,29.610000000000014,21.040816326530646,20.690000000000055
2025-08-27,Cikundul,Aqua,31.418571428571468,29.661840000000023,,
2025-08-29,Cikundul,Aqua,28.387448979591873,27.350000000000023,,
2025-09-01,Cikundul,Aqua,24.47633663366338,26.49000000000001,,
2025-09-03,Cikundul,Aqua,26.79000000000002,26.650000000000034,20.6603225806452,20.690000000000055
2025-09-22,Cikundul,Aqua,,,12.365102040816335,15.170000000000016
2025-09-26,Cikundul,Aqua,31.259897959183718,29.573924914675814,,
2025-10-03,Cikundul,Aqua,,,21.258775510204114,20.53000000000003
2025-10-04,Cikundul,Aqua,,,21.634795918367374,21.250000000000057
2025-10-08,Cikundul,Aqua,,,19.902448979591842,19.710000000000036
2025-10-09,Cikundul,Aqua,31.73887755102044,30.66649717514126,,20.230000000000018
2025-10-14,Cikundul,Aqua,,,20.870000000000005,20.730000000000018
2025-10-15,Cikundul,Aqua,,,14.510000000000048,15.330000000000041
2026-01-06,Cikundul,Aqua,32.13677419354842,31.970000000000027,,
2026-01-10,Cikundul,Aqua,,,15.07000000000005,15.370000000000005
2026-03-11,Cikundul,Aqua,33.53469387755104,31.690000000000055,,19.49000000000001
2026-03-12,Cikundul,Aqua,33.05928571428575,31.710318725099636,,
2026-03-14,Cikundul,Aqua,29.970204081632687,28.29000000000002,,
2026-03-15,Cikundul,Aqua,30.27000000000004,28.810000000000002,,
2026-03-27,Cikundul,Aqua,,,19.939600000000024,19.730000000000018
2026-04-13,Cikundul,Aqua,,,19.210918367346988,19.090000000000032
2026-04-24,Cikundul,Aqua,29.328979591836763,28.510000000000048,,
2026-05-18,Cikundul,Aqua,31.500714285714317,29.298961038961053,,
2026-05-19,Cikundul,Aqua,,,19.53000000000003,19.33000000000004
2026-05-26,Cikundul,Aqua,30.87979591836736,29.210000000000036,,17.53000000000003
2026-05-27,Cikundul,Aqua,,,19.132142857142878,18.79000000000002
2026-05-30,Cikundul,Aqua,,,19.878163265306153,19.870000000000005
2026-05-31,Cikundul,Aqua,27.39091836734696,26.05000000000001,,18.450000000000045
2026-06-05,Cikundul,Aqua,,29.090000000000032,19.83948979591837,20.590000000000032
2026-06-07,Cikundul,Aqua,29.983061224489827,28.010000000000048,,21.250000000000057
2026-06-08,Cikundul,Aqua,,27.750000000000057,19.947857142857178,20.77000000000004
2026-06-10,Cikundul,Aqua,29.447959183673493,27.650000000000034,,19.55000000000001
2026-06-11,Cikundul,Aqua,31.37938775510208,29.852214472537078,,
2026-06-15,Cikundul,Aqua,21.01357142857146,23.53000000000003,21.690000000000055,20.890000000000043
2026-06-16,Cikundul,Aqua,,,19.79000000000002,19.310000000000002
2026-06-18,Cikundul,Aqua,28.968163265306153,28.410000000000025,,20.690000000000055
2026-06-19,Cikundul,Aqua,30.33000000000004,30.510000000000048,,
2026-06-23,Cikundul,Aqua,,,20.810000000000002,19.99000000000001
2026-06-26,Cikundul,Aqua,26.970000000000027,26.470000000000027,,
2026-06-27,Cikundul,Aqua,,,20.194022346368733,20.310000000000002
2026-06-28,Cikundul,Aqua,28.5579591836735,27.430000000000007,,22.730000000000018
2026-06-29,Cikundul,Aqua,29.235102040816358,28.850000000000023,,
2026-07-01,Cikundul,Aqua,30.790000000000024,29.58978609625672,,19.83000000000004
2026-07-04,Cikundul,Aqua,,,19.76260869565222,20.33000000000004
2026-07-05,Cikundul,Aqua,,,20.93765306122452,20.850000000000023
2026-07-08,Cikundul,Aqua,28.374591836734727,27.79000000000002,,19.390000000000043
2026-07-09,Cikundul,Aqua,31.12285714285719,29.910000000000025,,18.53000000000003
2026-07-11,Cikundul,Aqua,29.655816326530644,28.670000000000016,,
2026-07-15,Cikundul,Aqua,,,19.39826530612247,19.27000000000004
2026-07-16,Cikundul,Aqua,,,19.912574257425774,20.010000000000048
2026-07-17,Cikundul,Aqua,,,21.47295918367351,21.010000000000048
2026-07-18,Cikundul,Aqua,,,20.210000000000036,19.930000000000007
2026-07-19,Cikundul,Aqua,29.56448979591842,28.090000000000032,19.911836734693917,19.810000000000002
2026-07-22,Cikundul,Aqua,29.545816326530634,29.090000000000032,,
2026-07-23,Cikundul,Aqua,,,16.749081632653088,16.55000000000001
2026-07-24,Cikundul,Aqua,29.460612244897987,28.850000000000023,,18.350000000000023
2026-07-25,Cikundul,Aqua,30.239795918367378,29.650000000000034,,
2026-07-26,Cikundul,Aqua,,,16.543532934131754,16.950000000000045
2026-07-29,Cikundul,Aqua,,,19.972275449101843,19.670000000000016
2026-07-30,Cikundul,Aqua,,,19.370000000000005,19.190000000000055
2026-08-01,Cikundul,Aqua,,,20.46043478260871,20.230000000000018
2026-08-04,Cikundul,Aqua,30.574795918367386,30.310000000000002,19.77720000000003,19.310000000000002
2026-08-06,Cikundul,Aqua,30.84693877551024,30.710000000000036,,21.750000000000057
2026-08-07,Cikundul,Aqua,30.350000000000023,30.370000000000005,,
2026-08-09,Cikundul,Aqua,31.735408163265344,31.270000000000035,,
2026-08-11,Cikundul,Aqua,30.53000000000003,29.470000000000027,,20.250000000000057
2026-08-12,Cikundul,Aqua,,29.870000000000005,19.265789473684226,19.150000000000034
2026-08-14,Cikundul,Aqua,29.939580838323383,28.870000000000005,,19.410000000000025
2026-08-17,Cikundul,Aqua,32.83928571428576,31.57000000000005,,19.310000000000002
2026-08-18,Cikundul,Aqua,,,19.704591836734725,20.850000000000023
2026-08-19,Cikundul,Aqua,26.398367346938812,26.470000000000027,,
2026-08-25,Cikundul,Aqua,,31.850000000000023,18.710000000000036,19.950000000000045
2026-08-26,Cikundul,Aqua,,,20.577448979591885,20.750000000000057
2026-08-27,Cikundul,Aqua,30.7137755102041,29.63980000000004,,20.190000000000055
2026-08-29,Cikundul,Aqua,31.580816326530623,31.26834532374105,19.33715789473688,19.310000000000002
2026-08-31,Cikundul,Aqua,,,21.23642857142861,20.910000000000025
2026-09-04,Cikundul,Aqua,30.69571428571432,29.810000000000002,,19.210000000000036
2026-09-05,Cikundul,Aqua,,,16.410000000000025,16.730000000000018
2026-09-07,Cikundul,Aqua,,27.810000000000002,19.246020408163293,18.870000000000005
2026-09-08,Cikundul,Aqua,,,20.97969387755104,20.650000000000034
2026-09-09,Cikundul,Aqua,30.797142857142884,29.921990794016125,,20.350000000000023
2026-09-17,Cikundul,Aqua,30.498877551020435,29.470000000000027,19.86795918367348,19.690000000000055
2026-09-18,Cikundul,Aqua,,,16.390000000000043,16.670000000000016
2026-09-20,Cikundul,Aqua,32.72836734693882,32.29666666666668,18.970000000000027,18.690000000000055
