date,sensor,day_tpa,day_ring,night_tpa,night_ring
2019-01-08,Terra,35.370000000000005,34.09000000000003,23.650000000000034,23.210000000000036
2019-01-09,Terra,30.090000000000032,31.610000000000014,,
2019-01-10,Terra,35.35086956521743,34.73000000000002,,
2019-01-12,Terra,35.80721212121217,35.710000000000036,,
2019-02-06,Terra,,,24.485157894736876,24.99000000000001
2019-02-07,Terra,29.83000000000004,29.83000000000004,,
2019-02-10,Terra,,,21.498400000000014,22.730000000000018
2019-02-11,Terra,33.40990000000002,34.13000000000005,,
2019-02-15,Terra,36.828666666666706,37.35000000000002,,
2019-02-16,Terra,30.670000000000016,31.930000000000007,,
2019-02-17,Terra,30.190000000000055,33.47000000000003,23.756200000000018,24.29000000000002
2019-02-20,Terra,36.54990000000002,36.83000000000004,,23.33000000000004
2019-02-22,Terra,35.73380000000004,36.05000000000001,24.885157894736874,24.170000000000016
2019-02-23,Terra,32.26570000000003,34.610000000000014,,
2019-02-24,Terra,,,25.82020000000004,25.83000000000004
2019-02-25,Terra,35.83000000000004,35.690000000000055,23.03000000000003,23.750000000000057
2019-02-26,Terra,33.14428571428576,34.81,,24.210000000000036
2019-03-01,Terra,35.82478260869567,37.870000000000005,,24.970000000000027
2019-03-03,Terra,32.950000000000045,34.85000000000002,,
2019-03-11,Terra,30.220200000000013,31.730000000000018,,
2019-03-12,Terra,,29.970000000000027,24.630000000000052,25.03000000000003
2019-03-19,Terra,33.88200000000003,34.33000000000004,,
2019-03-24,Terra,30.880000000000045,32.55000000000001,,
2019-03-27,Terra,31.890000000000043,33.09000000000003,,
2019-03-31,Terra,31.153750000000045,32.690000000000055,,
2019-04-02,Terra,34.393500000000046,36.43000000000001,,
2019-04-07,Terra,33.375300000000024,34.81,,
2019-04-11,Terra,30.63000000000005,32.870000000000005,,
2019-04-16,Terra,,31.110000000000014,14.935128205128247,21.870000000000005
2019-04-18,Terra,34.59510000000004,34.670000000000016,23.768105263157924,24.970000000000027
2019-04-19,Terra,28.687857142857172,30.05000000000001,,
2019-04-21,Terra,30.122000000000018,31.03000000000003,,22.53000000000003
2019-04-22,Terra,29.87450000000004,30.79000000000002,24.690000000000055,24.850000000000023
2019-04-23,Terra,33.81980000000002,34.43000000000001,24.590000000000032,24.470000000000027
2019-04-25,Terra,32.30690000000002,34.73000000000002,24.314722222222255,24.350000000000023
2019-05-02,Terra,,29.590000000000032,24.670000000000016,24.07000000000005
2019-05-04,Terra,33.46570000000004,33.59000000000003,24.430000000000007,24.650000000000034
2019-05-06,Terra,31.061300000000003,31.670000000000016,,23.470000000000027
2019-05-07,Terra,27.383043478260895,28.590000000000032,,21.730000000000018
2019-05-08,Terra,32.05000000000001,31.27000000000004,,
2019-05-09,Terra,32.43640000000002,32.29000000000002,,
2019-05-10,Terra,,28.150000000000034,22.080105263157936,21.870000000000005
2019-05-11,Terra,31.92860000000004,34.110000000000014,,
2019-05-13,Terra,33.13670000000004,33.43000000000001,25.06768421052634,24.590000000000032
2019-05-14,Terra,29.058600000000038,29.57000000000005,,
2019-05-17,Terra,27.672857142857175,27.930000000000007,21.420100000000048,24.010000000000048
2019-05-18,Terra,,31.310000000000002,24.17880733944956,23.99000000000001
2019-05-19,Terra,,,21.97084210526319,21.750000000000057
2019-05-20,Terra,31.991100000000014,33.150000000000034,25.142000000000035,24.370000000000005
2019-05-21,Terra,27.856600000000043,28.99000000000001,,
2019-05-22,Terra,,,24.256666666666717,23.810000000000002
2019-05-23,Terra,27.631000000000036,27.910000000000025,18.794000000000015,20.370000000000005
2019-05-24,Terra,30.759100000000043,32.57000000000005,,
2019-05-25,Terra,32.04860000000003,32.99000000000001,23.53000000000003,23.010000000000048
2019-05-26,Terra,24.010000000000048,24.010000000000048,,
2019-05-27,Terra,35.5192307692308,33.01000000000005,,24.890000000000043
2019-05-29,Terra,30.037222222222255,31.630000000000052,24.87510000000005,24.510000000000048
2019-05-30,Terra,28.970100000000027,29.29000000000002,,
2019-05-31,Terra,29.752200000000034,31.150000000000034,23.405578947368454,23.670000000000016
2019-06-01,Terra,,25.010000000000048,21.151300000000038,22.03000000000003
2019-06-05,Terra,28.545652173913084,30.29000000000002,23.50747368421057,23.890000000000043
2019-06-06,Terra,26.947000000000042,28.110000000000014,,
2019-06-07,Terra,29.903200000000027,30.310000000000002,23.501300000000043,23.730000000000018
2019-06-10,Terra,32.66950000000001,31.77000000000004,22.410000000000025,22.470000000000027
2019-06-12,Terra,31.729000000000024,32.83000000000004,19.065694444444468,22.650000000000034
2019-06-15,Terra,27.013100000000033,29.27000000000004,20.747700000000012,22.470000000000027
2019-06-16,Terra,29.81500000000002,31.510000000000048,,23.83000000000004
2019-06-17,Terra,30.642100000000024,30.750000000000057,23.27000000000004,22.750000000000057
2019-06-18,Terra,28.17170000000003,29.230000000000018,23.760500000000032,21.53000000000003
2019-06-19,Terra,32.34700000000001,32.950000000000045,,20.170000000000016
2019-06-21,Terra,32.38490000000002,33.59000000000003,22.530800000000024,22.29000000000002
2019-06-22,Terra,27.000100000000025,27.170000000000016,,
2019-06-23,Terra,31.952947368421093,31.110000000000014,23.958842105263194,22.310000000000002
2019-06-24,Terra,31.253600000000045,31.83000000000004,22.01126315789477,22.110000000000014
2019-06-25,Terra,31.148400000000038,32.31,23.650000000000034,23.510000000000048
2019-06-26,Terra,31.614500000000035,31.410000000000025,,
2019-06-28,Terra,31.721700000000034,31.79000000000002,22.554102564102614,21.810000000000002
2019-06-30,Terra,31.001400000000043,32.27000000000004,22.250000000000057,21.930000000000007
2019-07-05,Terra,28.126944444444455,29.210000000000036,20.035500000000003,21.810000000000002
2019-07-06,Terra,,,21.22760000000002,20.190000000000055
2019-07-07,Terra,32.017900000000026,33.31,22.835052631578957,22.57000000000005
2019-07-08,Terra,28.79720000000005,28.810000000000002,,
2019-07-10,Terra,27.16043478260873,25.690000000000055,21.870000000000005,21.750000000000057
2019-07-11,Terra,,31.610000000000014,23.902820512820554,23.230000000000018
2019-07-12,Terra,30.690800000000035,29.970000000000027,22.534800000000043,21.430000000000007
2019-07-13,Terra,28.150000000000034,28.750000000000057,19.57000000000005,20.090000000000032
2019-07-14,Terra,32.31920000000004,33.07000000000005,23.265000000000036,23.430000000000007
2019-07-16,Terra,31.50950000000001,32.31,,22.710000000000036
2019-07-17,Terra,28.235263157894767,27.99000000000001,,
2019-07-18,Terra,27.352083333333354,28.390000000000043,,
2019-07-21,Terra,33.09220000000004,32.870000000000005,,22.730000000000018
2019-07-23,Terra,30.34652173913046,29.170000000000016,,22.650000000000034
2019-07-26,Terra,27.956388888888924,28.170000000000016,,
2019-07-27,Terra,,30.690000000000055,21.62708333333337,22.970000000000027
2019-07-28,Terra,32.32770000000003,31.170000000000016,20.817500000000045,20.750000000000057
2019-07-29,Terra,26.130000000000052,27.710000000000036,,
2019-07-30,Terra,32.827391304347856,31.410000000000025,22.78630000000001,23.250000000000057
2019-08-01,Terra,31.707454545454564,31.49000000000001,,23.390000000000043
2019-08-02,Terra,28.660000000000036,28.910000000000025,18.948400000000046,18.950000000000045
2019-08-03,Terra,30.497300000000045,32.09000000000003,20.05000000000001,20.05000000000001
2019-08-04,Terra,32.05000000000001,31.390000000000043,19.12357142857147,18.27000000000004
2019-08-05,Terra,28.126800000000046,31.150000000000034,,19.970000000000027
2019-08-06,Terra,31.226521739130483,32.27000000000004,22.390842105263197,22.370000000000005
2019-08-08,Terra,32.030000000000044,33.27000000000004,,
2019-08-09,Terra,25.965100000000028,25.590000000000032,,
2019-08-10,Terra,31.726900000000025,33.01000000000005,,
2019-08-12,Terra,30.009800000000027,32.13000000000005,,
2019-08-13,Terra,,,18.83000000000004,18.690000000000055
2019-08-14,Terra,25.66330000000005,27.170000000000016,,22.910000000000025
2019-08-15,Terra,32.69440000000003,34.410000000000025,23.226527777777818,22.07000000000005
2019-08-17,Terra,33.36950000000003,33.55000000000001,,20.370000000000005
2019-08-18,Terra,29.636600000000026,30.07000000000005,16.930000000000007,16.930000000000007
2019-08-19,Terra,29.840000000000032,30.210000000000036,13.550000000000011,17.850000000000023
2019-08-20,Terra,28.377200000000027,32.51000000000005,22.29000000000002,22.05000000000001
2019-08-21,Terra,28.87800000000002,28.850000000000023,,
2019-08-22,Terra,32.32670000000001,31.670000000000016,19.930000000000007,19.930000000000007
2019-08-25,Terra,24.505700000000044,26.950000000000045,,
2019-08-26,Terra,,,19.875000000000036,20.55000000000001
2019-08-27,Terra,30.589900000000025,31.55000000000001,,21.77000000000004
2019-08-28,Terra,,,22.10915789473686,22.390000000000043
2019-08-29,Terra,34.00310000000003,35.170000000000016,,17.250000000000057
2019-08-30,Terra,28.55500000000003,30.450000000000045,,20.430000000000007
2019-08-31,Terra,32.49220000000002,32.85000000000002,,
2019-09-02,Terra,33.416200000000025,34.39000000000004,22.773589743589767,22.49000000000001
2019-09-03,Terra,29.919300000000028,29.910000000000025,21.794102564102587,21.750000000000057
2019-09-04,Terra,32.403043478260905,33.39000000000004,20.119700000000037,20.190000000000055
2019-09-06,Terra,29.687400000000025,31.930000000000007,20.096000000000032,19.83000000000004
2019-09-09,Terra,33.87600000000003,33.63000000000005,23.690000000000055,23.83000000000004
2019-09-10,Terra,31.079000000000036,31.410000000000025,,
2019-09-11,Terra,34.70290000000003,36.43000000000001,23.630000000000052,21.730000000000018
2019-09-14,Terra,29.150000000000034,29.390000000000043,,22.250000000000057
2019-09-15,Terra,28.690000000000055,28.690000000000055,22.587948717948752,22.470000000000027
2019-09-16,Terra,36.222700000000046,36.03000000000003,22.57416666666669,22.33000000000004
2019-09-18,Terra,34.89000000000004,34.190000000000055,21.207263157894772,22.970000000000027
2019-09-19,Terra,26.870000000000005,26.870000000000005,,19.07000000000005
2019-09-20,Terra,33.583800000000025,34.39000000000004,23.728100000000037,23.010000000000048
2019-09-21,Terra,32.400700000000036,32.57000000000005,,22.750000000000057
2019-09-23,Terra,34.97760000000003,36.49000000000001,22.750000000000057,22.07000000000005
2019-09-24,Terra,,,19.840700000000044,22.29000000000002
2019-09-25,Terra,34.9102,35.83000000000004,24.810000000000002,24.190000000000055
2019-09-26,Terra,27.22850000000002,28.590000000000032,,
2019-09-27,Terra,33.410000000000025,35.650000000000034,,
2019-10-02,Terra,39.06578947368425,38.07000000000005,24.04052631578951,23.230000000000018
2019-10-04,Terra,37.31480000000002,39.79000000000002,24.035128205128213,23.590000000000032
2019-10-05,Terra,33.19480000000001,35.690000000000055,,
2019-10-06,Terra,34.141800000000025,36.01000000000005,,20.410000000000025
2019-10-08,Terra,33.00589743589748,31.49000000000001,,23.190000000000055
2019-10-09,Terra,38.869789473684264,37.870000000000005,,
2019-10-10,Terra,,,20.220000000000027,21.470000000000027
2019-10-11,Terra,38.212000000000025,41.49000000000001,23.61666666666668,23.07000000000005
2019-10-13,Terra,33.25700000000003,37.63000000000005,,25.090000000000032
2019-10-14,Terra,34.950000000000045,33.690000000000055,,
2019-10-15,Terra,33.446805555555585,34.39000000000004,,22.910000000000025
2019-10-16,Terra,34.96140000000001,36.43000000000001,,
2019-10-17,Terra,,,23.83170000000003,23.810000000000002
2019-10-18,Terra,39.877692307692314,39.210000000000036,24.621578947368462,24.130000000000052
2019-10-20,Terra,34.71220000000003,36.31,,23.090000000000032
2019-10-21,Terra,32.637200000000036,33.650000000000034,22.061200000000042,22.710000000000036
2019-10-22,Terra,31.892400000000027,34.150000000000034,,25.410000000000025
2019-10-23,Terra,37.55570000000003,38.190000000000055,,
2019-10-24,Terra,33.53000000000003,34.610000000000014,22.741794871794923,22.350000000000023
2019-10-25,Terra,,37.51000000000005,25.23410256410258,25.130000000000052
2019-10-27,Terra,36.60690000000003,38.83000000000004,24.48515789473686,23.890000000000043
2019-10-28,Terra,32.23000000000002,32.55000000000001,,
2019-10-29,Terra,36.10890000000004,38.710000000000036,24.938900000000046,24.53000000000003
2019-10-30,Terra,33.53000000000003,33.53000000000003,22.720256410256443,22.950000000000045
2019-10-31,Terra,31.18360000000005,31.430000000000007,24.45570000000004,24.79000000000002
2019-11-01,Terra,35.11363636363639,38.370000000000005,,
2019-11-03,Terra,,,24.124000000000034,22.950000000000045
2019-11-05,Terra,37.49000000000001,39.51000000000005,24.600300000000026,24.650000000000034
2019-11-06,Terra,32.58551515151519,34.370000000000005,,
2019-11-07,Terra,36.21640000000002,38.710000000000036,,
2019-11-08,Terra,35.67000000000004,35.610000000000014,18.590000000000032,17.870000000000005
2019-11-10,Terra,37.03000000000003,38.05000000000001,,
2019-11-14,Terra,38.16710000000003,39.39000000000004,,
2019-11-15,Terra,31.950000000000045,31.950000000000045,21.150000000000034,19.410000000000025
2019-11-16,Terra,32.877757575757606,33.450000000000045,24.991700000000048,25.130000000000052
2019-11-17,Terra,38.53610526315794,39.01000000000005,24.66000000000001,24.690000000000055
2019-11-18,Terra,,36.05000000000001,19.110000000000014,19.910000000000025
2019-11-19,Terra,37.382300000000036,37.97000000000003,,
2019-11-21,Terra,33.690000000000055,38.05000000000001,23.952638888888895,25.150000000000034
2019-11-22,Terra,,30.210000000000036,20.698800000000034,21.630000000000052
2019-11-23,Terra,31.33000000000004,35.650000000000034,,21.07000000000005
2019-11-26,Terra,35.607100000000045,38.31,23.84610000000002,23.950000000000045
2019-11-28,Terra,37.26610000000004,39.59000000000003,,25.370000000000005
2019-11-29,Terra,27.850000000000023,30.27000000000004,,
2019-12-05,Terra,39.060000000000045,39.13000000000005,,
2019-12-07,Terra,38.98000000000003,39.190000000000055,,
2019-12-08,Terra,34.91190000000004,36.09000000000003,,
2019-12-10,Terra,35.143043478260914,34.55000000000001,,
2019-12-12,Terra,31.510000000000048,36.950000000000045,,
2019-12-14,Terra,35.12270000000003,37.55000000000001,,
2019-12-21,Terra,37.14636363636366,38.63000000000005,,
2019-12-28,Terra,39.410000000000025,37.51000000000005,,
2019-12-30,Terra,35.934000000000026,35.83000000000004,,
2020-01-17,Terra,,36.81,25.447684210526358,25.230000000000018
2020-01-18,Terra,31.77181818181822,34.89000000000004,,
2020-01-19,Terra,,29.07000000000005,25.032000000000036,24.53000000000003
2020-01-20,Terra,36.560300000000026,36.190000000000055,,23.99000000000001
2020-01-22,Terra,38.53600000000003,38.31,24.03000000000003,25.670000000000016
2020-01-24,Terra,37.59000000000003,36.43000000000001,27.29000000000002,27.05000000000001
2020-01-26,Terra,,35.97000000000003,23.270800000000058,25.55000000000001
2020-02-03,Terra,32.483263157894754,33.89000000000004,,
2020-02-23,Terra,36.09410000000003,35.75000000000006,,
2020-03-10,Terra,32.57000000000005,32.89000000000004,,
2020-03-17,Terra,35.17147368421057,36.950000000000045,,24.750000000000057
2020-03-19,Terra,37.92915151515157,37.13000000000005,,
2020-03-21,Terra,,,23.55000000000001,24.250000000000057
2020-03-24,Terra,31.83000000000004,35.59000000000003,,25.090000000000032
2020-03-25,Terra,,30.99000000000001,25.282400000000038,24.690000000000055
2020-03-26,Terra,36.71590000000005,37.710000000000036,,
2020-03-30,Terra,34.066805555555575,35.690000000000055,25.77000000000004,25.950000000000045
2020-04-02,Terra,36.55990000000004,36.950000000000045,,
2020-04-04,Terra,35.98250000000003,36.13000000000005,,
2020-04-09,Terra,32.00565217391306,35.89000000000004,24.90480000000003,24.510000000000048
2020-04-13,Terra,34.70520000000004,36.03000000000003,25.073600000000027,24.870000000000005
2020-04-20,Terra,34.85460000000005,34.89000000000004,,25.890000000000043
2020-04-21,Terra,23.690000000000055,23.690000000000055,,
2020-04-22,Terra,36.02440000000003,36.77000000000004,,25.470000000000027
2020-04-23,Terra,32.69400000000002,31.810000000000002,25.919400000000035,25.710000000000036
2020-04-24,Terra,33.07600000000001,33.910000000000025,,
2020-04-26,Terra,30.53440000000003,30.53000000000003,,24.210000000000036
2020-04-27,Terra,33.19870000000002,35.53000000000003,25.55000000000001,25.190000000000055
2020-04-29,Terra,34.68260000000002,35.97000000000003,25.27021052631582,24.910000000000025
2020-05-01,Terra,33.02500000000002,34.370000000000005,,
2020-05-03,Terra,30.055333333333344,30.730000000000018,,
2020-05-04,Terra,32.15800000000003,32.690000000000055,24.497000000000035,23.930000000000007
2020-05-06,Terra,35.41000000000004,36.47000000000003,,25.390000000000043
2020-05-08,Terra,32.810000000000024,34.13000000000005,,
2020-05-11,Terra,31.970000000000027,31.510000000000048,,
2020-05-12,Terra,,,19.810000000000002,20.29000000000002
2020-05-13,Terra,33.893700000000045,34.23000000000002,,
2020-05-15,Terra,28.230000000000018,30.05000000000001,,
2020-05-23,Terra,25.430000000000007,25.430000000000007,,
2020-05-26,Terra,31.382800000000046,33.31,,
2020-05-31,Terra,32.105100000000036,32.47000000000003,,
2020-06-02,Terra,30.470000000000038,31.750000000000057,,
2020-06-03,Terra,32.08230000000003,33.75000000000006,,
2020-06-04,Terra,,,25.1361538461539,24.690000000000055
2020-06-07,Terra,29.073700000000024,29.710000000000036,,
2020-06-08,Terra,28.19260000000003,27.79000000000002,,
2020-06-09,Terra,30.386400000000027,30.650000000000034,23.091263157894762,23.010000000000048
2020-06-10,Terra,31.55880000000004,32.03000000000003,,
2020-06-11,Terra,31.469100000000026,32.73000000000002,23.326400000000024,23.310000000000002
2020-06-12,Terra,33.872700000000016,34.77000000000004,22.94230000000002,22.77000000000004
2020-06-16,Terra,31.69218181818186,31.970000000000027,23.304900000000043,22.850000000000023
2020-06-17,Terra,,,18.605500000000028,19.53000000000003
2020-06-18,Terra,27.580000000000023,27.510000000000048,25.059743589743636,24.970000000000027
2020-06-19,Terra,28.850000000000023,31.150000000000034,,
2020-06-20,Terra,27.591100000000047,29.03000000000003,,
2020-06-23,Terra,31.75870000000004,32.370000000000005,,
2020-06-25,Terra,28.27110000000003,28.370000000000005,21.844900000000024,20.79000000000002
2020-06-26,Terra,26.91920000000003,27.83000000000004,23.130000000000052,22.970000000000027
2020-06-27,Terra,32.29000000000002,29.27000000000004,,19.850000000000023
2020-06-28,Terra,27.410000000000025,23.370000000000005,23.31970000000004,22.870000000000005
2020-06-30,Terra,32.381900000000016,31.910000000000025,23.410000000000025,21.970000000000027
2020-07-02,Terra,,32.01000000000005,24.11310000000002,23.610000000000014
2020-07-03,Terra,29.332400000000018,29.170000000000016,,
2020-07-04,Terra,30.05530000000002,32.51000000000005,24.870000000000005,24.590000000000032
2020-07-05,Terra,29.112500000000022,28.33000000000004,,
2020-07-07,Terra,31.651200000000028,32.55000000000001,23.038205128205156,22.650000000000034
2020-07-08,Terra,,,17.430000000000007,18.130000000000052
2020-07-10,Terra,25.957151515151555,24.730000000000018,,
2020-07-11,Terra,29.405000000000044,30.010000000000048,,
2020-07-12,Terra,29.03780000000002,30.29000000000002,,
2020-07-13,Terra,,28.230000000000018,24.441794871794915,24.07000000000005
2020-07-16,Terra,32.50860000000003,32.51000000000005,,23.910000000000025
2020-07-18,Terra,31.957300000000007,32.01000000000005,,22.810000000000002
2020-07-20,Terra,28.85327272727277,28.250000000000057,,21.910000000000025
2020-07-22,Terra,,28.950000000000045,24.010000000000048,23.750000000000057
2020-07-23,Terra,32.76530000000003,31.670000000000016,,
2020-07-25,Terra,31.341900000000017,31.99000000000001,23.29208333333336,22.470000000000027
2020-07-26,Terra,26.694300000000023,27.910000000000025,,
2020-07-27,Terra,32.24600000000002,31.49000000000001,21.310000000000002,20.650000000000034
2020-07-28,Terra,30.593300000000013,29.690000000000055,21.373578947368447,21.610000000000014
2020-07-29,Terra,31.94780000000003,32.870000000000005,,
2020-08-01,Terra,32.489100000000036,32.13000000000005,22.247361111111125,21.430000000000007
2020-08-03,Terra,30.395694444444473,32.05000000000001,,
2020-08-06,Terra,30.342900000000018,31.33000000000004,23.05000000000001,21.99000000000001
2020-08-07,Terra,,,21.898100000000035,21.470000000000027
2020-08-08,Terra,30.473611111111158,29.190000000000055,,
2020-08-10,Terra,34.86250000000002,35.03000000000003,,
2020-08-11,Terra,23.276526315789486,23.930000000000007,,
2020-08-12,Terra,30.650000000000034,30.83000000000004,23.99000000000001,23.590000000000032
2020-08-15,Terra,32.82950000000002,32.33000000000004,,23.410000000000025
2020-08-17,Terra,32.77580000000001,34.51000000000005,20.86166666666667,22.05000000000001
2020-08-21,Terra,33.000000000000036,32.89000000000004,24.474842105263182,24.250000000000057
2020-08-22,Terra,31.706300000000038,31.850000000000023,22.870000000000005,23.07000000000005
2020-08-23,Terra,30.730000000000018,30.610000000000014,,
2020-08-24,Terra,33.26330000000004,34.59000000000003,21.71310000000001,22.670000000000016
2020-08-26,Terra,34.31060000000002,35.410000000000025,24.09400000000003,22.810000000000002
2020-08-28,Terra,30.29000000000002,33.03000000000003,,
2020-08-29,Terra,32.123300000000015,33.39000000000004,,
2020-08-30,Terra,30.425000000000033,30.350000000000023,23.27000000000004,23.77000000000004
2020-08-31,Terra,31.30428571428575,32.13000000000005,,
2020-09-04,Terra,33.37470000000003,34.650000000000034,24.470000000000027,24.390000000000043
2020-09-05,Terra,31.20480000000004,31.110000000000014,,21.83000000000004
2020-09-06,Terra,32.311400000000035,33.690000000000055,24.140714285714328,24.130000000000052
2020-09-08,Terra,29.150000000000034,29.57000000000005,21.316100000000038,20.430000000000007
2020-09-09,Terra,34.83463157894741,34.47000000000003,23.421700000000047,22.430000000000007
2020-09-11,Terra,36.78130000000003,36.190000000000055,24.670000000000016,24.410000000000025
2020-09-12,Terra,30.244800000000016,30.750000000000057,,
2020-09-13,Terra,32.97610000000003,34.97000000000003,,
2020-09-14,Terra,34.21850000000001,33.670000000000016,,22.410000000000025
2020-09-15,Terra,33.51830000000003,34.73000000000002,,22.83000000000004
2020-09-18,Terra,39.177179487179515,37.63000000000005,,
2020-09-20,Terra,36.23434782608701,36.450000000000045,24.792666666666673,24.33000000000004
2020-09-25,Terra,,,22.992500000000017,23.630000000000052
2020-09-27,Terra,33.98700000000004,36.870000000000005,,
2020-09-28,Terra,28.370000000000005,28.370000000000005,,
2020-09-29,Terra,34.33000000000004,34.690000000000055,24.55125000000002,23.090000000000032
2020-10-01,Terra,31.00684848484852,32.07000000000005,,
2020-10-03,Terra,,,22.430000000000007,23.53000000000003
2020-10-06,Terra,,32.63000000000005,19.45440000000004,18.190000000000055
2020-10-07,Terra,23.430000000000007,23.430000000000007,,
2020-10-11,Terra,,35.650000000000034,23.392736842105283,23.03000000000003
2020-10-13,Terra,37.7734782608696,35.09000000000003,,
2020-10-16,Terra,32.59280000000003,35.75000000000006,,
2020-10-20,Terra,,,24.45950000000003,24.010000000000048
2020-10-22,Terra,32.610000000000014,34.47000000000003,24.870000000000005,24.49000000000001
2020-10-23,Terra,26.230000000000018,26.230000000000018,,
2020-10-29,Terra,33.47000000000003,35.43000000000001,,23.57000000000005
2020-11-05,Terra,40.684358974359,37.47000000000003,,24.970000000000027
2020-11-07,Terra,34.25000000000006,34.47000000000003,23.810700000000047,24.410000000000025
2020-11-08,Terra,32.847500000000046,35.09000000000003,,22.890000000000043
2020-11-12,Terra,37.84630000000002,37.77000000000004,,
2020-11-14,Terra,34.769272727272785,38.57000000000005,25.035400000000042,25.150000000000034
2020-11-16,Terra,37.52820000000001,38.13000000000005,25.64027777777779,24.010000000000048
2020-11-17,Terra,33.769100000000016,36.25000000000006,,
2020-11-21,Terra,36.672500000000014,37.73000000000002,,
2020-12-23,Terra,,,24.025972222222244,23.110000000000014
2020-12-25,Terra,34.58054545454549,38.870000000000005,,
2021-02-02,Terra,32.02600000000001,32.49000000000001,,
2021-02-07,Terra,32.79000000000002,33.950000000000045,,
2021-03-01,Terra,33.27770000000002,34.89000000000004,,
2021-03-02,Terra,,,23.390000000000043,23.390000000000043
2021-03-15,Terra,29.53000000000003,34.950000000000045,,23.010000000000048
2021-03-16,Terra,31.626300000000036,31.810000000000002,,
2021-03-19,Terra,29.730000000000018,29.730000000000018,,
2021-03-20,Terra,28.97800000000002,31.590000000000032,,
2021-03-29,Terra,,,25.49000000000001,25.03000000000003
2021-03-31,Terra,33.39200000000003,31.750000000000057,,
2021-04-03,Terra,29.930000000000007,31.53000000000003,,
2021-04-10,Terra,34.710000000000036,34.710000000000036,,
2021-04-11,Terra,,33.910000000000025,25.310000000000002,24.79000000000002
2021-04-12,Terra,32.26010000000004,30.870000000000005,25.150000000000034,25.010000000000048
2021-04-13,Terra,30.750000000000057,27.230000000000018,24.130000000000052,23.690000000000055
2021-04-14,Terra,36.151200000000046,36.77000000000004,25.14589743589747,24.99000000000001
2021-04-16,Terra,38.174210526315804,36.77000000000004,25.282421052631623,24.950000000000045
2021-04-17,Terra,29.54760000000002,31.190000000000055,,
2021-04-18,Terra,31.56670000000003,32.89000000000004,,
2021-04-19,Terra,32.57500000000002,32.83000000000004,24.602307692307726,24.210000000000036
2021-04-20,Terra,,36.110000000000014,24.72589743589746,24.370000000000005
2021-04-21,Terra,34.41330000000003,36.31,22.610000000000014,23.07000000000005
2021-04-22,Terra,,,23.929100000000016,23.850000000000023
2021-04-23,Terra,34.77520000000003,37.49000000000001,25.016153846153895,24.79000000000002
2021-04-24,Terra,29.986400000000014,32.49000000000001,,
2021-04-25,Terra,35.49170000000004,36.210000000000036,22.281794871794908,23.750000000000057
2021-04-26,Terra,32.022400000000026,33.670000000000016,21.495600000000028,22.810000000000002
2021-04-27,Terra,30.186000000000032,31.370000000000005,25.475200000000022,25.210000000000036
2021-04-28,Terra,33.744000000000014,35.27000000000004,,
2021-04-29,Terra,28.386521739130462,27.99000000000001,,23.370000000000005
2021-04-30,Terra,34.906800000000025,34.99000000000001,24.558500000000045,24.07000000000005
2021-05-02,Terra,34.11000000000004,35.47000000000003,24.97042105263161,24.850000000000023
2021-05-03,Terra,29.94030000000002,32.99000000000001,,
2021-05-04,Terra,32.691684210526354,30.870000000000005,,
2021-05-07,Terra,35.47310000000001,35.01000000000005,,
2021-05-09,Terra,,,25.463684210526356,24.950000000000045
2021-05-10,Terra,22.79000000000002,25.350000000000023,,
2021-05-11,Terra,32.506400000000035,33.39000000000004,25.319900000000036,24.810000000000002
2021-05-12,Terra,30.962100000000017,32.57000000000005,23.93042105263161,23.83000000000004
2021-05-13,Terra,30.072300000000038,31.810000000000002,,
2021-05-14,Terra,28.952181818181842,32.79000000000002,24.362000000000023,24.450000000000045
2021-05-15,Terra,28.960947368421063,29.590000000000032,22.84750000000002,22.950000000000045
2021-05-16,Terra,33.324900000000014,33.670000000000016,25.510000000000048,25.310000000000002
2021-05-18,Terra,,,24.375894736842145,24.53000000000003
2021-05-20,Terra,30.450000000000045,30.450000000000045,,
2021-05-21,Terra,31.49000000000001,33.29000000000002,,23.910000000000025
2021-05-22,Terra,28.946500000000018,29.03000000000003,,22.170000000000016
2021-05-23,Terra,33.32140000000004,34.05000000000001,24.5144210526316,24.07000000000005
2021-05-25,Terra,35.34710000000005,35.57000000000005,23.890000000000043,22.110000000000014
2021-05-27,Terra,31.14300000000003,33.55000000000001,,25.130000000000052
2021-05-28,Terra,26.450000000000045,26.670000000000016,,22.350000000000023
2021-05-29,Terra,,30.630000000000052,25.063333333333365,24.57000000000005
2021-05-30,Terra,33.69252631578949,33.370000000000005,,
2021-06-01,Terra,,,24.25400000000005,24.470000000000027
2021-06-03,Terra,33.866842105263174,33.83000000000004,24.251400000000043,24.05000000000001
2021-06-05,Terra,32.55100000000001,33.29000000000002,23.43947368421054,24.310000000000002
2021-06-06,Terra,33.85570000000005,34.610000000000014,23.60250000000003,23.99000000000001
2021-06-07,Terra,,27.910000000000025,23.885897435897476,23.77000000000004
2021-06-08,Terra,30.622500000000016,30.610000000000014,24.390000000000043,23.670000000000016
2021-06-10,Terra,33.81050000000002,34.05000000000001,24.620769230769262,24.27000000000004
2021-06-12,Terra,31.3864102564103,30.83000000000004,25.07000000000005,24.670000000000016
2021-06-13,Terra,31.083900000000035,32.690000000000055,,22.03000000000003
2021-06-14,Terra,,,24.110000000000014,24.110000000000014
2021-06-15,Terra,29.311700000000034,30.750000000000057,24.30597222222225,23.690000000000055
2021-06-19,Terra,33.75530000000004,32.35000000000002,23.278421052631614,23.49000000000001
2021-06-20,Terra,28.109700000000032,30.49000000000001,,
2021-06-26,Terra,30.706000000000056,31.03000000000003,24.53000000000003,24.05000000000001
2021-06-28,Terra,28.121527777777782,29.710000000000036,24.023684210526337,23.79000000000002
2021-06-29,Terra,29.37360000000004,28.57000000000005,22.630000000000052,22.350000000000023
2021-06-30,Terra,31.580434782608734,30.57000000000005,,24.010000000000048
2021-07-01,Terra,31.80920000000002,31.090000000000032,22.28360000000003,23.250000000000057
2021-07-03,Terra,32.372400000000034,32.49000000000001,,
2021-07-05,Terra,32.399300000000025,32.610000000000014,19.783846153846167,21.77000000000004
2021-07-06,Terra,29.47970000000002,30.750000000000057,22.134102564102612,22.49000000000001
2021-07-12,Terra,31.573100000000043,31.510000000000048,25.015400000000042,24.630000000000052
2021-07-13,Terra,29.53000000000003,27.910000000000025,,
2021-07-14,Terra,32.130900000000025,30.410000000000025,23.355200000000043,21.690000000000055
2021-07-15,Terra,25.066000000000038,25.870000000000005,,
2021-07-16,Terra,27.58680000000004,26.230000000000018,,19.630000000000052
2021-07-17,Terra,27.910000000000025,31.430000000000007,,
2021-07-19,Terra,33.60390000000002,32.07000000000005,,23.310000000000002
2021-07-21,Terra,33.22910000000004,32.89000000000004,,
2021-07-22,Terra,29.33000000000004,32.150000000000034,,19.710000000000036
2021-07-23,Terra,30.79380000000003,31.110000000000014,23.53940000000002,23.150000000000034
2021-07-24,Terra,32.21350000000004,31.55000000000001,23.04450000000005,22.710000000000036
2021-07-25,Terra,32.23974358974365,32.09000000000003,22.90880000000003,22.450000000000045
2021-07-26,Terra,30.727200000000014,33.110000000000014,23.57410256410261,23.370000000000005
2021-07-27,Terra,,,20.850000000000023,20.850000000000023
2021-07-28,Terra,32.370000000000005,33.47000000000003,23.79021052631583,22.950000000000045
2021-07-30,Terra,29.750000000000057,29.57000000000005,24.470700000000026,24.230000000000018
2021-07-31,Terra,28.699800000000025,29.83000000000004,,
2021-08-03,Terra,,,18.190000000000055,18.190000000000055
2021-08-04,Terra,,,24.073500000000028,23.810000000000002
2021-08-08,Terra,28.831300000000034,28.230000000000018,,24.430000000000007
2021-08-09,Terra,29.267500000000037,29.190000000000055,24.150000000000034,23.970000000000027
2021-08-10,Terra,28.307400000000026,28.650000000000034,23.99358974358979,23.77000000000004
2021-08-13,Terra,28.07000000000005,29.810000000000002,,
2021-08-14,Terra,24.74700000000004,23.750000000000057,,
2021-08-15,Terra,31.59040000000002,32.57000000000005,24.750000000000057,23.590000000000032
2021-08-16,Terra,31.127900000000018,30.850000000000023,,
2021-08-18,Terra,31.890700000000027,32.110000000000014,,
2021-08-20,Terra,32.99000000000001,32.370000000000005,24.228750000000016,23.430000000000007
2021-08-22,Terra,27.980694444444467,29.090000000000032,22.696526315789505,22.590000000000032
2021-08-24,Terra,31.895000000000017,30.750000000000057,24.032201834862416,23.670000000000016
2021-08-26,Terra,,,23.28660000000002,23.110000000000014
2021-08-29,Terra,33.497600000000034,33.49000000000001,,22.590000000000032
2021-08-31,Terra,35.352300000000014,33.870000000000005,24.040256410256443,24.010000000000048
2021-09-01,Terra,32.981200000000015,32.13000000000005,,
2021-09-02,Terra,28.130000000000052,29.610000000000014,,
2021-09-07,Terra,32.48240000000002,34.170000000000016,,
2021-09-08,Terra,30.592200000000048,31.250000000000057,,
2021-09-14,Terra,34.814615384615436,33.55000000000001,,
2021-09-17,Terra,26.710000000000036,28.870000000000005,,
2021-09-18,Terra,,29.850000000000023,24.055641025641073,24.07000000000005
2021-09-19,Terra,33.25990000000004,33.710000000000036,24.36600000000002,24.05000000000001
2021-09-23,Terra,32.28777777777779,35.73000000000002,,
2021-09-24,Terra,31.05000000000001,31.05000000000001,,
2021-09-25,Terra,33.90094736842108,33.110000000000014,,
2021-09-26,Terra,,,22.265384615384654,22.310000000000002
2021-09-28,Terra,33.71610000000003,35.73000000000002,,16.850000000000023
2021-09-29,Terra,,,23.13080000000005,23.430000000000007
2021-09-30,Terra,35.572000000000024,37.03000000000003,,24.310000000000002
2021-10-02,Terra,35.97000000000003,35.49000000000001,,
2021-10-07,Terra,34.02175757575761,33.99000000000001,,22.430000000000007
2021-10-09,Terra,34.21050000000004,36.170000000000016,19.210000000000036,23.310000000000002
2021-10-10,Terra,28.078727272727296,29.99000000000001,,
2021-10-16,Terra,36.624500000000026,35.170000000000016,,
2021-10-18,Terra,38.69510000000003,38.81,,
2021-10-21,Terra,,,22.520666666666713,21.950000000000045
2021-10-23,Terra,34.27840000000003,37.110000000000014,,23.27000000000004
2021-11-07,Terra,31.150000000000034,31.150000000000034,,23.55000000000001
2021-11-24,Terra,32.633636363636406,32.79000000000002,,
2021-12-07,Terra,,,23.59923076923082,23.53000000000003
2021-12-08,Terra,32.995052631578986,34.210000000000036,,
2021-12-10,Terra,33.59700000000004,36.77000000000004,,
2021-12-15,Terra,25.010000000000048,25.010000000000048,,
2022-01-06,Terra,,34.75000000000006,23.23555555555557,23.130000000000052
2022-01-23,Terra,29.190000000000055,31.130000000000052,22.690000000000055,23.450000000000045
2022-01-24,Terra,,,25.14480000000001,25.090000000000032
2022-02-02,Terra,29.12500000000002,34.73000000000002,,
2022-02-07,Terra,32.408000000000044,33.59000000000003,,
2022-02-08,Terra,31.610000000000014,33.63000000000005,,
2022-03-02,Terra,32.85610000000002,35.23000000000002,,
2022-03-11,Terra,32.60000000000005,34.97000000000003,,
2022-03-12,Terra,30.968571428571472,31.090000000000032,,
2022-03-15,Terra,30.470000000000027,30.470000000000027,,
2022-03-25,Terra,34.5441052631579,32.110000000000014,24.699333333333385,24.49000000000001
2022-04-03,Terra,30.674347826086994,35.110000000000014,24.119052631578963,23.33000000000004
2022-04-04,Terra,28.16818181818185,30.810000000000002,,
2022-04-05,Terra,29.670000000000016,33.51000000000005,,23.190000000000055
2022-04-07,Terra,,,22.77000000000004,22.750000000000057
2022-04-08,Terra,31.84510000000004,34.33000000000004,21.86157894736843,21.110000000000014
2022-04-10,Terra,28.910000000000025,33.77000000000004,,
2022-04-11,Terra,27.795217391304394,27.170000000000016,,
2022-04-14,Terra,29.88826086956526,29.450000000000045,,
2022-04-15,Terra,34.15860000000002,34.57000000000005,,
2022-04-24,Terra,33.95714285714289,34.610000000000014,25.42360000000001,25.27000000000004
2022-04-26,Terra,,,24.831333333333372,24.650000000000034
2022-04-30,Terra,,,25.010000000000048,24.870000000000005
2022-05-01,Terra,32.34830000000001,34.450000000000045,,
2022-05-03,Terra,,,23.890000000000043,23.53000000000003
2022-05-05,Terra,,,24.916736842105266,24.83000000000004
2022-05-06,Terra,25.390000000000043,25.390000000000043,15.590000000000032,15.590000000000032
2022-05-07,Terra,30.83000000000004,31.710000000000036,,24.690000000000055
2022-05-08,Terra,32.190000000000055,31.110000000000014,,
2022-05-12,Terra,,,24.2913888888889,24.33000000000004
2022-05-14,Terra,,,25.590000000000032,25.210000000000036
2022-05-15,Terra,30.982500000000034,31.930000000000007,24.103300000000043,24.250000000000057
2022-05-21,Terra,32.233300000000035,33.63000000000005,25.40860000000004,25.33000000000004
2022-05-22,Terra,31.016200000000033,32.63000000000005,,
2022-05-23,Terra,33.35450000000003,34.670000000000016,24.227700000000027,23.53000000000003
2022-05-24,Terra,32.33580000000003,33.89000000000004,,
2022-05-28,Terra,31.33230000000003,32.85000000000002,24.68458333333337,23.57000000000005
2022-05-30,Terra,31.626521739130457,34.13000000000005,25.206000000000035,25.170000000000016
2022-06-02,Terra,28.6064848484849,31.07000000000005,,
2022-06-03,Terra,24.29780000000002,24.230000000000018,,22.370000000000005
2022-06-06,Terra,31.35030000000003,33.77000000000004,24.808000000000003,24.57000000000005
2022-06-07,Terra,29.350000000000023,29.110000000000014,,
2022-06-08,Terra,32.283500000000046,32.710000000000036,,
2022-06-11,Terra,32.61910000000002,34.03000000000003,,
2022-06-13,Terra,,,23.010000000000048,22.630000000000052
2022-06-14,Terra,24.710000000000036,24.710000000000036,,
2022-06-15,Terra,28.55000000000001,30.950000000000045,,
2022-06-18,Terra,27.691739130434794,29.250000000000057,,
2022-06-19,Terra,25.79000000000002,25.79000000000002,,
2022-06-22,Terra,30.21750000000003,32.57000000000005,24.514842105263195,24.29000000000002
2022-06-29,Terra,,,23.14390000000002,22.55000000000001
2022-07-04,Terra,,25.010000000000048,23.650300000000048,22.950000000000045
2022-07-06,Terra,,29.850000000000023,22.88290000000004,23.110000000000014
2022-07-08,Terra,32.115700000000025,33.650000000000034,,22.77000000000004
2022-07-09,Terra,27.126200000000036,27.27000000000004,,
2022-07-10,Terra,24.52500000000003,24.57000000000005,,
2022-07-15,Terra,27.50740000000004,29.430000000000007,22.616736842105293,22.53000000000003
2022-07-17,Terra,,26.670000000000016,23.16230000000003,23.05000000000001
2022-07-19,Terra,29.616900000000026,29.110000000000014,,
2022-07-20,Terra,31.410600000000038,32.53000000000003,22.722100000000015,22.57000000000005
2022-07-24,Terra,29.563913043478305,29.83000000000004,22.78747368421055,22.170000000000016
2022-07-27,Terra,25.810000000000002,29.710000000000036,22.750000000000057,22.970000000000027
2022-07-28,Terra,27.730000000000018,29.07000000000005,23.674000000000024,23.630000000000052
2022-07-29,Terra,31.431700000000042,31.150000000000034,,19.130000000000052
2022-08-02,Terra,,,23.086363636363664,22.930000000000007
2022-08-03,Terra,29.243846153846192,29.150000000000034,19.670000000000016,19.650000000000034
2022-08-04,Terra,31.33910000000003,30.55000000000001,24.829487179487202,24.410000000000025
2022-08-05,Terra,31.750000000000057,32.170000000000016,23.730000000000018,23.33000000000004
2022-08-07,Terra,28.73660000000004,28.870000000000005,20.39430000000003,22.170000000000016
2022-08-12,Terra,27.371818181818234,28.05000000000001,,22.99000000000001
2022-08-15,Terra,,,23.24384615384621,22.810000000000002
2022-08-16,Terra,32.76580000000004,34.85000000000002,24.406410256410297,24.250000000000057
2022-08-18,Terra,,,23.79000000000002,23.170000000000016
2022-08-19,Terra,30.870000000000005,29.77000000000004,,
2022-08-20,Terra,30.930000000000007,30.77000000000004,19.298000000000023,19.590000000000032
2022-08-21,Terra,32.36840000000004,33.09000000000003,,19.010000000000048
2022-08-23,Terra,32.94380000000004,32.710000000000036,,15.690000000000055
2022-08-27,Terra,29.210000000000036,30.430000000000007,,22.910000000000025
2022-08-31,Terra,,,19.810000000000002,19.810000000000002
2022-09-01,Terra,30.39000000000004,31.630000000000052,24.157578947368453,23.910000000000025
2022-09-02,Terra,27.462300000000052,26.99000000000001,,
2022-09-03,Terra,31.79860000000002,33.01000000000005,,
2022-09-12,Terra,28.07070000000003,28.910000000000025,23.833789473684238,24.210000000000036
2022-09-13,Terra,32.340400000000024,31.79000000000002,,23.190000000000055
2022-09-18,Terra,26.828600000000044,27.250000000000057,,
2022-09-19,Terra,33.55350000000004,35.97000000000003,,
2022-09-22,Terra,28.250000000000057,31.29000000000002,,
2022-09-24,Terra,30.45909090909092,34.29000000000002,21.210000000000047,24.230000000000018
2022-09-26,Terra,33.7336,35.43000000000001,23.218717948717988,23.07000000000005
2022-09-27,Terra,27.383913043478273,24.850000000000023,,
2022-09-28,Terra,35.247818181818204,34.99000000000001,24.47205128205131,24.190000000000055
2022-11-01,Terra,32.098717948718,33.03000000000003,,
2022-12-05,Terra,26.430000000000007,26.430000000000007,,
2022-12-06,Terra,37.710000000000036,37.370000000000005,,
2022-12-08,Terra,34.96680000000005,35.43000000000001,24.305897435897453,24.730000000000018
2022-12-13,Terra,34.95071428571433,36.01000000000005,,
2022-12-17,Terra,,,23.670000000000016,24.77000000000004
2022-12-18,Terra,31.329393939393984,33.89000000000004,24.190000000000055,23.29000000000002
2022-12-20,Terra,34.783700000000046,36.450000000000045,24.779600000000013,24.090000000000032
2023-01-04,Terra,26.650000000000034,29.230000000000018,,
2023-01-08,Terra,31.155900000000027,34.170000000000016,,
2023-01-10,Terra,29.61608695652177,33.33000000000004,,
2023-01-18,Terra,,,24.64444444444446,23.310000000000002
2023-01-21,Terra,27.05000000000001,27.510000000000048,,
2023-02-08,Terra,32.72980000000002,34.43000000000001,,
2023-02-20,Terra,28.21782608695656,33.09000000000003,,
2023-03-03,Terra,,,17.05000000000001,17.05000000000001
2023-03-04,Terra,34.93000000000001,34.93000000000001,24.919230769230776,24.690000000000055
2023-03-09,Terra,32.16020000000003,34.75000000000006,24.158421052631624,23.670000000000016
2023-03-11,Terra,29.94636363636366,35.27000000000004,25.690000000000055,25.930000000000007
2023-03-12,Terra,28.279100000000028,31.750000000000057,24.595500000000026,24.810000000000002
2023-03-14,Terra,33.5214285714286,32.83000000000004,,
2023-03-16,Terra,33.95270000000002,35.27000000000004,,
2023-03-17,Terra,24.110000000000014,25.590000000000032,,
2023-03-18,Terra,34.34120000000002,35.210000000000036,,
2023-03-19,Terra,32.15714285714288,33.03000000000003,,
2023-03-23,Terra,,29.390000000000043,24.977692307692337,25.090000000000032
2023-03-28,Terra,32.902400000000036,33.99000000000001,,
2023-04-16,Terra,31.48870000000003,34.870000000000005,,24.970000000000027
2023-04-19,Terra,31.801600000000033,34.150000000000034,23.810000000000002,23.950000000000045
2023-04-21,Terra,30.936900000000026,33.75000000000006,,
2023-04-23,Terra,33.46820000000001,34.710000000000036,26.02282051282052,26.090000000000032
2023-04-24,Terra,32.06060000000003,34.07000000000005,,23.53000000000003
2023-04-26,Terra,33.14070000000004,33.650000000000034,,
2023-04-30,Terra,27.410000000000025,27.150000000000034,,
2023-05-03,Terra,26.33000000000004,31.33000000000004,25.07000000000005,25.090000000000032
2023-05-05,Terra,25.470000000000027,25.57000000000005,,
2023-05-07,Terra,25.99000000000001,25.99000000000001,,24.150000000000034
2023-05-08,Terra,27.33000000000004,28.970000000000027,,
2023-05-12,Terra,,29.410000000000025,22.83040000000003,23.250000000000057
2023-05-13,Terra,32.20100000000004,32.190000000000055,20.303100000000043,21.690000000000055
2023-05-14,Terra,25.350000000000023,25.350000000000023,23.07000000000005,22.750000000000057
2023-05-15,Terra,33.28010000000004,34.150000000000034,,23.410000000000025
2023-05-17,Terra,,29.410000000000025,23.4623076923077,23.310000000000002
2023-05-18,Terra,28.391000000000027,30.230000000000018,,
2023-05-20,Terra,32.03440000000003,33.33000000000004,,23.450000000000045
2023-05-21,Terra,,,19.44743589743591,19.010000000000048
2023-05-22,Terra,32.043400000000034,33.05000000000001,24.248666666666722,23.950000000000045
2023-05-23,Terra,29.09540000000003,28.690000000000055,22.532000000000036,22.750000000000057
2023-05-24,Terra,31.680000000000014,33.410000000000025,24.542484848484886,24.710000000000036
2023-05-25,Terra,29.92757575757578,31.210000000000036,22.30520000000002,22.870000000000005
2023-05-26,Terra,,,21.739600000000042,22.190000000000055
2023-05-27,Terra,31.882173913043516,30.77000000000004,23.88250000000002,23.430000000000007
2023-05-29,Terra,31.308900000000037,32.47000000000003,24.71063157894742,24.170000000000016
2023-05-30,Terra,31.480200000000014,32.99000000000001,,
2023-06-01,Terra,25.230000000000018,22.03000000000003,,
2023-06-03,Terra,27.914285714285747,28.110000000000014,,23.470000000000027
2023-06-04,Terra,26.03000000000003,25.750000000000057,,
2023-06-05,Terra,,27.29000000000002,22.511538461538493,22.410000000000025
2023-06-06,Terra,28.47790000000004,28.55000000000001,20.965384615384632,21.03000000000003
2023-06-08,Terra,31.256100000000032,31.130000000000052,24.2366666666667,24.410000000000025
2023-06-13,Terra,31.02330000000002,32.27000000000004,,
2023-06-15,Terra,29.130000000000052,33.09000000000003,,
2023-06-17,Terra,28.354121212121225,29.27000000000004,,24.130000000000052
2023-06-18,Terra,30.062200000000033,31.350000000000023,22.910842105263182,22.930000000000007
2023-06-19,Terra,30.08010000000003,29.99000000000001,,
2023-06-20,Terra,33.618842105263205,33.670000000000016,23.468666666666692,23.05000000000001
2023-06-22,Terra,30.16620000000003,29.870000000000005,24.003894736842145,23.710000000000036
2023-06-23,Terra,29.344400000000025,30.310000000000002,23.609800000000032,23.470000000000027
2023-06-24,Terra,29.249300000000048,28.53000000000003,23.65920000000003,23.130000000000052
2023-06-25,Terra,31.932857142857188,32.05000000000001,24.03000000000003,24.090000000000032
2023-06-27,Terra,29.674400000000034,32.39000000000004,23.033589743589758,23.33000000000004
2023-06-28,Terra,25.81070000000004,26.910000000000025,,
2023-06-29,Terra,,,23.308200000000017,23.730000000000018
2023-07-04,Terra,27.312200000000022,28.850000000000023,24.214400000000026,23.210000000000036
2023-07-09,Terra,29.610500000000044,29.05000000000001,,22.510000000000048
2023-07-10,Terra,27.43170000000003,28.710000000000036,20.410000000000025,20.410000000000025
2023-07-11,Terra,28.677000000000014,29.310000000000002,,
2023-07-12,Terra,29.824583333333347,30.010000000000048,,
2023-07-15,Terra,22.090000000000032,24.850000000000023,,
2023-07-16,Terra,29.687916666666695,31.05000000000001,23.35266666666669,23.130000000000052
2023-07-18,Terra,27.190000000000055,27.190000000000055,16.76846153846159,18.910000000000025
2023-07-19,Terra,31.280600000000035,31.27000000000004,23.045900000000035,22.650000000000034
2023-07-21,Terra,30.41320000000002,30.690000000000055,23.164600000000025,21.57000000000005
2023-07-22,Terra,27.147500000000043,28.49000000000001,21.59564102564104,21.470000000000027
2023-07-23,Terra,,28.29000000000002,23.20384615384619,23.250000000000057
2023-07-24,Terra,31.494900000000026,32.07000000000005,23.680947368421094,23.130000000000052
2023-07-25,Terra,26.25590000000004,26.210000000000036,19.774400000000025,19.99000000000001
2023-07-26,Terra,29.58781818181823,29.610000000000014,23.210000000000036,22.610000000000014
2023-07-28,Terra,31.26636363636368,29.610000000000014,23.150000000000034,21.390000000000043
2023-07-29,Terra,28.810000000000002,26.350000000000023,19.042300000000008,18.810000000000002
2023-07-30,Terra,25.975833333333373,26.630000000000052,23.262400000000053,22.930000000000007
2023-07-31,Terra,29.007222222222268,29.49000000000001,,
2023-08-02,Terra,26.370000000000005,27.05000000000001,,23.99000000000001
2023-08-03,Terra,24.930000000000007,26.010000000000048,23.150000000000034,22.810000000000002
2023-08-04,Terra,,,23.953333333333365,23.57000000000005
2023-08-06,Terra,26.370000000000005,26.670000000000016,,22.590000000000032
2023-08-07,Terra,31.70880000000002,32.55000000000001,23.360526315789496,23.370000000000005
2023-08-09,Terra,30.571500000000025,30.210000000000036,23.166400000000028,23.110000000000014
2023-08-10,Terra,30.019300000000037,30.53000000000003,22.306000000000036,22.510000000000048
2023-08-11,Terra,29.385400000000025,30.510000000000048,,
2023-08-12,Terra,30.494500000000023,32.49000000000001,23.42834862385324,23.610000000000014
2023-08-14,Terra,26.99000000000001,28.890000000000043,,23.77000000000004
2023-08-15,Terra,24.49000000000001,25.370000000000005,20.810000000000002,20.850000000000023
2023-08-17,Terra,,,21.031000000000038,21.810000000000002
2023-08-18,Terra,,,23.190000000000055,22.650000000000034
2023-08-19,Terra,,31.77000000000004,22.02494736842109,21.710000000000036
2023-08-20,Terra,24.49000000000001,23.730000000000018,,
2023-08-21,Terra,30.87170000000002,32.09000000000003,23.287900000000025,23.370000000000005
2023-08-22,Terra,29.68010000000003,31.03000000000003,,
2023-08-23,Terra,28.696700000000032,28.430000000000007,19.465800000000037,20.310000000000002
2023-08-24,Terra,32.924861111111134,30.370000000000005,22.129000000000012,21.430000000000007
2023-08-26,Terra,32.080200000000026,32.150000000000034,23.45610000000003,22.27000000000004
2023-08-27,Terra,27.457100000000032,28.190000000000055,19.870000000000005,20.05000000000001
2023-08-28,Terra,29.27000000000004,27.77000000000004,23.59968421052635,23.670000000000016
2023-08-29,Terra,31.681428571428597,31.250000000000057,23.46200000000001,23.07000000000005
2023-08-30,Terra,,24.450000000000045,21.670000000000016,21.950000000000045
2023-08-31,Terra,33.42010000000001,33.55000000000001,23.614600000000024,22.650000000000034
2023-09-01,Terra,27.41470000000002,28.79000000000002,,
2023-09-02,Terra,32.63557575757579,31.950000000000045,20.62285714285718,21.83000000000004
2023-09-03,Terra,29.519565217391342,31.390000000000043,22.437900000000035,22.250000000000057
2023-09-04,Terra,30.550000000000033,30.710000000000036,22.146200000000047,22.370000000000005
2023-09-05,Terra,30.44600000000004,30.670000000000016,23.854300000000013,22.99000000000001
2023-09-07,Terra,31.842200000000034,32.47000000000003,23.719684210526356,23.670000000000016
2023-09-08,Terra,,28.230000000000018,22.366900000000022,22.470000000000027
2023-09-09,Terra,33.865200000000044,32.27000000000004,23.947247706422047,23.370000000000005
2023-09-10,Terra,31.495416666666703,33.110000000000014,,
2023-09-12,Terra,32.784600000000026,33.83000000000004,,
2023-09-14,Terra,,,24.160100000000035,23.630000000000052
2023-09-15,Terra,29.43040000000003,28.83000000000004,,
2023-09-16,Terra,28.602800000000023,27.170000000000016,,
2023-09-17,Terra,33.16178947368425,33.57000000000005,,
2023-09-19,Terra,33.059900000000034,33.33000000000004,23.95421052631581,23.950000000000045
2023-09-20,Terra,28.930000000000007,30.130000000000052,22.850000000000023,22.810000000000002
2023-09-21,Terra,31.44650000000003,32.79000000000002,23.92840000000004,23.810000000000002
2023-09-23,Terra,,,20.143800000000034,21.29000000000002
2023-09-24,Terra,35.66157894736844,36.190000000000055,24.69652631578952,24.610000000000014
2023-09-25,Terra,27.810000000000002,28.910000000000025,,
2023-09-26,Terra,32.50913043478263,32.83000000000004,24.630000000000052,24.49000000000001
2023-09-27,Terra,28.710000000000036,32.07000000000005,,
2023-09-28,Terra,,28.590000000000032,23.57484210526318,23.810000000000002
2023-09-29,Terra,34.460600000000014,37.210000000000036,,24.910000000000025
2023-10-01,Terra,36.52690000000003,37.43000000000001,24.44663157894738,24.29000000000002
2023-10-02,Terra,26.77000000000004,29.79000000000002,,
2023-10-03,Terra,,36.410000000000025,23.361000000000054,23.27000000000004
2023-10-04,Terra,33.10380000000004,34.57000000000005,23.605800000000045,24.170000000000016
2023-10-05,Terra,,,24.002200000000045,23.910000000000025
2023-10-06,Terra,37.51420000000004,35.83000000000004,,25.710000000000036
2023-10-08,Terra,35.19310000000001,35.370000000000005,23.20700000000004,23.930000000000007
2023-10-09,Terra,29.85870000000005,28.79000000000002,24.28866666666669,24.450000000000045
2023-10-10,Terra,29.740000000000038,31.210000000000036,25.119894736842145,25.230000000000018
2023-10-11,Terra,32.83928571428573,36.410000000000025,25.268300000000036,25.470000000000027
2023-10-13,Terra,35.14913043478265,35.57000000000005,25.266700000000036,25.110000000000014
2023-10-14,Terra,33.44010000000003,34.39000000000004,,
2023-10-15,Terra,29.53000000000003,34.670000000000016,,21.110000000000014
2023-10-16,Terra,34.290200000000034,35.870000000000005,25.429487179487225,25.05000000000001
2023-10-17,Terra,,,22.090000000000032,22.090000000000032
2023-10-18,Terra,31.676086956521765,34.97000000000003,24.151333333333366,23.83000000000004
2023-10-19,Terra,29.951454545454588,31.870000000000005,,
2023-10-20,Terra,34.19990000000002,34.650000000000034,,
2023-10-21,Terra,35.882400000000025,36.89000000000004,24.930000000000007,24.810000000000002
2023-10-22,Terra,33.55000000000001,32.870000000000005,24.36300000000004,24.470000000000027
2023-10-23,Terra,34.79152777777783,36.77000000000004,26.730000000000018,26.170000000000016
2023-10-25,Terra,36.27500000000002,38.370000000000005,,25.510000000000048
2023-10-26,Terra,32.324500000000036,32.51000000000005,,23.410000000000025
2023-10-27,Terra,32.88330000000003,36.670000000000016,24.685400000000023,24.55000000000001
2023-10-28,Terra,36.24450000000005,35.650000000000034,25.14897435897441,25.07000000000005
2023-10-29,Terra,,,23.81700000000002,24.33000000000004
2023-10-30,Terra,37.55070000000003,37.97000000000003,,25.950000000000045
2023-10-31,Terra,28.683043478260913,31.53000000000003,,
2023-11-04,Terra,32.670900000000024,31.33000000000004,,25.49000000000001
2023-11-05,Terra,26.79000000000002,27.57000000000005,,
2023-11-06,Terra,35.574347826086985,35.85000000000002,24.068800000000035,23.890000000000043
2023-11-07,Terra,28.38490000000002,30.150000000000034,,
2023-11-08,Terra,27.99000000000001,32.650000000000034,25.470000000000027,25.49000000000001
2023-11-11,Terra,37.34936842105267,37.99000000000001,,
2023-11-13,Terra,,,24.27000000000004,23.690000000000055
2023-11-18,Terra,,32.33000000000004,24.499300000000048,24.590000000000032
2023-11-20,Terra,28.350000000000023,31.450000000000045,,17.49000000000001
2023-11-26,Terra,34.32726315789476,34.23000000000002,,
2023-12-06,Terra,26.48478260869567,28.230000000000018,,
2023-12-10,Terra,34.35400000000001,35.99000000000001,,
2023-12-11,Terra,31.33000000000004,31.33000000000004,,
2023-12-12,Terra,32.152608695652184,34.93000000000001,23.732666666666724,24.390000000000043
2023-12-13,Terra,29.30263157894739,33.29000000000002,,
2023-12-17,Terra,,33.910000000000025,22.624600000000022,21.590000000000032
2023-12-18,Terra,33.55340000000004,34.07000000000005,,21.470000000000027
2023-12-20,Terra,35.571333333333385,34.97000000000003,23.82280000000002,23.99000000000001
2023-12-22,Terra,31.970000000000027,33.57000000000005,24.686410256410273,24.610000000000014
2023-12-27,Terra,34.02000000000004,34.07000000000005,,
2023-12-29,Terra,33.62450000000002,31.850000000000023,,25.310000000000002
2024-01-10,Terra,,35.690000000000055,25.03000000000003,25.55000000000001
2024-01-13,Terra,32.78452631578952,34.410000000000025,,
2024-01-25,Terra,32.21968421052636,31.930000000000007,,
2024-02-01,Terra,31.42229357798167,35.950000000000045,,
2024-02-14,Terra,18.974631578947402,28.870000000000005,,
2024-02-15,Terra,,,24.390000000000043,24.390000000000043
2024-02-16,Terra,30.600400000000022,32.79000000000002,,26.010000000000048
2024-02-18,Terra,30.430000000000007,33.210000000000036,,
2024-03-16,Terra,26.490000000000048,26.370000000000005,26.14557894736846,25.55000000000001
2024-03-19,Terra,31.24527777777782,33.59000000000003,23.750000000000057,23.79000000000002
2024-03-20,Terra,,,24.96589743589746,25.190000000000055
2024-03-21,Terra,29.77000000000004,28.910000000000025,20.07000000000005,18.450000000000045
2024-03-28,Terra,26.870000000000005,25.33000000000004,,
2024-03-30,Terra,33.986700000000035,33.81,25.61480000000002,24.630000000000052
2024-03-31,Terra,31.33000000000004,28.810000000000002,,
2024-04-07,Terra,25.650000000000034,25.370000000000005,,
2024-04-11,Terra,28.38500000000003,31.99000000000001,,
2024-04-13,Terra,,26.370000000000005,24.2492,24.230000000000018
2024-04-14,Terra,32.71770000000005,32.09000000000003,25.575600000000023,24.670000000000016
2024-04-19,Terra,30.77694444444446,32.51000000000005,,
2024-04-28,Terra,31.421600000000016,30.910000000000025,,23.99000000000001
2024-05-03,Terra,31.188800000000036,31.450000000000045,24.6741666666667,22.410000000000025
2024-05-04,Terra,29.31710000000003,28.690000000000055,24.164800000000024,24.390000000000043
2024-05-05,Terra,,,21.580769230769256,23.650000000000034
2024-05-06,Terra,,,25.07564102564106,24.170000000000016
2024-05-08,Terra,33.62515789473688,32.27000000000004,23.56230769230774,23.250000000000057
2024-05-10,Terra,28.93150000000003,28.630000000000052,23.90200000000004,22.27000000000004
2024-05-11,Terra,28.832060606060658,31.370000000000005,,
2024-05-12,Terra,,,24.750000000000057,24.230000000000018
2024-05-13,Terra,33.30431578947369,32.190000000000055,,
2024-05-15,Terra,30.5127368421053,31.410000000000025,,25.730000000000018
2024-05-16,Terra,30.992500000000028,30.130000000000052,,
2024-05-17,Terra,26.823454545454567,25.49000000000001,22.439600000000024,18.250000000000057
2024-05-18,Terra,31.652200000000043,31.950000000000045,25.44389473684212,24.910000000000025
2024-05-20,Terra,25.075217391304367,28.57000000000005,23.89530000000004,23.910000000000025
2024-05-21,Terra,24.310000000000002,24.910000000000025,,
2024-05-23,Terra,,28.33000000000004,23.710000000000036,24.03000000000003
2024-05-25,Terra,,31.05000000000001,23.512300000000046,23.07000000000005
2024-05-27,Terra,,,23.951700000000013,23.690000000000055
2024-05-28,Terra,30.07000000000005,29.650000000000034,,23.750000000000057
2024-06-01,Terra,,30.53000000000003,24.856315789473697,24.510000000000048
2024-06-02,Terra,,28.610000000000014,22.210000000000036,22.150000000000034
2024-06-06,Terra,30.789000000000033,30.29000000000002,,
2024-06-09,Terra,,,22.5285263157895,22.230000000000018
2024-06-12,Terra,27.941000000000034,28.950000000000045,,
2024-06-13,Terra,,28.390000000000043,23.68128205128207,22.730000000000018
2024-06-14,Terra,28.28400000000004,29.29000000000002,21.457600000000042,21.890000000000043
2024-06-15,Terra,,23.33000000000004,21.890000000000043,21.690000000000055
2024-06-18,Terra,,,23.222777777777807,24.390000000000043
2024-06-19,Terra,28.53270000000001,27.970000000000027,20.04990000000004,19.890000000000043
2024-06-20,Terra,,,23.67550000000004,23.390000000000043
2024-06-21,Terra,29.54090909090911,30.49000000000001,24.57205128205133,24.27000000000004
2024-06-26,Terra,28.539600000000046,28.99000000000001,,
2024-06-28,Terra,29.476111111111138,30.53000000000003,23.292105263157918,23.370000000000005
2024-06-29,Terra,26.28818181818184,28.810000000000002,,20.190000000000055
2024-07-04,Terra,26.610000000000014,25.930000000000007,,
2024-07-05,Terra,,,24.022000000000013,22.79000000000002
2024-07-06,Terra,24.65560000000002,24.750000000000057,,
2024-07-07,Terra,,,23.679700000000032,23.49000000000001
2024-07-08,Terra,30.031200000000034,30.410000000000025,,20.410000000000025
2024-07-12,Terra,,,20.170000000000016,21.910000000000025
2024-07-13,Terra,29.215696969697024,29.03000000000003,23.346000000000007,22.670000000000016
2024-07-15,Terra,,,23.073789473684243,23.150000000000034
2024-07-16,Terra,29.23770000000004,29.27000000000004,23.388000000000034,23.190000000000055
2024-07-17,Terra,28.433600000000023,29.890000000000043,24.68340000000002,24.29000000000002
2024-07-18,Terra,31.53360000000005,32.03000000000003,,
2024-07-20,Terra,29.83420000000003,29.910000000000025,,23.49000000000001
2024-07-21,Terra,24.170000000000016,24.170000000000016,,
2024-07-23,Terra,29.135900000000035,29.590000000000032,22.89069444444448,22.810000000000002
2024-07-25,Terra,30.70540000000004,31.590000000000032,24.187333333333385,23.350000000000023
2024-07-28,Terra,27.226900000000033,27.690000000000055,,
2024-08-01,Terra,,27.310000000000002,24.628736842105308,24.610000000000014
2024-08-04,Terra,29.694347826086982,30.390000000000043,24.188532110091796,23.930000000000007
2024-08-05,Terra,,,21.27000000000004,21.370000000000005
2024-08-06,Terra,31.114700000000024,30.33000000000004,24.49909090909093,23.99000000000001
2024-08-09,Terra,,,23.03000000000003,22.390000000000043
2024-08-10,Terra,,,20.190000000000055,20.57000000000005
2024-08-11,Terra,31.129600000000046,32.23000000000002,23.24794871794876,22.910000000000025
2024-08-12,Terra,26.150000000000034,26.150000000000034,,
2024-08-13,Terra,28.776800000000033,28.510000000000048,24.195263157894765,23.99000000000001
2024-08-14,Terra,30.483500000000042,29.970000000000027,20.272600000000022,20.150000000000034
2024-08-15,Terra,27.930000000000007,27.930000000000007,,
2024-08-18,Terra,31.419565217391348,31.450000000000045,24.338842105263183,24.170000000000016
2024-08-19,Terra,28.478400000000043,30.650000000000034,21.190000000000055,20.210000000000036
2024-08-20,Terra,28.554700000000036,28.350000000000023,,19.610000000000014
2024-08-21,Terra,32.190800000000046,31.99000000000001,24.060256410256425,23.850000000000023
2024-08-23,Terra,29.94987878787882,32.09000000000003,24.29930555555557,22.57000000000005
2024-08-26,Terra,31.49920000000004,31.450000000000045,22.364285714285735,22.53000000000003
2024-08-28,Terra,,33.05000000000001,21.817700000000045,21.650000000000034
2024-08-29,Terra,25.27000000000004,31.150000000000034,,20.130000000000052
2024-08-30,Terra,,28.29000000000002,20.813500000000037,23.190000000000055
2024-08-31,Terra,,27.29000000000002,23.250000000000057,22.07000000000005
2024-09-02,Terra,33.43140000000003,33.43000000000001,,23.57000000000005
2024-09-04,Terra,31.240400000000033,33.83000000000004,,21.27000000000004
2024-09-05,Terra,31.350000000000023,31.890000000000043,19.33000000000004,21.210000000000036
2024-09-07,Terra,27.670000000000016,28.350000000000023,,
2024-09-09,Terra,,29.99000000000001,23.983894736842142,23.890000000000043
2024-09-10,Terra,28.104800000000047,27.750000000000057,,23.390000000000043
2024-09-12,Terra,,28.99000000000001,23.74280000000003,24.210000000000036
2024-09-14,Terra,34.40300000000003,34.77000000000004,23.729157894736854,23.33000000000004
2024-09-17,Terra,31.218400000000024,31.190000000000055,,
2024-09-20,Terra,25.150000000000034,26.27000000000004,,
2024-09-24,Terra,31.7907142857143,34.51000000000005,23.872500000000045,23.99000000000001
2024-09-26,Terra,34.335100000000025,35.150000000000034,,
2024-09-27,Terra,,33.83000000000004,25.042800000000025,24.450000000000045
2024-09-29,Terra,35.043900000000036,34.57000000000005,24.850000000000023,24.450000000000045
2024-10-01,Terra,28.42500000000001,29.150000000000034,,22.610000000000014
2024-10-02,Terra,27.193515151515204,28.850000000000023,,
2024-10-04,Terra,34.87051282051284,34.710000000000036,25.4197435897436,25.410000000000025
2024-10-06,Terra,33.42090000000002,34.650000000000034,,23.27000000000004
2024-10-07,Terra,26.260833333333377,25.590000000000032,,
2024-10-08,Terra,31.0708695652174,33.710000000000036,24.319939393939425,24.150000000000034
2024-10-09,Terra,33.41930000000004,34.55000000000001,25.461282051282065,24.970000000000027
2024-10-11,Terra,34.91040000000004,35.25000000000006,,
2024-10-12,Terra,29.136545454545487,32.35000000000002,,
2024-10-13,Terra,34.78730000000002,33.110000000000014,25.29000000000002,23.29000000000002
2024-10-14,Terra,34.99615384615388,33.410000000000025,,
2024-10-16,Terra,,34.43000000000001,22.644800000000025,22.03000000000003
2024-10-18,Terra,35.735900000000036,36.57000000000005,24.904358974359017,24.610000000000014
2024-10-20,Terra,,27.510000000000048,20.89989473684214,20.79000000000002
2024-10-21,Terra,35.14410000000004,36.210000000000036,25.750421052631587,24.79000000000002
2024-10-23,Terra,33.511696969697,34.55000000000001,25.50000000000004,25.010000000000048
2024-10-24,Terra,27.390000000000043,27.750000000000057,,21.650000000000034
2024-10-26,Terra,30.470000000000027,33.39000000000004,,25.430000000000007
2024-10-28,Terra,35.71930000000003,37.77000000000004,26.532564102564148,26.53000000000003
2024-10-29,Terra,27.325000000000014,29.970000000000027,,
2024-11-02,Terra,31.090000000000032,34.03000000000003,,25.450000000000045
2024-11-03,Terra,29.814285714285734,34.09000000000003,,
2024-11-04,Terra,31.868472222222223,33.950000000000045,25.113000000000035,22.910000000000025
2024-11-05,Terra,32.50565217391308,32.43000000000001,25.431200000000043,25.150000000000034
2024-11-07,Terra,35.9812820512821,35.27000000000004,,
2024-11-09,Terra,36.27512820512825,32.53000000000003,,
2024-11-14,Terra,34.16975757575759,34.97000000000003,,
2024-11-15,Terra,29.842200000000023,31.670000000000016,,
2024-12-23,Terra,27.99000000000001,27.99000000000001,,
2024-12-31,Terra,28.890000000000043,31.230000000000018,,
2025-02-23,Terra,28.49347826086962,28.610000000000014,,
2025-02-28,Terra,31.170000000000016,32.13000000000005,26.12435897435899,25.890000000000043
2025-03-03,Terra,31.176700000000018,33.79000000000002,,
2025-03-12,Terra,30.34826086956526,30.450000000000045,,
2025-03-20,Terra,26.55430555555559,28.29000000000002,,
2025-03-28,Terra,31.459052631578974,31.110000000000014,,
2025-04-01,Terra,30.870000000000005,30.150000000000034,,
2025-04-02,Terra,,,17.590000000000032,23.750000000000057
2025-04-04,Terra,30.24280000000004,32.33000000000004,,23.310000000000002
2025-04-05,Terra,29.42380000000001,32.79000000000002,,
2025-04-06,Terra,32.638400000000026,32.870000000000005,,
2025-04-07,Terra,32.28540000000003,32.79000000000002,,
2025-04-12,Terra,26.789130434782642,27.950000000000045,,
2025-04-17,Terra,29.810000000000002,29.850000000000023,,
2025-04-21,Terra,,30.110000000000014,24.973157894736868,24.250000000000057
2025-04-22,Terra,,,22.250500000000052,21.650000000000034
2025-04-23,Terra,28.06000000000002,27.79000000000002,,21.83000000000004
2025-04-24,Terra,27.190000000000055,31.630000000000052,,
2025-04-26,Terra,31.932500000000033,33.33000000000004,,
2025-04-27,Terra,29.16320000000002,29.510000000000048,,
2025-04-29,Terra,,,23.210000000000036,23.250000000000057
2025-05-01,Terra,32.32300000000004,33.83000000000004,,
2025-05-02,Terra,29.795000000000037,31.850000000000023,,
2025-05-04,Terra,31.981000000000012,30.05000000000004,25.190000000000055,25.07000000000005
2025-05-11,Terra,29.80069444444447,29.930000000000007,,
2025-05-16,Terra,29.549583333333377,30.870000000000005,,
2025-06-04,Terra,,,22.610000000000014,22.53000000000003
2025-06-05,Terra,27.090000000000032,29.05000000000001,24.690000000000055,24.390000000000043
2025-06-06,Terra,24.090000000000032,24.77000000000004,,
2025-06-08,Terra,25.555400000000038,24.83000000000004,22.810000000000002,22.07000000000005
2025-06-09,Terra,,,18.870000000000005,17.590000000000032
2025-06-10,Terra,,28.110000000000014,21.930800000000026,23.610000000000014
2025-06-11,Terra,25.857700000000033,26.370000000000005,22.00860000000003,21.150000000000034
2025-06-12,Terra,30.674500000000034,30.27000000000004,,
2025-06-15,Terra,,,23.430000000000007,23.310000000000002
2025-06-16,Terra,23.331200000000024,24.730000000000018,,
2025-06-17,Terra,27.548400000000036,27.730000000000018,23.883700000000033,22.750000000000057
2025-06-18,Terra,28.06490909090914,27.590000000000032,,22.99000000000001
2025-06-22,Terra,26.030000000000026,26.710000000000036,24.466363636363674,23.310000000000002
2025-06-29,Terra,,,22.041300000000007,22.010000000000048
2025-06-30,Terra,28.047000000000025,29.07000000000005,24.356666666666708,23.690000000000055
2025-07-07,Terra,,,23.126000000000023,22.33000000000004
2025-07-08,Terra,,,23.682606060606105,22.510000000000048
2025-07-10,Terra,28.169900000000016,29.090000000000032,,
2025-07-13,Terra,25.386363636363644,25.670000000000016,,
2025-07-14,Terra,,,22.090000000000032,20.670000000000016
2025-07-17,Terra,28.565700000000042,29.170000000000016,23.30115789473688,23.310000000000002
2025-07-18,Terra,,,21.973589743589795,22.170000000000016
2025-07-19,Terra,,,23.2694871794872,22.890000000000043
2025-07-20,Terra,29.696600000000025,29.890000000000043,23.253789473684257,23.250000000000057
2025-07-22,Terra,,27.29000000000002,24.03000000000003,23.99000000000001
2025-07-24,Terra,23.850000000000023,27.710000000000036,21.930000000000007,19.890000000000043
2025-07-25,Terra,,,22.967500000000047,21.55000000000001
2025-07-27,Terra,,,24.11266666666668,23.510000000000048
2025-07-28,Terra,25.686500000000038,25.750000000000057,,
2025-08-01,Terra,,,24.496153846153856,23.910000000000025
2025-08-02,Terra,,,21.787900000000022,21.49000000000001
2025-08-04,Terra,29.396947368421078,29.99000000000001,23.284100000000016,22.79000000000002
2025-08-06,Terra,29.59010000000004,30.27000000000004,24.2377777777778,22.79000000000002
2025-08-07,Terra,26.81440000000001,27.510000000000048,18.03000000000003,18.03000000000003
2025-08-11,Terra,29.057142857142903,29.010000000000048,,24.53000000000003
2025-08-12,Terra,26.83780000000003,26.430000000000007,,
2025-08-13,Terra,,,23.290000000000013,20.870000000000005
2025-08-14,Terra,29.25880000000004,29.750000000000057,23.290700000000033,23.170000000000016
2025-08-16,Terra,28.435600000000004,26.890000000000043,22.616086956521787,22.79000000000002
2025-08-17,Terra,26.897030303030334,26.430000000000007,,
2025-08-21,Terra,29.593151515151565,30.230000000000018,,23.250000000000057
2025-08-22,Terra,,20.890000000000043,22.650000000000034,23.29000000000002
2025-08-23,Terra,30.850000000000023,29.27000000000004,25.587948717948752,25.29000000000002
2025-08-24,Terra,30.632181818181834,30.27000000000004,24.590000000000032,24.230000000000018
2025-08-26,Terra,,,22.603400000000033,22.650000000000034
2025-08-28,Terra,,,22.630000000000052,22.53000000000003
2025-08-29,Terra,24.55000000000001,22.730000000000018,,
2025-08-31,Terra,30.838900000000045,31.430000000000007,21.6955555555556,22.230000000000018
2025-09-01,Terra,26.48450000000002,28.310000000000002,,
2025-09-02,Terra,,26.99000000000001,24.26100000000003,23.83000000000004
2025-09-03,Terra,29.05000000000001,30.610000000000014,24.802300000000024,23.27000000000004
2025-09-04,Terra,,,22.33000000000004,22.05000000000001
2025-09-05,Terra,32.04070000000002,31.890000000000043,23.5941025641026,22.49000000000001
2025-09-12,Terra,,26.350000000000023,23.05920000000004,23.650000000000034
2025-09-13,Terra,29.12541284403673,30.430000000000007,23.222700000000035,23.150000000000034
2025-09-15,Terra,,,23.261789473684246,22.310000000000002
2025-09-17,Terra,,27.910000000000025,24.280000000000026,23.210000000000036
2025-09-19,Terra,,,18.510000000000048,18.510000000000048
2025-09-21,Terra,26.202900000000053,26.03000000000003,,
2025-09-22,Terra,32.46840000000002,30.590000000000032,23.206410256410297,23.03000000000003
2025-09-23,Terra,31.412000000000024,32.43000000000001,23.494102564102576,24.110000000000014
2025-09-25,Terra,28.010000000000048,30.150000000000034,24.424358974359,24.130000000000052
2025-10-02,Terra,28.96130434782613,30.690000000000055,25.512736842105287,25.510000000000048
2025-10-03,Terra,,33.950000000000045,19.930000000000007,20.77000000000004
2025-10-05,Terra,32.75902777777779,34.53000000000003,25.80733333333334,24.950000000000045
2025-10-07,Terra,33.563600000000044,34.650000000000034,25.139600000000012,24.890000000000043
2025-10-08,Terra,28.230917431192694,31.110000000000014,,
2025-10-10,Terra,30.487000000000034,30.250000000000057,,
2025-10-15,Terra,32.794000000000025,31.410000000000025,26.711025641025692,25.610000000000014
2025-10-17,Terra,31.066944444444463,34.47000000000003,25.419600000000038,25.49000000000001
2025-10-20,Terra,29.870000000000005,31.33000000000004,,
2025-10-30,Terra,30.53000000000003,32.53000000000003,,24.750000000000057
2025-11-01,Terra,24.610000000000014,25.810000000000002,,
2025-11-12,Terra,23.690000000000055,23.690000000000055,,
2025-12-04,Terra,33.188500000000026,33.33000000000004,,
2025-12-17,Terra,,,18.930000000000007,20.03000000000003
2026-01-06,Terra,28.27000000000004,27.79000000000002,,
2026-02-02,Terra,27.680000000000017,28.190000000000055,,
2026-02-04,Terra,28.370000000000005,29.57000000000005,,
2026-03-06,Terra,31.945500000000035,33.01000000000005,,
2026-03-14,Terra,26.472916666666695,28.250000000000057,,
2026-03-21,Terra,28.25055555555558,29.390000000000043,,
2026-03-29,Terra,30.4614285714286,30.750000000000057,,
2026-03-31,Terra,30.059700000000014,30.710000000000036,,
2026-04-01,Terra,28.248181818181827,29.870000000000005,22.345384615384624,22.130000000000052
2026-04-02,Terra,25.410000000000025,25.410000000000025,,
2026-04-03,Terra,27.409583333333373,28.590000000000032,,
2026-04-10,Terra,29.44360000000004,29.870000000000005,24.870000000000005,25.210000000000036
2026-04-11,Terra,,,25.444600000000026,25.05000000000001
2026-04-12,Terra,29.19020000000004,29.950000000000045,,23.650000000000034
2026-04-13,Terra,31.25320000000003,30.77000000000004,22.130000000000052,24.450000000000045
2026-04-15,Terra,,29.190000000000055,25.021368421052653,24.610000000000014
2026-04-16,Terra,29.811300000000006,30.430000000000007,25.78760000000003,25.670000000000016
2026-04-17,Terra,27.272545454545494,29.430000000000007,26.03000000000003,26.190000000000055
2026-04-18,Terra,29.31700000000004,30.230000000000018,23.468736842105276,23.230000000000018
2026-04-23,Terra,,,24.828666666666702,23.77000000000004
2026-04-25,Terra,29.208055555555603,30.07000000000005,26.750000000000057,26.230000000000018
2026-04-26,Terra,27.930000000000007,29.230000000000018,,
2026-05-02,Terra,,,23.410000000000025,22.970000000000027
2026-05-03,Terra,28.69820000000002,29.150000000000034,23.958717948717958,24.430000000000007
2026-05-04,Terra,25.79307692307694,27.210000000000036,,
2026-05-05,Terra,,30.110000000000014,25.93905263157899,25.910000000000025
2026-05-06,Terra,27.593700000000037,27.190000000000055,,24.850000000000023
2026-05-07,Terra,,,25.176000000000027,25.190000000000055
2026-05-08,Terra,29.302600000000044,29.250000000000057,25.583333333333382,25.750000000000057
2026-05-10,Terra,26.008472222222238,25.310000000000002,24.18538461538465,23.810000000000002
2026-05-11,Terra,28.42939393939398,29.07000000000005,24.5412820512821,24.07000000000005
2026-05-12,Terra,,,22.346100000000025,21.370000000000005
2026-05-13,Terra,,27.150000000000034,25.41231578947372,25.090000000000032
2026-05-15,Terra,,28.230000000000018,25.250000000000057,24.590000000000032
2026-05-20,Terra,26.689600000000034,28.690000000000055,24.732700000000026,24.510000000000048
2026-05-21,Terra,29.688666666666702,29.630000000000052,,
2026-05-23,Terra,26.507083333333348,27.510000000000048,25.466600000000014,25.410000000000025
2026-05-25,Terra,27.370000000000005,26.710000000000036,,
2026-05-26,Terra,24.590000000000042,26.110000000000014,24.750000000000057,23.930000000000007
2026-05-28,Terra,,29.470000000000027,23.490512820512844,23.710000000000036
2026-05-29,Terra,24.113800000000033,25.450000000000045,,
2026-05-30,Terra,28.069100000000013,28.950000000000045,24.170000000000016,23.690000000000055
2026-05-31,Terra,28.205900000000025,29.350000000000023,24.05090000000003,22.910000000000025
2026-06-01,Terra,27.190000000000055,27.190000000000055,,20.870000000000005
2026-06-02,Terra,,,23.607684210526358,22.970000000000027
2026-06-04,Terra,27.42428571428574,28.450000000000045,,23.810000000000002
2026-06-05,Terra,29.82580000000003,30.49000000000001,23.221600000000034,23.450000000000045
2026-06-07,Terra,29.027900000000024,29.390000000000043,,25.010000000000048
2026-06-08,Terra,25.470000000000027,26.890000000000043,23.925000000000008,23.590000000000032
2026-06-09,Terra,,27.150000000000034,25.301794871794876,24.79000000000002
2026-06-10,Terra,28.54220000000002,29.370000000000005,24.730000000000018,24.730000000000018
2026-06-14,Terra,,26.810000000000002,23.76641025641031,23.930000000000007
2026-06-15,Terra,28.84550000000003,29.190000000000055,24.450000000000045,24.07000000000005
2026-06-16,Terra,,25.970000000000027,23.89974358974361,23.910000000000025
2026-06-17,Terra,28.839000000000027,28.910000000000025,24.904800000000023,24.750000000000057
2026-06-18,Terra,24.98150000000003,24.850000000000023,,21.370000000000005
2026-06-20,Terra,,,20.99358974358979,23.430000000000007
2026-06-21,Terra,,,21.150000000000034,21.150000000000034
2026-06-22,Terra,,,24.304400000000008,24.07000000000005
2026-06-23,Terra,26.904800000000037,27.230000000000018,,
2026-06-24,Terra,,22.850000000000023,23.256428571428607,23.07000000000005
2026-06-25,Terra,29.288315789473717,28.150000000000034,,
2026-06-27,Terra,26.335000000000022,26.55000000000001,25.121789473684238,24.49000000000001
2026-06-28,Terra,23.37700000000002,23.630000000000052,23.725000000000048,22.890000000000043
2026-06-29,Terra,,,23.24888888888893,22.83000000000004
2026-06-30,Terra,,,22.888800000000035,23.350000000000023
2026-07-01,Terra,,,22.870000000000005,23.05000000000001
2026-07-02,Terra,28.66747368421058,27.510000000000048,23.931333333333342,23.670000000000016
2026-07-03,Terra,25.634500000000024,26.49000000000001,22.99000000000001,23.170000000000016
2026-07-04,Terra,,27.53000000000003,24.650000000000034,24.49000000000001
2026-07-05,Terra,28.198300000000017,28.210000000000036,24.561789473684247,24.370000000000005
2026-07-06,Terra,,,23.390000000000043,23.510000000000048
2026-07-07,Terra,27.77270000000001,27.190000000000055,24.7607368421053,24.430000000000007
2026-07-08,Terra,26.549700000000026,24.77000000000004,,22.310000000000002
2026-07-09,Terra,,28.83000000000004,23.575333333333383,20.430000000000007
2026-07-10,Terra,27.436086956521745,26.630000000000052,23.691333333333386,23.010000000000048
2026-07-11,Terra,,,23.05000000000001,23.110000000000014
2026-07-12,Terra,27.678600000000035,28.210000000000036,24.626410256410274,24.630000000000052
2026-07-13,Terra,26.907500000000024,27.350000000000023,23.492051282051293,23.210000000000036
2026-07-14,Terra,26.350000000000023,27.150000000000034,24.445578947368436,24.03000000000003
2026-07-15,Terra,28.490500000000015,28.470000000000027,24.470000000000027,24.210000000000036
2026-07-17,Terra,,,24.86282051282055,24.77000000000004
2026-07-18,Terra,26.511000000000042,26.03000000000003,,21.750000000000057
2026-07-19,Terra,,,23.24326315789475,23.190000000000055
2026-07-20,Terra,27.150700000000025,26.610000000000014,,
2026-07-24,Terra,24.971894736842135,25.49000000000001,22.950000000000045,23.29000000000002
2026-07-25,Terra,,,24.134000000000054,23.890000000000043
2026-07-27,Terra,25.075100000000027,24.690000000000055,19.94597222222224,21.870000000000005
2026-07-28,Terra,18.970000000000027,18.970000000000027,,
2026-07-30,Terra,,24.730000000000018,20.99000000000001,21.890000000000043
2026-08-01,Terra,,,24.81533333333337,24.05000000000001
2026-08-02,Terra,26.370700000000035,26.710000000000036,23.764000000000042,23.890000000000043
2026-08-03,Terra,,24.630000000000052,24.630000000000052,24.49000000000001
2026-08-04,Terra,25.44000000000002,24.170000000000016,24.53000000000003,24.430000000000007
2026-08-07,Terra,,25.750000000000057,23.290600000000026,23.090000000000032
2026-08-08,Terra,,,23.370000000000005,22.99000000000001
2026-08-09,Terra,,21.430000000000007,23.210000000000036,23.010000000000048
2026-08-11,Terra,,,23.391333333333375,23.010000000000048
2026-08-12,Terra,26.22710000000003,25.690000000000055,23.110000000000014,22.890000000000043
2026-08-13,Terra,,28.150000000000034,23.7741025641026,23.590000000000032
2026-08-14,Terra,,25.090000000000032,20.350000000000023,22.430000000000007
2026-08-16,Terra,27.845400000000026,28.83000000000004,24.49000000000001,24.27000000000004
2026-08-17,Terra,27.750000000000057,26.370000000000005,23.54915789473687,23.670000000000016
2026-08-19,Terra,29.875818181818186,29.170000000000016,23.20894736842107,22.810000000000002
2026-08-21,Terra,29.82560000000002,29.79000000000002,24.379684210526346,24.33000000000004
2026-08-22,Terra,27.029600000000052,28.390000000000043,,
2026-08-23,Terra,25.656545454545473,28.250000000000057,,
2026-08-24,Terra,27.572608695652193,29.090000000000032,,24.27000000000004
2026-08-26,Terra,26.42720000000003,26.53000000000003,,24.630000000000052
2026-08-27,Terra,23.853571428571474,25.230000000000018,23.868000000000034,23.690000000000055
2026-08-28,Terra,27.041700000000024,29.27000000000004,23.75170000000002,23.690000000000055
2026-08-29,Terra,29.230833333333383,30.07000000000005,24.79564102564103,24.390000000000043
2026-08-31,Terra,,,25.150512820512873,24.950000000000045
2026-09-01,Terra,27.350000000000023,26.99000000000001,23.494600000000013,22.450000000000045
2026-09-02,Terra,,24.310000000000002,21.386200000000013,21.610000000000014
2026-09-03,Terra,30.453478260869577,29.77000000000004,24.151333333333366,24.03000000000003
2026-09-05,Terra,28.81470000000004,28.99000000000001,22.790500000000016,23.77000000000004
2026-09-07,Terra,,,20.42200000000003,20.630000000000052
2026-09-10,Terra,26.210000000000036,26.410000000000025,,24.370000000000005
2019-01-08,Aqua,,37.89000000000004,22.960256410256452,23.090000000000032
2019-01-09,Aqua,,,23.40330000000002,22.430000000000007
2019-01-10,Aqua,,34.63000000000005,17.53000000000003,17.53000000000003
2019-02-06,Aqua,,,18.77000000000004,24.210000000000036
2019-02-14,Aqua,34.19000000000002,33.35000000000002,,
2019-02-16,Aqua,38.701000000000036,39.650000000000034,,
2019-02-22,Aqua,,,24.95650000000002,24.150000000000034
2019-02-23,Aqua,41.755300000000055,41.210000000000036,,
2019-02-24,Aqua,,,24.940100000000037,24.57000000000005
2019-02-25,Aqua,44.08770000000002,42.07000000000005,,
2019-03-01,Aqua,,,25.52600000000002,24.99000000000001
2019-03-11,Aqua,37.90370000000005,39.13000000000005,,
2019-03-19,Aqua,33.465600000000016,34.57000000000005,,
2019-03-20,Aqua,35.45496969696975,38.27000000000004,,
2019-03-22,Aqua,30.670000000000016,33.09000000000003,,
2019-03-27,Aqua,37.070700000000045,39.170000000000016,,
2019-03-31,Aqua,33.84500000000004,35.450000000000045,,24.57000000000005
2019-04-01,Aqua,30.750000000000057,30.750000000000057,,
2019-04-02,Aqua,,,22.27000000000004,24.57000000000005
2019-04-07,Aqua,36.90450000000002,39.370000000000005,,
2019-04-09,Aqua,27.548333333333364,27.010000000000048,,21.970000000000027
2019-04-14,Aqua,29.310000000000002,30.710000000000036,,
2019-04-16,Aqua,34.109878787878834,35.910000000000025,,
2019-04-17,Aqua,29.630000000000052,30.610000000000014,,
2019-04-18,Aqua,32.90520000000004,35.99000000000001,26.26120000000003,26.170000000000016
2019-04-19,Aqua,35.23320000000003,38.51000000000005,,
2019-04-21,Aqua,37.97210000000004,38.710000000000036,22.924400000000013,22.930000000000007
2019-04-22,Aqua,,,25.243200000000012,24.090000000000032
2019-04-23,Aqua,34.40440000000004,36.33000000000004,,23.890000000000043
2019-04-25,Aqua,31.55000000000001,31.55000000000001,24.736315789473693,24.49000000000001
2019-04-26,Aqua,,,21.05000000000001,22.010000000000048
2019-04-27,Aqua,,,24.710869565217447,24.630000000000052
2019-04-28,Aqua,32.950000000000045,35.85000000000002,,
2019-04-30,Aqua,34.73000000000002,35.670000000000016,22.042800000000042,22.170000000000016
2019-05-02,Aqua,31.730000000000018,34.170000000000016,22.724358974358996,22.250000000000057
2019-05-03,Aqua,34.05000000000001,37.690000000000055,22.790200000000027,23.110000000000014
2019-05-05,Aqua,29.77000000000004,32.190000000000055,,
2019-05-06,Aqua,28.25760000000005,30.870000000000005,24.603846153846167,24.310000000000002
2019-05-07,Aqua,28.090000000000032,33.99000000000001,,22.170000000000016
2019-05-10,Aqua,,28.470000000000027,23.253000000000032,23.350000000000023
2019-05-11,Aqua,31.798600000000036,34.93000000000001,,
2019-05-12,Aqua,35.286410256410264,32.49000000000001,23.293900000000036,23.350000000000023
2019-05-13,Aqua,33.10650000000004,32.73000000000002,24.08642105263162,23.850000000000023
2019-05-14,Aqua,37.59051282051287,36.89000000000004,,
2019-05-15,Aqua,,,22.012051282051328,22.03000000000003
2019-05-16,Aqua,,,19.950000000000045,19.610000000000014
2019-05-18,Aqua,,32.110000000000014,23.167600000000036,22.910000000000025
2019-05-19,Aqua,,33.93000000000001,22.562361111111155,22.810000000000002
2019-05-20,Aqua,28.23240000000003,31.07000000000005,22.68990000000003,24.110000000000014
2019-05-21,Aqua,35.11450000000003,35.210000000000036,,
2019-05-22,Aqua,27.297400000000014,27.690000000000055,24.168461538461575,23.910000000000025
2019-05-24,Aqua,,,22.31051282051284,22.210000000000036
2019-05-25,Aqua,37.298205128205176,34.13000000000005,19.390000000000043,20.27000000000004
2019-05-26,Aqua,,22.310000000000002,15.550000000000011,20.250000000000057
2019-05-27,Aqua,29.212638888888936,32.63000000000005,23.297300000000043,22.99000000000001
2019-05-28,Aqua,,,21.420100000000044,20.970000000000027
2019-05-29,Aqua,25.350000000000023,27.850000000000023,21.83630000000004,22.210000000000036
2019-05-30,Aqua,27.870000000000005,31.690000000000055,,
2019-05-31,Aqua,,,22.01630000000003,20.79000000000002
2019-06-01,Aqua,30.858256880733965,33.370000000000005,22.930000000000007,23.010000000000048
2019-06-05,Aqua,29.872083333333354,31.79000000000002,,
2019-06-06,Aqua,31.370000000000005,31.910000000000025,,
2019-06-07,Aqua,29.432800000000007,29.310000000000002,24.43340000000003,23.390000000000043
2019-06-08,Aqua,32.63590000000005,34.05000000000001,,
2019-06-09,Aqua,,,18.890512820512846,21.55000000000001
2019-06-10,Aqua,31.730000000000018,34.03000000000003,21.37130000000002,21.410000000000025
2019-06-14,Aqua,,,23.402300000000047,23.03000000000003
2019-06-15,Aqua,35.43336842105266,33.33000000000004,,
2019-06-16,Aqua,,,23.261794871794912,22.350000000000023
2019-06-17,Aqua,34.25700000000005,35.370000000000005,22.839600000000026,22.29000000000002
2019-06-18,Aqua,33.89000000000004,32.03000000000003,22.03690000000003,21.710000000000036
2019-06-19,Aqua,32.01086956521744,34.05000000000001,,
2019-06-20,Aqua,28.9779166666667,32.09000000000003,,21.53000000000003
2019-06-21,Aqua,31.038600000000024,32.01000000000005,22.11461538461542,21.410000000000025
2019-06-22,Aqua,28.810000000000002,33.57000000000005,,
2019-06-23,Aqua,28.650000000000034,27.230000000000018,23.018400000000028,21.730000000000018
2019-06-24,Aqua,34.60250000000003,36.63000000000005,22.414000000000033,22.53000000000003
2019-06-25,Aqua,,,23.701700000000045,23.410000000000025
2019-06-26,Aqua,34.32730000000003,34.03000000000003,,21.230000000000018
2019-06-27,Aqua,29.410000000000025,31.590000000000032,21.798800000000014,19.930000000000007
2019-06-28,Aqua,34.36494736842106,34.81,21.1024210526316,21.510000000000048
2019-06-29,Aqua,32.88150000000002,33.47000000000003,,
2019-06-30,Aqua,31.87520000000002,31.850000000000023,,19.710000000000036
2019-07-05,Aqua,32.272500000000036,33.55000000000001,23.377500000000033,22.450000000000045
2019-07-06,Aqua,32.32860000000002,32.89000000000004,20.66250000000002,20.670000000000016
2019-07-07,Aqua,33.43000000000001,33.55000000000001,22.920600000000025,22.350000000000023
2019-07-08,Aqua,36.68230769230771,35.09000000000003,,
2019-07-09,Aqua,31.40284210526318,31.07000000000005,,16.110000000000014
2019-07-10,Aqua,33.72940000000002,35.35000000000002,,21.77000000000004
2019-07-11,Aqua,,,18.400900000000036,19.930000000000007
2019-07-12,Aqua,,32.77000000000004,20.77030000000005,21.870000000000005
2019-07-13,Aqua,,,21.63530000000005,20.870000000000005
2019-07-14,Aqua,32.30160000000003,33.63000000000005,22.83000000000004,22.750000000000057
2019-07-15,Aqua,32.80740000000002,32.81,22.010000000000048,21.970000000000027
2019-07-16,Aqua,29.951200000000032,32.29000000000002,,19.630000000000052
2019-07-17,Aqua,32.42950000000002,34.110000000000014,,
2019-07-18,Aqua,,,21.99850000000005,21.910000000000025
2019-07-20,Aqua,,26.99000000000001,22.390000000000043,21.49000000000001
2019-07-21,Aqua,32.91430000000002,34.73000000000002,22.67280000000005,22.150000000000034
2019-07-22,Aqua,29.73770000000001,31.630000000000052,21.210000000000036,19.910000000000025
2019-07-23,Aqua,31.210600000000028,34.110000000000014,,
2019-07-24,Aqua,29.610000000000014,32.450000000000045,,
2019-07-25,Aqua,,23.57000000000005,22.11590000000001,20.670000000000016
2019-07-26,Aqua,35.52580000000004,36.25000000000006,19.81205128205129,19.57000000000005
2019-07-27,Aqua,,,21.967000000000017,21.930000000000007
2019-07-28,Aqua,35.25330000000004,35.370000000000005,,17.470000000000027
2019-07-29,Aqua,,31.49000000000001,20.161200000000026,17.870000000000005
2019-07-30,Aqua,33.03850000000001,34.670000000000016,23.036600000000032,22.910000000000025
2019-07-31,Aqua,32.636666666666706,33.99000000000001,22.14888888888891,21.910000000000025
2019-08-01,Aqua,31.611300000000046,33.150000000000034,23.025714285714315,22.79000000000002
2019-08-02,Aqua,38.49000000000001,36.83000000000004,,
2019-08-04,Aqua,,,19.784400000000026,19.77000000000004
2019-08-05,Aqua,25.890000000000043,31.33000000000004,,20.890000000000043
2019-08-06,Aqua,34.29650000000003,36.51000000000005,21.585368421052646,21.450000000000045
2019-08-07,Aqua,27.370000000000005,32.51000000000005,,18.79000000000002
2019-08-08,Aqua,25.510000000000048,30.33000000000004,21.310000000000002,20.730000000000018
2019-08-09,Aqua,29.150000000000034,32.13000000000005,,
2019-08-10,Aqua,32.44230769230769,29.890000000000043,,
2019-08-11,Aqua,33.740000000000045,36.410000000000025,20.483846153846162,20.57000000000005
2019-08-13,Aqua,31.77000000000004,29.690000000000055,21.43974358974362,21.110000000000014
2019-08-14,Aqua,34.70538461538463,33.57000000000005,20.29000000000002,21.350000000000023
2019-08-15,Aqua,33.28070000000004,35.110000000000014,,20.49000000000001
2019-08-16,Aqua,,32.39000000000004,20.987473684210535,19.29000000000002
2019-08-17,Aqua,30.79500000000002,31.430000000000007,,18.53000000000003
2019-08-18,Aqua,35.902700000000024,36.25000000000006,,
2019-08-19,Aqua,,,20.856666666666694,18.810000000000002
2019-08-20,Aqua,34.82210000000002,37.51000000000005,21.890000000000043,21.970000000000027
2019-08-21,Aqua,30.99000000000001,30.99000000000001,,
2019-08-22,Aqua,27.150000000000034,30.190000000000055,21.994102564102576,22.150000000000034
2019-08-25,Aqua,26.130000000000052,33.53000000000003,,
2019-08-26,Aqua,,,22.365100000000044,21.930000000000007
2019-08-27,Aqua,29.410000000000025,34.99000000000001,19.87250000000004,19.850000000000023
2019-08-29,Aqua,36.89040000000005,38.09000000000003,21.829100000000043,22.450000000000045
2019-08-30,Aqua,32.172200000000046,35.23000000000002,,18.350000000000023
2019-08-31,Aqua,32.080800000000025,34.610000000000014,20.910000000000025,18.83000000000004
2019-09-01,Aqua,,32.53000000000003,17.410000000000025,16.79000000000002
2019-09-02,Aqua,32.77500000000003,33.89000000000004,,15.330000000000041
2019-09-03,Aqua,36.72910000000001,38.870000000000005,,
2019-09-04,Aqua,,,22.144027777777783,20.630000000000052
2019-09-05,Aqua,35.071300000000015,37.03000000000003,,
2019-09-07,Aqua,31.030000000000005,35.950000000000045,22.817800000000034,22.83000000000004
2019-09-08,Aqua,,,22.466631578947396,22.05000000000001
2019-09-09,Aqua,34.96910000000002,36.210000000000036,23.622300000000028,22.77000000000004
2019-09-10,Aqua,35.41370000000004,38.210000000000036,,
2019-09-11,Aqua,31.19390000000001,34.13000000000005,22.94000000000004,22.03000000000003
2019-09-14,Aqua,31.810000000000002,31.410000000000025,20.35700000000003,19.33000000000004
2019-09-15,Aqua,34.410000000000025,33.950000000000045,21.78589743589746,21.690000000000055
2019-09-16,Aqua,35.40760000000002,35.51000000000005,18.838571428571473,19.710000000000036
2019-09-17,Aqua,,,21.630000000000052,21.150000000000034
2019-09-18,Aqua,29.290500000000034,31.230000000000018,19.99000000000001,19.310000000000002
2019-09-19,Aqua,37.404100000000035,37.59000000000003,,
2019-09-20,Aqua,,,21.764736842105297,22.510000000000048
2019-09-21,Aqua,36.19840000000003,37.79000000000002,21.88100000000004,21.630000000000052
2019-09-22,Aqua,,30.210000000000036,22.96830000000003,22.390000000000043
2019-09-23,Aqua,35.83380000000004,37.31,23.275600000000022,22.730000000000018
2019-09-24,Aqua,34.878000000000036,36.610000000000014,20.45740000000003,20.010000000000048
2019-09-25,Aqua,28.750000000000057,28.750000000000057,20.90710000000005,21.630000000000052
2019-09-26,Aqua,36.923000000000016,38.35000000000002,,
2019-09-28,Aqua,,34.910000000000025,22.430000000000007,22.33000000000004
2019-09-30,Aqua,37.72280000000002,39.53000000000003,,
2019-10-01,Aqua,,37.29000000000002,17.650000000000034,17.83000000000004
2019-10-02,Aqua,28.130000000000052,35.31,21.002800000000033,21.610000000000014
2019-10-03,Aqua,34.98420000000003,38.950000000000045,,
2019-10-04,Aqua,33.91250000000002,36.97000000000003,23.730000000000018,23.27000000000004
2019-10-05,Aqua,38.769900000000014,42.49000000000001,,
2019-10-07,Aqua,37.61750000000002,38.57000000000005,,
2019-10-08,Aqua,,33.51000000000005,23.248500000000046,23.27000000000004
2019-10-09,Aqua,38.60810000000004,40.09000000000003,,23.27000000000004
2019-10-10,Aqua,37.781800000000025,37.93000000000001,22.77000000000004,22.77000000000004
2019-10-11,Aqua,36.649800000000035,39.79000000000002,23.33000000000004,22.29000000000002
2019-10-12,Aqua,35.961500000000015,38.59000000000003,,
2019-10-13,Aqua,32.65910000000005,33.27000000000004,23.19980000000003,22.49000000000001
2019-10-14,Aqua,36.91570000000002,39.63000000000005,,
2019-10-15,Aqua,,,21.630000000000052,21.710000000000036
2019-10-16,Aqua,41.27000000000004,40.410000000000025,22.85250000000002,22.010000000000048
2019-10-17,Aqua,,,23.291428571428625,23.250000000000057
2019-10-18,Aqua,35.57720000000003,36.910000000000025,22.525789473684235,22.230000000000018
2019-10-19,Aqua,,37.170000000000016,20.090000000000032,19.650000000000034
2019-10-20,Aqua,32.29589473684214,33.27000000000004,24.222800000000035,24.33000000000004
2019-10-21,Aqua,41.29440000000002,42.13000000000005,,
2019-10-22,Aqua,,,24.876527777777802,24.510000000000048
2019-10-23,Aqua,37.83450000000003,41.93000000000001,,
2019-10-24,Aqua,37.50300000000002,36.89000000000004,23.90094736842108,23.850000000000023
2019-10-25,Aqua,,,24.001000000000044,23.950000000000045
2019-10-26,Aqua,37.33290000000002,39.75000000000006,,
2019-10-28,Aqua,43.02200000000004,42.97000000000003,,
2019-10-29,Aqua,29.650000000000034,36.450000000000045,24.29319444444446,23.970000000000027
2019-10-30,Aqua,42.67080000000004,41.99000000000001,21.742600000000017,20.07000000000005
2019-10-31,Aqua,,,24.414285714285757,24.49000000000001
2019-11-01,Aqua,37.59285714285716,39.57000000000005,,
2019-11-03,Aqua,,,22.469487179487203,23.250000000000057
2019-11-04,Aqua,38.66010526315793,38.81,,22.83000000000004
2019-11-05,Aqua,34.470300000000016,35.950000000000045,23.057700000000033,23.090000000000032
2019-11-06,Aqua,39.921200000000034,41.51000000000005,,
2019-11-08,Aqua,38.058300000000024,39.690000000000055,,23.150000000000034
2019-11-09,Aqua,,30.630000000000052,23.230000000000018,22.33000000000004
2019-11-10,Aqua,39.065600000000025,39.910000000000025,22.539900000000017,24.390000000000043
2019-11-12,Aqua,,37.870000000000005,23.81305555555559,23.230000000000018
2019-11-15,Aqua,42.948600000000035,42.07000000000005,20.830600000000036,21.310000000000002
2019-11-16,Aqua,,,24.838205128205168,24.610000000000014
2019-11-17,Aqua,42.05670000000001,41.57000000000005,24.31589473684213,24.49000000000001
2019-11-20,Aqua,37.170000000000016,39.13000000000005,23.69720000000004,23.850000000000023
2019-11-21,Aqua,,29.590000000000032,24.217179487179507,24.410000000000025
2019-11-22,Aqua,40.22730000000003,39.410000000000025,,
2019-11-23,Aqua,,,24.16073684210528,23.610000000000014
2019-11-24,Aqua,35.92714285714287,37.370000000000005,,
2019-11-26,Aqua,39.37770000000004,40.150000000000034,,
2019-11-28,Aqua,,38.73000000000002,25.299263157894778,24.930000000000007
2019-11-30,Aqua,29.05000000000001,28.970000000000027,,
2019-12-01,Aqua,38.93000000000001,42.23000000000002,,
2019-12-08,Aqua,41.50430000000003,42.93000000000001,,
2019-12-10,Aqua,40.910200000000025,40.99000000000001,,
2019-12-17,Aqua,37.82100000000004,38.55000000000001,,
2019-12-21,Aqua,31.99000000000001,36.77000000000004,26.073571428571448,26.010000000000048
2019-12-24,Aqua,40.39580000000005,42.410000000000025,,
2019-12-28,Aqua,34.63000000000005,32.07000000000005,,
2019-12-30,Aqua,30.083211009174367,38.55000000000001,,
2020-01-08,Aqua,,,22.44500000000002,23.010000000000048
2020-01-15,Aqua,31.281304347826104,35.110000000000014,,
2020-01-17,Aqua,,,25.39370000000002,24.510000000000048
2020-01-18,Aqua,43.80410000000004,41.690000000000055,,
2020-01-20,Aqua,36.276060606060646,39.76000000000002,,
2020-01-22,Aqua,,,23.404315789473724,24.33000000000004
2020-01-23,Aqua,37.05000000000001,39.09000000000003,,23.010000000000048
2020-01-24,Aqua,,,26.343846153846176,26.07000000000005
2020-01-25,Aqua,39.84130000000003,41.27000000000004,,
2020-01-26,Aqua,,,25.394600000000025,24.870000000000005
2020-02-03,Aqua,43.531600000000026,41.31,,
2020-02-12,Aqua,32.56000000000004,38.09000000000003,,
2020-02-23,Aqua,40.13000000000005,39.25000000000006,,
2020-03-15,Aqua,38.879500000000036,37.73000000000002,,
2020-03-17,Aqua,33.25000000000006,37.03000000000003,,24.890000000000043
2020-03-20,Aqua,34.31,36.410000000000025,,
2020-03-24,Aqua,35.29000000000002,37.690000000000055,24.713589743589765,24.230000000000018
2020-03-25,Aqua,,,25.301100000000044,24.670000000000016
2020-03-26,Aqua,35.66640000000003,37.110000000000014,,
2020-03-30,Aqua,,,24.86730000000004,24.470000000000027
2020-03-31,Aqua,37.38690000000004,39.31,,
2020-04-01,Aqua,,,24.481282051282097,24.370000000000005
2020-04-02,Aqua,32.33000000000004,36.07000000000005,,
2020-04-08,Aqua,,,23.391200000000037,22.970000000000027
2020-04-09,Aqua,37.17160000000003,40.170000000000016,,21.730000000000018
2020-04-13,Aqua,,30.230000000000018,24.450000000000045,24.010000000000048
2020-04-17,Aqua,,,24.83000000000004,24.130000000000052
2020-04-21,Aqua,36.11040000000003,37.39000000000004,,
2020-04-22,Aqua,,,26.885578947368433,26.590000000000032
2020-04-23,Aqua,40.18720000000003,40.210000000000036,,25.49000000000001
2020-04-26,Aqua,29.370000000000005,29.79000000000002,,
2020-04-27,Aqua,33.20560000000004,35.51000000000005,24.444358974358984,24.390000000000043
2020-05-02,Aqua,34.670000000000016,37.650000000000034,,
2020-05-04,Aqua,29.730000000000018,33.97000000000003,,
2020-05-05,Aqua,,34.77000000000004,25.26589743589747,25.170000000000016
2020-05-06,Aqua,33.46930000000004,36.27000000000004,24.951473684210555,24.190000000000055
2020-05-09,Aqua,28.710000000000036,30.870000000000005,,
2020-05-11,Aqua,37.29000000000002,36.33000000000004,,
2020-05-12,Aqua,,,20.23280000000005,18.630000000000052
2020-05-13,Aqua,29.19777777777781,32.870000000000005,23.91390000000002,23.610000000000014
2020-05-20,Aqua,27.823750000000015,30.930000000000007,,
2020-05-23,Aqua,29.210000000000036,30.950000000000045,,
2020-05-24,Aqua,,25.150000000000034,24.811818181818207,23.79000000000002
2020-05-25,Aqua,30.090000000000032,36.690000000000055,,
2020-05-31,Aqua,27.130000000000052,27.110000000000014,,
2020-06-01,Aqua,28.650000000000034,30.370000000000005,,
2020-06-04,Aqua,,,21.539743589743633,21.970000000000027
2020-06-06,Aqua,23.910000000000025,30.430000000000007,,20.49000000000001
2020-06-07,Aqua,,,25.03420000000001,23.890000000000043
2020-06-08,Aqua,33.97920000000003,34.190000000000055,,
2020-06-09,Aqua,29.189800000000012,30.57000000000005,23.4568055555556,22.630000000000052
2020-06-10,Aqua,36.85730000000003,36.410000000000025,,
2020-06-12,Aqua,36.96450000000004,36.410000000000025,,
2020-06-15,Aqua,31.15400000000002,33.190000000000055,,
2020-06-16,Aqua,27.606600000000036,28.450000000000045,22.84490000000003,22.630000000000052
2020-06-18,Aqua,,,23.99170000000003,23.210000000000036
2020-06-19,Aqua,32.91470000000004,34.31,,
2020-06-21,Aqua,,,23.403846153846178,23.170000000000016
2020-06-22,Aqua,26.470000000000027,26.470000000000027,19.631400000000017,19.170000000000016
2020-06-24,Aqua,27.390000000000043,31.710000000000036,,
2020-06-25,Aqua,,,22.584700000000023,23.450000000000045
2020-06-26,Aqua,34.58073684210531,32.23000000000002,22.052526315789482,22.03000000000003
2020-06-27,Aqua,,,23.214615384615435,23.170000000000016
2020-06-28,Aqua,32.13133333333335,33.47000000000003,,12.730000000000018
2020-06-29,Aqua,33.170000000000016,30.79000000000002,23.915200000000027,23.610000000000014
2020-06-30,Aqua,30.048060606060634,32.63000000000005,,21.29000000000002
2020-07-01,Aqua,,30.53000000000003,22.27320000000002,22.910000000000025
2020-07-02,Aqua,32.48830000000002,32.650000000000034,22.710000000000036,21.950000000000045
2020-07-03,Aqua,34.30690000000001,35.210000000000036,,
2020-07-04,Aqua,,,23.74080000000003,23.130000000000052
2020-07-07,Aqua,33.876400000000025,34.690000000000055,,20.610000000000014
2020-07-09,Aqua,,25.390000000000043,17.750000000000057,23.310000000000002
2020-07-10,Aqua,29.210000000000036,30.630000000000052,,
2020-07-12,Aqua,26.090000000000032,29.810000000000002,,
2020-07-14,Aqua,33.322100000000034,33.25000000000006,,
2020-07-15,Aqua,,,18.025500000000015,21.07000000000005
2020-07-16,Aqua,33.62430000000001,34.29000000000002,22.791400000000035,22.710000000000036
2020-07-17,Aqua,32.04410000000002,33.910000000000025,,21.970000000000027
2020-07-18,Aqua,,28.510000000000048,22.470000000000027,22.590000000000032
2020-07-21,Aqua,,29.77000000000004,21.211400000000044,22.03000000000003
2020-07-22,Aqua,28.617600000000028,31.170000000000016,21.076000000000047,22.29000000000002
2020-07-23,Aqua,33.820800000000034,34.09000000000003,23.870000000000005,23.110000000000014
2020-07-24,Aqua,33.01410256410261,32.650000000000034,,
2020-07-25,Aqua,33.05000000000001,31.910000000000025,,
2020-07-26,Aqua,34.30080000000003,35.650000000000034,,
2020-07-27,Aqua,29.71930000000003,30.950000000000045,,19.590000000000032
2020-07-28,Aqua,33.44750000000002,34.93000000000001,19.818200000000022,19.870000000000005
2020-07-29,Aqua,,,18.634166666666694,18.810000000000002
2020-07-30,Aqua,29.311805555555598,32.13000000000005,,
2020-08-01,Aqua,32.63610000000003,34.05000000000001,,15.130000000000052
2020-08-05,Aqua,,,20.130000000000052,19.610000000000014
2020-08-06,Aqua,34.73370000000004,35.57000000000005,,
2020-08-08,Aqua,29.090000000000032,31.33000000000004,23.482700000000023,22.310000000000002
2020-08-09,Aqua,31.610500000000023,32.650000000000034,,21.05000000000001
2020-08-10,Aqua,,29.33000000000004,19.210000000000036,21.690000000000055
2020-08-12,Aqua,28.05000000000001,27.03000000000003,,
2020-08-13,Aqua,29.79000000000002,36.43000000000001,,18.27000000000004
2020-08-14,Aqua,,,18.441400000000044,21.150000000000034
2020-08-15,Aqua,37.77850000000002,35.710000000000036,,
2020-09-04,Aqua,31.569800000000026,32.610000000000014,24.37250000000001,23.510000000000048
2020-09-05,Aqua,37.49370000000003,38.75000000000006,,
2020-09-06,Aqua,,,23.430800000000023,22.810000000000002
2020-09-07,Aqua,33.58480000000003,35.870000000000005,,
2020-09-08,Aqua,,,23.31750000000001,22.410000000000025
2020-09-09,Aqua,36.58500000000003,37.370000000000005,24.045900000000035,23.390000000000043
2020-09-10,Aqua,,34.650000000000034,23.511834862385335,22.190000000000055
2020-09-11,Aqua,35.076900000000016,35.13000000000005,19.963333333333377,20.910000000000025
2020-09-12,Aqua,38.62130000000004,39.650000000000034,,
2020-09-13,Aqua,31.94120000000003,35.450000000000045,,21.210000000000036
2020-09-14,Aqua,,35.450000000000045,21.533000000000044,22.190000000000055
2020-09-19,Aqua,31.99000000000001,38.53000000000003,,
2020-09-20,Aqua,29.12565217391305,26.710000000000036,24.13820512820518,23.930000000000007
2020-09-22,Aqua,,,22.902307692307733,22.05000000000001
2020-09-25,Aqua,37.09860000000001,38.33000000000004,23.750700000000037,23.410000000000025
2020-09-26,Aqua,29.03000000000003,29.03000000000003,16.367263157894754,16.650000000000034
2020-09-27,Aqua,31.469449541284458,36.370000000000005,,
2020-09-28,Aqua,37.28410000000003,39.55000000000001,,
2020-09-29,Aqua,,,23.073368421052674,22.630000000000052
2020-09-30,Aqua,40.16957894736845,37.710000000000036,,
2020-10-02,Aqua,,35.610000000000014,24.012200000000018,24.05000000000001
2020-10-03,Aqua,,,23.995000000000047,23.630000000000052
2020-10-06,Aqua,,,23.78272727272728,22.27000000000004
2020-10-11,Aqua,32.76913043478265,33.51000000000005,21.351263157894756,19.690000000000055
2020-10-12,Aqua,,35.89000000000004,22.510500000000047,19.850000000000023
2020-10-13,Aqua,31.930000000000007,32.910000000000025,,19.970000000000027
2020-10-16,Aqua,38.82130000000003,41.450000000000045,,
2020-10-23,Aqua,29.810000000000002,34.910000000000025,,
2020-10-24,Aqua,,,19.79958333333335,19.970000000000027
2020-10-25,Aqua,36.73190000000003,38.23000000000002,,
2020-10-29,Aqua,33.07130000000002,35.210000000000036,24.514900000000033,23.910000000000025
2020-11-01,Aqua,35.50040000000004,38.450000000000045,,
2020-11-03,Aqua,,,21.07708333333335,21.390000000000043
2020-11-05,Aqua,29.710000000000036,31.950000000000045,25.78578947368425,25.03000000000003
2020-11-06,Aqua,37.186100000000025,40.110000000000014,,
2020-11-07,Aqua,29.15285714285716,30.07000000000005,23.784358974359012,23.610000000000014
2020-11-08,Aqua,40.05020000000003,41.31,,
2020-11-10,Aqua,37.71785714285718,39.53000000000003,,
2020-11-16,Aqua,32.09000000000003,32.33000000000004,24.93540000000001,22.910000000000025
2020-11-17,Aqua,38.23480000000005,40.03000000000003,,
2020-11-21,Aqua,33.80304347826089,34.450000000000045,,
2020-11-26,Aqua,33.05000000000001,39.49000000000001,,
2020-12-10,Aqua,30.630000000000052,40.170000000000016,,
2020-12-23,Aqua,,,18.49000000000001,22.670000000000016
2021-01-13,Aqua,31.29000000000002,32.79000000000002,,
2021-02-16,Aqua,39.89000000000004,35.33000000000004,,
2021-02-21,Aqua,34.26903030303034,38.55000000000001,,
2021-03-01,Aqua,,,24.397000000000034,23.170000000000016
2021-03-17,Aqua,,,23.821200000000026,22.670000000000016
2021-03-18,Aqua,37.64610000000003,40.35000000000002,,
2021-03-27,Aqua,31.4352173913044,39.53000000000003,,
2021-04-03,Aqua,36.2621428571429,39.63000000000005,,
2021-04-09,Aqua,,,25.64510000000004,24.690000000000055
2021-04-10,Aqua,30.670000000000016,38.93000000000001,,
2021-04-11,Aqua,,,24.117400000000043,23.470000000000027
2021-04-12,Aqua,,34.610000000000014,21.485000000000046,22.430000000000007
2021-04-17,Aqua,37.359000000000016,36.410000000000025,,
2021-04-19,Aqua,33.73630000000001,36.73000000000002,24.016153846153895,23.970000000000027
2021-04-20,Aqua,36.32487179487183,34.25000000000006,23.89610526315791,23.510000000000048
2021-04-21,Aqua,37.27390000000005,38.07000000000005,22.79000000000002,23.130000000000052
2021-04-22,Aqua,34.433478260869585,35.53000000000003,22.370000000000005,22.83000000000004
2021-04-23,Aqua,35.064800000000034,35.950000000000045,23.88852631578949,23.83000000000004
2021-04-24,Aqua,34.85120000000001,38.870000000000005,,
2021-04-25,Aqua,,,23.645100000000014,22.970000000000027
2021-04-26,Aqua,39.776315789473685,38.150000000000034,23.150000000000034,21.250000000000057
2021-04-27,Aqua,,,24.40600000000003,23.730000000000018
2021-04-28,Aqua,35.76490000000003,36.85000000000002,,23.190000000000055
2021-04-29,Aqua,,28.55000000000001,23.722800000000017,23.390000000000043
2021-04-30,Aqua,30.110000000000014,33.150000000000034,24.243500000000036,23.590000000000032
2021-05-01,Aqua,29.170000000000016,37.07000000000005,,
2021-05-02,Aqua,,,24.621157894736875,23.410000000000025
2021-05-03,Aqua,34.56130000000003,37.170000000000016,,
2021-05-04,Aqua,,,22.170000000000016,21.750000000000057
2021-05-05,Aqua,35.56340000000003,37.07000000000005,,
2021-05-07,Aqua,34.29250000000004,38.49000000000001,,
2021-05-08,Aqua,,30.55000000000001,18.59990000000004,15.390000000000043
2021-05-09,Aqua,,,24.783473684210563,23.57000000000005
2021-05-10,Aqua,33.78730000000005,34.950000000000045,,
2021-05-11,Aqua,29.096300000000006,31.610000000000014,20.538000000000032,20.79000000000002
2021-05-12,Aqua,35.664800000000035,37.110000000000014,,19.910000000000025
2021-05-14,Aqua,,35.170000000000016,24.51860000000005,24.410000000000025
2021-05-15,Aqua,26.110000000000014,26.310000000000002,22.019700000000043,22.810000000000002
2021-05-16,Aqua,32.78580000000004,33.210000000000036,23.864358974358982,23.750000000000057
2021-05-18,Aqua,27.870000000000005,31.57000000000005,23.389157894736872,23.370000000000005
2021-05-21,Aqua,35.53330000000004,36.93000000000001,20.772526315789495,21.950000000000045
2021-05-22,Aqua,,,20.970000000000027,19.670000000000016
2021-05-23,Aqua,33.687300000000036,34.97000000000003,24.361700000000017,24.350000000000023
2021-05-24,Aqua,30.29000000000002,34.210000000000036,,
2021-05-25,Aqua,,35.29000000000002,25.03926315789478,24.150000000000034
2021-05-26,Aqua,31.430000000000007,36.09000000000003,,
2021-05-27,Aqua,,29.210000000000036,24.57760000000003,23.910000000000025
2021-05-28,Aqua,32.488200000000035,34.190000000000055,,
2021-05-29,Aqua,,,23.088526315789498,22.670000000000016
2021-05-30,Aqua,33.59520000000002,36.23000000000002,,
2021-05-31,Aqua,27.821636363636397,30.99000000000001,,
2021-06-01,Aqua,,23.710000000000036,22.750700000000027,22.07000000000005
2021-06-02,Aqua,32.53920000000004,35.51000000000005,23.124700000000036,23.29000000000002
2021-06-03,Aqua,,,24.03564102564104,23.05000000000001
2021-06-04,Aqua,34.242300000000036,34.79000000000002,,
2021-06-05,Aqua,,,25.065900000000045,24.630000000000052
2021-06-06,Aqua,36.13300000000003,38.01000000000005,21.62220000000005,21.870000000000005
2021-06-07,Aqua,,28.590000000000032,22.958717948717958,23.05000000000001
2021-06-08,Aqua,31.55000000000001,31.55000000000001,20.618300000000026,20.730000000000018
2021-06-09,Aqua,27.210000000000036,29.49000000000001,20.63110000000002,21.650000000000034
2021-06-10,Aqua,32.42750000000003,33.13000000000005,,
2021-06-11,Aqua,30.93460000000002,31.970000000000027,,
2021-06-12,Aqua,28.564000000000032,30.450000000000045,23.57410256410261,23.090000000000032
2021-06-13,Aqua,35.699285714285736,34.89000000000004,,21.49000000000001
2021-06-14,Aqua,,,23.412051282051305,23.170000000000016
2021-06-15,Aqua,28.79000000000002,30.450000000000045,,
2021-06-19,Aqua,,,23.230000000000018,23.05000000000001
2021-06-26,Aqua,29.223611111111143,31.07000000000005,24.512700000000045,23.49000000000001
2021-06-27,Aqua,32.85000000000002,32.690000000000055,,
2021-06-29,Aqua,31.765000000000047,32.29000000000002,,
2021-06-30,Aqua,,,23.781578947368445,23.190000000000055
2021-07-01,Aqua,32.330300000000044,33.77000000000004,21.870000000000005,20.210000000000036
2021-07-02,Aqua,32.01000000000005,30.55000000000001,,
2021-07-03,Aqua,32.85666666666669,32.99000000000001,23.742800000000027,23.05000000000001
2021-07-04,Aqua,31.60000000000001,31.590000000000032,21.535200000000014,22.03000000000003
2021-07-05,Aqua,31.375400000000027,32.23000000000002,21.99416666666668,21.870000000000005
2021-07-06,Aqua,34.37260000000002,35.73000000000002,,
2021-07-12,Aqua,35.450000000000045,33.73000000000002,25.11790000000002,24.190000000000055
2021-07-13,Aqua,35.79360000000003,37.170000000000016,,
2021-07-14,Aqua,28.29842105263162,28.250000000000057,,
2021-07-18,Aqua,,,22.08120000000004,21.810000000000002
2021-07-19,Aqua,33.47890000000003,34.690000000000055,24.22260000000004,22.890000000000043
2021-07-20,Aqua,35.220769230769235,33.75000000000006,,
2021-07-22,Aqua,34.218000000000046,34.25000000000006,,
2021-07-23,Aqua,,,22.93800000000003,21.850000000000023
2021-07-24,Aqua,36.550800000000024,36.27000000000004,20.455555555555573,21.57000000000005
2021-07-25,Aqua,32.79600000000002,33.89000000000004,22.041700000000034,21.07000000000005
2021-07-26,Aqua,33.45642857142862,35.59000000000003,22.56400000000001,22.630000000000052
2021-07-27,Aqua,,33.170000000000016,15.461794871794893,13.830000000000041
2021-07-28,Aqua,,31.850000000000023,22.555900000000022,22.230000000000018
2021-07-30,Aqua,,28.190000000000055,24.096900000000037,22.99000000000001
2021-07-31,Aqua,32.82300000000002,35.25000000000006,,20.77000000000004
2021-08-04,Aqua,30.525000000000016,31.670000000000016,17.510000000000048,19.210000000000036
2021-08-05,Aqua,27.970000000000027,34.170000000000016,,
2021-08-06,Aqua,,32.31,23.93370000000003,22.83000000000004
2021-08-07,Aqua,33.912100000000045,35.33000000000004,,
2021-08-08,Aqua,,,23.08272727272729,22.53000000000003
2021-08-09,Aqua,29.190000000000055,34.610000000000014,23.445277777777818,23.590000000000032
2021-08-10,Aqua,30.767894736842152,31.77000000000004,21.67550000000002,21.05000000000001
2021-08-11,Aqua,33.294100000000036,34.51000000000005,,
2021-08-14,Aqua,33.787600000000026,34.910000000000025,,
2021-08-15,Aqua,31.769400000000008,30.850000000000023,24.825700000000023,24.010000000000048
2021-08-16,Aqua,35.32500000000002,36.910000000000025,,17.730000000000018
2021-08-18,Aqua,33.13608695652177,35.81,,
2021-08-21,Aqua,32.110000000000014,34.03000000000003,,22.410000000000025
2021-08-22,Aqua,,,20.524100000000008,22.690000000000055
2021-08-23,Aqua,36.21130000000005,38.110000000000014,,
2021-08-24,Aqua,,,23.981700000000036,22.33000000000004
2021-08-25,Aqua,32.87590000000004,35.75000000000006,,
2021-08-26,Aqua,,29.750000000000057,23.697500000000023,22.350000000000023
2021-08-27,Aqua,33.102900000000034,33.650000000000034,,
2021-08-28,Aqua,,,18.767948717948748,19.510000000000048
2021-08-29,Aqua,33.207700000000024,33.410000000000025,24.01260000000004,23.410000000000025
2021-08-30,Aqua,33.39000000000004,33.27000000000004,,
2021-08-31,Aqua,30.456100000000035,33.53000000000003,23.433100000000017,21.890000000000043
2021-09-01,Aqua,37.304500000000004,38.55000000000001,,
2021-09-03,Aqua,35.82280000000002,37.01000000000005,,
2021-09-04,Aqua,,,20.682000000000038,22.05000000000001
2021-09-05,Aqua,,36.210000000000036,22.43410000000002,22.430000000000007
2021-09-06,Aqua,26.850000000000023,30.350000000000023,22.430000000000007,22.49000000000001
2021-09-07,Aqua,,31.55000000000001,23.877500000000047,23.510000000000048
2021-09-08,Aqua,35.590600000000045,38.55000000000001,,
2021-09-12,Aqua,26.079541284403714,31.79000000000002,,
2021-09-14,Aqua,,32.610000000000014,23.74540000000003,23.03000000000003
2021-09-17,Aqua,31.150000000000034,35.27000000000004,,
2021-09-18,Aqua,,,24.49840000000001,23.730000000000018
2021-09-19,Aqua,36.12320000000003,36.79000000000002,,22.230000000000018
2021-09-22,Aqua,40.5771794871795,38.09000000000003,,
2021-09-26,Aqua,27.850000000000023,33.63000000000005,,18.130000000000052
2021-09-28,Aqua,,34.49000000000001,24.17890000000005,23.83000000000004
2021-09-29,Aqua,32.50770000000002,35.05000000000001,22.787500000000016,23.170000000000016
2021-09-30,Aqua,30.310000000000002,34.950000000000045,23.737692307692363,23.670000000000016
2021-10-01,Aqua,36.870000000000005,35.870000000000005,,
2021-10-02,Aqua,29.430000000000007,29.170000000000016,,
2021-10-03,Aqua,31.99000000000001,38.53000000000003,,
2021-10-06,Aqua,,,17.998800000000042,18.390000000000043
2021-10-07,Aqua,29.310000000000002,32.93000000000001,23.10220000000003,21.970000000000027
2021-10-09,Aqua,,28.07000000000005,24.644315789473712,23.07000000000005
2021-10-11,Aqua,,,23.462307692307736,22.190000000000055
2021-10-12,Aqua,41.368000000000016,39.03000000000003,21.043300000000006,19.870000000000005
2021-10-18,Aqua,,25.590000000000032,24.930000000000007,24.350000000000023
2021-10-21,Aqua,,,20.370500000000053,21.79000000000002
2021-10-23,Aqua,30.430000000000007,36.83000000000004,,
2021-10-30,Aqua,,,16.83000000000004,18.010000000000048
2021-11-06,Aqua,33.59000000000003,31.950000000000045,,
2021-12-13,Aqua,32.99608695652177,34.99000000000001,,
2021-12-15,Aqua,32.47000000000003,34.85000000000002,,
2022-01-09,Aqua,34.649130434782634,38.23000000000002,,
2022-01-23,Aqua,37.32210000000003,38.75000000000006,,
2022-01-24,Aqua,,,24.794700000000034,23.77000000000004
2022-01-30,Aqua,38.75000000000006,38.55000000000001,,
2022-02-02,Aqua,,,23.525300000000048,21.53000000000003
2022-02-15,Aqua,40.82320000000005,39.63000000000005,,
2022-02-17,Aqua,31.601157894736865,31.690000000000055,,22.05000000000001
2022-02-24,Aqua,32.52000000000003,36.670000000000016,,
2022-03-22,Aqua,23.190000000000055,23.190000000000055,,
2022-03-26,Aqua,29.430000000000007,35.370000000000005,,
2022-03-30,Aqua,32.870000000000005,33.150000000000034,,18.930000000000007
2022-04-22,Aqua,31.350000000000023,36.39000000000004,,
2022-04-24,Aqua,,,24.738205128205145,24.610000000000014
2022-04-26,Aqua,,,24.24990000000002,23.430000000000007
2022-05-01,Aqua,29.610000000000014,32.89000000000004,,
2022-05-02,Aqua,,,19.33000000000004,18.610000000000014
2022-05-03,Aqua,,,24.642421052631626,24.03000000000003
2022-05-04,Aqua,28.970000000000027,31.650000000000034,,
2022-05-05,Aqua,,,24.641400000000047,24.230000000000018
2022-05-06,Aqua,31.470000000000027,36.43000000000001,,
2022-05-12,Aqua,,,25.0164285714286,24.870000000000005
2022-05-13,Aqua,36.00710000000004,37.150000000000034,,
2022-05-14,Aqua,,,25.328400000000038,24.310000000000002
2022-05-15,Aqua,35.01990000000006,36.55000000000001,,23.910000000000025
2022-05-19,Aqua,,,24.535416666666688,24.510000000000048
2022-05-20,Aqua,29.945000000000004,31.610000000000014,,
2022-05-21,Aqua,,,24.387300000000018,23.03000000000003
2022-05-22,Aqua,34.546000000000035,37.57000000000005,,21.27000000000004
2022-05-23,Aqua,32.531025641025664,32.410000000000025,23.778600000000022,22.810000000000002
2022-05-28,Aqua,,,24.040800000000015,23.470000000000027
2022-05-29,Aqua,32.898695652173956,35.210000000000036,,
2022-05-30,Aqua,,,24.363052631578974,23.730000000000018
2022-06-02,Aqua,31.090000000000014,32.51000000000005,,
2022-06-03,Aqua,29.730000000000018,29.27000000000004,,
2022-06-05,Aqua,29.390000000000043,33.110000000000014,,
2022-06-06,Aqua,,,24.69166666666669,23.970000000000027
2022-06-09,Aqua,27.230000000000018,26.190000000000055,,
2022-06-14,Aqua,31.400138888888907,33.670000000000016,20.67105263157897,20.610000000000014
2022-06-16,Aqua,32.524500000000025,32.31,22.22000000000003,22.49000000000001
2022-06-18,Aqua,31.835714285714328,32.47000000000003,24.931400000000036,23.810000000000002
2022-06-20,Aqua,,,23.58930555555557,22.430000000000007
2022-06-21,Aqua,33.123200000000026,35.23000000000002,,
2022-06-22,Aqua,,,23.891100000000044,23.690000000000055
2022-06-23,Aqua,33.29340000000002,34.410000000000025,,
2022-06-27,Aqua,29.913157894736877,30.650000000000034,24.11900000000003,23.33000000000004
2022-06-28,Aqua,35.94130000000004,35.79000000000002,,
2022-06-29,Aqua,,,23.40389473684214,22.710000000000036
2022-07-02,Aqua,25.510000000000048,25.510000000000048,,
2022-07-04,Aqua,,27.77000000000004,22.792051282051318,23.710000000000036
2022-07-05,Aqua,30.628424242424288,32.47000000000003,,
2022-07-06,Aqua,26.568100000000026,26.750000000000057,,20.370000000000005
2022-07-07,Aqua,34.690000000000055,31.53000000000003,16.61050000000004,18.310000000000002
2022-07-08,Aqua,,,17.930000000000007,18.590000000000032
2022-07-09,Aqua,35.57350000000003,34.690000000000055,20.777789473684233,21.110000000000014
2022-07-10,Aqua,26.150000000000034,31.110000000000014,18.15650000000005,17.630000000000052
2022-07-13,Aqua,,,22.432638888888906,21.810000000000002
2022-07-14,Aqua,30.79958333333336,33.85000000000002,,
2022-07-15,Aqua,,,20.64200000000004,21.170000000000016
2022-07-17,Aqua,,,22.635263157894766,21.99000000000001
2022-07-19,Aqua,32.49500000000003,33.27000000000004,22.374166666666703,21.710000000000036
2022-07-20,Aqua,30.82978947368424,32.13000000000005,23.148400000000034,22.350000000000023
2022-07-21,Aqua,31.402142857142877,33.31,,
2022-07-23,Aqua,35.23310000000002,35.190000000000055,17.77000000000004,20.390000000000043
2022-07-27,Aqua,30.81760000000003,32.670000000000016,23.467000000000027,22.670000000000016
2022-07-28,Aqua,32.70360000000004,35.210000000000036,,
2022-07-29,Aqua,,,22.672200000000036,19.370000000000005
2022-07-30,Aqua,34.64030000000002,35.79000000000002,,
2022-08-02,Aqua,,,23.169200000000018,23.03000000000003
2022-08-03,Aqua,32.96500000000002,33.93000000000001,,19.690000000000055
2022-08-04,Aqua,33.658700000000024,36.39000000000004,,19.03000000000003
2022-08-05,Aqua,30.31700000000004,34.29000000000002,23.12538461538464,22.610000000000014
2022-08-06,Aqua,26.410000000000025,34.190000000000055,,
2022-08-07,Aqua,,,18.010416666666703,18.350000000000023
2022-08-08,Aqua,33.501527777777824,33.650000000000034,,
2022-08-11,Aqua,28.33000000000004,28.110000000000014,,
2022-08-12,Aqua,,,24.14589743589747,23.350000000000023
2022-08-14,Aqua,,,23.038900000000034,23.410000000000025
2022-08-15,Aqua,33.49960000000003,34.870000000000005,19.590000000000032,19.590000000000032
2022-08-16,Aqua,32.25000000000006,32.55000000000001,22.107948717948734,21.870000000000005
2022-08-17,Aqua,34.26440000000003,34.53000000000003,19.890000000000043,20.230000000000018
2022-08-18,Aqua,,,19.283055555555585,19.750000000000057
2022-08-19,Aqua,31.710500000000028,33.07000000000005,24.073800000000034,23.110000000000014
2022-08-20,Aqua,36.594700000000024,35.73000000000002,,
2022-08-21,Aqua,,,22.71505263157899,21.870000000000005
2022-08-22,Aqua,34.33000000000004,31.83000000000004,19.639500000000037,20.53000000000003
2022-08-23,Aqua,,,23.49730000000004,22.83000000000004
2022-08-24,Aqua,34.79450000000003,36.150000000000034,,
2022-08-26,Aqua,,27.250000000000057,20.875138888888934,21.710000000000036
2022-08-27,Aqua,32.57300000000003,34.690000000000055,20.25820512820518,19.950000000000045
2022-08-31,Aqua,27.55000000000001,33.05000000000001,,12.370000000000005
2022-09-01,Aqua,,28.77000000000004,21.950000000000045,22.05000000000001
2022-09-02,Aqua,35.51880000000004,36.110000000000014,21.83000000000004,22.03000000000003
2022-09-05,Aqua,36.835700000000024,38.13000000000005,,
2022-09-06,Aqua,,,23.1166666666667,22.730000000000018
2022-09-11,Aqua,,,24.426800000000036,23.57000000000005
2022-09-12,Aqua,34.741000000000035,36.870000000000005,,
2022-09-13,Aqua,28.012800000000016,30.670000000000016,24.664600000000036,23.850000000000023
2022-09-14,Aqua,33.746900000000025,31.590000000000032,,
2022-09-18,Aqua,,24.610000000000014,23.799400000000013,21.150000000000034
2022-09-23,Aqua,32.239305555555575,35.31,20.59871794871797,21.010000000000048
2022-09-24,Aqua,35.09000000000003,33.85000000000002,,
2022-09-27,Aqua,36.39442105263159,34.09000000000003,19.668600000000033,20.630000000000052
2022-09-28,Aqua,37.150000000000034,37.23000000000002,,
2022-10-23,Aqua,35.63630000000002,38.13000000000005,,
2022-10-30,Aqua,40.49273684210527,38.910000000000025,,
2022-11-01,Aqua,37.28320000000003,37.85000000000002,,
2022-11-04,Aqua,29.83000000000004,31.630000000000052,,
2022-11-30,Aqua,,,22.967052631578966,22.390000000000043
2022-12-08,Aqua,35.42750000000004,37.09000000000003,,
2022-12-09,Aqua,31.090000000000032,36.97000000000003,,
2022-12-12,Aqua,,,24.14770000000003,23.55000000000001
2022-12-13,Aqua,41.78500000000003,39.110000000000014,,
2022-12-18,Aqua,,37.370000000000005,23.88280000000003,23.55000000000001
2022-12-19,Aqua,31.284315789473737,30.970000000000027,,
2023-01-05,Aqua,29.79000000000002,28.230000000000018,,
2023-01-06,Aqua,,,23.530100000000026,22.49000000000001
2023-01-07,Aqua,28.910000000000025,31.77000000000004,,
2023-01-10,Aqua,32.23109090909095,36.03000000000003,,
2023-01-12,Aqua,34.11060000000002,38.170000000000016,,
2023-01-21,Aqua,37.52500000000004,38.49000000000001,,
2023-02-18,Aqua,31.803750000000008,34.75000000000006,,
2023-03-03,Aqua,,33.89000000000004,23.78010000000002,23.450000000000045
2023-03-04,Aqua,38.67430000000002,39.910000000000025,,
2023-03-08,Aqua,,,23.970000000000027,23.27000000000004
2023-03-10,Aqua,,,25.406666666666677,24.910000000000025
2023-03-11,Aqua,37.79670000000003,40.75000000000006,,
2023-03-12,Aqua,,,24.745500000000035,23.970000000000027
2023-03-13,Aqua,38.125100000000025,39.75000000000006,,
2023-03-15,Aqua,34.63000000000005,30.150000000000034,,25.05000000000001
2023-03-18,Aqua,37.741500000000016,41.150000000000034,,
2023-03-19,Aqua,,,25.308500000000013,24.870000000000005
2023-03-24,Aqua,28.235217391304364,27.810000000000002,,
2023-03-25,Aqua,32.73000000000002,39.33000000000004,,
2023-04-01,Aqua,29.590000000000032,27.870000000000005,,
2023-04-17,Aqua,32.445000000000014,35.59000000000003,,
2023-04-19,Aqua,33.927500000000016,36.57000000000005,22.189300000000028,22.29000000000002
2023-04-21,Aqua,,,24.00870000000003,23.27000000000004
2023-04-22,Aqua,34.349500000000035,37.110000000000014,,
2023-04-23,Aqua,,,23.97210526315792,24.49000000000001
2023-04-24,Aqua,40.80810526315795,39.210000000000036,,22.77000000000004
2023-04-26,Aqua,29.83000000000004,35.93000000000001,,
2023-05-03,Aqua,29.510000000000048,30.150000000000034,,
2023-05-05,Aqua,,,24.630000000000052,24.57000000000005
2023-05-06,Aqua,28.77000000000004,33.870000000000005,,
2023-05-07,Aqua,,,25.15708333333335,24.650000000000034
2023-05-10,Aqua,29.010000000000048,32.03000000000003,,
2023-05-12,Aqua,29.503100000000025,31.07000000000005,22.612400000000015,22.930000000000007
2023-05-13,Aqua,34.98980000000002,36.13000000000005,,
2023-05-15,Aqua,34.06720000000003,35.35000000000002,20.66090000000004,21.77000000000004
2023-05-16,Aqua,,,20.59720000000003,21.07000000000005
2023-05-17,Aqua,,32.410000000000025,22.189487179487216,21.630000000000052
2023-05-19,Aqua,25.55956521739133,24.77000000000004,24.003100000000043,23.410000000000025
2023-05-20,Aqua,35.25000000000006,34.29000000000002,,
2023-05-21,Aqua,,,24.025897435897463,23.77000000000004
2023-05-22,Aqua,36.56680000000002,35.410000000000025,,
2023-05-23,Aqua,,31.410000000000025,23.659000000000034,23.250000000000057
2023-05-24,Aqua,32.803500000000035,35.610000000000014,22.919600000000038,23.390000000000043
2023-05-25,Aqua,,34.63000000000005,23.33000000000004,23.33000000000004
2023-05-26,Aqua,,26.350000000000023,19.798205128205133,19.670000000000016
2023-05-27,Aqua,33.21850000000003,34.39000000000004,,
2023-05-29,Aqua,35.806421052631606,35.09000000000003,,
2023-05-31,Aqua,31.602300000000017,32.210000000000036,,
2023-06-01,Aqua,28.48780000000002,31.310000000000002,,
2023-06-02,Aqua,,,22.27000000000004,21.810000000000002
2023-06-03,Aqua,35.82180000000003,35.190000000000055,,
2023-06-04,Aqua,,,19.62166666666669,20.53000000000003
2023-06-05,Aqua,31.280138888888946,32.13000000000005,,
2023-06-06,Aqua,,,21.121300000000033,20.110000000000014
2023-06-07,Aqua,32.950000000000045,31.730000000000018,23.464100000000023,22.99000000000001
2023-06-09,Aqua,29.997700000000016,30.910000000000025,23.334800000000026,22.03000000000003
2023-06-10,Aqua,30.390000000000043,34.09000000000003,,
2023-06-12,Aqua,29.410000000000025,32.47000000000003,20.05000000000001,20.350000000000023
2023-06-13,Aqua,26.970000000000027,29.150000000000034,,
2023-06-14,Aqua,31.94180000000004,33.79000000000002,,
2023-06-15,Aqua,31.656428571428606,32.27000000000004,,
2023-06-16,Aqua,25.097789473684255,28.07000000000005,23.228461538461573,22.630000000000052
2023-06-17,Aqua,34.986800000000024,36.75000000000006,,
2023-06-18,Aqua,,,21.46590000000004,20.450000000000045
2023-06-19,Aqua,35.209200000000024,35.870000000000005,21.551300000000033,21.390000000000043
2023-06-20,Aqua,,25.950000000000045,22.230000000000018,22.05000000000001
2023-06-21,Aqua,,32.01000000000005,23.53840000000003,23.33000000000004
2023-06-22,Aqua,33.69870000000005,35.150000000000034,22.486363636363667,22.470000000000027
2023-06-23,Aqua,31.325800000000015,33.670000000000016,23.39051282051283,22.850000000000023
2023-06-24,Aqua,33.852000000000054,36.51000000000005,,15.230000000000018
2023-06-25,Aqua,,,23.808500000000045,23.430000000000007
2023-06-26,Aqua,35.43905263157896,34.83000000000004,22.17100000000005,23.370000000000005
2023-06-28,Aqua,31.161400000000018,32.57000000000005,,22.370000000000005
2023-07-03,Aqua,,,21.85830000000004,21.630000000000052
2023-07-04,Aqua,,,20.33000000000004,20.33000000000004
2023-07-05,Aqua,25.430000000000007,26.690000000000055,23.72768421052635,23.07000000000005
2023-07-10,Aqua,32.25470000000003,33.370000000000005,21.094631578947414,22.05000000000001
2023-07-11,Aqua,30.374027777777798,31.77000000000004,,
2023-07-12,Aqua,30.07000000000005,29.670000000000016,,
2023-07-15,Aqua,36.50140000000003,34.670000000000016,21.848700000000036,22.090000000000032
2023-07-16,Aqua,,,20.193900000000028,20.910000000000025
2023-07-17,Aqua,32.30250000000003,33.75000000000006,20.70128205128207,21.250000000000057
2023-07-18,Aqua,,28.590000000000032,21.327435897435933,21.730000000000018
2023-07-19,Aqua,31.767900000000033,32.99000000000001,18.95780000000003,19.670000000000016
2023-07-20,Aqua,31.992100000000026,34.870000000000005,,
2023-07-21,Aqua,29.180100000000035,30.450000000000045,22.690600000000035,21.950000000000045
2023-07-22,Aqua,32.77610000000003,34.79000000000002,15.505000000000017,15.430000000000007
2023-07-23,Aqua,,,23.278800000000032,22.390000000000043
2023-07-24,Aqua,33.23910000000002,35.39000000000004,22.483100000000015,22.55000000000001
2023-07-25,Aqua,32.33666666666667,32.39000000000004,22.05000000000001,21.930000000000007
2023-07-26,Aqua,30.751400000000025,32.93000000000001,22.947948717948762,22.450000000000045
2023-07-27,Aqua,33.415800000000026,35.55000000000001,,
2023-07-28,Aqua,,,22.889368421052666,21.130000000000052
2023-07-29,Aqua,32.736500000000014,33.870000000000005,18.94570000000003,17.470000000000027
2023-07-30,Aqua,,28.190000000000055,21.068800000000017,20.390000000000043
2023-07-31,Aqua,30.29000000000002,30.690000000000055,23.341200000000033,21.730000000000018
2023-08-02,Aqua,30.68080000000005,32.23000000000002,23.962900000000012,23.130000000000052
2023-08-03,Aqua,36.853368421052664,35.23000000000002,,
2023-08-04,Aqua,,,23.931800000000027,23.170000000000016
2023-08-05,Aqua,33.35560000000003,34.83000000000004,,
2023-08-06,Aqua,,28.55000000000001,20.955800000000025,20.870000000000005
2023-08-07,Aqua,35.26320000000003,35.97000000000003,22.349500000000038,21.910000000000025
2023-08-08,Aqua,33.53550000000002,34.93000000000001,17.730000000000018,17.730000000000018
2023-08-09,Aqua,34.05990000000002,33.85000000000002,23.070727272727307,21.07000000000005
2023-08-10,Aqua,37.07378947368424,37.35000000000002,,
2023-08-11,Aqua,,,22.840600000000023,22.03000000000003
2023-08-12,Aqua,38.50850000000001,37.33000000000004,20.12210000000002,19.630000000000052
2023-08-13,Aqua,,,22.50990000000002,22.090000000000032
2023-08-14,Aqua,31.244722222222254,33.47000000000003,21.998000000000022,21.57000000000005
2023-08-15,Aqua,,,17.345000000000052,19.310000000000002
2023-08-17,Aqua,31.69800000000004,32.370000000000005,,
2023-08-18,Aqua,,,21.334700000000034,21.210000000000036
2023-08-19,Aqua,32.70920000000002,34.39000000000004,22.130000000000052,20.590000000000032
2023-08-20,Aqua,,28.750000000000057,19.77000000000004,19.77000000000004
2023-08-21,Aqua,31.69360000000002,32.710000000000036,,
2023-08-22,Aqua,33.705000000000034,35.39000000000004,,20.07000000000005
2023-08-23,Aqua,30.37000000000002,31.130000000000052,23.982000000000042,22.610000000000014
2023-08-24,Aqua,34.819000000000024,35.410000000000025,,
2023-08-25,Aqua,,,19.572400000000048,20.670000000000016
2023-08-26,Aqua,34.16230000000002,35.410000000000025,,20.650000000000034
2023-08-27,Aqua,29.470000000000027,32.83000000000004,22.182100000000016,22.33000000000004
2023-08-28,Aqua,32.52440000000002,34.55000000000001,23.47330000000002,22.230000000000018
2023-08-29,Aqua,34.10450000000003,36.49000000000001,,
2023-08-30,Aqua,31.69080000000004,30.650000000000034,,22.170000000000016
2023-08-31,Aqua,38.576100000000025,36.370000000000005,19.46538461538463,19.710000000000036
2023-09-01,Aqua,,,23.43170000000004,22.630000000000052
2023-09-02,Aqua,35.30330000000004,36.210000000000036,22.20480000000005,21.57000000000005
2023-09-03,Aqua,28.581666666666713,30.430000000000007,18.123900000000024,17.210000000000036
2023-09-04,Aqua,32.54340000000003,33.93000000000001,22.53608695652176,21.750000000000057
2023-09-05,Aqua,37.95153846153849,35.47000000000003,,
2023-09-06,Aqua,,25.33000000000004,16.379090909090927,18.470000000000027
2023-09-07,Aqua,35.32260000000001,37.83000000000004,20.667900000000035,20.99000000000001
2023-09-08,Aqua,,,23.116200000000024,22.210000000000036
2023-09-09,Aqua,34.705757575757616,36.51000000000005,,22.370000000000005
2023-09-10,Aqua,,,19.000700000000023,18.77000000000004
2023-09-11,Aqua,30.39071428571433,29.850000000000023,23.486631578947403,23.670000000000016
2023-09-12,Aqua,38.668100000000024,37.59000000000003,,
2023-09-13,Aqua,,,23.23512820512824,23.350000000000023
2023-09-15,Aqua,,,24.008900000000022,21.650000000000034
2023-09-16,Aqua,31.130000000000052,35.150000000000034,18.650000000000034,18.110000000000014
2023-09-17,Aqua,,,19.875894736842145,19.890000000000043
2023-09-18,Aqua,34.59000000000003,33.03000000000003,19.060500000000026,21.33000000000004
2023-09-19,Aqua,37.82840000000004,36.53000000000003,,
2023-09-20,Aqua,,,23.680900000000022,22.950000000000045
2023-09-21,Aqua,38.484100000000055,39.27000000000004,22.38179487179491,22.29000000000002
2023-09-22,Aqua,,,21.890000000000043,20.170000000000016
2023-09-23,Aqua,29.730000000000018,35.79000000000002,,
2023-09-24,Aqua,34.664400000000036,37.79000000000002,22.37370000000005,22.470000000000027
2023-09-25,Aqua,33.52290000000003,34.99000000000001,23.754861111111122,23.210000000000036
2023-09-26,Aqua,37.92826086956525,40.05000000000001,,
2023-09-28,Aqua,36.95730000000001,38.53000000000003,23.966000000000026,24.370000000000005
2023-09-29,Aqua,32.82980000000001,35.73000000000002,22.713600000000017,20.99000000000001
2023-09-30,Aqua,34.489500000000035,36.75000000000006,23.46800000000003,23.230000000000018
2023-10-01,Aqua,37.88710000000005,40.170000000000016,,
2023-10-03,Aqua,37.77540000000001,38.03000000000003,,19.390000000000043
2023-10-04,Aqua,,,24.53000000000003,23.650000000000034
2023-10-05,Aqua,37.386500000000005,38.85000000000002,23.094727272727326,23.49000000000001
2023-10-06,Aqua,29.810000000000002,34.33000000000004,22.165900000000047,22.77000000000004
2023-10-07,Aqua,,32.51000000000005,23.485000000000024,24.230000000000018
2023-10-08,Aqua,36.28810000000005,38.49000000000001,,
2023-10-09,Aqua,31.94130000000002,32.63000000000005,24.854800000000036,24.410000000000025
2023-10-10,Aqua,39.36310000000002,40.51000000000005,23.27000000000004,23.33000000000004
2023-10-11,Aqua,,,24.45277777777781,24.590000000000032
2023-10-12,Aqua,38.14800000000001,38.670000000000016,23.104736842105275,22.750000000000057
2023-10-13,Aqua,36.03871794871798,35.170000000000016,22.50750000000002,22.610000000000014
2023-10-14,Aqua,33.89330000000003,35.870000000000005,24.743846153846206,24.390000000000043
2023-10-15,Aqua,36.99220000000003,40.79000000000002,,
2023-10-16,Aqua,,29.730000000000018,25.607684210526347,25.130000000000052
2023-10-17,Aqua,35.834400000000024,38.51000000000005,23.52928571428573,23.670000000000016
2023-10-18,Aqua,,31.730000000000018,24.96480000000002,24.110000000000014
2023-10-19,Aqua,37.950000000000045,37.75000000000006,25.03000000000003,24.29000000000002
2023-10-20,Aqua,38.11270000000003,40.43000000000001,24.311939393939397,24.150000000000034
2023-10-21,Aqua,33.233000000000025,36.690000000000055,,
2023-10-22,Aqua,40.01336842105267,39.23000000000002,,
2023-10-23,Aqua,,,25.5548421052632,25.03000000000003
2023-10-24,Aqua,38.83860000000002,40.31,21.470000000000027,19.510000000000048
2023-10-25,Aqua,38.97000000000003,37.35000000000002,,23.810000000000002
2023-10-26,Aqua,36.89080000000003,37.27000000000004,24.38140000000001,24.370000000000005
2023-10-27,Aqua,36.91790000000004,39.610000000000014,23.190000000000055,23.03000000000003
2023-10-28,Aqua,31.1590277777778,34.97000000000003,25.585897435897465,25.310000000000002
2023-10-29,Aqua,43.369368421052656,39.210000000000036,,
2023-10-30,Aqua,,,25.8104210526316,25.430000000000007
2023-10-31,Aqua,35.73670000000003,39.27000000000004,23.68300000000005,23.590000000000032
2023-11-04,Aqua,32.01000000000005,32.01000000000005,24.850000000000023,24.730000000000018
2023-11-05,Aqua,38.85180000000004,40.85000000000002,23.190000000000055,23.390000000000043
2023-11-07,Aqua,28.010000000000048,31.33000000000004,,
2023-11-08,Aqua,,33.81,24.11571428571432,24.110000000000014
2023-11-09,Aqua,,,20.4001052631579,21.470000000000027
2023-11-10,Aqua,37.28220000000004,38.47000000000003,,
2023-11-11,Aqua,,,25.475300000000036,24.99000000000001
2023-11-12,Aqua,33.43782608695654,29.110000000000014,,
2023-11-13,Aqua,,,24.462857142857168,24.07000000000005
2023-11-17,Aqua,38.31,38.29000000000002,,
2023-11-18,Aqua,,,24.550842105263186,23.79000000000002
2023-11-19,Aqua,34.923000000000016,35.93000000000001,,
2023-11-22,Aqua,36.63800000000001,39.33000000000004,19.83782608695654,20.090000000000032
2023-11-23,Aqua,,,25.115000000000016,24.610000000000014
2023-12-12,Aqua,30.07000000000005,35.55000000000001,24.967700000000036,24.930000000000007
2023-12-17,Aqua,,,24.000100000000018,23.010000000000048
2023-12-20,Aqua,36.50510000000003,38.59000000000003,,
2023-12-21,Aqua,,,23.110000000000014,23.27000000000004
2023-12-22,Aqua,35.05770000000005,36.870000000000005,22.930000000000007,23.99000000000001
2023-12-24,Aqua,31.57000000000005,32.150000000000034,,
2023-12-27,Aqua,36.28360000000002,38.03000000000003,,
2023-12-29,Aqua,29.730000000000018,31.230000000000018,,
2023-12-30,Aqua,34.87000000000003,37.03000000000003,,
2024-01-13,Aqua,36.07840000000001,39.29000000000002,,
2024-02-05,Aqua,,,19.17769230769234,22.29000000000002
2024-02-14,Aqua,,,24.654421052631612,24.670000000000016
2024-02-15,Aqua,36.080000000000005,36.29000000000002,18.090000000000032,19.77000000000004
2024-02-16,Aqua,,,25.15050000000003,24.77000000000004
2024-02-17,Aqua,29.413500000000045,30.350000000000023,,
2024-02-20,Aqua,37.39000000000004,38.57000000000005,,
2024-02-27,Aqua,40.93000000000001,39.03000000000003,,
2024-03-17,Aqua,30.812385321100965,38.47000000000003,,
2024-03-19,Aqua,36.81130000000002,38.63000000000005,26.107948717948734,25.850000000000023
2024-03-20,Aqua,,,20.640200000000053,20.77000000000004
2024-03-22,Aqua,35.12310000000001,36.49000000000001,,
2024-03-29,Aqua,34.882857142857176,38.870000000000005,,
2024-03-30,Aqua,,28.470000000000027,23.682307692307702,21.910000000000025
2024-03-31,Aqua,34.000000000000014,31.05000000000001,,
2024-04-03,Aqua,31.26083333333337,35.99000000000001,,
2024-04-12,Aqua,28.29000000000002,30.07000000000005,,
2024-04-14,Aqua,27.410000000000025,29.970000000000027,25.39615384615389,24.970000000000027
2024-04-15,Aqua,35.60220000000003,38.59000000000003,,
2024-04-27,Aqua,30.309130434782645,32.690000000000055,,
2024-04-28,Aqua,,,25.010000000000048,24.57000000000005
2024-04-30,Aqua,,,22.46094736842108,22.510000000000048
2024-05-01,Aqua,,25.970000000000027,23.996200000000016,23.650000000000034
2024-05-02,Aqua,28.690000000000055,32.01000000000005,,
2024-05-03,Aqua,,,25.180526315789496,24.53000000000003
2024-05-04,Aqua,35.12220000000002,36.710000000000036,23.145030303030357,22.79000000000002
2024-05-05,Aqua,,,24.79000000000002,24.350000000000023
2024-05-06,Aqua,31.5421739130435,35.57000000000005,20.47380000000001,22.53000000000003
2024-05-07,Aqua,,33.670000000000016,21.736900000000016,21.870000000000005
2024-05-11,Aqua,32.83910000000005,34.55000000000001,24.142100000000024,24.310000000000002
2024-05-12,Aqua,26.450000000000045,28.79000000000002,20.235900000000015,22.950000000000045
2024-05-13,Aqua,31.428100000000036,32.83000000000004,,
2024-05-14,Aqua,33.69900000000004,36.35000000000002,,
2024-05-15,Aqua,,,22.083263157894773,24.890000000000043
2024-05-16,Aqua,35.739894736842146,35.35000000000002,,
2024-05-17,Aqua,,,18.42794871794874,20.29000000000002
2024-05-18,Aqua,31.610000000000017,33.09000000000003,23.83470000000004,24.05000000000001
2024-05-19,Aqua,29.492608695652205,31.33000000000004,,
2024-05-20,Aqua,,,24.586600000000036,21.83000000000004
2024-05-21,Aqua,29.155800000000053,29.450000000000045,,17.310000000000002
2024-05-23,Aqua,28.210000000000036,27.79000000000002,,
2024-05-25,Aqua,27.05000000000001,27.05000000000001,23.528105263157936,23.630000000000052
2024-05-27,Aqua,,,24.110512820512852,23.970000000000027
2024-05-28,Aqua,31.510416666666696,34.410000000000025,22.539583333333375,22.690000000000055
2024-05-30,Aqua,30.29928571428574,31.470000000000027,,
2024-06-01,Aqua,,28.590000000000032,23.65140000000002,24.29000000000002
2024-06-02,Aqua,31.850000000000023,33.110000000000014,,
2024-06-03,Aqua,,,20.11840000000002,21.950000000000045
2024-06-04,Aqua,29.850000000000023,32.450000000000045,,24.450000000000045
2024-06-05,Aqua,28.41715596330277,32.75000000000006,,
2024-06-06,Aqua,28.81670000000004,31.370000000000005,,
2024-06-09,Aqua,,,22.926200000000026,22.910000000000025
2024-06-10,Aqua,25.55000000000001,25.55000000000001,,
2024-06-11,Aqua,30.368300000000016,30.150000000000034,22.720256410256443,22.230000000000018
2024-06-13,Aqua,,27.110000000000014,23.984800000000035,22.99000000000001
2024-06-14,Aqua,30.66625000000003,32.07000000000005,,
2024-06-15,Aqua,,,23.085700000000042,22.630000000000052
2024-06-16,Aqua,29.510000000000048,32.27000000000004,,
2024-06-17,Aqua,29.768055555555577,33.07000000000005,23.78010000000002,23.610000000000014
2024-06-18,Aqua,31.09510000000004,31.49000000000001,23.45450000000004,23.05000000000001
2024-06-19,Aqua,31.650500000000005,32.57000000000005,,
2024-06-20,Aqua,,,23.738717948717966,22.610000000000014
2024-06-21,Aqua,31.986200000000046,33.39000000000004,,19.150000000000034
2024-06-22,Aqua,24.83000000000004,28.310000000000002,,
2024-06-25,Aqua,,,21.830421052631625,21.510000000000048
2024-06-26,Aqua,32.63666666666672,32.450000000000045,21.750000000000057,21.690000000000055
2024-06-28,Aqua,31.60866666666671,30.99000000000001,,
2024-06-29,Aqua,35.14487179487183,33.670000000000016,,
2024-06-30,Aqua,,,8.950000000000045,8.950000000000045
2024-07-05,Aqua,29.33720000000004,30.590000000000032,22.48630000000004,21.310000000000002
2024-07-06,Aqua,29.019000000000048,30.870000000000005,,
2024-07-07,Aqua,,,22.991800000000012,22.430000000000007
2024-07-08,Aqua,32.131800000000034,33.39000000000004,,
2024-07-12,Aqua,26.449200000000012,29.710000000000036,23.89930000000003,22.57000000000005
2024-07-13,Aqua,33.89110000000002,35.710000000000036,23.54600000000005,21.950000000000045
2024-07-14,Aqua,,,21.66242105263161,20.970000000000027
2024-07-15,Aqua,,28.650000000000034,22.685789473684224,21.730000000000018
2024-07-16,Aqua,35.471025641025655,34.410000000000025,22.681000000000047,22.77000000000004
2024-07-17,Aqua,29.786500000000032,32.450000000000045,23.35910000000003,23.410000000000025
2024-07-18,Aqua,34.20460000000003,35.03000000000003,21.625000000000043,22.090000000000032
2024-07-19,Aqua,,,22.576000000000032,21.150000000000034
2024-07-20,Aqua,32.27140000000004,33.370000000000005,19.493500000000026,20.650000000000034
2024-07-21,Aqua,33.63000000000005,32.01000000000005,21.750000000000057,21.55000000000001
2024-07-22,Aqua,29.27080000000004,30.350000000000023,,17.810000000000002
2024-07-23,Aqua,35.48280000000002,34.870000000000005,,
2024-07-25,Aqua,30.353333333333364,33.450000000000045,,
2024-07-26,Aqua,,30.130000000000052,23.245000000000033,22.670000000000016
2024-07-31,Aqua,,,22.368800000000004,21.910000000000025
2024-08-01,Aqua,30.489130434782638,31.730000000000018,23.31740000000001,21.910000000000025
2024-08-02,Aqua,28.110000000000014,28.470000000000027,22.734102564102585,22.77000000000004
2024-08-03,Aqua,30.83440000000003,31.730000000000018,23.970700000000026,22.77000000000004
2024-08-04,Aqua,35.899000000000015,36.690000000000055,,
2024-08-05,Aqua,,,18.40800000000002,20.630000000000052
2024-08-06,Aqua,,33.05000000000001,19.250800000000037,18.630000000000052
2024-08-08,Aqua,31.741794871794912,28.410000000000025,24.19470000000004,23.590000000000032
2024-08-10,Aqua,,,22.837789473684232,22.510000000000048
2024-08-11,Aqua,34.739100000000015,36.410000000000025,17.410000000000025,18.690000000000055
2024-08-12,Aqua,32.25666666666668,32.450000000000045,20.12866666666668,22.33000000000004
2024-08-13,Aqua,29.381111111111156,31.230000000000018,21.850000000000023,22.970000000000027
2024-08-14,Aqua,33.070200000000035,35.25000000000006,,
2024-08-15,Aqua,31.17120000000003,30.750000000000057,21.229400000000023,20.750000000000057
2024-08-16,Aqua,34.48110000000004,35.85000000000002,18.47126315789478,18.83000000000004
2024-08-17,Aqua,,,23.557142857142896,22.99000000000001
2024-08-18,Aqua,33.50220000000002,35.31,23.171000000000046,22.250000000000057
2024-08-19,Aqua,,34.77000000000004,20.66846153846157,20.630000000000052
2024-08-20,Aqua,31.303700000000035,32.75000000000006,23.18094736842109,22.57000000000005
2024-08-21,Aqua,34.82690000000004,36.29000000000002,,
2024-08-23,Aqua,,,23.39989473684213,22.390000000000043
2024-08-25,Aqua,,31.310000000000002,22.67560000000004,22.510000000000048
2024-08-26,Aqua,34.47030000000003,36.610000000000014,,
2024-08-27,Aqua,,,22.418600000000037,21.210000000000036
2024-08-28,Aqua,34.65980000000002,35.39000000000004,,20.630000000000052
2024-08-29,Aqua,37.25000000000006,34.93000000000001,22.57000000000005,22.27000000000004
2024-08-30,Aqua,,27.630000000000052,23.190416666666707,20.210000000000036
2024-09-01,Aqua,,,21.208700000000015,21.910000000000025
2024-09-02,Aqua,36.68940000000001,37.57000000000005,21.483200000000032,21.29000000000002
2024-09-03,Aqua,,,18.190000000000055,20.510000000000048
2024-09-04,Aqua,33.06030303030308,33.79000000000002,24.212051282051316,23.450000000000045
2024-09-05,Aqua,31.895000000000017,36.370000000000005,22.310000000000002,21.810000000000002
2024-09-06,Aqua,33.709900000000026,33.27000000000004,23.828500000000044,22.77000000000004
2024-09-07,Aqua,29.210000000000036,33.23000000000002,,
2024-09-08,Aqua,,,22.867948717948725,22.710000000000036
2024-09-09,Aqua,,35.97000000000003,23.10936842105267,22.970000000000027
2024-09-10,Aqua,35.49000000000001,35.77000000000004,23.05000000000001,23.170000000000016
2024-09-11,Aqua,32.21190000000003,32.210000000000036,24.530512820512868,24.150000000000034
2024-09-12,Aqua,31.627500000000033,35.93000000000001,,
2024-09-13,Aqua,,,24.45740000000002,23.910000000000025
2024-09-14,Aqua,36.46320000000004,37.89000000000004,,22.750000000000057
2024-09-15,Aqua,37.07000000000005,35.29000000000002,,
2024-09-17,Aqua,36.91550000000003,37.77000000000004,,
2024-09-19,Aqua,33.52300000000002,36.43000000000001,,
2024-09-20,Aqua,,,21.424358974358984,20.83000000000004
2024-09-23,Aqua,26.970000000000027,28.27000000000004,24.252315789473727,23.77000000000004
2024-09-26,Aqua,,35.23000000000002,25.040100000000013,24.170000000000016
2024-09-27,Aqua,30.810000000000002,36.39000000000004,23.13600000000005,23.05000000000001
2024-09-28,Aqua,28.310000000000002,30.850000000000023,,
2024-09-29,Aqua,35.72250000000003,37.05000000000001,,
2024-10-05,Aqua,,,22.222638888888905,24.29000000000002
2024-10-06,Aqua,34.33250000000003,36.57000000000005,23.470000000000027,23.430000000000007
2024-10-07,Aqua,,29.210000000000036,22.27000000000004,20.850000000000023
2024-10-08,Aqua,31.110000000000014,31.470000000000027,24.647300000000048,24.170000000000016
2024-10-09,Aqua,36.554700000000025,38.89000000000004,,
2024-10-10,Aqua,,,23.649800000000045,23.890000000000043
2024-10-11,Aqua,36.45140000000003,37.83000000000004,22.950000000000045,23.130000000000052
2024-10-12,Aqua,,,24.83690000000004,22.470000000000027
2024-10-13,Aqua,35.28420000000004,35.27000000000004,25.270200000000028,24.710000000000036
2024-10-14,Aqua,38.178500000000035,39.210000000000036,,
2024-10-16,Aqua,32.7845454545455,32.53000000000003,,
2024-10-17,Aqua,,31.690000000000055,22.53000000000003,22.230000000000018
2024-10-20,Aqua,,,24.41890000000003,23.650000000000034
2024-10-21,Aqua,36.02240000000001,37.690000000000055,,
2024-10-23,Aqua,35.372142857142876,35.27000000000004,23.98000000000005,23.99000000000001
2024-10-25,Aqua,28.391666666666715,31.250000000000057,25.146923076923127,23.910000000000025
2024-10-26,Aqua,36.43040000000001,38.03000000000003,,24.05000000000001
2024-10-27,Aqua,,,25.141600000000007,24.07000000000005
2024-10-28,Aqua,33.88304347826088,36.93000000000001,24.74178947368424,24.970000000000027
2024-11-02,Aqua,32.56987878787881,32.950000000000045,,22.910000000000025
2024-11-05,Aqua,36.51470000000002,35.25000000000006,,
2024-11-06,Aqua,,,24.003300000000017,22.79000000000002
2024-11-09,Aqua,,30.390000000000043,24.32840000000003,23.810000000000002
2024-11-12,Aqua,,36.99000000000001,21.74277777777783,21.230000000000018
2024-11-13,Aqua,29.57000000000005,35.33000000000004,24.046900000000015,24.190000000000055
2024-11-15,Aqua,31.250000000000057,31.99000000000001,,
2024-11-16,Aqua,,,23.870000000000005,23.870000000000005
2024-11-21,Aqua,26.645600000000048,28.230000000000018,24.858611111111145,23.450000000000045
2024-12-24,Aqua,30.29000000000002,34.110000000000014,,
2025-02-05,Aqua,38.410000000000025,39.85000000000002,,
2025-02-14,Aqua,,,24.564166666666708,23.470000000000027
2025-02-28,Aqua,31.090000000000032,31.730000000000018,,22.750000000000057
2025-03-01,Aqua,,,21.804358974359012,23.510000000000048
2025-03-02,Aqua,36.888000000000034,40.870000000000005,,
2025-03-06,Aqua,32.309700000000014,36.210000000000036,,
2025-03-11,Aqua,,,25.66326315789476,24.79000000000002
2025-03-12,Aqua,31.99000000000001,37.89000000000004,,
2025-04-01,Aqua,27.650000000000034,33.59000000000003,,
2025-04-03,Aqua,,,23.930000000000007,23.590000000000032
2025-04-05,Aqua,35.07000000000005,30.810000000000002,,
2025-04-06,Aqua,39.210000000000036,37.25000000000006,,
2025-04-12,Aqua,,,23.283000000000037,21.870000000000005
2025-04-13,Aqua,,,22.450000000000045,23.970000000000027
2025-04-15,Aqua,,,22.514400000000034,22.950000000000045
2025-04-16,Aqua,33.01000000000005,30.99000000000001,,
2025-04-25,Aqua,,,22.45884210526317,24.110000000000014
2025-04-26,Aqua,34.491300000000024,36.190000000000055,,
2025-04-27,Aqua,35.90282051282052,35.23000000000002,,
2025-04-28,Aqua,,29.470000000000027,24.119500000000023,23.010000000000048
2025-04-29,Aqua,29.410000000000025,33.870000000000005,,
2025-04-30,Aqua,,,24.220277777777802,23.05000000000001
2025-05-05,Aqua,,,25.365000000000034,24.970000000000027
2025-05-14,Aqua,,,17.470000000000027,17.470000000000027
2025-05-17,Aqua,27.904583333333353,30.230000000000018,,
2025-05-18,Aqua,24.62785714285717,24.130000000000052,,
2025-05-19,Aqua,34.690000000000055,32.47000000000003,,
2025-05-24,Aqua,28.877083333333374,30.07000000000005,,
2025-05-29,Aqua,29.220000000000024,32.31,,
2025-06-03,Aqua,28.908800000000046,28.870000000000005,19.587300000000038,23.670000000000016
2025-06-04,Aqua,29.356944444444476,31.53000000000003,24.710000000000036,22.810000000000002
2025-06-05,Aqua,,32.29000000000002,24.01694736842107,23.390000000000043
2025-06-08,Aqua,28.852700000000034,27.950000000000045,,
2025-06-09,Aqua,,29.930000000000007,21.35350000000002,21.390000000000043
2025-06-10,Aqua,25.730000000000018,27.930000000000007,24.02980000000002,24.05000000000001
2025-06-11,Aqua,34.92743589743594,32.49000000000001,,
2025-06-13,Aqua,27.230000000000018,29.630000000000052,,
2025-06-14,Aqua,,,21.53000000000003,21.53000000000003
2025-06-15,Aqua,28.45980000000005,30.83000000000004,,
2025-06-16,Aqua,30.453600000000055,31.83000000000004,,
2025-06-17,Aqua,,,23.79673684210531,23.150000000000034
2025-06-18,Aqua,27.976700000000033,29.27000000000004,,
2025-06-21,Aqua,28.450000000000045,31.83000000000004,,
2025-06-23,Aqua,,,19.932051282051294,20.370000000000005
2025-06-26,Aqua,28.730000000000018,26.730000000000018,,18.930000000000007
2025-06-29,Aqua,26.970000000000027,30.170000000000016,17.77757894736843,18.970000000000027
2025-06-30,Aqua,26.88610000000004,26.650000000000034,23.653368421052654,22.230000000000018
2025-07-01,Aqua,29.82850000000003,31.730000000000018,,
2025-07-03,Aqua,29.218000000000032,29.750000000000057,19.010000000000048,18.670000000000016
2025-07-06,Aqua,,,19.63926315789478,19.750000000000057
2025-07-08,Aqua,,28.49000000000001,22.396900000000038,22.110000000000014
2025-07-09,Aqua,33.03000000000003,30.250000000000057,,
2025-07-14,Aqua,27.390000000000043,27.53000000000003,,
2025-07-16,Aqua,31.238600000000034,32.47000000000003,,
2025-07-17,Aqua,32.63000000000005,32.63000000000005,17.051700000000032,16.930000000000007
2025-07-18,Aqua,33.07820512820518,32.31,22.197500000000016,20.810000000000002
2025-07-19,Aqua,33.09850000000003,34.25000000000006,,
2025-07-20,Aqua,,,22.03000000000003,21.310000000000002
2025-07-21,Aqua,29.927900000000015,30.03000000000003,,
2025-07-23,Aqua,29.627263157894763,29.99000000000001,23.583750000000055,22.590000000000032
2025-07-24,Aqua,32.862500000000026,33.870000000000005,,
2025-07-26,Aqua,29.038484848484874,31.250000000000057,21.547948717948767,20.79000000000002
2025-07-27,Aqua,27.090000000000032,31.79000000000002,17.57000000000005,18.870000000000005
2025-07-28,Aqua,25.640600000000024,26.410000000000025,23.29540000000002,22.470000000000027
2025-07-29,Aqua,,28.690000000000055,17.038800000000034,15.490000000000009
2025-08-02,Aqua,27.984100000000016,28.410000000000025,18.310000000000002,22.05000000000001
2025-08-03,Aqua,32.33030000000003,33.150000000000034,21.266600000000032,20.630000000000052
2025-08-04,Aqua,,32.690000000000055,22.450000000000045,22.130000000000052
2025-08-05,Aqua,31.406300000000023,32.410000000000025,22.94430000000002,21.99000000000001
2025-08-06,Aqua,32.417700000000046,33.73000000000002,,
2025-08-07,Aqua,28.110000000000014,31.170000000000016,21.07360000000003,20.650000000000034
2025-08-08,Aqua,33.00450000000002,33.870000000000005,,
2025-08-10,Aqua,,,21.730000000000018,22.670000000000016
2025-08-11,Aqua,30.185000000000034,32.650000000000034,,
2025-08-12,Aqua,,,23.07000000000005,21.210000000000036
2025-08-13,Aqua,32.96080000000001,32.75000000000006,20.03000000000003,17.29000000000002
2025-08-14,Aqua,25.79000000000002,32.35000000000002,17.300909090909133,19.630000000000052
2025-08-15,Aqua,29.590500000000013,28.890000000000043,,20.83000000000004
2025-08-16,Aqua,30.200555555555567,33.150000000000034,,
2025-08-18,Aqua,27.410000000000025,31.83000000000004,22.150000000000034,22.07000000000005
2025-08-20,Aqua,,30.810000000000002,22.160900000000026,22.750000000000057
2025-08-21,Aqua,34.48100000000003,35.29000000000002,,
2025-08-22,Aqua,,,22.361794871794878,21.83000000000004
2025-08-23,Aqua,33.84270000000003,35.07000000000005,24.016900000000042,23.510000000000048
2025-08-24,Aqua,35.81,34.89000000000004,,
2025-08-25,Aqua,30.670000000000016,31.810000000000002,,
2025-08-26,Aqua,29.310000000000002,33.650000000000034,,19.310000000000002
2025-08-28,Aqua,,29.510000000000048,21.45307692307694,20.670000000000016
2025-08-30,Aqua,,,20.957692307692337,20.410000000000025
2025-08-31,Aqua,32.829200000000036,34.43000000000001,20.350000000000023,20.03000000000003
2025-09-01,Aqua,,,18.462307692307714,20.470000000000027
2025-09-02,Aqua,29.750000000000057,31.310000000000002,20.842083333333346,22.370000000000005
2025-09-03,Aqua,34.58040000000003,35.170000000000016,,
2025-09-04,Aqua,,30.390000000000043,23.986500000000035,22.510000000000048
2025-09-05,Aqua,34.536700000000046,34.07000000000005,18.912051282051305,18.55000000000001
2025-09-10,Aqua,23.49000000000001,24.53000000000003,,
2025-09-12,Aqua,26.510000000000048,30.33000000000004,23.259900000000016,22.310000000000002
2025-09-13,Aqua,32.897700000000036,34.89000000000004,,
2025-09-15,Aqua,31.173200000000037,30.27000000000004,,13.29000000000002
2025-09-16,Aqua,,,21.891800000000035,21.410000000000025
2025-09-20,Aqua,,,23.413589743589753,23.130000000000052
2025-09-21,Aqua,,32.55000000000001,22.57000000000005,22.49000000000001
2025-09-23,Aqua,32.545500000000025,35.49000000000001,21.150000000000034,21.890000000000043
2025-09-25,Aqua,,,22.455500000000015,20.53000000000003
2025-09-26,Aqua,,28.03000000000003,19.690000000000055,19.510000000000048
2025-09-28,Aqua,27.650000000000034,31.83000000000004,21.66150000000005,20.750000000000057
2025-10-02,Aqua,32.670000000000016,33.170000000000016,,21.090000000000032
2025-10-03,Aqua,35.794800000000045,36.99000000000001,13.770000000000039,12.53000000000003
2025-10-05,Aqua,,32.49000000000001,24.970000000000027,23.670000000000016
2025-10-06,Aqua,30.304782608695664,29.710000000000036,,
2025-10-07,Aqua,,,24.163400000000035,22.690000000000055
2025-10-08,Aqua,35.50380000000004,35.99000000000001,23.284100000000006,22.750000000000057
2025-10-13,Aqua,35.12150000000003,35.39000000000004,24.106842105263183,23.99000000000001
2025-10-14,Aqua,,33.81,18.578631578947412,22.250000000000057
2025-10-15,Aqua,,28.670000000000016,23.301400000000033,24.010000000000048
2025-10-16,Aqua,34.92800000000002,35.55000000000001,,
2025-10-17,Aqua,,,24.877500000000037,23.57000000000005
2025-10-23,Aqua,31.897200000000044,31.410000000000025,,
2025-12-03,Aqua,,,22.70570000000002,22.170000000000016
2025-12-06,Aqua,38.343052631578985,34.650000000000034,,
2026-02-03,Aqua,29.930000000000007,32.47000000000003,22.241200000000024,22.870000000000005
2026-03-06,Aqua,37.55550000000002,36.07000000000005,,
2026-03-11,Aqua,29.953750000000017,31.730000000000018,,
2026-03-18,Aqua,,,19.390000000000043,21.27000000000004
2026-03-19,Aqua,27.629800000000024,28.590000000000032,,
2026-03-21,Aqua,,,21.950000000000045,21.890000000000043
2026-03-29,Aqua,31.976956521739144,33.690000000000055,24.363888888888923,24.07000000000005
2026-03-30,Aqua,28.890000000000043,32.05000000000001,,22.910000000000025
2026-04-01,Aqua,31.346428571428604,33.610000000000014,,22.170000000000016
2026-04-03,Aqua,,,25.194200000000027,23.310000000000002
2026-04-09,Aqua,30.102173913043515,30.930000000000007,,
2026-04-11,Aqua,31.913400000000028,33.57000000000005,24.914484848484893,24.110000000000014
2026-04-13,Aqua,31.879000000000033,32.170000000000016,25.175100000000036,24.090000000000032
2026-04-14,Aqua,34.413300000000035,35.77000000000004,,
2026-04-15,Aqua,,,23.858100000000036,22.57000000000005
2026-04-16,Aqua,33.31190000000002,34.07000000000005,24.78810526315791,24.250000000000057
2026-04-17,Aqua,33.775400000000026,35.13000000000005,23.220138888888908,22.83000000000004
2026-04-19,Aqua,33.8281944444445,34.83000000000004,,
2026-04-23,Aqua,,,24.090000000000032,23.670000000000016
2026-04-24,Aqua,33.79000000000002,32.85000000000002,24.910000000000025,24.53000000000003
2026-04-25,Aqua,,30.810000000000002,22.810000000000002,23.130000000000052
2026-05-01,Aqua,,26.470000000000027,24.233500000000046,23.350000000000023
2026-05-02,Aqua,,31.430000000000007,20.890000000000043,21.05000000000001
2026-05-04,Aqua,,31.49000000000001,22.805500000000023,23.55000000000001
2026-05-06,Aqua,,,24.978205128205154,24.410000000000025
2026-05-07,Aqua,32.773900000000026,33.450000000000045,17.590000000000032,17.010000000000048
2026-05-08,Aqua,,,24.62050000000004,23.49000000000001
2026-05-10,Aqua,25.680000000000014,27.610000000000014,,
2026-05-11,Aqua,,,22.66179487179489,21.33000000000004
2026-05-12,Aqua,30.487300000000037,31.010000000000048,20.610000000000014,20.010000000000048
2026-05-14,Aqua,,,24.715500000000016,24.170000000000016
2026-05-15,Aqua,30.762777777777824,33.190000000000055,,14.390000000000043
2026-05-17,Aqua,25.475000000000005,24.910000000000025,,
2026-05-19,Aqua,,,23.31340000000003,23.510000000000048
2026-05-20,Aqua,30.04620000000005,31.07000000000005,22.686100000000046,22.610000000000014
2026-05-21,Aqua,,,22.224027777777803,21.53000000000003
2026-05-22,Aqua,25.79000000000002,28.850000000000023,,
2026-05-24,Aqua,,,22.48480000000004,22.390000000000043
2026-05-25,Aqua,,,18.27000000000004,18.090000000000032
2026-05-26,Aqua,,27.83000000000004,21.238600000000034,19.610000000000014
2026-05-27,Aqua,29.705700000000025,30.310000000000002,,20.850000000000023
2026-05-28,Aqua,30.603571428571446,32.07000000000005,,
2026-05-29,Aqua,,,20.88333333333336,20.610000000000014
2026-05-30,Aqua,31.64960000000003,32.73000000000002,21.227083333333347,20.910000000000025
2026-05-31,Aqua,31.159100000000045,32.450000000000045,,21.510000000000048
2026-06-02,Aqua,32.33000000000004,30.590000000000032,11.997789473684234,18.170000000000016
2026-06-03,Aqua,,,22.559230769230798,22.130000000000052
2026-06-04,Aqua,29.68270000000004,30.510000000000048,,23.890000000000043
2026-06-05,Aqua,31.82460000000004,32.51000000000005,,
2026-06-06,Aqua,,,21.81410256410257,21.27000000000004
2026-06-07,Aqua,31.291900000000023,32.210000000000036,23.26170000000002,22.870000000000005
2026-06-08,Aqua,,30.810000000000002,22.804000000000016,22.710000000000036
2026-06-09,Aqua,,,23.601600000000044,22.390000000000043
2026-06-10,Aqua,32.63000000000005,31.730000000000018,,
2026-06-12,Aqua,25.61010000000001,25.750000000000057,,
2026-06-14,Aqua,29.74880000000003,30.310000000000002,24.35480000000003,23.29000000000002
2026-06-15,Aqua,31.70670000000004,32.210000000000036,22.61910000000005,22.410000000000025
2026-06-16,Aqua,30.010000000000048,30.05000000000001,23.42200000000003,22.710000000000036
2026-06-17,Aqua,31.675052631578954,31.53000000000003,23.404800000000037,21.390000000000043
2026-06-18,Aqua,29.754606060606083,31.27000000000004,,
2026-06-20,Aqua,31.63920000000002,30.650000000000034,,22.49000000000001
2026-06-21,Aqua,,,22.650000000000034,22.27000000000004
2026-06-22,Aqua,28.71720000000003,28.630000000000052,24.382600000000014,23.610000000000014
2026-06-23,Aqua,29.210000000000036,32.05000000000001,,
2026-06-27,Aqua,27.237600000000043,28.930000000000007,21.39513888888892,22.910000000000025
2026-06-28,Aqua,30.857500000000012,30.77000000000004,22.25480000000004,22.130000000000052
2026-06-29,Aqua,,29.590000000000032,19.405600000000025,19.110000000000014
2026-06-30,Aqua,30.749900000000025,32.03000000000003,21.883473684210546,21.250000000000057
2026-07-01,Aqua,33.210000000000036,31.690000000000055,,
2026-07-02,Aqua,26.76150000000003,28.010000000000048,21.970000000000027,21.350000000000023
2026-07-03,Aqua,,30.610000000000014,22.024871794871846,21.630000000000052
2026-07-04,Aqua,,28.79000000000002,22.746631578947397,21.930000000000007
2026-07-05,Aqua,30.86800000000002,30.55000000000001,23.462300000000024,22.49000000000001
2026-07-06,Aqua,32.81,31.670000000000016,,
2026-07-07,Aqua,,,23.613600000000023,22.870000000000005
2026-07-08,Aqua,30.707000000000026,29.730000000000018,23.83320000000003,23.27000000000004
2026-07-09,Aqua,27.670000000000016,30.350000000000023,18.110200000000024,17.250000000000057
2026-07-10,Aqua,27.415200000000027,29.090000000000032,21.312916666666677,19.350000000000023
2026-07-11,Aqua,,31.29000000000002,21.26400000000001,21.29000000000002
2026-07-12,Aqua,,,23.29810000000002,21.650000000000034
2026-07-13,Aqua,29.668400000000034,30.130000000000052,21.785500000000017,20.750000000000057
2026-07-14,Aqua,32.58846153846157,31.610000000000014,,
2026-07-15,Aqua,,,23.53590000000002,23.470000000000027
2026-07-16,Aqua,31.73570000000004,32.31,21.774300000000014,20.850000000000023
2026-07-17,Aqua,29.299743589743596,29.310000000000002,17.350000000000023,20.690000000000055
2026-07-18,Aqua,29.499700000000026,30.010000000000048,,16.55000000000001
2026-07-20,Aqua,,,23.26076923076927,22.27000000000004
2026-07-21,Aqua,,,21.275641025641047,21.27000000000004
2026-07-23,Aqua,28.195700000000027,28.49000000000001,,20.99000000000001
2026-07-24,Aqua,30.28810000000001,30.510000000000048,20.012051282051328,20.470000000000027
2026-07-25,Aqua,,,23.011052631578988,22.29000000000002
2026-07-29,Aqua,29.475800000000042,29.49000000000001,19.245200000000022,20.99000000000001
2026-07-31,Aqua,29.466600000000025,30.07000000000005,18.590000000000032,18.470000000000027
2026-08-01,Aqua,29.014861111111127,30.230000000000018,,
2026-08-02,Aqua,,,22.418900000000036,23.510000000000048
2026-08-03,Aqua,30.61010000000001,32.23000000000002,22.88960000000003,22.670000000000016
2026-08-04,Aqua,27.850000000000023,29.210000000000036,22.95390000000004,22.53000000000003
2026-08-05,Aqua,30.646600000000042,30.950000000000045,22.707575757575803,22.690000000000055
2026-08-06,Aqua,31.569100000000024,32.27000000000004,,
2026-08-08,Aqua,30.178600000000014,31.110000000000014,,20.210000000000036
2026-08-09,Aqua,32.09000000000003,30.77000000000004,20.45421052631582,20.49000000000001
2026-08-10,Aqua,27.595500000000033,28.630000000000052,21.344583333333354,21.850000000000023
2026-08-11,Aqua,31.44470000000003,32.410000000000025,20.9664102564103,21.07000000000005
2026-08-12,Aqua,30.730000000000018,30.730000000000018,,
2026-08-13,Aqua,29.385000000000012,30.57000000000005,23.270421052631622,22.57000000000005
2026-08-15,Aqua,,,23.012400000000028,22.510000000000048
2026-08-16,Aqua,31.256500000000027,32.110000000000014,,21.090000000000032
2026-08-17,Aqua,,30.090000000000032,22.805500000000023,21.850000000000023
2026-08-18,Aqua,30.063000000000027,30.77000000000004,20.850000000000023,21.55000000000001
2026-08-20,Aqua,,,23.52200000000004,23.110000000000014
2026-08-21,Aqua,31.042700000000035,32.29000000000002,22.598300000000044,21.750000000000057
2026-08-22,Aqua,,,21.610000000000014,21.470000000000027
2026-08-23,Aqua,29.863400000000027,30.390000000000043,23.32690000000002,22.690000000000055
2026-08-24,Aqua,33.02240000000003,32.75000000000006,20.443200000000033,21.170000000000016
2026-08-25,Aqua,30.150000000000034,30.810000000000002,,
2026-08-26,Aqua,31.817300000000014,32.77000000000004,23.37821052631581,22.750000000000057
2026-08-27,Aqua,30.52902777777781,33.47000000000003,,
2026-08-28,Aqua,,,22.716315789473704,21.730000000000018
2026-08-29,Aqua,30.427500000000016,30.650000000000034,22.55750000000005,22.230000000000018
2026-08-30,Aqua,,32.05000000000001,22.31830000000004,21.930000000000007
2026-08-31,Aqua,29.003000000000032,28.99000000000001,23.81040000000004,23.190000000000055
2026-09-01,Aqua,32.48357142857145,32.85000000000002,,
2026-09-02,Aqua,,,23.412105263157933,22.910000000000025
2026-09-03,Aqua,31.54050000000002,33.110000000000014,20.70070000000002,21.390000000000043
2026-09-04,Aqua,32.450000000000045,32.170000000000016,21.183846153846176,19.730000000000018
2026-09-05,Aqua,,30.33000000000004,17.668055555555586,21.57000000000005
2026-09-06,Aqua,,,16.730000000000018,16.730000000000018
2026-09-07,Aqua,,,20.49800000000003,21.05000000000001
2026-09-08,Aqua,24.710000000000036,25.77000000000004,19.750000000000057,20.33000000000004
2026-09-09,Aqua,31.230000000000018,31.090000000000032,,
2026-09-10,Aqua,,24.970000000000027,22.451538461538487,22.370000000000005
2026-09-11,Aqua,30.04860000000005,31.430000000000007,,20.890000000000043
2026-09-12,Aqua,31.579743589743618,31.630000000000052,,21.05000000000001
2026-09-13,Aqua,30.46690000000005,31.55000000000001,24.46536842105266,24.010000000000048
