date,tpa_nama,sensor,day_tpa,day_ring,night_tpa,night_ring
2019-01-07,Tamangapa,Terra,35.798163265306144,32.650000000000034,,
2019-02-15,Tamangapa,Terra,32.93000000000001,33.49000000000001,23.22877551020413,22.950000000000045
2019-02-17,Tamangapa,Terra,,,24.74673469387758,23.750000000000057
2019-02-19,Tamangapa,Terra,,,25.890000000000043,24.230000000000018
2019-03-06,Tamangapa,Terra,35.190000000000055,34.150000000000034,,
2019-03-19,Tamangapa,Terra,,,23.878979591836742,24.070000000000054
2019-04-15,Tamangapa,Terra,,,24.690000000000055,24.910000000000025
2019-04-18,Tamangapa,Terra,36.75448979591841,34.75000000000006,,23.470000000000027
2019-04-20,Tamangapa,Terra,39.01000000000005,38.450000000000045,,
2019-05-06,Tamangapa,Terra,36.514081632653095,34.51000000000005,23.094489795918374,22.470000000000024
2019-05-10,Tamangapa,Terra,32.01000000000005,33.27000000000004,,
2019-05-11,Tamangapa,Terra,35.58673469387758,35.63000000000005,,25.310000000000002
2019-05-12,Tamangapa,Terra,,,24.910000000000025,25.130000000000052
2019-05-13,Tamangapa,Terra,36.19653061224493,35.450000000000045,,
2019-05-17,Tamangapa,Terra,34.696530612244935,34.57000000000005,,
2019-05-18,Tamangapa,Terra,34.12632653061229,33.81,,23.450000000000045
2019-05-19,Tamangapa,Terra,34.63530612244902,34.09000000000003,,26.230000000000018
2019-05-20,Tamangapa,Terra,32.51000000000005,32.47000000000003,,25.650000000000034
2019-05-28,Tamangapa,Terra,33.59000000000003,33.150000000000034,,
2019-05-31,Tamangapa,Terra,35.63979591836736,34.870000000000005,,
2019-06-06,Tamangapa,Terra,,,23.22551020408166,23.210000000000036
2019-06-07,Tamangapa,Terra,33.718979591836764,33.47000000000003,,
2019-06-11,Tamangapa,Terra,,,23.7748979591837,23.650000000000034
2019-06-16,Tamangapa,Terra,35.77775510204085,34.69227074235813,,23.05000000000001
2019-06-18,Tamangapa,Terra,,30.230000000000018,22.78551020408167,22.690000000000055
2019-06-20,Tamangapa,Terra,,,23.00591836734696,22.950000000000045
2019-06-23,Tamangapa,Terra,36.020204081632684,35.110000000000014,24.910000000000025,24.53000000000003
2019-06-25,Tamangapa,Terra,34.24183673469389,33.83000000000004,,22.83000000000004
2019-06-26,Tamangapa,Terra,32.64142857142862,32.25000000000006,,
2019-06-27,Tamangapa,Terra,32.63571428571433,32.23000000000002,,23.99000000000001
2019-06-28,Tamangapa,Terra,35.59448979591837,35.31,,22.870000000000005
2019-06-29,Tamangapa,Terra,33.19163265306126,32.370000000000005,22.410000000000025,22.090000000000032
2019-07-05,Tamangapa,Terra,33.3157142857143,33.170000000000016,22.66959183673471,22.950000000000045
2019-07-06,Tamangapa,Terra,32.10755102040819,32.59000000000003,,22.730000000000018
2019-07-07,Tamangapa,Terra,36.06755102040818,35.33000000000004,,21.620000000000033
2019-07-08,Tamangapa,Terra,,,23.49000000000001,23.510000000000048
2019-07-09,Tamangapa,Terra,33.298979591836755,32.690000000000055,,23.110000000000014
2019-07-11,Tamangapa,Terra,35.286734693877584,34.142289156626546,,22.910000000000025
2019-07-14,Tamangapa,Terra,29.49000000000001,32.29000000000002,,22.210000000000036
2019-07-15,Tamangapa,Terra,30.57000000000005,30.03000000000003,,20.090000000000032
2019-07-16,Tamangapa,Terra,35.89857142857148,35.25000000000006,,
2019-07-20,Tamangapa,Terra,34.922244897959224,34.89000000000004,23.870000000000005,23.910000000000025
2019-07-21,Tamangapa,Terra,35.60224489795923,35.670000000000016,,22.130000000000052
2019-07-22,Tamangapa,Terra,33.32795918367349,33.85684563758391,,21.090000000000032
2019-07-23,Tamangapa,Terra,36.441020408163304,35.610000000000014,,21.55000000000001
2019-07-24,Tamangapa,Terra,,,21.478571428571456,21.730000000000018
2019-07-25,Tamangapa,Terra,36.84877551020409,36.01000000000005,,
2019-07-27,Tamangapa,Terra,36.502244897959216,36.04863636363637,23.83000000000004,23.710000000000036
2019-07-28,Tamangapa,Terra,36.24020408163269,35.92103690685414,,21.930000000000007
2019-07-29,Tamangapa,Terra,35.48673469387756,35.31,,23.49000000000001
2019-07-30,Tamangapa,Terra,37.12877551020411,37.33000000000004,,21.79000000000002
2019-07-31,Tamangapa,Terra,33.57000000000005,32.450000000000045,22.230000000000018,22.55000000000001
2019-08-01,Tamangapa,Terra,,30.05000000000001,20.869591836734738,21.210000000000036
2019-08-02,Tamangapa,Terra,,,21.83000000000004,22.010000000000048
2019-08-03,Tamangapa,Terra,37.550000000000026,37.85000000000002,,22.210000000000036
2019-08-04,Tamangapa,Terra,34.46387755102043,35.190000000000055,,
2019-08-05,Tamangapa,Terra,35.93204081632658,36.19344155844161,,23.03000000000003
2019-08-06,Tamangapa,Terra,35.78714285714289,35.31,,21.110000000000014
2019-08-08,Tamangapa,Terra,36.10836734693883,35.690000000000055,,23.370000000000005
2019-08-10,Tamangapa,Terra,38.519387755102066,38.47000000000003,,
2019-08-12,Tamangapa,Terra,37.99326530612248,38.30000000000001,,24.27000000000004
2019-08-13,Tamangapa,Terra,36.79040816326533,36.80935483870968,,20.79000000000002
2019-08-14,Tamangapa,Terra,37.08102040816329,37.43000000000001,23.710000000000036,23.99000000000001
2019-08-15,Tamangapa,Terra,38.96428571428575,39.31,,
2019-08-16,Tamangapa,Terra,35.31122448979595,35.75851574212898,,24.210000000000036
2019-08-17,Tamangapa,Terra,37.23530612244899,37.31,22.426734693877577,22.79000000000002
2019-08-19,Tamangapa,Terra,40.27489795918369,39.23000000000002,,
2019-08-21,Tamangapa,Terra,37.84102040816328,37.071850533807876,23.130000000000052,23.350000000000023
2019-08-22,Tamangapa,Terra,38.41693877551024,38.450000000000045,,
2019-08-24,Tamangapa,Terra,38.893673469387764,38.73000000000002,,
2019-08-26,Tamangapa,Terra,39.841020408163295,39.35000000000002,,23.29000000000002
2019-08-28,Tamangapa,Terra,39.715306122449014,39.77000000000004,21.88102040816329,21.77000000000004
2019-08-29,Tamangapa,Terra,38.52918367346941,38.79000000000002,19.403877551020432,19.350000000000023
2019-08-30,Tamangapa,Terra,37.35612244897963,38.150000000000034,,23.670000000000016
2019-08-31,Tamangapa,Terra,38.38142857142863,37.92666666666668,,
2019-09-02,Tamangapa,Terra,40.97408163265311,40.99000000000001,,23.150000000000034
2019-09-03,Tamangapa,Terra,,,21.674081632653106,21.750000000000057
2019-09-04,Tamangapa,Terra,41.881428571428614,41.650000000000034,,
2019-09-06,Tamangapa,Terra,39.25000000000006,40.950000000000045,,
2019-09-07,Tamangapa,Terra,38.95530612244902,38.73000000000002,21.410000000000025,22.150000000000034
2019-09-08,Tamangapa,Terra,38.09734693877553,38.39000000000004,,24.390000000000043
2019-09-09,Tamangapa,Terra,41.47000000000004,41.370000000000005,,22.470000000000027
2019-09-11,Tamangapa,Terra,43.37816326530617,42.076944444444486,,
2019-09-12,Tamangapa,Terra,34.47000000000003,35.47000000000003,,
2019-09-13,Tamangapa,Terra,42.76183673469392,42.224382022471936,,21.79000000000002
2019-09-14,Tamangapa,Terra,38.47000000000003,38.55000000000001,,21.470000000000027
2019-09-15,Tamangapa,Terra,40.64591836734697,40.910000000000025,,24.470000000000027
2019-09-16,Tamangapa,Terra,41.45816326530616,40.903333333333364,,
2019-09-17,Tamangapa,Terra,34.69285714285719,36.670000000000016,,25.250000000000057
2019-09-18,Tamangapa,Terra,44.10591836734698,41.700000000000045,,22.05000000000001
2019-09-20,Tamangapa,Terra,43.90591836734696,43.410000000000025,,
2019-09-22,Tamangapa,Terra,41.72428571428575,40.05000000000001,,25.03000000000003
2019-09-24,Tamangapa,Terra,37.41571428571432,39.35000000000002,,24.910000000000025
2019-09-25,Tamangapa,Terra,36.83000000000004,40.49000000000001,,23.890000000000043
2019-09-29,Tamangapa,Terra,42.27000000000004,41.76793865030679,22.410000000000025,22.55000000000001
2019-09-30,Tamangapa,Terra,38.86346938775514,39.870000000000005,,
2019-10-01,Tamangapa,Terra,39.98836734693881,40.78212290502796,25.650000000000034,26.150000000000034
2019-10-03,Tamangapa,Terra,38.53938775510207,38.450000000000045,,25.230000000000018
2019-10-04,Tamangapa,Terra,44.20959183673472,42.272040816326566,,24.29000000000002
2019-10-07,Tamangapa,Terra,38.13693877551023,38.75000000000006,,
2019-10-08,Tamangapa,Terra,41.621836734693886,42.110000000000014,,24.53000000000003
2019-10-09,Tamangapa,Terra,38.56918367346944,38.95761194029855,23.64959183673471,23.810000000000002
2019-10-11,Tamangapa,Terra,41.98918367346944,41.870000000000005,,
2019-10-13,Tamangapa,Terra,42.358571428571466,40.77000000000004,,24.890000000000043
2019-10-15,Tamangapa,Terra,46.49816326530617,45.75000000000006,,23.05000000000001
2019-10-16,Tamangapa,Terra,37.81693877551022,37.761693290734875,,
2019-10-17,Tamangapa,Terra,39.9361224489796,40.170000000000016,,
2019-10-18,Tamangapa,Terra,42.99571428571429,40.72000000000003,,22.850000000000023
2019-10-20,Tamangapa,Terra,44.36918367346942,42.49000000000001,,24.810000000000002
2019-10-22,Tamangapa,Terra,42.6410204081633,42.210000000000036,,23.950000000000045
2019-10-23,Tamangapa,Terra,38.3344897959184,39.83000000000004,,
2019-10-24,Tamangapa,Terra,42.01816326530616,41.670000000000016,,25.57000000000005
2019-10-25,Tamangapa,Terra,35.5887755102041,39.370000000000005,,
2019-10-29,Tamangapa,Terra,41.82183673469389,41.8544604316547,,24.390000000000043
2019-10-31,Tamangapa,Terra,43.49979591836739,43.150000000000034,,
2019-11-02,Tamangapa,Terra,,,24.730000000000018,24.950000000000045
2019-11-03,Tamangapa,Terra,38.512040816326554,37.710000000000036,23.925918367346984,24.79000000000002
2019-11-05,Tamangapa,Terra,43.43489795918371,41.150000000000034,,22.170000000000016
2019-11-07,Tamangapa,Terra,44.08591836734697,41.93000000000001,,
2019-11-09,Tamangapa,Terra,38.55938775510207,39.29000000000002,,
2019-11-14,Tamangapa,Terra,,38.370000000000005,24.230000000000018,24.79000000000002
2019-11-16,Tamangapa,Terra,38.685510204081666,39.87000000000001,,24.03000000000003
2019-11-17,Tamangapa,Terra,34.636530612244925,35.07000000000005,22.910000000000025,22.890000000000043
2019-11-18,Tamangapa,Terra,35.93000000000001,33.83000000000004,,26.010000000000048
2019-11-19,Tamangapa,Terra,36.98020408163267,36.110000000000014,,24.750000000000057
2019-11-20,Tamangapa,Terra,39.18755102040818,38.53000000000003,,26.430000000000007
2019-11-21,Tamangapa,Terra,,41.09000000000003,23.359387755102087,23.55000000000001
2019-11-23,Tamangapa,Terra,43.90591836734695,41.710000000000036,,26.410000000000025
2019-11-25,Tamangapa,Terra,37.89000000000004,36.710000000000036,,24.510000000000048
2019-11-26,Tamangapa,Terra,37.8761224489796,36.91129870129873,,
2019-11-28,Tamangapa,Terra,35.43000000000001,36.25000000000006,,
2019-11-30,Tamangapa,Terra,38.105918367346995,38.85000000000002,,
2019-12-07,Tamangapa,Terra,,,23.926326530612286,23.83000000000004
2019-12-09,Tamangapa,Terra,37.03775510204084,36.170000000000016,,
2019-12-16,Tamangapa,Terra,38.27775510204085,37.01000000000005,,
2020-01-14,Tamangapa,Terra,,,25.011632653061245,24.690000000000055
2020-01-24,Tamangapa,Terra,36.69693877551022,35.14085846867754,,23.950000000000045
2020-03-11,Tamangapa,Terra,35.81,35.35000000000002,,
2020-03-12,Tamangapa,Terra,36.75367346938777,34.51000000000005,,
2020-04-06,Tamangapa,Terra,37.08020408163269,35.97283582089555,,
2020-04-15,Tamangapa,Terra,36.222244897959214,34.13000000000005,,
2020-04-17,Tamangapa,Terra,,42.210000000000036,24.890000000000043,24.650000000000034
2020-04-20,Tamangapa,Terra,34.96020408163268,32.81,,23.750000000000057
2020-04-29,Tamangapa,Terra,36.450000000000045,33.43000000000001,24.634897959183718,24.33000000000004
2020-05-08,Tamangapa,Terra,36.68714285714288,34.97514631685169,,
2020-05-10,Tamangapa,Terra,,32.99000000000001,25.310000000000002,23.730000000000018
2020-05-12,Tamangapa,Terra,32.87163265306127,33.190000000000055,,24.49000000000001
2020-05-26,Tamangapa,Terra,,37.53000000000003,25.33816326530616,24.870000000000005
2020-06-02,Tamangapa,Terra,35.634081632653086,33.398888888888926,,
2020-06-03,Tamangapa,Terra,31.9340816326531,31.89000000000004,,
2020-06-04,Tamangapa,Terra,32.96591836734695,32.47000000000003,24.930000000000007,24.410000000000025
2020-06-05,Tamangapa,Terra,32.870000000000005,31.33000000000004,,11.710000000000036
2020-06-07,Tamangapa,Terra,34.63979591836738,33.110000000000014,23.05040816326532,23.390000000000043
2020-06-09,Tamangapa,Terra,33.862653061224535,33.59000000000003,,22.03000000000003
2020-06-11,Tamangapa,Terra,34.566326530612265,33.83000000000004,,23.110000000000014
2020-06-18,Tamangapa,Terra,34.63816326530617,33.830270793036796,,
2020-06-21,Tamangapa,Terra,31.650000000000034,32.110000000000014,,
2020-06-23,Tamangapa,Terra,33.99530612244901,33.35000000000002,,24.010000000000048
2020-06-25,Tamangapa,Terra,35.37857142857148,33.870000000000005,,
2020-06-27,Tamangapa,Terra,34.11367346938779,33.22926509186354,,
2020-06-30,Tamangapa,Terra,,31.970000000000027,21.132857142857187,21.350000000000023
2020-07-02,Tamangapa,Terra,30.910000000000025,32.55000000000001,23.05000000000001,23.350000000000023
2020-07-04,Tamangapa,Terra,35.259387755102075,33.870000000000005,22.110000000000014,22.510000000000048
2020-07-14,Tamangapa,Terra,30.27000000000004,30.850000000000023,,
2020-07-20,Tamangapa,Terra,35.254081632653104,34.55000000000001,,22.310000000000002
2020-07-22,Tamangapa,Terra,,34.210000000000036,22.890000000000043,23.150000000000034
2020-07-23,Tamangapa,Terra,32.710000000000036,32.690000000000055,22.612857142857177,22.950000000000045
2020-07-24,Tamangapa,Terra,32.474081632653096,31.27000000000004,,
2020-07-25,Tamangapa,Terra,34.51122448979594,33.93000000000001,,
2020-07-27,Tamangapa,Terra,,33.07000000000005,23.670000000000016,23.57000000000005
2020-07-29,Tamangapa,Terra,36.08020408163269,35.33000000000004,,22.890000000000043
2020-08-01,Tamangapa,Terra,,23.83000000000004,21.370000000000005,21.590000000000032
2020-08-02,Tamangapa,Terra,,31.010000000000048,23.184693877551027,23.170000000000016
2020-08-03,Tamangapa,Terra,37.26918367346942,36.450000000000045,,
2020-08-05,Tamangapa,Terra,36.475306122449,35.670000000000016,,
2020-08-07,Tamangapa,Terra,35.461020408163286,35.27000000000004,,
2020-08-12,Tamangapa,Terra,37.02795918367352,36.670000000000016,,
2020-08-14,Tamangapa,Terra,36.071224489795945,35.710000000000036,,22.950000000000045
2020-08-15,Tamangapa,Terra,35.54795918367351,34.91579387186632,,
2020-08-17,Tamangapa,Terra,37.110000000000014,36.610000000000014,22.90551020408167,23.390000000000043
2020-08-19,Tamangapa,Terra,38.33204081632657,37.48416666666668,22.370000000000005,22.53000000000003
2020-08-21,Tamangapa,Terra,38.71530612244902,37.83610354223437,,23.33000000000004
2020-08-23,Tamangapa,Terra,39.3222448979592,39.27000000000004,,22.57000000000005
2020-08-24,Tamangapa,Terra,38.095306122449,37.92146042363435,,24.310000000000002
2020-08-25,Tamangapa,Terra,36.66877551020412,37.51000000000005,,23.150000000000034
2020-08-26,Tamangapa,Terra,39.2148979591837,38.81,,22.690000000000055
2020-08-28,Tamangapa,Terra,40.007551020408194,38.99000000000001,23.33000000000004,23.930000000000007
2020-08-30,Tamangapa,Terra,38.28306122448982,38.30147540983608,,
2020-09-04,Tamangapa,Terra,38.690000000000055,36.81,,22.49000000000001
2020-09-06,Tamangapa,Terra,38.782244897959224,37.03000000000003,,22.670000000000016
2020-09-09,Tamangapa,Terra,37.150000000000034,36.410000000000025,21.627142857142896,21.910000000000025
2020-09-10,Tamangapa,Terra,38.690000000000055,36.01000000000005,,24.450000000000045
2020-09-11,Tamangapa,Terra,38.29326530612247,34.49000000000001,22.41244897959185,22.75000000000006
2020-09-13,Tamangapa,Terra,42.1471428571429,40.05000000000001,,22.99000000000001
2020-09-15,Tamangapa,Terra,41.84183673469391,41.198864628821006,21.970816326530663,22.83000000000004
2020-09-16,Tamangapa,Terra,38.28469387755106,37.23000000000002,,
2020-09-20,Tamangapa,Terra,38.78387755102044,36.89000000000004,,
2020-09-22,Tamangapa,Terra,38.53775510204085,37.97000000000003,,22.53000000000003
2020-09-25,Tamangapa,Terra,,,21.76877551020411,21.83000000000004
2020-09-27,Tamangapa,Terra,,31.33000000000004,23.83000000000004,23.930000000000007
2020-10-02,Tamangapa,Terra,37.57448979591838,37.650000000000034,23.77000000000004,23.310000000000002
2020-10-03,Tamangapa,Terra,39.31979591836736,40.13000000000005,,
2020-10-11,Tamangapa,Terra,34.54346938775511,35.27571428571432,,23.29000000000002
2020-10-12,Tamangapa,Terra,36.159795918367394,35.281666666666695,,24.470000000000027
2020-10-15,Tamangapa,Terra,38.23816326530615,38.05000000000001,,
2020-10-17,Tamangapa,Terra,40.96061224489798,38.31,,
2020-10-20,Tamangapa,Terra,36.35285714285717,35.93000000000001,,
2020-10-22,Tamangapa,Terra,40.4944897959184,39.64931818181821,,24.850000000000023
2020-10-26,Tamangapa,Terra,38.554489795918414,38.63000000000005,,
2020-10-28,Tamangapa,Terra,36.13000000000005,35.05000000000001,,23.650000000000034
2020-10-29,Tamangapa,Terra,40.27857142857147,37.710000000000036,,
2020-11-02,Tamangapa,Terra,,,22.910000000000025,22.450000000000045
2020-11-07,Tamangapa,Terra,36.83081632653063,35.33000000000004,,
2020-11-09,Tamangapa,Terra,38.45979591836737,38.35000000000002,,
2020-11-11,Tamangapa,Terra,39.30510204081635,39.22344262295084,,
2020-11-13,Tamangapa,Terra,,,24.170000000000016,24.170000000000016
2020-11-16,Tamangapa,Terra,38.812448979591885,36.81,,24.690000000000055
2021-03-18,Tamangapa,Terra,34.370000000000005,34.27000000000004,,
2021-04-14,Tamangapa,Terra,35.03000000000003,33.51000000000005,,
2021-04-15,Tamangapa,Terra,,,24.57000000000005,24.29000000000002
2021-04-16,Tamangapa,Terra,38.066734693877606,37.09000000000003,,23.670000000000016
2021-04-23,Tamangapa,Terra,32.81,33.77000000000004,,24.190000000000055
2021-04-25,Tamangapa,Terra,37.162653061224525,36.110000000000014,,24.890000000000043
2021-04-27,Tamangapa,Terra,37.15571428571431,36.39000000000004,,23.890000000000043
2021-04-30,Tamangapa,Terra,36.05244897959185,35.05000000000001,,25.170000000000016
2021-05-02,Tamangapa,Terra,35.93000000000001,33.650000000000034,,23.970000000000027
2021-05-04,Tamangapa,Terra,37.64102040816331,36.670000000000016,,
2021-05-11,Tamangapa,Terra,,,24.450000000000045,23.27000000000004
2021-05-20,Tamangapa,Terra,,,23.27000000000004,22.470000000000027
2021-05-22,Tamangapa,Terra,34.438163265306166,33.2969293478261,,23.750000000000057
2021-05-25,Tamangapa,Terra,36.38632653061229,34.98000000000002,23.263061224489824,23.910000000000025
2021-05-27,Tamangapa,Terra,34.06836734693879,33.57000000000005,,24.390000000000043
2021-05-29,Tamangapa,Terra,36.11408163265309,35.53000000000003,25.370000000000005,24.55000000000001
2021-05-30,Tamangapa,Terra,31.79000000000002,31.79000000000002,,
2021-05-31,Tamangapa,Terra,,,23.79000000000002,24.750000000000057
2021-06-01,Tamangapa,Terra,35.600204081632704,35.210000000000036,,
2021-06-02,Tamangapa,Terra,33.98755102040818,33.43000000000001,,24.970000000000027
2021-06-03,Tamangapa,Terra,35.231224489795956,34.09000000000003,,24.83000000000004
2021-06-05,Tamangapa,Terra,37.04469387755106,36.05000000000001,,24.670000000000016
2021-06-07,Tamangapa,Terra,36.07163265306124,35.25000000000006,,24.870000000000005
2021-06-08,Tamangapa,Terra,32.47000000000003,32.53000000000003,23.643469387755122,24.150000000000034
2021-06-09,Tamangapa,Terra,32.710000000000036,32.80000000000001,,25.110000000000014
2021-06-10,Tamangapa,Terra,36.38224489795921,34.77000000000004,24.29000000000002,24.350000000000023
2021-06-17,Tamangapa,Terra,34.274897959183704,33.30484327603641,,
2021-06-19,Tamangapa,Terra,35.43734693877554,34.43000000000001,,
2021-06-28,Tamangapa,Terra,27.450000000000045,29.010000000000048,,
2021-07-03,Tamangapa,Terra,,,22.239795918367378,22.630000000000052
2021-07-04,Tamangapa,Terra,27.290816326530653,26.730000000000018,,19.610000000000014
2021-07-14,Tamangapa,Terra,35.049183673469436,33.190000000000055,21.950000000000045,21.99000000000001
2021-07-19,Tamangapa,Terra,33.81122448979595,33.27000000000004,,22.750000000000057
2021-07-23,Tamangapa,Terra,37.0687755102041,36.39000000000004,,23.090000000000032
2021-07-24,Tamangapa,Terra,32.7148979591837,32.33000000000004,,
2021-07-25,Tamangapa,Terra,35.22469387755106,34.83000000000004,,22.590000000000032
2021-07-26,Tamangapa,Terra,35.45163265306126,34.610000000000014,,
2021-07-27,Tamangapa,Terra,,,21.650000000000034,21.930000000000007
2021-07-28,Tamangapa,Terra,35.48020408163271,34.75935281837166,21.769591836734733,22.430000000000007
2021-08-03,Tamangapa,Terra,34.25897959183674,33.610000000000014,,
2021-08-05,Tamangapa,Terra,35.12469387755104,34.410000000000025,,
2021-08-08,Tamangapa,Terra,37.72795918367351,36.75000000000006,,24.53000000000003
2021-08-10,Tamangapa,Terra,35.92591836734699,35.43000000000001,,
2021-08-11,Tamangapa,Terra,34.47000000000003,34.73000000000002,,
2021-08-13,Tamangapa,Terra,35.9471428571429,35.390000000000036,,
2021-08-15,Tamangapa,Terra,38.256530612244916,37.450000000000045,22.54306122448985,22.910000000000025
2021-08-20,Tamangapa,Terra,,32.49000000000001,22.18265306122451,22.250000000000057
2021-08-22,Tamangapa,Terra,36.06306122448982,34.52200000000004,22.712857142857175,22.99000000000001
2021-08-24,Tamangapa,Terra,37.19244897959188,36.27000000000004,,
2021-08-26,Tamangapa,Terra,37.110000000000014,35.39000000000004,,
2021-08-31,Tamangapa,Terra,36.61081632653066,34.84000000000003,,23.99000000000001
2021-09-07,Tamangapa,Terra,37.72306122448982,35.89000000000004,,
2021-09-14,Tamangapa,Terra,35.75979591836738,34.81,,
2021-09-18,Tamangapa,Terra,39.0348979591837,37.768872017353615,,
2021-09-27,Tamangapa,Terra,37.076938775510214,36.21129436325682,23.470000000000027,23.650000000000034
2021-09-28,Tamangapa,Terra,36.35000000000002,35.51000000000005,,22.230000000000018
2021-09-30,Tamangapa,Terra,37.56714285714289,36.86051546391754,23.976938775510252,24.150000000000034
2021-10-02,Tamangapa,Terra,32.43000000000001,32.89000000000004,,23.970000000000027
2021-10-07,Tamangapa,Terra,37.56306122448983,36.27000000000004,,
2021-10-09,Tamangapa,Terra,36.35000000000002,36.028631790744505,,
2021-10-20,Tamangapa,Terra,36.75775510204086,36.04000000000002,25.450000000000045,25.05000000000001
2021-10-22,Tamangapa,Terra,35.29816326530615,32.170000000000016,,23.970000000000027
2022-03-01,Tamangapa,Terra,,,23.890000000000043,23.750000000000057
2022-04-05,Tamangapa,Terra,35.61612244897963,34.27000000000004,22.978979591836755,22.03000000000003
2022-04-11,Tamangapa,Terra,,,22.711224489795935,22.33000000000004
2022-04-12,Tamangapa,Terra,36.848775510204106,35.400000000000034,,24.470000000000027
2022-04-14,Tamangapa,Terra,35.92469387755105,35.27000000000004,,24.510000000000048
2022-04-28,Tamangapa,Terra,36.23775510204086,35.650000000000034,,
2022-05-03,Tamangapa,Terra,34.537755102040826,33.95000000000004,22.600612244897967,22.83000000000004
2022-05-12,Tamangapa,Terra,,,22.636938775510238,22.77000000000004
2022-05-20,Tamangapa,Terra,36.07000000000005,35.85000000000002,,
2022-05-21,Tamangapa,Terra,34.850408163265335,30.970000000000027,,
2022-05-23,Tamangapa,Terra,34.73000000000002,32.53000000000003,25.17816326530617,24.590000000000032
2022-05-28,Tamangapa,Terra,,27.210000000000036,22.930000000000007,23.010000000000048
2022-06-05,Tamangapa,Terra,31.950000000000045,31.950000000000045,,
2022-06-06,Tamangapa,Terra,31.650000000000034,30.970000000000027,,
2022-06-08,Tamangapa,Terra,34.57653061224492,33.75000000000006,,23.690000000000055
2022-06-19,Tamangapa,Terra,32.97000000000003,31.390000000000043,,
2022-06-20,Tamangapa,Terra,,32.35000000000002,22.841020408163295,22.650000000000034
2022-06-21,Tamangapa,Terra,34.51000000000005,32.93000000000001,,
2022-07-04,Tamangapa,Terra,32.63000000000005,32.650000000000034,,
2022-07-05,Tamangapa,Terra,31.29000000000002,31.630000000000052,,25.05000000000001
2022-07-06,Tamangapa,Terra,,31.53000000000003,22.305918367346973,22.53000000000003
2022-07-12,Tamangapa,Terra,,33.79000000000002,22.620612244898005,23.170000000000016
2022-07-17,Tamangapa,Terra,31.77000000000004,33.910000000000025,,
2022-07-23,Tamangapa,Terra,29.630000000000052,28.49000000000001,,24.310000000000002
2022-07-24,Tamangapa,Terra,35.15244897959186,34.35000000000002,,23.010000000000048
2022-07-27,Tamangapa,Terra,33.75000000000006,33.51000000000005,,
2022-07-28,Tamangapa,Terra,34.30551020408168,33.950000000000045,23.350000000000023,23.27000000000004
2022-07-30,Tamangapa,Terra,31.990408163265318,33.09000000000003,,
2022-08-02,Tamangapa,Terra,,,21.54632653061228,21.310000000000002
2022-08-04,Tamangapa,Terra,35.10265306122454,34.73000000000002,,23.890000000000043
2022-08-05,Tamangapa,Terra,34.073265306122494,34.190000000000055,,
2022-08-06,Tamangapa,Terra,33.91612244897963,33.610000000000014,,
2022-08-15,Tamangapa,Terra,29.53000000000003,30.590000000000032,,22.430000000000007
2022-08-20,Tamangapa,Terra,36.5822448979592,35.51000000000005,,22.170000000000016
2022-08-22,Tamangapa,Terra,34.694897959183706,34.39000000000004,,24.470000000000027
2022-08-23,Tamangapa,Terra,34.77653061224494,33.35000000000002,21.989183673469434,22.77000000000004
2022-08-27,Tamangapa,Terra,36.49000000000001,37.910000000000025,,21.850000000000023
2022-08-28,Tamangapa,Terra,33.870000000000005,33.410000000000025,,
2022-08-31,Tamangapa,Terra,,,23.596938775510257,23.77000000000004
2022-09-01,Tamangapa,Terra,34.680612244898,34.31,23.55000000000001,23.090000000000032
2022-09-03,Tamangapa,Terra,35.39775510204084,34.710000000000036,,
2022-09-09,Tamangapa,Terra,,37.09000000000003,22.933673469387774,23.090000000000032
2022-09-10,Tamangapa,Terra,36.225510204081665,36.09000000000003,,23.110000000000014
2022-09-12,Tamangapa,Terra,38.600612244897974,38.033287671232905,,24.170000000000016
2022-09-16,Tamangapa,Terra,,,22.919387755102075,22.99000000000001
2022-09-19,Tamangapa,Terra,36.25000000000006,37.610000000000014,,
2022-09-21,Tamangapa,Terra,36.622653061224504,36.77000000000004,,
2022-09-26,Tamangapa,Terra,34.20387755102043,34.79000000000002,,
2022-09-28,Tamangapa,Terra,38.60428571428574,37.85000000000002,,
2022-10-31,Tamangapa,Terra,37.63857142857147,37.85000000000002,,
2022-12-20,Tamangapa,Terra,,,21.74346938775513,21.510000000000048
2023-04-18,Tamangapa,Terra,38.450000000000045,37.85000000000002,,
2023-04-23,Tamangapa,Terra,36.69081632653064,35.870000000000005,,24.57000000000005
2023-05-02,Tamangapa,Terra,,,25.757755102040857,25.07000000000005
2023-05-03,Tamangapa,Terra,34.71530612244901,34.33000000000004,,23.950000000000045
2023-05-12,Tamangapa,Terra,34.76387755102045,34.23000000000001,,25.57000000000005
2023-05-13,Tamangapa,Terra,32.557755102040865,33.53000000000003,,
2023-05-14,Tamangapa,Terra,29.20061224489799,29.99000000000001,,23.07000000000005
2023-05-19,Tamangapa,Terra,34.57000000000005,33.27000000000004,,
2023-05-21,Tamangapa,Terra,30.170000000000016,30.170000000000016,24.13775510204085,23.390000000000043
2023-05-26,Tamangapa,Terra,,,25.53000000000003,25.690000000000055
2023-05-29,Tamangapa,Terra,36.80877551020412,35.4583561643836,25.010000000000048,25.150000000000034
2023-06-03,Tamangapa,Terra,,30.690000000000055,23.170000000000016,23.77000000000004
2023-06-06,Tamangapa,Terra,25.610000000000014,26.930000000000007,,
2023-06-07,Tamangapa,Terra,34.08959183673472,34.170000000000016,,23.57000000000005
2023-06-08,Tamangapa,Terra,34.718163265306146,34.170000000000016,,
2023-06-12,Tamangapa,Terra,31.964285714285737,31.41023809523812,23.1879591836735,23.170000000000012
2023-06-15,Tamangapa,Terra,34.295306122449006,33.25000000000006,,24.150000000000034
2023-06-22,Tamangapa,Terra,34.9157142857143,33.512095914742495,23.430000000000007,23.79000000000002
2023-06-24,Tamangapa,Terra,,,23.694081632653084,24.310000000000002
2023-07-09,Tamangapa,Terra,33.52428571428576,31.713886743886775,,
2023-07-14,Tamangapa,Terra,,24.650000000000034,23.210816326530644,23.37
2023-07-15,Tamangapa,Terra,30.510000000000048,29.910000000000025,,
2023-07-16,Tamangapa,Terra,34.41081632653066,33.31,21.976938775510252,21.516845637583938
2023-07-20,Tamangapa,Terra,,31.33000000000004,22.81775510204086,23.410000000000025
2023-07-21,Tamangapa,Terra,34.33775510204085,33.410000000000025,,23.79000000000002
2023-07-23,Tamangapa,Terra,34.06836734693881,33.170000000000016,,23.910000000000025
2023-07-26,Tamangapa,Terra,34.82795918367349,34.05000000000001,,24.33000000000004
2023-07-28,Tamangapa,Terra,35.5744897959184,35.110000000000014,,23.430000000000007
2023-07-29,Tamangapa,Terra,32.45693877551022,32.13000000000005,,
2023-07-30,Tamangapa,Terra,35.01612244897964,34.33000000000004,,
2023-07-31,Tamangapa,Terra,33.53326530612247,33.05000000000001,,
2023-08-01,Tamangapa,Terra,31.27000000000004,31.110000000000014,,25.27000000000004
2023-08-02,Tamangapa,Terra,35.08387755102046,34.450000000000045,,24.450000000000045
2023-08-03,Tamangapa,Terra,,,24.430000000000007,24.870000000000005
2023-08-04,Tamangapa,Terra,34.91571428571432,34.170000000000016,23.730000000000018,23.510000000000048
2023-08-05,Tamangapa,Terra,33.16673469387756,31.850000000000023,,
2023-08-06,Tamangapa,Terra,35.45367346938778,35.59000000000003,,24.510000000000048
2023-08-07,Tamangapa,Terra,36.56102040816331,35.923333333333346,,23.53000000000003
2023-08-09,Tamangapa,Terra,37.16387755102042,36.01000000000005,,22.370000000000005
2023-08-10,Tamangapa,Terra,28.980612244897987,31.170000000000016,,
2023-08-11,Tamangapa,Terra,35.986734693877565,35.170000000000016,23.55000000000001,23.910000000000025
2023-08-14,Tamangapa,Terra,37.65816326530614,36.470232558139564,,
2023-08-15,Tamangapa,Terra,,,24.046326530612294,23.910000000000025
2023-08-16,Tamangapa,Terra,37.86265306122453,37.150000000000034,,24.710000000000036
2023-08-17,Tamangapa,Terra,34.499387755102056,34.190000000000055,,
2023-08-18,Tamangapa,Terra,34.64591836734696,35.27000000000004,,25.210000000000036
2023-08-19,Tamangapa,Terra,,,20.902244897959232,21.670000000000016
2023-08-20,Tamangapa,Terra,,,21.350000000000023,22.110000000000014
2023-08-21,Tamangapa,Terra,38.541836734693916,37.27000000000004,21.064693877551036,21.77000000000004
2023-08-22,Tamangapa,Terra,32.20510204081638,32.55000000000001,,
2023-08-23,Tamangapa,Terra,37.195306122449026,36.60113537117906,,
2023-08-26,Tamangapa,Terra,39.22020408163269,37.710000000000036,,24.83000000000004
2023-08-27,Tamangapa,Terra,,,23.725510204081665,23.890000000000043
2023-08-28,Tamangapa,Terra,38.62265306122452,37.97000000000003,,22.590000000000032
2023-08-29,Tamangapa,Terra,35.734081632653094,35.77000000000004,,22.99000000000001
2023-08-30,Tamangapa,Terra,37.17081632653065,36.916666666666686,,24.29000000000002
2023-08-31,Tamangapa,Terra,38.78877551020414,38.01000000000005,,24.470000000000027
2023-09-02,Tamangapa,Terra,40.35285714285717,39.150000000000034,,24.130000000000052
2023-09-03,Tamangapa,Terra,34.781428571428606,34.97000000000003,,
2023-09-04,Tamangapa,Terra,36.55122448979595,36.29000000000002,,24.910000000000025
2023-09-07,Tamangapa,Terra,39.69489795918372,38.07000000000005,,24.870000000000005
2023-09-09,Tamangapa,Terra,39.71285714285717,38.63000000000005,,25.110000000000014
2023-09-11,Tamangapa,Terra,,40.01000000000005,24.630000000000052,25.150000000000038
2023-09-14,Tamangapa,Terra,41.334081632653074,40.28863636363638,,23.910000000000025
2023-09-16,Tamangapa,Terra,39.17734693877555,39.662456418383535,,24.850000000000023
2023-09-18,Tamangapa,Terra,35.170000000000016,35.63000000000005,,
2023-09-19,Tamangapa,Terra,40.82469387755106,39.59000000000003,,25.99000000000001
2023-09-20,Tamangapa,Terra,,,23.688775510204103,24.03000000000003
2023-09-21,Tamangapa,Terra,42.06632653061229,41.08806451612907,22.430000000000007,23.250000000000057
2023-09-22,Tamangapa,Terra,38.46836734693881,38.331261261261304,,22.77000000000004
2023-09-23,Tamangapa,Terra,39.61938775510206,39.332042253521166,,25.950000000000045
2023-09-24,Tamangapa,Terra,40.395306122449,39.85000000000002,22.010000000000048,22.03000000000003
2023-09-26,Tamangapa,Terra,42.35000000000002,41.59000000000004,23.430000000000007,24.390000000000043
2023-09-27,Tamangapa,Terra,34.89244897959188,35.13000000000005,,
2023-09-28,Tamangapa,Terra,42.347959183673524,42.29000000000002,,23.99000000000001
2023-09-29,Tamangapa,Terra,41.02632653061226,40.97000000000003,,
2023-10-01,Tamangapa,Terra,42.43285714285715,41.43000000000001,,25.03000000000003
2023-10-04,Tamangapa,Terra,37.03000000000003,36.85000000000002,21.535714285714327,21.390000000000043
2023-10-05,Tamangapa,Terra,39.090000000000046,39.464166666666706,,26.83000000000004
2023-10-06,Tamangapa,Terra,41.359795918367396,40.05000000000001,,25.99000000000001
2023-10-08,Tamangapa,Terra,42.74714285714287,41.27000000000003,,26.410000000000025
2023-10-09,Tamangapa,Terra,37.739387755102086,38.170000000000016,,
2023-10-10,Tamangapa,Terra,39.19122448979594,39.04000000000002,25.850000000000023,26.55000000000001
2023-10-11,Tamangapa,Terra,40.7340816326531,39.660000000000025,,25.49000000000001
2023-10-12,Tamangapa,Terra,36.99775510204087,38.05000000000001,,
2023-10-13,Tamangapa,Terra,44.45530612244901,42.78336814621412,,26.890000000000043
2023-10-15,Tamangapa,Terra,43.90387755102045,43.525838509316806,,26.430000000000007
2023-10-16,Tamangapa,Terra,37.41653061224494,38.09000000000003,,25.110000000000014
2023-10-17,Tamangapa,Terra,39.03530612244901,39.26420612813375,,26.510000000000048
2023-10-18,Tamangapa,Terra,42.17775510204085,40.43000000000001,,
2023-10-19,Tamangapa,Terra,,,24.410000000000025,25.350000000000023
2023-10-20,Tamangapa,Terra,42.42959183673475,40.395395348837255,,25.210000000000036
2023-10-22,Tamangapa,Terra,39.31367346938777,39.22333333333336,,25.370000000000005
2023-10-25,Tamangapa,Terra,37.63081632653063,37.02000000000004,,24.510000000000048
2023-10-27,Tamangapa,Terra,39.131632653061246,38.49000000000001,,24.250000000000057
2023-10-28,Tamangapa,Terra,38.90142857142861,39.57861435726215,,
2023-10-29,Tamangapa,Terra,34.245918367346974,35.89000000000004,,26.33000000000004
2023-10-30,Tamangapa,Terra,40.61734693877555,40.34345559845563,,24.99000000000001
2023-11-06,Tamangapa,Terra,38.9883673469388,38.670000000000016,,26.390000000000043
2023-11-08,Tamangapa,Terra,37.71693877551025,38.450000000000045,,25.950000000000045
2023-11-09,Tamangapa,Terra,34.93000000000001,35.89000000000004,,
2023-11-10,Tamangapa,Terra,34.42673469387758,34.51000000000005,,
2023-11-11,Tamangapa,Terra,33.690000000000055,35.31,23.906734693877574,23.99000000000001
2023-11-13,Tamangapa,Terra,34.393673469387764,38.69851851851856,24.53000000000003,24.79000000000002
2023-11-20,Tamangapa,Terra,35.217755102040826,34.410000000000025,,26.350000000000023
2023-12-22,Tamangapa,Terra,36.247551020408174,35.410000000000025,,
2023-12-29,Tamangapa,Terra,36.22755102040819,35.370000000000005,,
2024-03-20,Tamangapa,Terra,,,26.010000000000048,25.33000000000004
2024-04-26,Tamangapa,Terra,35.370000000000005,32.31,,
2024-05-07,Tamangapa,Terra,,33.110000000000014,24.83244897959188,24.690000000000055
2024-05-08,Tamangapa,Terra,35.190000000000055,31.77000000000004,,24.690000000000055
2024-05-10,Tamangapa,Terra,35.619387755102075,34.170000000000016,,24.250000000000057
2024-05-12,Tamangapa,Terra,33.99000000000001,30.590000000000032,,24.83000000000004
2024-05-13,Tamangapa,Terra,34.79653061224492,33.73000000000002,,22.890000000000043
2024-05-14,Tamangapa,Terra,,,23.930000000000007,24.110000000000014
2024-05-17,Tamangapa,Terra,,,25.07000000000005,25.170000000000016
2024-05-20,Tamangapa,Terra,34.95163265306127,34.13000000000005,,
2024-06-09,Tamangapa,Terra,,,21.110000000000014,21.130000000000052
2024-06-15,Tamangapa,Terra,31.110000000000014,31.370000000000005,,
2024-06-19,Tamangapa,Terra,30.305918367346973,30.570000000000054,,
2024-06-21,Tamangapa,Terra,31.716530612244938,31.583276836158234,,
2024-06-22,Tamangapa,Terra,27.310000000000002,27.310000000000002,,
2024-06-28,Tamangapa,Terra,34.45326530612249,33.63000000000005,,
2024-07-05,Tamangapa,Terra,,,23.870000000000005,23.55000000000001
2024-07-12,Tamangapa,Terra,32.683877551020444,32.29097014925375,20.745918367346967,21.630000000000052
2024-07-14,Tamangapa,Terra,,29.05000000000001,22.283061224489824,22.99000000000001
2024-07-15,Tamangapa,Terra,,,22.22591836734699,22.410000000000025
2024-07-16,Tamangapa,Terra,,,21.55000000000001,22.230000000000018
2024-07-17,Tamangapa,Terra,33.415306122448996,32.57000000000005,,23.27000000000004
2024-07-18,Tamangapa,Terra,32.48632653061229,32.03000000000003,22.011632653061255,22.110000000000014
2024-07-19,Tamangapa,Terra,31.941020408163293,30.690000000000055,,23.690000000000055
2024-07-20,Tamangapa,Terra,32.79244897959186,32.610000000000014,,23.630000000000052
2024-07-22,Tamangapa,Terra,,,24.07000000000005,24.370000000000005
2024-07-24,Tamangapa,Terra,31.690000000000055,32.79000000000002,,
2024-07-31,Tamangapa,Terra,,28.310000000000002,24.209183673469404,23.910000000000025
2024-08-01,Tamangapa,Terra,34.187959183673506,33.31,,25.170000000000016
2024-08-05,Tamangapa,Terra,29.55000000000001,30.55000000000001,,
2024-08-06,Tamangapa,Terra,33.693673469387775,31.481617312072906,,
2024-08-10,Tamangapa,Terra,32.659387755102074,33.51000000000005,,23.730000000000018
2024-08-11,Tamangapa,Terra,34.38428571428576,33.83000000000004,,22.710000000000036
2024-08-13,Tamangapa,Terra,35.839795918367365,34.97000000000003,22.83000000000004,23.190000000000055
2024-08-14,Tamangapa,Terra,34.02551020408169,32.81,,
2024-08-15,Tamangapa,Terra,34.465918367346966,34.77000000000004,,23.090000000000032
2024-08-16,Tamangapa,Terra,34.931224489795945,34.690000000000055,,
2024-08-17,Tamangapa,Terra,31.05000000000001,31.83000000000004,,25.350000000000023
2024-08-18,Tamangapa,Terra,36.20591836734697,35.870000000000005,,24.730000000000018
2024-08-20,Tamangapa,Terra,35.94102040816331,35.21068965517245,,23.350000000000023
2024-08-21,Tamangapa,Terra,34.906734693877574,34.47000000000003,,22.750000000000057
2024-08-23,Tamangapa,Terra,,31.110000000000014,23.450000000000045,24.190000000000055
2024-08-25,Tamangapa,Terra,36.736938775510225,35.25000000000006,,20.310000000000002
2024-08-26,Tamangapa,Terra,33.01571428571432,33.170000000000016,,
2024-08-28,Tamangapa,Terra,36.82714285714291,35.79000000000002,,
2024-08-30,Tamangapa,Terra,36.08306122448982,35.93000000000001,,
2024-08-31,Tamangapa,Terra,35.190000000000055,35.190000000000055,,
2024-09-02,Tamangapa,Terra,36.9479591836735,36.33000000000004,24.590000000000032,23.650000000000034
2024-09-04,Tamangapa,Terra,37.45081632653064,36.07000000000005,,24.77000000000004
2024-09-11,Tamangapa,Terra,39.14387755102046,38.47000000000003,,
2024-09-12,Tamangapa,Terra,35.4802040816327,35.70583850931681,23.745102040816366,23.110000000000014
2024-09-14,Tamangapa,Terra,38.51612244897964,37.96017543859653,,
2024-09-16,Tamangapa,Terra,37.70387755102043,37.59000000000003,,23.77000000000004
2024-09-17,Tamangapa,Terra,35.665918367347,35.610000000000014,,
2024-09-18,Tamangapa,Terra,33.83000000000003,34.730000000000025,,
2024-09-21,Tamangapa,Terra,40.06959183673472,38.603430420711994,,
2024-09-23,Tamangapa,Terra,36.91163265306127,36.55000000000001,24.150000000000034,23.950000000000045
2024-10-01,Tamangapa,Terra,38.304693877551045,37.65000000000003,,
2024-10-04,Tamangapa,Terra,34.59938775510207,34.670000000000016,,
2024-10-06,Tamangapa,Terra,38.209591836734724,38.3479220779221,,24.77000000000004
2024-10-08,Tamangapa,Terra,39.610000000000035,39.63000000000005,,24.83000000000004
2024-10-12,Tamangapa,Terra,,,24.53734693877556,25.83000000000004
2024-10-13,Tamangapa,Terra,36.539795918367375,36.57000000000005,,25.29000000000002
2024-10-20,Tamangapa,Terra,36.734489795918414,37.73000000000002,,23.910000000000025
2024-10-23,Tamangapa,Terra,30.930000000000007,34.370000000000005,,25.250000000000057
2024-10-25,Tamangapa,Terra,,43.690000000000055,23.909591836734727,24.430000000000007
2024-10-26,Tamangapa,Terra,34.93204081632658,35.07000000000005,23.3744897959184,23.750000000000057
2024-10-28,Tamangapa,Terra,38.20836734693881,37.470000000000034,23.610000000000014,24.450000000000045
2024-10-30,Tamangapa,Terra,39.19000000000002,37.670000000000016,,
2024-11-04,Tamangapa,Terra,36.59938775510207,36.370000000000005,,
2024-11-09,Tamangapa,Terra,,,20.890000000000043,21.33000000000004
2025-02-19,Tamangapa,Terra,23.99000000000001,25.27000000000004,,
2025-04-24,Tamangapa,Terra,31.370000000000005,27.57000000000005,,
2025-04-25,Tamangapa,Terra,,28.250000000000057,25.170000000000016,24.350000000000023
2025-04-26,Tamangapa,Terra,33.65081632653066,31.430000000000007,,
2025-04-28,Tamangapa,Terra,31.99000000000001,30.79000000000002,,24.190000000000055
2025-05-11,Tamangapa,Terra,35.39000000000004,31.850000000000023,23.850000000000023,24.130000000000052
2025-05-16,Tamangapa,Terra,32.84877551020409,32.59000000000003,,
2025-05-26,Tamangapa,Terra,31.510000000000048,31.05000000000001,,
2025-05-28,Tamangapa,Terra,,,25.772040816326566,25.57000000000005
2025-06-05,Tamangapa,Terra,32.36836734693881,31.950000000000045,,22.110000000000014
2025-06-08,Tamangapa,Terra,29.650000000000034,30.39000000000004,,
2025-06-09,Tamangapa,Terra,28.150000000000034,28.150000000000034,,25.250000000000057
2025-06-10,Tamangapa,Terra,30.01857142857147,29.870000000000005,22.470000000000027,22.370000000000005
2025-06-17,Tamangapa,Terra,31.003061224489823,30.430000000000007,,24.07000000000005
2025-07-07,Tamangapa,Terra,31.318979591836747,30.470000000000027,,24.210000000000036
2025-07-17,Tamangapa,Terra,17.730000000000018,21.890000000000043,,22.390000000000043
2025-07-18,Tamangapa,Terra,30.183877551020466,29.890000000000043,,
2025-07-19,Tamangapa,Terra,,,22.410000000000025,22.05000000000001
2025-07-20,Tamangapa,Terra,30.580612244897985,30.510000000000048,,23.350000000000023
2025-07-24,Tamangapa,Terra,31.446326530612264,31.450000000000045,,26.510000000000048
2025-07-25,Tamangapa,Terra,31.203469387755142,30.910000000000025,,26.150000000000034
2025-07-29,Tamangapa,Terra,32.28061224489797,32.01000000000005,,25.03000000000003
2025-07-30,Tamangapa,Terra,30.68551020408166,30.590000000000032,,
2025-08-01,Tamangapa,Terra,,21.810000000000002,20.370000000000005,24.27000000000004
2025-08-03,Tamangapa,Terra,32.11653061224492,31.48987551867221,,24.79000000000002
2025-08-04,Tamangapa,Terra,32.6344897959184,31.79000000000002,,
2025-08-05,Tamangapa,Terra,29.100204081632686,29.650000000000034,,
2025-08-11,Tamangapa,Terra,,30.710000000000036,23.29000000000002,23.77000000000004
2025-08-13,Tamangapa,Terra,32.61081632653066,32.03000000000003,,20.33000000000004
2025-08-14,Tamangapa,Terra,31.716122448979633,31.810000000000002,22.19489795918372,22.150000000000034
2025-08-15,Tamangapa,Terra,29.644693877551063,29.430000000000007,,22.710000000000036
2025-08-21,Tamangapa,Terra,33.385510204081655,32.47000000000003,,
2025-08-28,Tamangapa,Terra,,29.090000000000032,23.010000000000048,23.110000000000014
2025-08-30,Tamangapa,Terra,31.32795918367349,31.910000000000025,,25.430000000000007
2025-08-31,Tamangapa,Terra,34.51204081632656,33.690000000000055,,
2025-09-02,Tamangapa,Terra,33.01693877551024,32.14000000000004,,
2025-09-03,Tamangapa,Terra,31.8410204081633,31.610000000000014,,
2025-09-04,Tamangapa,Terra,33.35000000000002,33.73000000000002,,24.250000000000057
2025-09-05,Tamangapa,Terra,35.209183673469425,34.170000000000016,22.614081632653107,23.430000000000007
2025-09-12,Tamangapa,Terra,33.6095918367347,33.21799227799231,,
2025-09-18,Tamangapa,Terra,33.73000000000002,33.75000000000006,,
2025-09-19,Tamangapa,Terra,33.94673469387759,34.53000000000003,,25.470000000000027
2025-09-20,Tamangapa,Terra,35.05326530612248,34.52000000000004,,25.53000000000003
2025-09-22,Tamangapa,Terra,36.236938775510225,35.47000000000003,,26.03000000000003
2025-09-24,Tamangapa,Terra,,,23.868775510204106,24.230000000000018
2025-09-25,Tamangapa,Terra,34.773673469387795,33.55000000000001,,
2025-10-02,Tamangapa,Terra,36.32591836734698,35.723430420712,25.250000000000057,25.55000000000001
2025-10-03,Tamangapa,Terra,31.650000000000034,32.25000000000006,,
2025-10-09,Tamangapa,Terra,30.587959183673505,31.89000000000004,,24.410000000000025
2025-10-14,Tamangapa,Terra,,34.23000000000002,21.30877551020413,21.390000000000043
2025-10-16,Tamangapa,Terra,,,23.77693877551024,24.190000000000055
2025-10-17,Tamangapa,Terra,35.37000000000002,34.09000000000003,,
2025-11-01,Tamangapa,Terra,33.80428571428575,33.31,,
2026-03-21,Tamangapa,Terra,28.810000000000002,28.610000000000014,,
2026-03-26,Tamangapa,Terra,31.2936734693878,30.170000000000016,,24.610000000000014
2026-03-29,Tamangapa,Terra,30.910000000000025,30.810000000000002,,
2026-04-02,Tamangapa,Terra,,27.850000000000023,26.370000000000005,25.610000000000014
2026-04-12,Tamangapa,Terra,31.090000000000032,30.99000000000001,,
2026-04-15,Tamangapa,Terra,32.53938775510206,31.910000000000025,,24.650000000000034
2026-04-17,Tamangapa,Terra,30.150000000000034,30.670000000000016,,26.610000000000014
2026-04-18,Tamangapa,Terra,,30.79000000000002,24.038979591836757,23.890000000000043
2026-04-20,Tamangapa,Terra,31.610000000000014,31.230000000000018,,
2026-04-23,Tamangapa,Terra,,,23.677755102040845,23.710000000000036
2026-04-30,Tamangapa,Terra,30.37979591836737,29.950000000000042,,
2026-05-05,Tamangapa,Terra,32.350408163265335,31.58060773480667,,24.55000000000001
2026-05-23,Tamangapa,Terra,30.559795918367374,29.07000000000005,,
2026-05-26,Tamangapa,Terra,28.959795918367377,28.210000000000036,,
2026-05-28,Tamangapa,Terra,30.567551020408168,29.810000000000002,,
2026-05-30,Tamangapa,Terra,30.055714285714316,29.83000000000004,,23.910000000000025
2026-06-01,Tamangapa,Terra,27.590000000000032,29.03000000000003,,25.170000000000016
2026-06-02,Tamangapa,Terra,,,24.489183673469437,24.470000000000027
2026-06-04,Tamangapa,Terra,28.230000000000018,28.27000000000004,,
2026-06-05,Tamangapa,Terra,29.704285714285753,30.390000000000043,,
2026-06-07,Tamangapa,Terra,30.42918367346942,29.910000000000025,,25.310000000000002
2026-06-09,Tamangapa,Terra,30.06632653061227,29.423070652173926,,25.210000000000036
2026-06-10,Tamangapa,Terra,27.82061224489799,28.08525896414346,,
2026-06-12,Tamangapa,Terra,29.68959183673473,28.750000000000057,,
2026-06-20,Tamangapa,Terra,29.976530612244925,30.170000000000016,22.670000000000016,22.450000000000045
2026-06-24,Tamangapa,Terra,29.39979591836736,28.810000000000002,24.07000000000005,24.090000000000032
2026-06-25,Tamangapa,Terra,28.325918367346954,28.890000000000043,,
2026-06-26,Tamangapa,Terra,,30.77000000000004,24.474489795918426,24.83000000000004
2026-06-27,Tamangapa,Terra,30.627551020408173,30.170000000000016,,25.850000000000023
2026-06-28,Tamangapa,Terra,,,22.559795918367374,21.03000000000003
2026-06-29,Tamangapa,Terra,30.147959183673517,29.73000000000002,,24.870000000000005
2026-06-30,Tamangapa,Terra,,,17.190000000000055,17.670000000000016
2026-07-01,Tamangapa,Terra,,28.170000000000016,23.57000000000005,23.250000000000057
2026-07-02,Tamangapa,Terra,28.84183673469392,29.02000000000004,,
2026-07-04,Tamangapa,Terra,30.460612244897987,29.730000000000018,24.130000000000052,23.890000000000043
2026-07-05,Tamangapa,Terra,28.82632653061229,29.110000000000014,24.470000000000027,24.630000000000052
2026-07-07,Tamangapa,Terra,30.58020408163267,29.77000000000004,,24.690000000000055
2026-07-08,Tamangapa,Terra,,,24.610000000000014,24.810000000000002
2026-07-09,Tamangapa,Terra,28.51244897959186,28.49000000000001,,24.250000000000057
2026-07-10,Tamangapa,Terra,29.071224489795934,29.310000000000002,,
2026-07-12,Tamangapa,Terra,30.60428571428574,30.170000000000016,,24.850000000000023
2026-07-14,Tamangapa,Terra,29.048775510204138,29.13765550239239,,24.690000000000055
2026-07-15,Tamangapa,Terra,30.309183673469438,29.910000000000025,23.551632653061272,24.110000000000014
2026-07-19,Tamangapa,Terra,30.30224489795923,29.764597402597445,,25.670000000000016
2026-07-20,Tamangapa,Terra,31.171224489795957,30.810000000000002,,24.930000000000007
2026-07-21,Tamangapa,Terra,,27.590000000000032,24.99000000000001,23.53000000000003
2026-07-24,Tamangapa,Terra,,28.33000000000004,23.264693877551053,23.754955752212442
2026-07-25,Tamangapa,Terra,30.550816326530654,29.810000000000002,,
2026-07-27,Tamangapa,Terra,29.05489795918372,29.757993730407573,,25.430000000000007
2026-07-29,Tamangapa,Terra,,,25.390000000000043,25.53000000000003
2026-07-30,Tamangapa,Terra,30.180612244898004,30.090000000000035,,24.310000000000002
2026-07-31,Tamangapa,Terra,28.590000000000032,27.690000000000055,,26.370000000000005
2026-08-03,Tamangapa,Terra,30.496938775510245,30.410000000000025,,24.450000000000045
2026-08-04,Tamangapa,Terra,31.51857142857148,31.430000000000007,,25.83000000000004
2026-08-06,Tamangapa,Terra,31.299795918367387,31.130000000000052,,25.370000000000005
2026-08-08,Tamangapa,Terra,29.85775510204085,30.08000000000004,23.79000000000002,23.310000000000002
2026-08-09,Tamangapa,Terra,31.30551020408167,31.270000000000035,,24.970000000000027
2026-08-10,Tamangapa,Terra,28.890000000000043,28.77000000000004,,25.33000000000004
2026-08-13,Tamangapa,Terra,30.516122448979647,30.890000000000043,,25.610000000000014
2026-08-14,Tamangapa,Terra,32.8218367346939,32.513278688524636,,24.650000000000034
2026-08-16,Tamangapa,Terra,32.12959183673474,31.76840707964606,,25.110000000000014
2026-08-18,Tamangapa,Terra,31.13979591836738,30.707451737451773,,23.930000000000007
2026-08-19,Tamangapa,Terra,31.914081632653097,31.7972392638037,,23.350000000000023
2026-08-20,Tamangapa,Terra,29.303877551020445,29.510000000000048,,25.750000000000057
2026-08-21,Tamangapa,Terra,31.735306122448993,31.30568892645817,,25.130000000000052
2026-08-22,Tamangapa,Terra,30.77571428571431,31.710000000000036,,
2026-08-23,Tamangapa,Terra,30.230000000000025,30.450000000000045,,25.53000000000003
2026-08-24,Tamangapa,Terra,32.232857142857156,32.190000000000055,22.230000000000018,22.770000000000035
2026-08-25,Tamangapa,Terra,30.810000000000002,29.710000000000036,,25.49000000000001
2026-08-26,Tamangapa,Terra,32.06632653061227,31.35771084337351,,24.390000000000043
2026-08-27,Tamangapa,Terra,32.666734693877565,32.81,,
2026-08-28,Tamangapa,Terra,30.91693877551024,31.430000000000007,,23.970000000000027
2026-08-29,Tamangapa,Terra,32.86224489795922,32.670000000000016,,24.710000000000036
2026-08-31,Tamangapa,Terra,33.71775510204085,32.89000000000004,,25.350000000000023
2026-09-01,Tamangapa,Terra,32.41326530612248,32.690000000000055,,
2026-09-02,Tamangapa,Terra,31.719795918367396,32.07000000000005,24.79000000000002,25.370000000000005
2026-09-03,Tamangapa,Terra,33.27285714285718,33.170000000000016,,26.150000000000034
2026-09-05,Tamangapa,Terra,34.33734693877553,33.4208510638298,,26.310000000000002
2026-09-06,Tamangapa,Terra,31.28510204081636,29.77000000000004,,
2026-09-10,Tamangapa,Terra,29.20346938775512,27.950000000000045,,22.99000000000001
2026-09-11,Tamangapa,Terra,33.482653061224525,33.47500000000002,,
2026-09-15,Tamangapa,Terra,34.171632653061266,33.700000000000045,,24.57000000000005
2026-09-16,Tamangapa,Terra,32.9687755102041,33.610000000000014,,
2026-09-17,Tamangapa,Terra,32.19285714285719,31.980000000000018,,25.970000000000027
2026-09-18,Tamangapa,Terra,35.24346938775515,34.690000000000055,,25.150000000000034
2026-09-20,Tamangapa,Terra,35.26142857142861,34.35510091743121,26.310000000000002,26.390000000000043
2026-09-22,Tamangapa,Terra,33.60265306122454,33.33000000000004,,27.190000000000055
2026-09-23,Tamangapa,Terra,35.75326530612248,35.2972894333844,,25.79000000000002
2019-02-15,Tamangapa,Aqua,,31.730000000000018,22.869591836734738,23.050000000000008
2019-02-17,Tamangapa,Aqua,,33.07000000000005,23.810000000000002,23.13416149068328
2019-02-19,Tamangapa,Aqua,,,22.40836734693883,22.33000000000004
2019-02-23,Tamangapa,Aqua,,33.81,21.88387755102045,21.890000000000043
2019-02-24,Tamangapa,Aqua,,34.39000000000004,21.32265306122452,21.57000000000005
2019-02-26,Tamangapa,Aqua,,,23.650000000000034,22.810000000000002
2019-03-19,Tamangapa,Aqua,,32.35000000000002,23.850000000000023,23.77000000000004
2019-03-21,Tamangapa,Aqua,,,24.170000000000016,24.010000000000048
2019-04-15,Tamangapa,Aqua,23.170000000000016,23.170000000000016,,23.630000000000052
2019-04-18,Tamangapa,Aqua,38.35489795918368,36.97000000000003,23.27000000000004,23.250000000000057
2019-04-19,Tamangapa,Aqua,,31.390000000000043,23.19979591836736,23.390000000000043
2019-05-03,Tamangapa,Aqua,,,23.17489795918371,23.250000000000057
2019-05-04,Tamangapa,Aqua,,31.090000000000032,22.802653061224518,22.690000000000055
2019-05-06,Tamangapa,Aqua,,30.750000000000057,21.45938775510208,21.670000000000016
2019-05-08,Tamangapa,Aqua,,,23.42551020408168,23.250000000000057
2019-05-09,Tamangapa,Aqua,34.10224489795922,32.670000000000016,24.450000000000045,24.610000000000014
2019-05-10,Tamangapa,Aqua,,,22.53000000000003,22.410000000000025
2019-05-11,Tamangapa,Aqua,38.000612244898015,36.83000000000004,,
2019-05-15,Tamangapa,Aqua,,33.23000000000002,24.450000000000045,24.55000000000001
2019-05-18,Tamangapa,Aqua,37.906326530612276,37.210000000000036,21.525918367346968,21.79000000000002
2019-05-20,Tamangapa,Aqua,36.73530612244899,36.35000000000002,24.728775510204127,24.83000000000004
2019-05-25,Tamangapa,Aqua,,33.27000000000004,21.910000000000025,22.250000000000057
2019-06-06,Tamangapa,Aqua,,28.53000000000003,21.739795918367378,21.750000000000057
2019-06-10,Tamangapa,Aqua,32.36918367346943,31.590000000000032,,
2019-06-16,Tamangapa,Aqua,32.534081632653105,33.01000000000005,23.130000000000052,22.870000000000005
2019-06-17,Tamangapa,Aqua,33.7544897959184,34.35000000000002,,
2019-06-18,Tamangapa,Aqua,38.05000000000001,37.710000000000036,21.170000000000016,21.350000000000023
2019-06-19,Tamangapa,Aqua,,32.35000000000002,20.81979591836736,20.930000000000007
2019-06-22,Tamangapa,Aqua,,,21.57775510204085,21.730000000000018
2019-06-24,Tamangapa,Aqua,32.83000000000004,33.650000000000034,,
2019-06-25,Tamangapa,Aqua,32.89000000000004,33.23000000000002,21.250000000000057,21.29000000000002
2019-06-26,Tamangapa,Aqua,35.47653061224494,35.64417979610755,,19.57000000000005
2019-06-27,Tamangapa,Aqua,,,22.53000000000003,22.750000000000057
2019-06-28,Tamangapa,Aqua,38.15204081632656,38.28000000000003,21.390000000000043,21.03000000000003
2019-07-04,Tamangapa,Aqua,29.630000000000052,30.210000000000036,,23.150000000000034
2019-07-05,Tamangapa,Aqua,36.11734693877555,36.43000000000001,23.148775510204107,23.49000000000001
2019-07-06,Tamangapa,Aqua,,,19.91693877551025,20.170000000000016
2019-07-07,Tamangapa,Aqua,36.725102040816374,36.73000000000002,,20.630000000000052
2019-07-08,Tamangapa,Aqua,32.02183673469391,32.670000000000016,22.010000000000048,22.29000000000002
2019-07-09,Tamangapa,Aqua,,,22.710000000000036,22.890000000000043
2019-07-11,Tamangapa,Aqua,,,21.250000000000057,21.410000000000025
2019-07-13,Tamangapa,Aqua,,,21.484693877551052,21.410000000000025
2019-07-14,Tamangapa,Aqua,33.100204081632704,34.39000000000004,18.510000000000048,19.27000000000004
2019-07-15,Tamangapa,Aqua,,,20.33653061224494,21.130000000000052
2019-07-16,Tamangapa,Aqua,36.859795918367396,37.420000000000016,,
2019-07-19,Tamangapa,Aqua,34.23000000000002,36.110000000000014,,
2019-07-21,Tamangapa,Aqua,37.518163265306164,38.39000000000004,,20.99000000000001
2019-07-22,Tamangapa,Aqua,,,18.918979591836752,18.690000000000055
2019-07-23,Tamangapa,Aqua,38.65285714285718,39.170000000000016,17.838979591836768,18.450000000000045
2019-07-25,Tamangapa,Aqua,35.95448979591839,36.27000000000004,,20.99000000000001
2019-07-26,Tamangapa,Aqua,34.950000000000045,35.09000000000003,,
2019-07-27,Tamangapa,Aqua,,33.13000000000005,21.870000000000005,21.79000000000002
2019-07-28,Tamangapa,Aqua,38.370408163265324,38.77000000000004,,
2019-07-29,Tamangapa,Aqua,,,21.150000000000034,21.250000000000057
2019-07-30,Tamangapa,Aqua,39.380612244898,39.65068965517245,20.78061224489797,20.83000000000004
2019-07-31,Tamangapa,Aqua,,,20.502244897959205,20.850000000000023
2019-08-01,Tamangapa,Aqua,38.53938775510207,39.650000000000034,20.280612244897974,20.470000000000027
2019-08-03,Tamangapa,Aqua,38.750816326530625,38.690000000000055,20.370000000000005,20.470000000000027
2019-08-04,Tamangapa,Aqua,37.385918367346974,38.29000000000002,,
2019-08-05,Tamangapa,Aqua,33.610000000000014,34.13000000000005,,21.33000000000004
2019-08-06,Tamangapa,Aqua,38.19857142857147,39.670000000000016,,
2019-08-08,Tamangapa,Aqua,39.09122448979593,39.55000000000001,21.730000000000018,21.910000000000025
2019-08-10,Tamangapa,Aqua,35.857346938775564,37.55000000000001,,
2019-08-11,Tamangapa,Aqua,36.843061224489816,38.51000000000005,,
2019-08-12,Tamangapa,Aqua,,,23.05000000000001,23.170000000000016
2019-08-13,Tamangapa,Aqua,39.49857142857145,40.01000000000005,21.618571428571443,21.430000000000007
2019-08-14,Tamangapa,Aqua,,,20.920612244898017,21.170000000000016
2019-08-15,Tamangapa,Aqua,39.31653061224491,39.89583333333337,,
2019-08-16,Tamangapa,Aqua,32.370000000000005,32.370000000000005,,22.850000000000023
2019-08-17,Tamangapa,Aqua,,39.39000000000004,20.902244897959214,21.150000000000034
2019-08-21,Tamangapa,Aqua,36.40551020408168,36.450000000000045,,21.930000000000007
2019-08-22,Tamangapa,Aqua,39.26306122448983,41.02704918032791,20.732448979591855,20.83000000000004
2019-08-24,Tamangapa,Aqua,38.80183673469391,40.05000000000001,,
2019-08-27,Tamangapa,Aqua,37.8410204081633,40.190000000000055,,
2019-08-28,Tamangapa,Aqua,,,19.448775510204104,21.150000000000034
2019-08-29,Tamangapa,Aqua,40.668775510204114,42.96522388059705,19.75571428571433,19.55000000000001
2019-08-30,Tamangapa,Aqua,,,19.87040816326534,20.230000000000015
2019-08-31,Tamangapa,Aqua,41.28346938775512,42.09743202416921,,
2019-09-01,Tamangapa,Aqua,,,21.851224489795964,22.310000000000002
2019-09-02,Tamangapa,Aqua,39.912448979591865,41.89000000000004,19.950000000000045,20.670000000000016
2019-09-04,Tamangapa,Aqua,39.18306122448984,40.29178571428573,19.67612244897962,20.110000000000014
2019-09-05,Tamangapa,Aqua,39.188775510204124,40.29702290076338,,
2019-09-07,Tamangapa,Aqua,42.450000000000045,41.43000000000001,22.892857142857178,23.170000000000016
2019-09-09,Tamangapa,Aqua,42.115306122448985,43.20158774373264,20.29000000000002,21.110000000000014
2019-09-10,Tamangapa,Aqua,35.981020408163275,38.170000000000016,19.650000000000034,20.710000000000036
2019-09-11,Tamangapa,Aqua,38.12346938775515,39.578000000000046,18.750000000000057,20.670000000000016
2019-09-12,Tamangapa,Aqua,37.03204081632656,39.04333333333335,,
2019-09-13,Tamangapa,Aqua,37.45081632653064,38.65931034482762,20.07000000000005,20.950000000000045
2019-09-14,Tamangapa,Aqua,41.55081632653065,43.27733812949643,20.713673469387803,20.350000000000023
2019-09-15,Tamangapa,Aqua,,,21.0214285714286,21.670000000000016
2019-09-16,Tamangapa,Aqua,42.44346938775514,43.5230517711172,21.793673469387787,22.53000000000003
2019-09-17,Tamangapa,Aqua,31.710000000000036,31.99000000000001,23.57000000000005,23.99000000000001
2019-09-18,Tamangapa,Aqua,41.41979591836739,42.26000000000005,,22.710000000000036
2019-09-19,Tamangapa,Aqua,37.474897959183686,39.69848039215691,,21.57000000000005
2019-09-20,Tamangapa,Aqua,38.30673469387758,41.20461764705887,,21.450000000000045
2019-09-22,Tamangapa,Aqua,,,23.35040816326533,23.210000000000036
2019-09-23,Tamangapa,Aqua,,,22.77000000000004,23.150000000000034
2019-09-25,Tamangapa,Aqua,42.150000000000034,38.370000000000005,23.470000000000027,23.250000000000057
2019-09-29,Tamangapa,Aqua,32.910000000000025,37.01000000000005,19.477346938775558,20.450000000000045
2019-09-30,Tamangapa,Aqua,40.874897959183706,42.99000000000001,,
2019-10-01,Tamangapa,Aqua,,,24.110000000000014,24.690000000000055
2019-10-02,Tamangapa,Aqua,41.34959183673471,41.710000000000036,23.444693877551032,24.090000000000032
2019-10-03,Tamangapa,Aqua,,,23.310000000000002,23.470000000000027
2019-10-04,Tamangapa,Aqua,40.889591836734745,42.57000000000005,21.39653061224495,22.190000000000055
2019-10-05,Tamangapa,Aqua,40.170000000000016,40.170000000000016,,
2019-10-07,Tamangapa,Aqua,40.89000000000004,42.25000000000006,,
2019-10-08,Tamangapa,Aqua,35.32020408163269,35.870000000000005,21.870000000000005,22.29000000000002
2019-10-09,Tamangapa,Aqua,43.0495918367347,43.910000000000025,,
2019-10-11,Tamangapa,Aqua,41.76142857142861,43.202401960784364,,
2019-10-13,Tamangapa,Aqua,,,23.33000000000004,23.850000000000023
2019-10-14,Tamangapa,Aqua,40.570000000000036,40.90452991452995,,
2019-10-15,Tamangapa,Aqua,38.43244897959188,42.201805555555595,,
2019-10-16,Tamangapa,Aqua,39.941428571428595,42.51914893617025,,
2019-10-18,Tamangapa,Aqua,40.92142857142859,43.27595419847332,,20.390000000000043
2019-10-20,Tamangapa,Aqua,44.30387755102043,44.01000000000005,22.99000000000001,23.750000000000057
2019-10-21,Tamangapa,Aqua,38.83244897959187,41.29000000000002,24.03000000000003,24.33000000000004
2019-10-22,Tamangapa,Aqua,37.6095918367347,40.07000000000005,21.630000000000052,22.630000000000052
2019-10-23,Tamangapa,Aqua,39.61367346938779,43.49000000000001,,
2019-10-24,Tamangapa,Aqua,33.33000000000004,33.33000000000004,23.350000000000023,24.010000000000048
2019-10-25,Tamangapa,Aqua,41.99163265306126,43.59000000000003,,
2019-10-27,Tamangapa,Aqua,39.82265306122451,41.250000000000064,,
2019-10-29,Tamangapa,Aqua,,38.77000000000004,22.26959183673472,22.55000000000001
2019-10-30,Tamangapa,Aqua,39.97000000000003,38.99000000000001,,
2019-11-03,Tamangapa,Aqua,38.26918367346942,40.26000000000005,,24.07000000000005
2019-11-05,Tamangapa,Aqua,27.970000000000027,38.25000000000006,22.470000000000027,22.610000000000014
2019-11-06,Tamangapa,Aqua,,36.610000000000014,22.572857142857185,23.07000000000005
2019-11-10,Tamangapa,Aqua,,,21.757755102040857,21.810000000000002
2019-11-12,Tamangapa,Aqua,,,23.79000000000002,24.110000000000014
2019-11-13,Tamangapa,Aqua,,,22.615714285714308,23.190000000000055
2019-11-14,Tamangapa,Aqua,,,23.410000000000025,23.77000000000004
2019-11-16,Tamangapa,Aqua,34.16306122448984,34.59000000000003,,24.510000000000048
2019-11-17,Tamangapa,Aqua,39.17571428571431,41.02437185929652,23.894489795918382,23.610000000000014
2019-11-18,Tamangapa,Aqua,,,23.802244897959216,24.850000000000023
2019-11-19,Tamangapa,Aqua,40.798571428571464,41.65562814070355,,24.470000000000027
2019-11-21,Tamangapa,Aqua,38.83244897959187,40.39559498956162,,
2019-11-23,Tamangapa,Aqua,,37.73000000000002,25.29000000000002,25.55000000000001
2019-11-24,Tamangapa,Aqua,38.99000000000001,38.99000000000001,,
2019-11-25,Tamangapa,Aqua,,,23.750000000000057,23.83000000000004
2019-11-26,Tamangapa,Aqua,40.30265306122451,41.20829787234046,,
2019-11-27,Tamangapa,Aqua,,,22.858163265306143,21.210000000000036
2019-11-28,Tamangapa,Aqua,,41.09000000000003,22.103469387755123,22.170000000000016
2019-12-07,Tamangapa,Aqua,,,24.06306122448983,23.450000000000045
2019-12-11,Tamangapa,Aqua,,,21.57897959183678,22.470000000000027
2019-12-20,Tamangapa,Aqua,,,23.07000000000005,22.77000000000004
2019-12-26,Tamangapa,Aqua,30.418979591836752,29.690000000000055,,
2020-01-24,Tamangapa,Aqua,,35.51000000000005,23.02183673469391,23.450000000000045
2020-01-28,Tamangapa,Aqua,,,23.474081632653093,23.150000000000034
2020-02-24,Tamangapa,Aqua,,,23.29000000000002,23.510000000000048
2020-03-19,Tamangapa,Aqua,,,22.330816326530645,22.33000000000004
2020-03-26,Tamangapa,Aqua,,,22.53244897959187,22.510000000000048
2020-04-17,Tamangapa,Aqua,,,23.387959183673484,23.510000000000048
2020-04-21,Tamangapa,Aqua,,,22.843877551020434,22.83000000000004
2020-04-22,Tamangapa,Aqua,,,22.858571428571445,23.010000000000048
2020-04-23,Tamangapa,Aqua,34.99000000000001,33.57000000000005,,
2020-04-26,Tamangapa,Aqua,,,24.27000000000004,23.890000000000043
2020-04-27,Tamangapa,Aqua,38.370000000000005,34.51000000000005,,
2020-04-29,Tamangapa,Aqua,,,23.526734693877575,23.470000000000027
2020-05-10,Tamangapa,Aqua,,33.03000000000003,23.430000000000007,23.230000000000018
2020-05-12,Tamangapa,Aqua,,,22.950000000000045,23.010000000000048
2020-05-24,Tamangapa,Aqua,29.29000000000002,29.810000000000002,,
2020-06-03,Tamangapa,Aqua,34.21326530612248,33.09000000000003,,
2020-06-04,Tamangapa,Aqua,25.850000000000023,28.350000000000023,,
2020-06-09,Tamangapa,Aqua,,,23.450000000000045,23.450000000000045
2020-06-10,Tamangapa,Aqua,33.21326530612248,33.53000000000003,,
2020-06-18,Tamangapa,Aqua,35.52918367346941,34.410000000000025,,
2020-06-22,Tamangapa,Aqua,,,20.910000000000025,20.99000000000001
2020-06-23,Tamangapa,Aqua,33.626326530612275,33.13666666666671,,23.430000000000007
2020-06-27,Tamangapa,Aqua,,,20.363877551020412,20.310000000000002
2020-06-30,Tamangapa,Aqua,,33.450000000000045,22.227142857142887,19.930000000000007
2020-07-06,Tamangapa,Aqua,,,21.953673469387784,22.15000000000003
2020-07-07,Tamangapa,Aqua,32.387142857142884,32.93000000000001,,
2020-07-14,Tamangapa,Aqua,,34.690000000000055,21.321428571428623,21.510000000000048
2020-07-19,Tamangapa,Aqua,31.390000000000043,31.390000000000043,22.002653061224528,21.810000000000002
2020-07-20,Tamangapa,Aqua,33.86714285714287,33.75000000000006,21.610000000000014,21.430000000000007
2020-07-22,Tamangapa,Aqua,,,22.687959183673495,22.930000000000007
2020-07-25,Tamangapa,Aqua,,33.450000000000045,20.605918367346984,20.450000000000045
2020-07-28,Tamangapa,Aqua,31.430000000000007,33.01000000000005,,
2020-07-29,Tamangapa,Aqua,,,21.418571428571454,21.410000000000025
2020-07-31,Tamangapa,Aqua,,,21.152448979591874,21.110000000000014
2020-08-01,Tamangapa,Aqua,35.954489795918384,37.410000000000025,15.53408163265309,18.53000000000003
2020-08-07,Tamangapa,Aqua,30.77000000000004,30.77000000000004,,
2020-08-14,Tamangapa,Aqua,,,21.99000000000001,21.950000000000045
2020-08-15,Tamangapa,Aqua,37.31653061224492,37.95000000000004,,
2020-09-04,Tamangapa,Aqua,,37.73000000000002,21.870816326530637,22.390000000000043
2020-09-09,Tamangapa,Aqua,38.62265306122452,39.96806451612906,,
2020-09-10,Tamangapa,Aqua,,,22.27653061224494,22.29000000000002
2020-09-11,Tamangapa,Aqua,40.23000000000002,40.29000000000002,,
2020-09-14,Tamangapa,Aqua,38.22061224489797,38.13000000000005,,
2020-09-15,Tamangapa,Aqua,37.42673469387758,37.97000000000003,,20.83000000000004
2020-09-16,Tamangapa,Aqua,40.35040816326535,41.274622222222256,,
2020-09-18,Tamangapa,Aqua,36.05163265306127,42.39000000000004,,23.670000000000016
2020-09-19,Tamangapa,Aqua,,,23.00877551020412,23.230000000000018
2020-09-20,Tamangapa,Aqua,,35.27000000000004,22.412040816326556,22.710000000000036
2020-09-21,Tamangapa,Aqua,,,22.649183673469405,22.630000000000052
2020-10-02,Tamangapa,Aqua,,,22.456938775510213,22.430000000000007
2020-10-10,Tamangapa,Aqua,,,22.190000000000055,22.890000000000043
2020-10-11,Tamangapa,Aqua,39.34591836734696,39.29852842809366,21.53000000000003,22.03000000000003
2020-10-12,Tamangapa,Aqua,,,22.610000000000014,22.810000000000002
2020-10-13,Tamangapa,Aqua,38.04714285714287,39.251739130434835,,
2020-10-20,Tamangapa,Aqua,39.18673469387759,38.150000000000034,,
2020-10-22,Tamangapa,Aqua,36.602244897959224,37.91000000000003,23.110000000000014,23.250000000000057
2020-10-24,Tamangapa,Aqua,26.510000000000048,26.55000000000001,24.150000000000034,24.49000000000001
2020-11-12,Tamangapa,Aqua,38.93653061224493,38.01000000000005,,
2020-11-16,Tamangapa,Aqua,,34.01000000000005,24.130000000000052,23.77000000000004
2021-03-24,Tamangapa,Aqua,,,21.79000000000002,22.010000000000048
2021-04-11,Tamangapa,Aqua,,,23.250000000000057,22.55000000000001
2021-04-13,Tamangapa,Aqua,,,22.503061224489826,22.470000000000027
2021-04-22,Tamangapa,Aqua,,,23.730000000000018,23.850000000000023
2021-04-23,Tamangapa,Aqua,36.09000000000003,35.79000000000002,21.594897959183697,22.57000000000005
2021-04-24,Tamangapa,Aqua,,,24.253673469387767,24.270000000000035
2021-04-25,Tamangapa,Aqua,37.190000000000055,36.170000000000016,21.6548979591837,21.910000000000025
2021-04-26,Tamangapa,Aqua,35.81,34.650000000000034,,
2021-04-30,Tamangapa,Aqua,37.237755102040865,36.965438950555026,22.77571428571431,23.170000000000016
2021-05-02,Tamangapa,Aqua,,34.07000000000005,21.60551020408166,21.670000000000016
2021-05-11,Tamangapa,Aqua,30.630000000000052,31.110000000000014,23.461428571428613,23.170000000000016
2021-05-20,Tamangapa,Aqua,,,22.470000000000027,22.410000000000025
2021-05-25,Tamangapa,Aqua,37.440612244898,36.020689655172454,,
2021-05-27,Tamangapa,Aqua,,,23.690000000000055,23.53000000000003
2021-05-29,Tamangapa,Aqua,34.33285714285718,33.150000000000034,22.150000000000034,22.350000000000023
2021-05-30,Tamangapa,Aqua,,31.750000000000057,22.825918367346954,22.850000000000023
2021-05-31,Tamangapa,Aqua,,,24.130000000000052,24.450000000000045
2021-06-01,Tamangapa,Aqua,36.59816326530614,35.53000000000003,,
2021-06-03,Tamangapa,Aqua,36.71897959183678,35.456632124352375,,23.33000000000004
2021-06-07,Tamangapa,Aqua,32.85326530612249,31.810000000000002,23.33000000000004,23.690000000000055
2021-06-08,Tamangapa,Aqua,32.62591836734698,35.13000000000005,22.168367346938822,22.83000000000004
2021-06-10,Tamangapa,Aqua,37.53408163265311,35.64000000000004,21.64673469387758,21.890000000000043
2021-06-11,Tamangapa,Aqua,,,21.79204081632655,22.290000000000024
2021-06-17,Tamangapa,Aqua,34.527142857142884,34.79000000000002,,
2021-06-23,Tamangapa,Aqua,,,23.503061224489826,23.73000000000002
2021-06-25,Tamangapa,Aqua,,,21.730000000000018,21.370000000000005
2021-07-10,Tamangapa,Aqua,33.52102040816331,33.39000000000004,,
2021-07-13,Tamangapa,Aqua,,,21.890000000000043,21.29000000000002
2021-07-23,Tamangapa,Aqua,,,22.350000000000023,23.230000000000018
2021-07-24,Tamangapa,Aqua,35.870000000000005,34.33000000000004,,
2021-07-25,Tamangapa,Aqua,35.642653061224514,35.47666666666669,20.930000000000007,21.110000000000014
2021-07-26,Tamangapa,Aqua,37.978979591836776,37.410000000000025,,
2021-07-27,Tamangapa,Aqua,,,20.258979591836788,20.450000000000045
2021-07-28,Tamangapa,Aqua,36.96469387755105,36.75000000000006,,
2021-08-04,Tamangapa,Aqua,36.519387755102066,37.35675324675326,,
2021-08-08,Tamangapa,Aqua,,33.55000000000001,21.747959183673498,21.930000000000007
2021-08-09,Tamangapa,Aqua,37.27897959183677,36.830000000000034,,
2021-08-10,Tamangapa,Aqua,32.57000000000005,32.57000000000005,,
2021-08-11,Tamangapa,Aqua,39.47000000000003,39.03000000000003,,
2021-08-14,Tamangapa,Aqua,,,23.390000000000043,24.370000000000005
2021-08-15,Tamangapa,Aqua,38.25000000000006,36.63000000000005,,
2021-08-20,Tamangapa,Aqua,35.191632653061255,37.664206128133735,21.851632653061262,21.890000000000043
2021-08-22,Tamangapa,Aqua,33.75000000000006,33.75000000000006,21.79040816326533,22.05000000000001
2021-08-24,Tamangapa,Aqua,,38.99000000000001,22.430000000000007,22.610000000000014
2021-09-08,Tamangapa,Aqua,31.590000000000032,31.49000000000001,,
2021-09-14,Tamangapa,Aqua,,33.05000000000001,23.82632653061229,24.07000000000005
2021-09-16,Tamangapa,Aqua,27.410000000000025,29.190000000000055,,
2021-09-26,Tamangapa,Aqua,37.634897959183704,36.03000000000003,,
2021-09-28,Tamangapa,Aqua,38.93326530612248,38.79000000000002,21.894897959183705,22.150000000000034
2021-09-29,Tamangapa,Aqua,,,23.390000000000043,23.450000000000045
2021-09-30,Tamangapa,Aqua,39.169591836734725,39.05000000000001,23.427959183673508,23.610000000000014
2021-10-02,Tamangapa,Aqua,,,22.839387755102077,23.390000000000043
2021-10-06,Tamangapa,Aqua,,,22.947959183673486,22.850000000000023
2021-10-07,Tamangapa,Aqua,40.38877551020412,36.89000000000004,,
2021-10-20,Tamangapa,Aqua,,28.49000000000001,24.110000000000014,23.630000000000052
2021-10-22,Tamangapa,Aqua,,,20.27653061224493,22.610000000000014
2021-11-24,Tamangapa,Aqua,31.810000000000002,34.97000000000003,,
2022-03-01,Tamangapa,Aqua,,29.03000000000003,22.407959183673498,22.450000000000045
2022-03-24,Tamangapa,Aqua,,,22.122653061224508,22.03000000000003
2022-05-01,Tamangapa,Aqua,32.99000000000001,32.89000000000004,,
2022-05-22,Tamangapa,Aqua,31.690000000000055,32.870000000000005,,
2022-05-28,Tamangapa,Aqua,,,22.57000000000005,22.370000000000005
2022-05-31,Tamangapa,Aqua,36.240612244898,35.39771084337353,,
2022-06-02,Tamangapa,Aqua,36.143877551020445,35.97000000000003,22.30387755102044,22.650000000000034
2022-06-06,Tamangapa,Aqua,29.55000000000001,29.33000000000004,,
2022-06-11,Tamangapa,Aqua,31.29000000000002,32.35000000000002,,
2022-06-20,Tamangapa,Aqua,32.75000000000006,33.03000000000003,21.632040816326555,21.57000000000005
2022-06-27,Tamangapa,Aqua,,,21.3079591836735,21.27000000000004
2022-06-28,Tamangapa,Aqua,32.03000000000003,32.610000000000014,,
2022-07-02,Tamangapa,Aqua,33.06306122448983,34.97000000000003,,
2022-07-04,Tamangapa,Aqua,,,21.841836734693903,22.090000000000032
2022-07-05,Tamangapa,Aqua,28.77000000000004,28.710000000000036,,22.150000000000034
2022-07-06,Tamangapa,Aqua,,32.910000000000025,22.341836734693906,22.57000000000005
2022-07-12,Tamangapa,Aqua,,,21.8748979591837,21.910000000000025
2022-07-20,Tamangapa,Aqua,,,22.57775510204085,22.77000000000004
2022-07-22,Tamangapa,Aqua,,32.03000000000003,22.14591836734697,22.470000000000027
2022-07-24,Tamangapa,Aqua,32.150000000000034,32.55000000000001,19.413673469387792,20.33000000000004
2022-07-25,Tamangapa,Aqua,36.654897959183714,36.770000000000046,19.94877551020412,20.310000000000002
2022-07-27,Tamangapa,Aqua,,,21.1548979591837,21.370000000000005
2022-07-28,Tamangapa,Aqua,,29.750000000000057,21.681836734693906,21.57000000000005
2022-07-29,Tamangapa,Aqua,,34.03000000000003,21.457755102040846,21.590000000000032
2022-08-03,Tamangapa,Aqua,36.70795918367352,36.110000000000014,,
2022-08-05,Tamangapa,Aqua,35.99734693877554,36.59831228473022,,
2022-08-15,Tamangapa,Aqua,38.81693877551024,36.55000000000001,,
2022-08-16,Tamangapa,Aqua,36.25816326530615,35.89000000000004,,
2022-08-18,Tamangapa,Aqua,,,22.506326530612284,22.390000000000043
2022-08-19,Tamangapa,Aqua,,39.610000000000014,21.375714285714327,21.870000000000005
2022-08-20,Tamangapa,Aqua,,33.89000000000004,21.341428571428604,21.310000000000002
2022-08-21,Tamangapa,Aqua,,,20.21612244897963,20.27000000000004
2022-08-23,Tamangapa,Aqua,32.89693877551021,34.83000000000004,,19.150000000000034
2022-08-26,Tamangapa,Aqua,,40.110000000000014,21.366734693877603,21.650000000000034
2022-08-28,Tamangapa,Aqua,38.623469387755144,36.63000000000005,21.51408163265308,21.750000000000057
2022-09-01,Tamangapa,Aqua,31.029591836734735,31.58000000000004,,22.350000000000023
2022-09-11,Tamangapa,Aqua,37.79122448979596,37.150000000000034,,21.650000000000034
2022-09-24,Tamangapa,Aqua,,,22.903877551020436,22.130000000000052
2022-09-27,Tamangapa,Aqua,38.01000000000005,34.49000000000001,,20.99000000000001
2022-10-21,Tamangapa,Aqua,,,20.950000000000045,21.230000000000018
2022-10-25,Tamangapa,Aqua,31.130000000000052,33.13000000000005,,
2022-12-07,Tamangapa,Aqua,,32.27000000000004,23.450000000000045,23.210000000000036
2023-03-10,Tamangapa,Aqua,,,23.274897959183704,22.950000000000045
2023-04-20,Tamangapa,Aqua,,,22.914489795918424,22.950000000000045
2023-04-21,Tamangapa,Aqua,,,22.643877551020445,22.910000000000025
2023-04-23,Tamangapa,Aqua,,28.03000000000003,23.27000000000004,23.370000000000005
2023-04-24,Tamangapa,Aqua,36.195306122449026,35.46946564885499,,
2023-05-02,Tamangapa,Aqua,,,24.170000000000016,24.010000000000048
2023-05-03,Tamangapa,Aqua,36.950000000000045,34.53000000000003,,
2023-05-12,Tamangapa,Aqua,36.13000000000005,34.57000000000005,,22.910000000000025
2023-05-13,Tamangapa,Aqua,32.844693877551045,32.03000000000003,18.95204081632657,20.486329113924064
2023-05-17,Tamangapa,Aqua,,,22.210000000000036,22.610000000000014
2023-05-19,Tamangapa,Aqua,37.192040816326575,35.610000000000014,,
2023-05-20,Tamangapa,Aqua,,,22.93163265306127,22.83000000000004
2023-05-21,Tamangapa,Aqua,33.88102040816329,33.35000000000002,23.610000000000014,23.950000000000045
2023-05-23,Tamangapa,Aqua,,,21.83000000000004,21.970000000000027
2023-05-26,Tamangapa,Aqua,33.75000000000006,33.73000000000002,,
2023-05-27,Tamangapa,Aqua,,33.23000000000002,20.510816326530634,20.79000000000002
2023-05-28,Tamangapa,Aqua,35.170000000000016,34.610000000000014,22.73734693877554,23.090000000000032
2023-06-01,Tamangapa,Aqua,,,23.494897959183707,23.750000000000057
2023-06-06,Tamangapa,Aqua,,31.49000000000001,21.970816326530663,22.33000000000004
2023-06-07,Tamangapa,Aqua,37.74591836734698,36.27000000000004,,22.27000000000004
2023-06-08,Tamangapa,Aqua,,31.190000000000055,24.041836734693916,22.590000000000032
2023-06-16,Tamangapa,Aqua,37.56020408163269,36.97000000000003,,18.890000000000043
2023-06-21,Tamangapa,Aqua,39.68551020408166,38.670000000000016,22.420612244898013,22.710000000000036
2023-06-22,Tamangapa,Aqua,,,21.894897959183705,22.210000000000036
2023-06-28,Tamangapa,Aqua,,,21.886734693877585,21.950000000000045
2023-07-05,Tamangapa,Aqua,33.01000000000005,32.99000000000001,,
2023-07-17,Tamangapa,Aqua,34.97000000000003,35.81,,
2023-07-18,Tamangapa,Aqua,,,21.684693877551037,21.83000000000004
2023-07-19,Tamangapa,Aqua,38.33000000000004,35.39000000000004,21.806734693877605,21.83000000000004
2023-07-20,Tamangapa,Aqua,,,21.443877551020453,21.510000000000048
2023-07-21,Tamangapa,Aqua,31.810000000000002,34.110000000000014,,
2023-07-22,Tamangapa,Aqua,34.410000000000025,34.170000000000016,,
2023-07-23,Tamangapa,Aqua,29.954897959183693,32.370000000000005,21.79000000000002,22.05000000000001
2023-07-25,Tamangapa,Aqua,,,22.410000000000025,22.510000000000048
2023-07-26,Tamangapa,Aqua,38.3932653061225,37.650000000000034,22.470000000000027,22.810000000000002
2023-07-27,Tamangapa,Aqua,31.470000000000027,31.870000000000005,,22.610000000000014
2023-07-28,Tamangapa,Aqua,37.42387755102042,37.870000000000005,21.690000000000055,21.690000000000055
2023-07-29,Tamangapa,Aqua,36.38428571428576,36.47000000000003,,
2023-07-30,Tamangapa,Aqua,,,21.79000000000002,20.670000000000016
2023-07-31,Tamangapa,Aqua,36.57326530612247,37.170000000000016,19.85326530612249,20.390000000000043
2023-08-01,Tamangapa,Aqua,,,21.31775510204086,21.710000000000036
2023-08-02,Tamangapa,Aqua,37.82795918367349,38.190000000000055,22.510000000000048,22.53000000000003
2023-08-03,Tamangapa,Aqua,34.17408163265309,33.85000000000002,22.271632653061246,22.49000000000001
2023-08-06,Tamangapa,Aqua,33.43285714285717,33.05000000000001,21.850000000000023,22.090000000000032
2023-08-07,Tamangapa,Aqua,38.45734693877553,38.73000000000001,21.230000000000018,21.77000000000004
2023-08-09,Tamangapa,Aqua,38.99204081632658,38.93000000000001,,22.410000000000025
2023-08-10,Tamangapa,Aqua,,,19.22224489795922,20.690000000000055
2023-08-11,Tamangapa,Aqua,36.51571428571433,36.70228915662655,19.742653061224512,20.170000000000016
2023-08-12,Tamangapa,Aqua,38.70673469387759,38.37,,
2023-08-13,Tamangapa,Aqua,34.53571428571433,33.81,,21.390000000000043
2023-08-14,Tamangapa,Aqua,,37.09000000000003,19.778571428571453,19.910000000000025
2023-08-15,Tamangapa,Aqua,,,23.07000000000005,23.07000000000005
2023-08-16,Tamangapa,Aqua,37.898979591836785,38.51886462882101,22.61163265306125,23.190000000000055
2023-08-17,Tamangapa,Aqua,,,20.724693877551058,20.49000000000001
2023-08-18,Tamangapa,Aqua,35.150000000000034,36.01000000000004,18.55000000000001,20.510000000000048
2023-08-21,Tamangapa,Aqua,41.28959183673471,41.14000000000004,19.310000000000002,20.410000000000025
2023-08-25,Tamangapa,Aqua,,37.43000000000001,22.310000000000002,22.470000000000027
2023-08-26,Tamangapa,Aqua,39.78142857142862,40.080851063829826,22.33000000000004,22.970000000000027
2023-08-27,Tamangapa,Aqua,,,21.650000000000034,22.610000000000014
2023-08-28,Tamangapa,Aqua,41.11816326530618,40.73000000000002,,21.930000000000007
2023-08-29,Tamangapa,Aqua,33.64306122448982,33.23000000000002,,22.250000000000057
2023-08-30,Tamangapa,Aqua,40.710816326530654,40.83000000000004,20.950000000000045,21.850000000000023
2023-08-31,Tamangapa,Aqua,39.777755102040835,40.91994152046785,,
2023-09-01,Tamangapa,Aqua,36.3744897959184,38.39000000000005,,20.850000000000023
2023-09-02,Tamangapa,Aqua,40.598163265306134,40.93000000000001,,21.430000000000007
2023-09-03,Tamangapa,Aqua,,,20.730000000000018,21.310000000000002
2023-09-04,Tamangapa,Aqua,40.074897959183716,40.630000000000045,22.512857142857186,22.930000000000007
2023-09-06,Tamangapa,Aqua,39.11938775510207,39.779552238806005,21.04387755102042,21.57000000000005
2023-09-07,Tamangapa,Aqua,36.909183673469414,38.29000000000002,,
2023-09-08,Tamangapa,Aqua,,33.35000000000002,19.677755102040845,20.610000000000014
2023-09-09,Tamangapa,Aqua,39.217346938775535,40.08889298892992,20.879795918367364,21.05000000000001
2023-09-10,Tamangapa,Aqua,,,23.69122448979594,24.010000000000048
2023-09-12,Tamangapa,Aqua,,39.33000000000004,21.957346938775522,22.150000000000034
2023-09-13,Tamangapa,Aqua,,32.450000000000045,19.94755102040822,21.310000000000002
2023-09-14,Tamangapa,Aqua,39.43979591836737,40.170000000000016,,
2023-09-15,Tamangapa,Aqua,,34.610000000000014,21.13571428571432,21.430000000000007
2023-09-16,Tamangapa,Aqua,40.92061224489802,41.47000000000003,,
2023-09-17,Tamangapa,Aqua,,,21.723877551020426,22.400000000000034
2023-09-18,Tamangapa,Aqua,40.076122448979646,40.090000000000025,,20.470000000000027
2023-09-19,Tamangapa,Aqua,35.55000000000001,34.650000000000034,18.189183673469433,18.83000000000004
2023-09-20,Tamangapa,Aqua,38.51734693877554,39.635995807127934,22.590000000000032,23.29000000000002
2023-09-21,Tamangapa,Aqua,39.777346938775544,41.10333333333335,,
2023-09-23,Tamangapa,Aqua,42.34102040816328,43.41006060606063,22.20755102040821,22.99000000000001
2023-09-25,Tamangapa,Aqua,,,19.157346938775536,19.910000000000025
2023-09-26,Tamangapa,Aqua,38.04020408163271,40.07000000000005,,22.55000000000001
2023-09-28,Tamangapa,Aqua,42.637346938775536,43.43000000000001,,
2023-09-29,Tamangapa,Aqua,,,19.41489795918369,20.53000000000003
2023-09-30,Tamangapa,Aqua,42.235306122449,41.610000000000014,,22.850000000000023
2023-10-01,Tamangapa,Aqua,36.61163265306127,37.89000000000004,21.730000000000018,22.950000000000045
2023-10-02,Tamangapa,Aqua,40.6940816326531,39.79000000000002,20.669591836734718,21.670000000000016
2023-10-04,Tamangapa,Aqua,37.47000000000003,39.89000000000004,24.150000000000034,24.33000000000004
2023-10-05,Tamangapa,Aqua,39.77326530612248,40.69000000000005,23.82755102040822,23.53000000000003
2023-10-06,Tamangapa,Aqua,,,22.510000000000048,23.510000000000048
2023-10-07,Tamangapa,Aqua,40.88836734693879,41.84542168674702,23.370000000000005,23.750000000000057
2023-10-08,Tamangapa,Aqua,,37.25000000000006,23.630000000000052,24.230000000000018
2023-10-09,Tamangapa,Aqua,37.53040816326534,39.63000000000005,22.710000000000036,23.630000000000052
2023-10-10,Tamangapa,Aqua,39.026734693877586,41.210000000000036,,
2023-10-11,Tamangapa,Aqua,37.32551020408166,39.05000000000001,22.170000000000016,22.910000000000025
2023-10-12,Tamangapa,Aqua,42.95163265306126,42.79823151125403,,
2023-10-13,Tamangapa,Aqua,,,23.49000000000001,24.910000000000025
2023-10-14,Tamangapa,Aqua,42.13857142857146,42.5327876106195,23.729591836734723,24.05000000000001
2023-10-16,Tamangapa,Aqua,39.66755102040819,40.42228915662652,22.49000000000001,23.630000000000052
2023-10-17,Tamangapa,Aqua,40.03326530612247,40.71000000000004,,
2023-10-19,Tamangapa,Aqua,41.70755102040822,41.190000000000055,,
2023-10-21,Tamangapa,Aqua,40.75204081632658,40.81,,24.27000000000004
2023-10-22,Tamangapa,Aqua,,,18.110000000000014,22.150000000000034
2023-10-25,Tamangapa,Aqua,,34.47000000000003,22.610000000000014,23.170000000000016
2023-10-26,Tamangapa,Aqua,38.869183673469415,39.670000000000016,,23.170000000000016
2023-10-28,Tamangapa,Aqua,34.55000000000001,37.78873417721521,22.930000000000007,23.77000000000004
2023-10-29,Tamangapa,Aqua,35.70387755102043,37.51140776699034,,22.77000000000004
2023-10-30,Tamangapa,Aqua,37.98632653061228,39.14000000000004,24.229591836734727,24.970000000000027
2023-11-04,Tamangapa,Aqua,,33.670000000000016,21.49000000000001,22.05000000000001
2023-11-05,Tamangapa,Aqua,37.610000000000014,36.73000000000002,,
2023-11-06,Tamangapa,Aqua,,,24.390000000000043,24.610000000000014
2023-11-07,Tamangapa,Aqua,38.443061224489824,38.085211267605665,,
2023-11-09,Tamangapa,Aqua,37.537346938775514,38.91952000000001,,
2023-11-10,Tamangapa,Aqua,,,24.781428571428606,25.55000000000001
2023-11-11,Tamangapa,Aqua,,37.23000000000002,23.370000000000005,23.910000000000025
2023-11-18,Tamangapa,Aqua,,,22.430000000000007,22.670000000000016
2023-11-20,Tamangapa,Aqua,,,23.77000000000004,23.730000000000018
2023-12-19,Tamangapa,Aqua,,,21.374489795918393,21.970000000000027
2023-12-21,Tamangapa,Aqua,,,23.77000000000004,23.190000000000055
2024-02-24,Tamangapa,Aqua,,,23.250000000000057,23.650000000000034
2024-04-05,Tamangapa,Aqua,37.29000000000002,35.99000000000001,,
2024-05-01,Tamangapa,Aqua,,,23.69204081632656,23.590000000000032
2024-05-06,Tamangapa,Aqua,30.850000000000023,29.690000000000055,,
2024-05-07,Tamangapa,Aqua,,,22.33000000000004,22.53000000000003
2024-05-08,Tamangapa,Aqua,34.370000000000005,33.190000000000055,23.318979591836754,23.430000000000007
2024-05-10,Tamangapa,Aqua,,,23.890000000000043,23.77000000000004
2024-05-11,Tamangapa,Aqua,,,21.685510204081673,21.83000000000004
2024-05-12,Tamangapa,Aqua,,,23.690000000000055,23.430000000000007
2024-05-13,Tamangapa,Aqua,36.98918367346943,36.05000000000001,21.481020408163285,21.39000000000004
2024-05-14,Tamangapa,Aqua,31.75326530612247,31.950000000000045,,22.450000000000045
2024-05-19,Tamangapa,Aqua,,,21.750000000000057,21.970000000000027
2024-05-20,Tamangapa,Aqua,,,22.236530612244923,22.142916666666707
2024-05-25,Tamangapa,Aqua,33.450000000000045,33.47000000000003,,
2024-06-04,Tamangapa,Aqua,31.810000000000002,31.910000000000025,,
2024-06-13,Tamangapa,Aqua,32.190000000000055,33.49000000000001,,
2024-06-16,Tamangapa,Aqua,,,21.761020408163297,21.970000000000027
2024-06-18,Tamangapa,Aqua,35.63530612244902,35.05000000000001,21.350000000000023,22.29000000000002
2024-06-19,Tamangapa,Aqua,34.71897959183678,34.650000000000034,,
2024-06-25,Tamangapa,Aqua,,34.690000000000055,22.63897959183678,23.07000000000005
2024-06-27,Tamangapa,Aqua,,,23.710000000000036,22.99000000000001
2024-06-28,Tamangapa,Aqua,35.676938775510244,34.950000000000045,,
2024-07-05,Tamangapa,Aqua,,32.670000000000016,22.282653061224536,21.970000000000027
2024-07-12,Tamangapa,Aqua,33.61653061224492,34.25000000000006,,
2024-07-14,Tamangapa,Aqua,,32.610000000000014,21.250000000000057,21.470000000000027
2024-07-17,Tamangapa,Aqua,,36.01000000000005,21.210000000000036,21.710000000000036
2024-07-18,Tamangapa,Aqua,,28.390000000000043,20.690000000000055,20.690000000000055
2024-07-19,Tamangapa,Aqua,36.63857142857146,36.03000000000003,20.010000000000048,21.090000000000032
2024-07-20,Tamangapa,Aqua,36.770000000000024,36.870000000000005,,
2024-07-22,Tamangapa,Aqua,32.670000000000016,36.73000000000002,,
2024-07-28,Tamangapa,Aqua,,,22.810000000000002,22.33000000000004
2024-07-29,Tamangapa,Aqua,,,22.40265306122454,22.61000000000001
2024-07-31,Tamangapa,Aqua,,34.170000000000016,22.57000000000005,22.690000000000055
2024-08-01,Tamangapa,Aqua,36.679795918367375,37.13000000000005,23.210000000000036,23.430000000000007
2024-08-03,Tamangapa,Aqua,37.1679591836735,36.79000000000002,,20.610000000000014
2024-08-04,Tamangapa,Aqua,,30.810000000000002,20.659795918367376,21.170000000000016
2024-08-07,Tamangapa,Aqua,,,21.97571428571432,21.930000000000007
2024-08-08,Tamangapa,Aqua,35.25204081632658,35.71521739130438,,
2024-08-09,Tamangapa,Aqua,33.690000000000055,35.81,21.250000000000057,21.310000000000002
2024-08-10,Tamangapa,Aqua,35.93775510204086,36.05000000000001,21.170000000000016,21.370000000000005
2024-08-11,Tamangapa,Aqua,37.38020408163268,37.51000000000005,,
2024-08-12,Tamangapa,Aqua,,,21.79000000000002,22.010000000000048
2024-08-13,Tamangapa,Aqua,37.90795918367351,38.190000000000055,20.193673469387765,20.450000000000045
2024-08-14,Tamangapa,Aqua,33.01000000000005,33.01000000000005,20.001836734693896,20.33000000000004
2024-08-15,Tamangapa,Aqua,,36.01000000000005,21.370000000000005,21.430000000000007
2024-08-17,Tamangapa,Aqua,,34.01000000000005,22.090000000000032,22.190000000000055
2024-08-18,Tamangapa,Aqua,40.574081632653076,40.05000000000001,21.863877551020416,21.850000000000023
2024-08-19,Tamangapa,Aqua,,,22.57775510204085,22.590000000000032
2024-08-20,Tamangapa,Aqua,38.015714285714324,37.690000000000055,21.884693877551058,21.99000000000001
2024-08-23,Tamangapa,Aqua,37.770816326530664,38.33000000000004,,
2024-08-24,Tamangapa,Aqua,,,20.825918367346954,21.53000000000003
2024-08-26,Tamangapa,Aqua,,,21.052857142857174,20.99000000000001
2024-08-27,Tamangapa,Aqua,,,20.98428571428574,20.810000000000002
2024-08-29,Tamangapa,Aqua,,,20.29448979591842,20.470000000000027
2024-09-01,Tamangapa,Aqua,35.05000000000001,37.39000000000004,,23.690000000000055
2024-09-04,Tamangapa,Aqua,,39.47000000000003,22.347959183673492,22.350000000000023
2024-09-05,Tamangapa,Aqua,,,22.85816326530613,22.83000000000004
2024-09-06,Tamangapa,Aqua,39.29000000000002,38.77000000000004,,
2024-09-09,Tamangapa,Aqua,,,23.236938775510247,23.310000000000002
2024-09-11,Tamangapa,Aqua,39.52591836734697,38.01000000000005,20.512448979591873,20.930000000000007
2024-09-12,Tamangapa,Aqua,,38.49000000000001,20.9010204081633,20.83000000000004
2024-09-13,Tamangapa,Aqua,,29.79000000000002,20.510000000000048,20.590000000000032
2024-09-15,Tamangapa,Aqua,,,19.591224489795962,19.650000000000034
2024-09-16,Tamangapa,Aqua,39.19204081632657,40.01000000000005,,21.870000000000005
2024-09-17,Tamangapa,Aqua,,35.07000000000005,21.676530612244918,21.930000000000007
2024-09-19,Tamangapa,Aqua,37.190000000000055,37.47000000000003,,
2024-09-22,Tamangapa,Aqua,,,23.699795918367357,24.130000000000052
2024-09-23,Tamangapa,Aqua,,,22.01897959183678,22.430000000000007
2024-09-26,Tamangapa,Aqua,38.503061224489834,39.31,20.590000000000032,21.29000000000002
2024-09-28,Tamangapa,Aqua,,,23.650000000000034,23.77000000000004
2024-10-01,Tamangapa,Aqua,29.850000000000023,37.85579387186631,20.890000000000043,20.450000000000045
2024-10-06,Tamangapa,Aqua,39.78877551020409,40.790647249190954,20.513673469387786,21.410000000000025
2024-10-07,Tamangapa,Aqua,,,19.83857142857147,19.99000000000001
2024-10-12,Tamangapa,Aqua,,,22.83000000000004,23.03000000000003
2024-10-13,Tamangapa,Aqua,39.130408163265315,40.670000000000016,,
2024-10-17,Tamangapa,Aqua,,,22.55000000000001,22.57000000000005
2024-10-20,Tamangapa,Aqua,,,22.438571428571468,22.470000000000027
2024-10-23,Tamangapa,Aqua,37.041428571428604,38.63771084337354,,22.930000000000007
2024-10-24,Tamangapa,Aqua,,,22.973673469387794,23.150000000000034
2024-10-27,Tamangapa,Aqua,,,24.096938775510253,24.350000000000023
2024-10-28,Tamangapa,Aqua,,,24.381836734693895,24.650000000000034
2024-11-06,Tamangapa,Aqua,,,23.054897959183705,22.930000000000007
2025-04-23,Tamangapa,Aqua,30.898163265306138,32.07000000000005,,
2025-04-25,Tamangapa,Aqua,,32.410000000000025,22.291224489795955,22.130000000000052
2025-04-28,Tamangapa,Aqua,32.150000000000034,30.150000000000034,,22.07000000000005
2025-05-03,Tamangapa,Aqua,,,22.99000000000001,23.190000000000055
2025-06-04,Tamangapa,Aqua,,,22.434897959183704,22.590000000000032
2025-06-05,Tamangapa,Aqua,33.44428571428577,32.39000000000004,,
2025-06-08,Tamangapa,Aqua,32.870000000000005,32.450000000000045,,
2025-06-09,Tamangapa,Aqua,,,20.590000000000032,21.630000000000052
2025-06-10,Tamangapa,Aqua,31.60387755102042,29.090000000000032,,
2025-06-16,Tamangapa,Aqua,,29.670000000000016,21.232040816326577,21.410000000000025
2025-07-07,Tamangapa,Aqua,24.07000000000005,24.07000000000005,,
2025-07-15,Tamangapa,Aqua,,,20.36183673469391,21.29000000000002
2025-07-16,Tamangapa,Aqua,30.741428571428596,31.690000000000055,,
2025-07-17,Tamangapa,Aqua,,,19.53000000000003,19.53000000000003
2025-07-18,Tamangapa,Aqua,31.819387755102067,31.630000000000056,,
2025-07-19,Tamangapa,Aqua,31.370000000000005,31.870000000000005,,
2025-07-20,Tamangapa,Aqua,34.59448979591838,35.27000000000004,20.970000000000027,20.190000000000055
2025-07-21,Tamangapa,Aqua,34.07081632653064,33.51000000000005,,
2025-07-23,Tamangapa,Aqua,33.439387755102054,34.51000000000004,22.310000000000002,22.510000000000048
2025-07-25,Tamangapa,Aqua,,35.49000000000001,22.450000000000045,22.670000000000016
2025-07-28,Tamangapa,Aqua,35.89408163265308,35.98786231884059,22.590000000000032,23.170000000000016
2025-07-31,Tamangapa,Aqua,31.970000000000027,33.170000000000016,,
2025-08-02,Tamangapa,Aqua,31.610000000000014,33.690000000000055,22.690000000000055,23.510000000000048
2025-08-06,Tamangapa,Aqua,,,23.226734693877564,23.53000000000003
2025-08-11,Tamangapa,Aqua,,30.410000000000025,19.970000000000027,20.410000000000025
2025-08-12,Tamangapa,Aqua,,34.07000000000005,20.426734693877577,20.930000000000007
2025-08-13,Tamangapa,Aqua,35.113265306122486,35.610000000000014,,
2025-08-14,Tamangapa,Aqua,,,20.410000000000025,20.83000000000004
2025-08-15,Tamangapa,Aqua,31.78836734693883,34.23000000000002,,20.210000000000036
2025-08-19,Tamangapa,Aqua,,,20.690000000000055,20.910000000000025
2025-08-20,Tamangapa,Aqua,34.09000000000003,34.13000000000005,22.624285714285737,22.89000000000004
2025-08-27,Tamangapa,Aqua,,,19.33000000000004,19.750000000000057
2025-08-28,Tamangapa,Aqua,,,18.292857142857166,19.55000000000001
2025-08-31,Tamangapa,Aqua,33.75000000000006,35.05000000000001,,
2025-09-02,Tamangapa,Aqua,38.20387755102044,37.79000000000002,,
2025-09-04,Tamangapa,Aqua,,34.05000000000001,21.06714285714289,21.27000000000004
2025-09-13,Tamangapa,Aqua,32.814489795918405,30.610000000000014,,
2025-09-17,Tamangapa,Aqua,33.66836734693881,35.57000000000005,,
2025-09-19,Tamangapa,Aqua,34.410000000000025,33.99000000000001,,
2025-09-20,Tamangapa,Aqua,35.86265306122453,35.910000000000025,,24.33000000000004
2025-09-21,Tamangapa,Aqua,,,22.970000000000027,23.190000000000055
2025-09-25,Tamangapa,Aqua,37.670000000000016,36.05000000000001,,
2025-09-30,Tamangapa,Aqua,,30.930000000000007,20.516938775510216,20.650000000000034
2025-10-02,Tamangapa,Aqua,,35.670000000000016,22.470000000000027,22.870000000000005
2025-10-04,Tamangapa,Aqua,,,21.873673469387768,22.07000000000005
2025-10-05,Tamangapa,Aqua,30.508367346938794,30.150000000000034,,
2025-10-07,Tamangapa,Aqua,,,22.810000000000002,22.29000000000002
2025-10-09,Tamangapa,Aqua,,,21.870000000000005,21.630000000000052
2025-10-14,Tamangapa,Aqua,,,19.651224489795965,19.610000000000014
2025-10-15,Tamangapa,Aqua,33.150000000000034,33.110000000000014,22.910000000000025,23.170000000000016
2025-11-04,Tamangapa,Aqua,,,21.930000000000007,22.07000000000005
2025-11-05,Tamangapa,Aqua,31.801428571428595,32.35000000000002,,
2026-03-26,Tamangapa,Aqua,,,22.791632653061257,22.930000000000007
2026-03-27,Tamangapa,Aqua,,,22.21285714285717,21.83000000000004
2026-04-14,Tamangapa,Aqua,,,23.350000000000023,22.77000000000004
2026-04-15,Tamangapa,Aqua,30.470000000000027,30.53000000000003,,
2026-04-16,Tamangapa,Aqua,35.110000000000014,33.89000000000004,21.250000000000057,21.690000000000055
2026-04-18,Tamangapa,Aqua,32.09000000000003,32.23000000000002,,
2026-04-20,Tamangapa,Aqua,,,22.843877551020434,22.970000000000027
2026-04-23,Tamangapa,Aqua,,28.630000000000052,22.034897959183695,22.510000000000048
2026-05-04,Tamangapa,Aqua,,32.39000000000004,22.150000000000034,21.930000000000007
2026-05-08,Tamangapa,Aqua,,,22.53000000000003,22.730000000000018
2026-05-24,Tamangapa,Aqua,,,20.958571428571474,21.03000000000003
2026-05-29,Tamangapa,Aqua,29.654897959183714,29.130000000000052,20.912448979591865,21.83000000000004
2026-05-30,Tamangapa,Aqua,30.383061224489822,31.610000000000014,,
2026-05-31,Tamangapa,Aqua,,,21.767959183673515,22.090000000000032
2026-06-01,Tamangapa,Aqua,31.531632653061234,31.850000000000023,22.446326530612264,22.710000000000036
2026-06-04,Tamangapa,Aqua,30.481836734693918,30.310000000000002,23.250000000000057,23.610000000000014
2026-06-05,Tamangapa,Aqua,,32.190000000000055,21.650000000000034,22.210000000000036
2026-06-06,Tamangapa,Aqua,32.725510204081665,32.29000000000002,21.250000000000057,22.190000000000055
2026-06-07,Tamangapa,Aqua,30.79857142857145,31.53000000000003,,
2026-06-08,Tamangapa,Aqua,,,22.730000000000018,22.870000000000005
2026-06-12,Tamangapa,Aqua,27.79000000000002,26.930000000000007,,
2026-06-14,Tamangapa,Aqua,30.587142857142886,30.950000000000045,20.610000000000014,20.730000000000018
2026-06-17,Tamangapa,Aqua,,31.57000000000005,22.11530612244903,21.57000000000005
2026-06-18,Tamangapa,Aqua,,,22.772857142857177,23.05000000000001
2026-06-19,Tamangapa,Aqua,31.597755102040846,31.370000000000005,22.133673469387762,22.390000000000043
2026-06-22,Tamangapa,Aqua,30.763061224489817,31.590000000000032,,18.690000000000055
2026-06-24,Tamangapa,Aqua,,25.27000000000004,21.970000000000027,22.230000000000018
2026-06-25,Tamangapa,Aqua,30.563877551020457,31.010000000000048,,
2026-06-26,Tamangapa,Aqua,,,21.435306122449028,21.730000000000018
2026-06-27,Tamangapa,Aqua,32.804693877551045,32.170000000000016,23.190000000000055,23.670000000000016
2026-06-29,Tamangapa,Aqua,,,22.52673469387757,22.77000000000004
2026-06-30,Tamangapa,Aqua,32.15857142857147,32.170000000000016,22.653673469387797,22.670000000000016
2026-07-01,Tamangapa,Aqua,,,22.53897959183676,23.010000000000048
2026-07-02,Tamangapa,Aqua,31.967551020408205,31.93000000000001,,
2026-07-05,Tamangapa,Aqua,33.62428571428574,33.353472222222244,,21.190000000000055
2026-07-06,Tamangapa,Aqua,30.584285714285752,30.710000000000036,,22.170000000000016
2026-07-07,Tamangapa,Aqua,32.31938775510206,32.610000000000014,21.50591836734696,21.730000000000018
2026-07-08,Tamangapa,Aqua,32.03000000000003,33.31,,
2026-07-12,Tamangapa,Aqua,32.41204081632654,33.17000000000001,20.587551020408206,21.090000000000032
2026-07-13,Tamangapa,Aqua,33.455714285714315,33.390000000000036,21.190000000000055,21.79000000000002
2026-07-14,Tamangapa,Aqua,31.301020408163282,30.710000000000036,,22.27000000000004
2026-07-15,Tamangapa,Aqua,32.75938775510207,33.19068181818187,,22.690000000000055
2026-07-17,Tamangapa,Aqua,,,22.03000000000003,22.150000000000034
2026-07-18,Tamangapa,Aqua,32.150000000000034,32.89000000000004,,22.970000000000027
2026-07-19,Tamangapa,Aqua,,,22.371632653061265,22.27000000000004
2026-07-20,Tamangapa,Aqua,32.86714285714288,33.73000000000002,,21.77000000000004
2026-07-21,Tamangapa,Aqua,,,19.4348979591837,19.03000000000003
2026-07-23,Tamangapa,Aqua,,,19.828775510204114,19.850000000000023
2026-07-25,Tamangapa,Aqua,32.14673469387758,31.090000000000032,,20.170000000000016
2026-07-26,Tamangapa,Aqua,34.151632653061256,34.09000000000003,20.541020408163284,20.57000000000005
2026-07-27,Tamangapa,Aqua,,,21.57000000000005,21.690000000000055
2026-07-28,Tamangapa,Aqua,,33.81,20.350000000000023,20.79000000000002
2026-07-30,Tamangapa,Aqua,,,21.99000000000001,22.970000000000027
2026-07-31,Tamangapa,Aqua,33.49938775510207,33.69663265306127,,22.470000000000027
2026-08-01,Tamangapa,Aqua,,,22.07775510204085,22.29000000000002
2026-08-02,Tamangapa,Aqua,33.580612244897985,34.27000000000004,20.930000000000007,21.29000000000002
2026-08-03,Tamangapa,Aqua,35.224285714285735,35.360000000000014,21.3410204081633,21.55000000000001
2026-08-05,Tamangapa,Aqua,34.48591836734699,34.01000000000005,21.170000000000016,22.03000000000003
2026-08-06,Tamangapa,Aqua,34.09000000000003,34.33000000000004,,
2026-08-07,Tamangapa,Aqua,32.88959183673472,34.35000000000002,,
2026-08-08,Tamangapa,Aqua,35.00428571428575,35.210000000000036,,20.83000000000004
2026-08-09,Tamangapa,Aqua,,,20.859795918367386,21.270000000000042
2026-08-10,Tamangapa,Aqua,34.70918367346942,35.29666666666668,,21.410000000000025
2026-08-11,Tamangapa,Aqua,34.153265306122485,34.69000000000006,,
2026-08-13,Tamangapa,Aqua,33.79040816326533,34.370000000000005,19.96061224489798,20.550000000000008
2026-08-14,Tamangapa,Aqua,,,21.150000000000034,21.890000000000043
2026-08-15,Tamangapa,Aqua,32.4675510204082,33.31,18.06591836734696,19.170000000000016
2026-08-16,Tamangapa,Aqua,36.92714285714288,36.950000000000045,,
2026-08-17,Tamangapa,Aqua,,,19.49000000000001,20.310000000000002
2026-08-18,Tamangapa,Aqua,36.23734693877555,36.09000000000003,18.79000000000002,19.750000000000057
2026-08-19,Tamangapa,Aqua,32.34346938775512,33.58000000000001,,20.77000000000004
2026-08-20,Tamangapa,Aqua,34.988367346938816,35.63667785234904,20.210000000000036,20.510000000000048
2026-08-21,Tamangapa,Aqua,37.0083673469388,36.950000000000045,,21.510000000000048
2026-08-22,Tamangapa,Aqua,,,20.470000000000027,20.970000000000027
2026-08-23,Tamangapa,Aqua,35.001020408163306,35.09000000000003,,20.310000000000002
2026-08-24,Tamangapa,Aqua,34.083469387755116,34.79400000000002,,
2026-08-25,Tamangapa,Aqua,31.341836734693914,30.310000000000002,17.778979591836766,18.610000000000014
2026-08-26,Tamangapa,Aqua,36.26020408163269,36.79000000000002,,17.930000000000007
2026-08-27,Tamangapa,Aqua,33.07000000000005,32.93000000000001,20.29000000000002,20.850000000000023
2026-08-28,Tamangapa,Aqua,34.45000000000003,35.690000000000055,19.472448979591867,20.410000000000025
2026-08-29,Tamangapa,Aqua,35.36836734693881,36.13857473928162,,
2026-08-31,Tamangapa,Aqua,36.72020408163267,36.9209677419355,20.230000000000018,21.010000000000048
2026-09-01,Tamangapa,Aqua,,34.81,20.510000000000048,20.53000000000003
2026-09-02,Tamangapa,Aqua,36.261428571428624,37.110000000000014,21.150000000000034,21.750000000000057
2026-09-03,Tamangapa,Aqua,31.810000000000002,33.43000000000001,22.336530612244946,23.07000000000005
2026-09-05,Tamangapa,Aqua,,34.85000000000002,21.77000000000004,23.390000000000043
2026-09-08,Tamangapa,Aqua,36.341836734693906,36.359364005412736,,
2026-09-10,Tamangapa,Aqua,36.00224489795921,36.650000000000034,,18.950000000000045
2026-09-11,Tamangapa,Aqua,35.165102040816365,34.990000000000016,,
2026-09-12,Tamangapa,Aqua,,,21.130000000000052,22.29000000000002
2026-09-13,Tamangapa,Aqua,36.736938775510225,37.150000000000034,,21.370000000000005
2026-09-14,Tamangapa,Aqua,34.15938775510208,35.63000000000005,20.585510204081647,21.410000000000025
2026-09-15,Tamangapa,Aqua,35.902244897959214,36.98333333333335,19.811224489795944,20.110000000000014
2026-09-16,Tamangapa,Aqua,37.05285714285716,37.65000000000003,,
2026-09-17,Tamangapa,Aqua,,,20.6210204081633,20.450000000000045
2026-09-18,Tamangapa,Aqua,37.0410204081633,37.25000000000006,19.190000000000055,21.55000000000001
2026-09-20,Tamangapa,Aqua,31.60387755102042,31.49000000000001,,
2026-09-21,Tamangapa,Aqua,35.81,36.07773333333338,19.39897959183677,19.350000000000023
