date,tpa_nama,sensor,day_tpa,day_ring,night_tpa,night_ring
2019-01-05,Temesi,Terra,33.322791878172616,32.27000000000004,,
2019-01-07,Temesi,Terra,32.47467005076147,31.29000000000002,,
2019-01-08,Temesi,Terra,,27.07000000000005,21.79030456852795,21.79000000000002
2019-01-10,Temesi,Terra,33.63081218274113,33.170000000000016,,
2019-01-26,Temesi,Terra,34.19639593908634,33.55000000000001,,
2019-02-02,Temesi,Terra,31.481167512690366,31.07000000000005,,
2019-02-03,Temesi,Terra,38.26147208121832,38.650000000000034,,
2019-02-06,Temesi,Terra,,,23.581472081218315,23.49000000000001
2019-02-07,Temesi,Terra,34.33000000000004,32.77000000000004,,
2019-02-14,Temesi,Terra,26.35588832487312,26.950000000000045,,
2019-02-15,Temesi,Terra,34.048172588832536,33.670000000000016,,
2019-02-16,Temesi,Terra,30.27233502538073,30.170000000000016,,
2019-02-17,Temesi,Terra,34.591421319796964,33.83000000000004,,22.410000000000025
2019-02-20,Temesi,Terra,34.59050761421325,33.31,23.318527918781747,23.430000000000007
2019-02-22,Temesi,Terra,35.298426395939124,34.40976833976836,,22.970000000000027
2019-02-23,Temesi,Terra,32.10258883248734,31.610000000000014,,
2019-02-24,Temesi,Terra,34.45842639593912,34.29000000000002,24.07000000000005,24.79000000000002
2019-02-25,Temesi,Terra,33.28380710659903,32.83000000000004,,
2019-02-26,Temesi,Terra,32.238832487309665,30.850000000000023,23.410000000000025,23.03000000000003
2019-03-01,Temesi,Terra,33.636091370558404,34.03000000000003,,
2019-03-11,Temesi,Terra,28.761776649746224,28.950000000000042,,
2019-03-12,Temesi,Terra,27.36055837563454,30.250000000000057,23.610609137055867,24.03000000000003
2019-03-24,Temesi,Terra,31.01497461928936,30.33000000000004,,
2019-03-26,Temesi,Terra,32.33670050761425,32.27000000000004,,
2019-03-28,Temesi,Terra,25.870000000000005,31.510000000000048,,
2019-03-30,Temesi,Terra,33.23000000000002,32.89000000000004,,
2019-03-31,Temesi,Terra,32.529086294416274,31.83000000000004,,
2019-04-02,Temesi,Terra,32.01507614213203,33.07000000000005,,
2019-04-07,Temesi,Terra,33.7799492385787,33.203474240422764,,
2019-04-12,Temesi,Terra,27.07000000000005,27.350000000000023,,
2019-04-16,Temesi,Terra,31.410000000000025,30.53000000000003,,
2019-04-18,Temesi,Terra,31.521167512690386,32.55000000000001,24.861167512690365,24.910000000000025
2019-04-19,Temesi,Terra,29.25497461928937,29.170000000000012,,
2019-04-20,Temesi,Terra,27.110000000000014,27.090000000000032,,
2019-04-21,Temesi,Terra,32.24116751269039,31.110000000000014,,20.83000000000004
2019-04-23,Temesi,Terra,31.78583756345182,32.170000000000016,,20.370000000000005
2019-04-24,Temesi,Terra,29.243197969543175,28.910000000000025,21.741167512690392,21.890000000000043
2019-04-25,Temesi,Terra,31.96197969543152,31.83000000000004,,
2019-04-27,Temesi,Terra,32.074974619289364,31.55000000000001,23.433248730964515,23.370000000000005
2019-05-02,Temesi,Terra,27.513553299492425,28.750000000000057,,
2019-05-03,Temesi,Terra,,,21.93233502538076,21.730000000000018
2019-05-04,Temesi,Terra,33.388781725888364,32.610000000000014,24.07000000000005,24.150000000000034
2019-05-07,Temesi,Terra,25.981573604060966,27.923934426229522,,17.33000000000004
2019-05-08,Temesi,Terra,30.760558375634538,29.710000000000036,22.53000000000003,22.05000000000001
2019-05-09,Temesi,Terra,31.55497461928938,30.890000000000036,,
2019-05-11,Temesi,Terra,30.422081218274144,31.510000000000048,,
2019-05-13,Temesi,Terra,31.62055837563456,31.590000000000032,22.391827411167558,22.370000000000005
2019-05-14,Temesi,Terra,30.30238578680204,29.83000000000004,20.278832487309682,20.57000000000005
2019-05-15,Temesi,Terra,27.870000000000005,27.610000000000014,24.07000000000005,23.910000000000025
2019-05-18,Temesi,Terra,30.137005076142167,30.07000000000005,22.76208121827415,22.910000000000025
2019-05-19,Temesi,Terra,,,20.030507614213242,21.03000000000003
2019-05-20,Temesi,Terra,31.55314720812184,31.150000000000034,23.530304568527956,23.350000000000023
2019-05-23,Temesi,Terra,27.36086294416249,27.870000000000005,18.190000000000055,20.390000000000043
2019-05-24,Temesi,Terra,31.487055837563492,30.850000000000023,,19.83000000000004
2019-05-25,Temesi,Terra,32.07142131979699,31.010000000000048,20.99263959390866,21.270000000000035
2019-05-27,Temesi,Terra,,30.130000000000052,21.761167512690395,22.090000000000032
2019-05-29,Temesi,Terra,28.710000000000036,29.450000000000045,,22.05000000000001
2019-05-30,Temesi,Terra,27.87294416243659,27.430000000000007,,
2019-06-05,Temesi,Terra,,29.07000000000005,21.521167512690386,21.53000000000003
2019-06-06,Temesi,Terra,28.261776649746228,27.670000000000012,,
2019-06-07,Temesi,Terra,27.62614213197972,26.98488958990537,23.125634517766542,22.470000000000027
2019-06-08,Temesi,Terra,,26.870000000000005,19.11822335025383,19.31
2019-06-10,Temesi,Terra,29.712131979695478,29.870000000000005,16.950000000000045,21.03000000000003
2019-06-14,Temesi,Terra,,,21.58502538071069,21.470000000000027
2019-06-15,Temesi,Terra,,25.890000000000043,15.555583756345209,18.130000000000052
2019-06-16,Temesi,Terra,24.870000000000005,25.470000000000027,21.970000000000027,21.890000000000043
2019-06-17,Temesi,Terra,25.74847715736046,27.77000000000004,20.877614213198026,21.350000000000023
2019-06-18,Temesi,Terra,23.162385786802055,25.49000000000001,,20.53000000000003
2019-06-19,Temesi,Terra,30.632639593908674,30.010000000000048,,
2019-06-20,Temesi,Terra,,,21.950304568527947,21.950000000000045
2019-06-21,Temesi,Terra,30.70908629441628,30.27000000000004,,21.350000000000023
2019-06-22,Temesi,Terra,27.670000000000016,27.010000000000048,,
2019-06-23,Temesi,Terra,,27.890000000000043,22.090000000000032,20.870000000000005
2019-06-24,Temesi,Terra,31.513248730964502,30.670000000000016,,17.99000000000001
2019-06-25,Temesi,Terra,30.989086294416254,30.29000000000002,,20.210000000000036
2019-06-26,Temesi,Terra,26.53000000000003,29.470000000000027,21.03588832487313,20.750000000000057
2019-06-27,Temesi,Terra,26.394771573604103,26.110000000000014,20.53588832487313,19.970000000000027
2019-06-28,Temesi,Terra,30.110000000000014,29.49000000000001,19.60969543147211,19.910000000000025
2019-06-30,Temesi,Terra,28.880558375634546,28.450000000000045,17.492436548223377,15.690000000000055
2019-07-05,Temesi,Terra,29.170000000000016,29.090000000000032,17.42147208121829,19.83000000000004
2019-07-06,Temesi,Terra,,,20.487055837563492,20.090000000000032
2019-07-07,Temesi,Terra,31.37994923857872,30.85015564202337,,19.230000000000018
2019-07-08,Temesi,Terra,24.973248730964478,25.05000000000001,,
2019-07-10,Temesi,Terra,,,19.79619289340105,19.73000000000002
2019-07-12,Temesi,Terra,31.05000000000001,30.080386965376825,20.405025380710683,20.57000000000005
2019-07-13,Temesi,Terra,,22.470000000000027,18.950000000000045,18.970000000000027
2019-07-14,Temesi,Terra,31.471725888324922,30.71000000000004,20.822893401015257,19.630000000000052
2019-07-16,Temesi,Terra,26.286751269035573,29.810000000000002,,
2019-07-21,Temesi,Terra,26.650000000000034,28.750000000000057,21.395888324873113,20.810000000000002
2019-07-22,Temesi,Terra,,,18.690000000000055,18.77000000000004
2019-07-23,Temesi,Terra,28.99000000000001,28.670000000000016,,
2019-07-25,Temesi,Terra,28.007868020304613,28.370000000000005,,19.350000000000023
2019-07-27,Temesi,Terra,,23.610000000000014,21.970000000000027,22.450000000000045
2019-07-28,Temesi,Terra,28.75467005076144,29.590000000000032,20.430000000000007,20.590000000000032
2019-07-30,Temesi,Terra,29.64116751269039,29.53000000000003,19.810000000000002,18.590000000000032
2019-08-01,Temesi,Terra,32.622284263959415,32.07954918032791,20.79944162436552,20.930000000000007
2019-08-04,Temesi,Terra,,27.370000000000005,18.872944162436585,17.99000000000001
2019-08-05,Temesi,Terra,28.419949238578717,27.890000000000043,20.445025380710703,20.15000000000003
2019-08-06,Temesi,Terra,31.70055837563454,30.690000000000055,21.039137055837603,20.83000000000004
2019-08-07,Temesi,Terra,,,20.390000000000043,20.090000000000032
2019-08-12,Temesi,Terra,30.43233502538076,29.76082452431294,,20.83000000000004
2019-08-14,Temesi,Terra,,,21.904416243654826,21.450000000000045
2019-08-15,Temesi,Terra,31.993248730964517,31.650000000000034,,20.090000000000032
2019-08-17,Temesi,Terra,29.216903553299527,31.230000000000018,,19.55000000000001
2019-08-19,Temesi,Terra,,29.930000000000007,19.493857868020346,19.57000000000005
2019-08-20,Temesi,Terra,31.132944162436576,30.430000000000007,,19.450000000000045
2019-08-21,Temesi,Terra,29.92258883248733,29.390000000000043,,15.690000000000055
2019-08-22,Temesi,Terra,30.629086294416275,29.150000000000034,,
2019-08-24,Temesi,Terra,,,19.365025380710694,19.090000000000032
2019-08-25,Temesi,Terra,25.44705583756347,25.310000000000002,,
2019-08-26,Temesi,Terra,,,19.49000000000001,19.690000000000055
2019-08-27,Temesi,Terra,31.228071065989866,29.350000000000023,19.510609137055877,19.57000000000005
2019-08-28,Temesi,Terra,29.910000000000025,29.170000000000016,21.21355329949241,20.83000000000004
2019-08-29,Temesi,Terra,34.33000000000004,33.13000000000005,,19.55000000000001
2019-08-30,Temesi,Terra,29.789695431472097,29.610000000000014,,
2019-08-31,Temesi,Terra,32.64705583756349,31.970000000000027,,
2019-09-02,Temesi,Terra,33.98583756345181,32.85000000000002,21.418832487309672,21.99000000000001
2019-09-03,Temesi,Terra,29.67802030456858,28.730000000000018,21.08116751269039,20.610000000000014
2019-09-04,Temesi,Terra,33.25203045685282,31.917369942196547,20.193248730964505,20.590000000000032
2019-09-05,Temesi,Terra,30.03000000000003,30.03000000000003,,
2019-09-06,Temesi,Terra,30.590000000000032,29.210000000000036,21.24177664974621,21.170000000000016
2019-09-07,Temesi,Terra,25.33000000000004,29.950000000000045,,20.090000000000032
2019-09-08,Temesi,Terra,,,21.03000000000003,20.190000000000055
2019-09-09,Temesi,Terra,33.07345177664978,33.8099173553719,22.650000000000034,22.850000000000023
2019-09-10,Temesi,Terra,31.090000000000032,30.950000000000045,,
2019-09-11,Temesi,Terra,35.217614213198,34.08060291060295,21.310000000000002,21.750000000000057
2019-09-13,Temesi,Terra,27.58766497461934,27.29000000000002,,20.27000000000004
2019-09-14,Temesi,Terra,26.3253299492386,25.05000000000001,,20.230000000000018
2019-09-16,Temesi,Terra,33.388172588832504,32.52910112359554,20.36908629441628,19.010000000000048
2019-09-18,Temesi,Terra,22.690000000000055,29.05000000000001,22.350000000000023,21.730000000000018
2019-09-20,Temesi,Terra,33.41822335025385,32.47000000000003,22.484111675126947,22.410000000000025
2019-09-21,Temesi,Terra,27.941167512690402,29.33000000000004,,
2019-09-22,Temesi,Terra,,25.910000000000025,20.950000000000045,20.390000000000043
2019-09-23,Temesi,Terra,33.610000000000014,33.410000000000025,,
2019-09-25,Temesi,Terra,34.69203045685283,33.720805084745784,22.61852791878176,21.390000000000043
2019-09-30,Temesi,Terra,32.35619289340105,31.630000000000052,,
2019-10-01,Temesi,Terra,29.155888324873136,28.690000000000055,,
2019-10-02,Temesi,Terra,36.19375634517769,34.93000000000001,22.632944162436573,22.27000000000004
2019-10-04,Temesi,Terra,38.2957868020305,37.419475982532774,22.79000000000002,22.870000000000005
2019-10-05,Temesi,Terra,33.76817258883253,32.920000000000016,,17.730000000000018
2019-10-06,Temesi,Terra,35.38969543147212,34.49000000000001,22.03000000000003,20.05000000000001
2019-10-07,Temesi,Terra,33.47588832487313,32.89000000000004,,
2019-10-08,Temesi,Terra,30.28472081218275,30.750000000000057,22.704416243654844,22.350000000000023
2019-10-09,Temesi,Terra,35.73517766497467,35.59000000000003,,18.890000000000043
2019-10-10,Temesi,Terra,,,21.804416243654863,22.110000000000014
2019-10-11,Temesi,Terra,38.49903553299497,37.33000000000004,21.49000000000001,22.29000000000002
2019-10-12,Temesi,Terra,30.60116751269037,30.27000000000004,,
2019-10-13,Temesi,Terra,35.755888324873126,35.023728129205956,22.930000000000007,23.350000000000023
2019-10-14,Temesi,Terra,34.11446700507617,32.55000000000001,,
2019-10-16,Temesi,Terra,33.044314720812196,33.202857142857184,,21.49000000000001
2019-10-17,Temesi,Terra,28.27527918781731,28.410000000000025,,22.670000000000016
2019-10-18,Temesi,Terra,33.70766497461931,33.756631989596926,20.93416243654827,21.450000000000045
2019-10-20,Temesi,Terra,35.80847715736045,34.83000000000004,23.616192893401042,23.07000000000005
2019-10-21,Temesi,Terra,34.07852791878177,33.23000000000002,22.33527918781731,22.33000000000004
2019-10-22,Temesi,Terra,37.41081218274117,36.35000000000002,20.910000000000025,22.53000000000003
2019-10-23,Temesi,Terra,36.86675126903556,35.36111111111112,,
2019-10-24,Temesi,Terra,35.127055837563475,34.410000000000025,,
2019-10-25,Temesi,Terra,,31.410000000000025,22.170913705583775,23.05000000000001
2019-10-27,Temesi,Terra,38.42817258883253,36.04629893238435,21.26441624365484,22.33000000000004
2019-10-28,Temesi,Terra,31.41649746192898,30.99000000000001,,
2019-10-29,Temesi,Terra,37.468477157360425,36.33000000000004,23.110000000000014,23.190000000000055
2019-10-30,Temesi,Terra,33.31,32.31,22.215888324873134,21.130000000000052
2019-10-31,Temesi,Terra,31.230000000000018,31.55000000000001,24.215888324873138,23.83000000000004
2019-11-01,Temesi,Terra,36.72583756345181,35.13000000000005,,
2019-11-03,Temesi,Terra,,28.53000000000003,20.14177664974622,20.650000000000034
2019-11-05,Temesi,Terra,34.81852791878175,36.14000000000004,23.476192893401056,23.750000000000057
2019-11-06,Temesi,Terra,31.23852791878176,31.07000000000005,,19.510000000000048
2019-11-07,Temesi,Terra,35.72086294416245,35.01000000000005,,
2019-11-08,Temesi,Terra,34.34908629441627,33.49000000000001,,
2019-11-10,Temesi,Terra,35.451116751269055,34.93000000000001,,19.910000000000025
2019-11-12,Temesi,Terra,36.67050761421323,35.96111111111115,20.757512690355348,22.450000000000045
2019-11-14,Temesi,Terra,37.92543147208126,37.190000000000055,,22.29000000000002
2019-11-15,Temesi,Terra,33.20441624365484,32.210000000000036,,17.410000000000025
2019-11-16,Temesi,Terra,32.338527918781764,32.53000000000003,23.610000000000014,23.410000000000025
2019-11-17,Temesi,Terra,35.59000000000003,35.79000000000002,,23.750000000000057
2019-11-18,Temesi,Terra,31.05000000000001,29.690000000000055,,
2019-11-19,Temesi,Terra,36.45050761421322,35.570517241379356,,
2019-11-21,Temesi,Terra,36.07923857868023,35.89000000000004,24.447360406091395,23.810000000000002
2019-11-22,Temesi,Terra,29.910000000000025,29.950000000000045,19.670000000000016,20.170000000000016
2019-11-23,Temesi,Terra,32.89730964467008,34.39000000000004,,21.590000000000032
2019-11-24,Temesi,Terra,30.27000000000004,30.650000000000034,,
2019-11-26,Temesi,Terra,35.14756345177667,34.29728571428573,23.493248730964517,22.590000000000032
2019-11-28,Temesi,Terra,37.31314720812184,36.650000000000034,24.015888324873117,23.910000000000025
2019-11-29,Temesi,Terra,27.450000000000045,27.850000000000023,,
2019-11-30,Temesi,Terra,36.139340101522876,35.670000000000016,,
2019-12-01,Temesi,Terra,37.23000000000002,34.79000000000002,,
2019-12-05,Temesi,Terra,37.13000000000005,37.450000000000045,,
2019-12-07,Temesi,Terra,37.05314720812185,36.79000000000002,,
2019-12-08,Temesi,Terra,32.858527918781746,32.47000000000003,,
2019-12-09,Temesi,Terra,35.500456852791935,34.973937984496146,,
2019-12-10,Temesi,Terra,33.710000000000036,32.870000000000005,,
2019-12-11,Temesi,Terra,33.27142131979698,32.690000000000055,,
2019-12-12,Temesi,Terra,36.03497461928938,35.55000000000001,,
2019-12-14,Temesi,Terra,37.1102030456853,36.330000000000034,,
2019-12-16,Temesi,Terra,32.89000000000004,31.850000000000023,,
2019-12-18,Temesi,Terra,31.31588832487313,32.150000000000034,,
2019-12-20,Temesi,Terra,31.511522842639604,31.710000000000036,,
2019-12-21,Temesi,Terra,37.0917258883249,36.49000000000001,,23.630000000000052
2019-12-24,Temesi,Terra,32.90177664974621,32.190000000000055,,
2019-12-25,Temesi,Terra,36.62441624365486,35.83000000000004,,
2019-12-26,Temesi,Terra,33.110000000000014,32.25000000000006,,
2019-12-27,Temesi,Terra,34.05213197969545,33.33000000000004,,
2019-12-28,Temesi,Terra,34.66878172588834,34.85000000000002,,
2019-12-30,Temesi,Terra,35.13670050761426,34.77000000000004,,
2020-01-09,Temesi,Terra,27.07000000000005,25.190000000000055,,
2020-01-10,Temesi,Terra,33.895076142132005,34.870000000000005,,
2020-01-15,Temesi,Terra,35.800253807106635,35.3526233766234,,
2020-01-16,Temesi,Terra,24.710000000000036,24.710000000000036,,
2020-01-17,Temesi,Terra,34.37050761421322,33.27000000000004,24.135583756345195,24.510000000000048
2020-01-18,Temesi,Terra,32.578527918781774,32.63000000000005,,
2020-01-19,Temesi,Terra,33.870000000000005,32.39000000000004,,
2020-01-21,Temesi,Terra,31.910000000000025,30.870000000000005,,
2020-01-22,Temesi,Terra,33.743502538071105,33.97000000000003,,21.090000000000032
2020-01-24,Temesi,Terra,34.38208121827415,34.55000000000001,25.35263959390864,26.150000000000034
2020-01-25,Temesi,Terra,30.410000000000025,31.170000000000016,,
2020-01-26,Temesi,Terra,35.50675126903554,35.05000000000001,22.977411167512706,24.350000000000023
2020-01-28,Temesi,Terra,34.712944162436585,33.870000000000005,,
2020-01-29,Temesi,Terra,34.795583756345216,34.48000000000002,,
2020-01-31,Temesi,Terra,32.210000000000036,32.05000000000001,,
2020-02-02,Temesi,Terra,33.51345177664979,33.01000000000005,,
2020-02-03,Temesi,Terra,30.910000000000025,31.850000000000023,,
2020-02-04,Temesi,Terra,31.150000000000034,30.510000000000048,,
2020-02-06,Temesi,Terra,32.03000000000003,32.03000000000003,,
2020-02-07,Temesi,Terra,30.750000000000057,31.210000000000036,,
2020-02-12,Temesi,Terra,31.77000000000004,31.430000000000007,,
2020-02-13,Temesi,Terra,30.39649746192896,32.13000000000005,,
2020-02-14,Temesi,Terra,34.679035532994945,33.610000000000014,,
2020-02-23,Temesi,Terra,34.25020304568531,33.710000000000036,,
2020-02-29,Temesi,Terra,31.670000000000016,31.670000000000016,,
2020-03-15,Temesi,Terra,31.650000000000034,31.350000000000023,,
2020-03-16,Temesi,Terra,29.15385786802034,30.010000000000048,,
2020-03-17,Temesi,Terra,31.07000000000005,31.210000000000036,,23.110000000000014
2020-03-19,Temesi,Terra,33.66634517766502,33.29000000000002,,
2020-03-20,Temesi,Terra,29.81852791878175,29.83000000000004,,
2020-03-22,Temesi,Terra,33.92147208121829,32.410000000000025,,
2020-03-24,Temesi,Terra,33.77000000000004,33.23000000000002,22.864111675126942,23.130000000000052
2020-03-25,Temesi,Terra,31.57000000000005,31.390000000000043,,23.03000000000003
2020-03-26,Temesi,Terra,35.56401015228431,34.643520599250984,,
2020-03-30,Temesi,Terra,33.524923857868046,33.03000000000003,24.890000000000043,25.07000000000005
2020-04-01,Temesi,Terra,31.837005076142173,31.690000000000055,,
2020-04-02,Temesi,Terra,33.706954314720846,32.99000000000001,,
2020-04-09,Temesi,Terra,33.59467005076145,32.97000000000003,23.350000000000023,22.710000000000036
2020-04-10,Temesi,Terra,35.35000000000002,33.35000000000002,,21.430000000000007
2020-04-13,Temesi,Terra,34.06725888324876,33.610000000000014,23.590000000000032,23.450000000000045
2020-04-16,Temesi,Terra,34.57000000000005,33.190000000000055,,
2020-04-17,Temesi,Terra,28.27000000000004,33.93000000000001,,
2020-04-18,Temesi,Terra,35.170000000000016,32.49000000000001,,
2020-04-20,Temesi,Terra,34.62137055837566,34.08146067415734,25.470000000000027,24.03000000000003
2020-04-21,Temesi,Terra,29.86644670050763,29.470000000000027,,
2020-04-22,Temesi,Terra,33.84675126903558,33.35000000000002,25.415583756345224,25.170000000000016
2020-04-23,Temesi,Terra,32.98147208121829,32.13006201550393,,24.470000000000027
2020-04-24,Temesi,Terra,32.64614213197974,32.27000000000004,,
2020-04-26,Temesi,Terra,29.281167512690377,28.710000000000036,,
2020-04-27,Temesi,Terra,31.158121827411215,33.05000000000001,23.72472081218275,23.750000000000057
2020-04-29,Temesi,Terra,34.18614213197972,33.55000000000001,23.950000000000045,24.470000000000027
2020-05-01,Temesi,Terra,34.950000000000045,33.35000000000002,,
2020-05-02,Temesi,Terra,33.312030456852824,33.150000000000034,,20.55000000000001
2020-05-03,Temesi,Terra,30.14116751269039,29.950000000000045,,
2020-05-04,Temesi,Terra,32.20289340101526,31.77000000000004,,18.730000000000018
2020-05-06,Temesi,Terra,34.653451776649796,34.13000000000005,23.961472081218314,24.55000000000001
2020-05-07,Temesi,Terra,32.06299492385789,31.390000000000043,,
2020-05-08,Temesi,Terra,32.97000000000003,32.83000000000004,,
2020-05-10,Temesi,Terra,27.07000000000005,26.27000000000004,22.450000000000045,22.310000000000002
2020-05-11,Temesi,Terra,30.84055837563455,30.756666666666717,,20.53000000000003
2020-05-12,Temesi,Terra,35.870000000000005,36.09000000000003,21.010000000000048,22.07000000000005
2020-05-13,Temesi,Terra,29.60969543147211,30.230000000000018,,
2020-05-15,Temesi,Terra,30.370000000000005,29.29000000000002,,
2020-05-23,Temesi,Terra,30.044416243654872,29.150000000000034,,
2020-05-24,Temesi,Terra,24.55000000000001,24.33000000000004,23.775888324873108,23.07000000000005
2020-05-26,Temesi,Terra,31.46411167512693,31.150000000000034,,
2020-05-31,Temesi,Terra,30.304416243654867,30.03000000000003,,22.150000000000034
2020-06-01,Temesi,Terra,25.920558375634563,27.210000000000036,,
2020-06-02,Temesi,Terra,31.04411167512695,30.33000000000004,,
2020-06-03,Temesi,Terra,30.240862944162487,29.830000000000044,,
2020-06-04,Temesi,Terra,28.03294416243658,27.670000000000012,22.738832487309665,22.710000000000036
2020-06-07,Temesi,Terra,27.098527918781752,26.930000000000007,,
2020-06-09,Temesi,Terra,29.49903553299497,29.150000000000034,,
2020-06-10,Temesi,Terra,30.607055837563493,30.450000000000045,,
2020-06-11,Temesi,Terra,31.67852791878176,30.890000000000043,22.553248730964516,22.03000000000003
2020-06-12,Temesi,Terra,32.20289340101526,31.93000000000001,21.20147208121832,21.250000000000057
2020-06-16,Temesi,Terra,30.499949238578722,29.970000000000027,22.758832487309668,22.53000000000003
2020-06-18,Temesi,Terra,26.03000000000003,27.410000000000025,17.890000000000043,21.590000000000032
2020-06-19,Temesi,Terra,27.27000000000004,27.510000000000048,,
2020-06-21,Temesi,Terra,,,19.150000000000034,21.53485148514854
2020-06-24,Temesi,Terra,24.296497461928972,24.150000000000034,,
2020-06-25,Temesi,Terra,,,20.707055837563495,19.610000000000014
2020-06-26,Temesi,Terra,25.19791878172592,25.370000000000005,18.812944162436583,19.590000000000032
2020-06-27,Temesi,Terra,27.380253807106644,26.950000000000045,,17.870000000000005
2020-06-29,Temesi,Terra,,25.150000000000034,16.18309644670056,16.510000000000048
2020-06-30,Temesi,Terra,,27.33000000000004,20.98705583756349,21.150000000000034
2020-07-02,Temesi,Terra,,29.890000000000043,22.370913705583785,22.55000000000001
2020-07-03,Temesi,Terra,25.150000000000034,26.890000000000043,,
2020-07-04,Temesi,Terra,31.166751269035572,30.13641414141419,21.930000000000007,22.49000000000001
2020-07-07,Temesi,Terra,29.722588832487343,29.756666666666717,21.790609137055878,21.690000000000055
2020-07-11,Temesi,Terra,20.55000000000001,24.590000000000032,,
2020-07-12,Temesi,Terra,24.49000000000001,25.870000000000005,,
2020-07-13,Temesi,Terra,23.83000000000004,26.390000000000043,,20.83000000000004
2020-07-16,Temesi,Terra,30.312335025380754,29.984178082191796,22.810000000000002,21.610000000000014
2020-07-20,Temesi,Terra,26.480558375634537,27.250000000000057,,
2020-07-21,Temesi,Terra,,,20.99000000000001,20.710000000000036
2020-07-22,Temesi,Terra,28.021472081218313,27.510000000000044,22.533857868020334,22.350000000000023
2020-07-23,Temesi,Terra,26.010000000000048,26.750000000000057,,19.670000000000016
2020-07-25,Temesi,Terra,28.129086294416275,28.130000000000052,19.419746192893427,19.250000000000057
2020-07-27,Temesi,Terra,29.20258883248733,29.310000000000002,22.05000000000001,21.83000000000004
2020-07-28,Temesi,Terra,,25.27000000000004,20.218527918781756,19.610000000000014
2020-07-29,Temesi,Terra,29.499137055837583,29.250000000000057,,
2020-07-31,Temesi,Terra,,,17.367055837563484,17.930000000000007
2020-08-01,Temesi,Terra,,24.970000000000027,18.669390862944187,18.77000000000004
2020-08-06,Temesi,Terra,25.483197969543188,25.220000000000027,20.624720812182783,20.310000000000006
2020-08-10,Temesi,Terra,33.07111675126906,32.29000000000002,,21.430000000000007
2020-08-12,Temesi,Terra,29.46502538071069,29.170000000000016,,
2020-08-14,Temesi,Terra,27.487360406091398,27.850000000000023,,
2020-08-15,Temesi,Terra,29.8632994923858,30.110000000000014,22.49000000000001,22.230000000000018
2020-08-19,Temesi,Terra,30.974670050761468,31.430000000000007,,
2020-08-20,Temesi,Terra,25.230000000000018,25.230000000000018,21.350000000000023,21.250000000000057
2020-08-21,Temesi,Terra,30.30177664974621,30.360000000000014,22.722690355329988,22.79000000000002
2020-08-22,Temesi,Terra,29.71852791878176,30.190459770114998,22.750000000000057,22.03000000000003
2020-08-23,Temesi,Terra,29.872944162436585,29.350000000000023,23.33324873096449,22.650000000000034
2020-08-24,Temesi,Terra,33.04025380710661,31.950000000000045,23.0450253807107,22.730000000000018
2020-08-26,Temesi,Terra,33.39467005076146,32.648959107806725,20.33000000000004,20.810000000000002
2020-08-27,Temesi,Terra,28.369695431472106,28.250000000000057,,
2020-08-28,Temesi,Terra,28.370000000000005,29.99000000000001,,
2020-08-29,Temesi,Terra,31.000659898477192,30.33000000000004,,21.090000000000032
2020-08-30,Temesi,Terra,31.350000000000023,30.630000000000052,,21.55000000000001
2020-08-31,Temesi,Terra,30.519137055837597,29.750000000000057,,
2020-09-04,Temesi,Terra,31.464416243654835,31.03000000000003,21.305025380710696,21.52000000000004
2020-09-05,Temesi,Terra,29.2555837563452,29.77000000000004,,
2020-09-06,Temesi,Terra,32.68441624365486,32.05000000000001,19.858020304568555,20.810000000000002
2020-09-08,Temesi,Terra,27.436497461928962,29.010000000000048,21.350000000000023,21.350000000000023
2020-09-09,Temesi,Terra,,28.99000000000001,21.632741116751287,21.77000000000004
2020-09-10,Temesi,Terra,,,20.99994923857872,21.390000000000043
2020-09-11,Temesi,Terra,28.729796954314768,31.110000000000014,22.510304568527953,21.670000000000016
2020-09-12,Temesi,Terra,26.470000000000027,26.27000000000004,,
2020-09-13,Temesi,Terra,32.2011675126904,32.05000000000001,,
2020-09-14,Temesi,Terra,32.355279187817295,30.83000000000004,,17.33000000000004
2020-09-15,Temesi,Terra,33.53324873096448,32.85000000000002,,
2020-09-18,Temesi,Terra,34.35964467005081,33.768967741935526,,
2020-09-20,Temesi,Terra,,33.01000000000005,22.63588832487312,23.05000000000001
2020-09-23,Temesi,Terra,,26.890000000000043,22.507360406091397,22.090000000000032
2020-09-25,Temesi,Terra,33.174670050761456,31.910000000000025,23.413553299492403,20.79000000000002
2020-09-27,Temesi,Terra,34.959949238578695,33.79000000000002,,21.27000000000004
2020-09-28,Temesi,Terra,25.79000000000002,25.190000000000055,,
2020-09-30,Temesi,Terra,32.37588832487313,30.890000000000043,,
2020-10-01,Temesi,Terra,28.850000000000023,28.850000000000023,,
2020-10-03,Temesi,Terra,,,20.531725888324893,20.170000000000016
2020-10-12,Temesi,Terra,,,18.755888324873126,18.83000000000004
2020-10-13,Temesi,Terra,33.56116751269041,32.870000000000005,,
2020-10-15,Temesi,Terra,34.7968020304569,32.910000000000025,,
2020-10-16,Temesi,Terra,32.28116751269038,31.130000000000052,18.610000000000014,18.05000000000001
2020-10-17,Temesi,Terra,33.27497461928939,31.670000000000016,,
2020-10-20,Temesi,Terra,,,23.05000000000001,23.310000000000002
2020-10-22,Temesi,Terra,,29.750000000000057,23.670000000000016,23.53000000000003
2020-10-23,Temesi,Terra,26.08705583756349,26.57000000000005,,
2020-10-24,Temesi,Terra,28.390000000000043,30.090000000000032,,20.630000000000052
2020-10-26,Temesi,Terra,27.79000000000002,27.910000000000025,,
2020-10-27,Temesi,Terra,32.43822335025383,32.690000000000055,,
2020-10-29,Temesi,Terra,31.190000000000055,32.99000000000001,,
2020-10-30,Temesi,Terra,31.737309644670077,30.850000000000023,,
2020-11-05,Temesi,Terra,33.41517766497465,33.59000000000003,24.418832487309675,24.730000000000018
2020-11-07,Temesi,Terra,31.848274111675156,33.01000000000005,24.667664974619324,23.390000000000043
2020-11-08,Temesi,Terra,33.38380710659902,32.81,17.747868020304598,18.670000000000016
2020-11-10,Temesi,Terra,24.07000000000005,27.590000000000032,,
2020-11-12,Temesi,Terra,33.680456852791906,32.75000000000006,,
2020-11-14,Temesi,Terra,,32.35000000000002,23.85649746192898,23.33000000000004
2020-11-16,Temesi,Terra,35.67111675126908,34.71000000000003,,19.410000000000025
2020-11-18,Temesi,Terra,32.870000000000005,32.650000000000034,,18.53000000000003
2020-11-19,Temesi,Terra,35.029086294416274,34.08000000000004,,
2020-11-21,Temesi,Terra,34.429593908629464,33.450000000000045,,
2020-12-07,Temesi,Terra,33.483502538071114,33.27000000000004,,
2020-12-23,Temesi,Terra,,,23.219441624365516,23.350000000000023
2020-12-25,Temesi,Terra,34.55000000000001,33.79000000000002,,
2021-01-01,Temesi,Terra,33.04086294416246,32.710000000000036,,
2021-01-11,Temesi,Terra,27.750000000000057,27.55000000000001,,
2021-01-12,Temesi,Terra,30.993553299492415,31.110000000000014,,
2021-02-07,Temesi,Terra,31.410000000000025,31.210000000000036,,
2021-02-13,Temesi,Terra,28.090000000000032,26.610000000000014,,
2021-02-16,Temesi,Terra,33.29791878172591,32.27000000000004,,
2021-03-01,Temesi,Terra,32.190000000000055,32.35000000000002,,
2021-03-06,Temesi,Terra,30.110000000000014,28.630000000000052,,
2021-03-11,Temesi,Terra,28.630000000000052,27.910000000000025,,
2021-03-15,Temesi,Terra,31.924111675126944,31.310000000000002,,
2021-03-16,Temesi,Terra,30.76086294416247,30.210000000000036,,
2021-03-18,Temesi,Terra,31.644111675126936,31.090000000000032,,
2021-04-01,Temesi,Terra,28.77000000000004,28.430000000000007,,
2021-04-03,Temesi,Terra,31.27000000000004,30.250000000000057,,
2021-04-11,Temesi,Terra,32.75000000000006,31.890000000000043,23.55324873096452,23.590000000000032
2021-04-12,Temesi,Terra,33.922588832487335,32.79000000000002,,22.55000000000001
2021-04-13,Temesi,Terra,30.558527918781756,29.850000000000023,,22.110000000000014
2021-04-14,Temesi,Terra,33.018426395939095,32.480028409090934,23.453857868020346,22.730000000000018
2021-04-16,Temesi,Terra,34.34817258883251,33.55000000000001,,22.470000000000027
2021-04-17,Temesi,Terra,30.892944162436567,30.230000000000018,,
2021-04-19,Temesi,Terra,31.82441624365485,30.33000000000004,22.892944162436567,22.130000000000052
2021-04-20,Temesi,Terra,34.12116751269041,32.59000000000003,,21.610000000000014
2021-04-21,Temesi,Terra,34.29588832487315,33.410000000000025,,
2021-04-22,Temesi,Terra,,,20.132944162436573,20.230000000000018
2021-04-23,Temesi,Terra,34.672842639593924,34.170000000000016,23.670000000000016,24.03000000000003
2021-04-24,Temesi,Terra,31.390000000000043,31.203246753246795,,
2021-04-25,Temesi,Terra,34.06055837563456,33.23000000000002,23.430000000000007,23.33000000000004
2021-04-26,Temesi,Terra,32.32086294416247,31.730000000000018,19.610000000000014,21.27000000000004
2021-04-27,Temesi,Terra,,28.390000000000043,23.547360406091393,23.79000000000002
2021-04-28,Temesi,Terra,31.509695431472124,31.750000000000057,,
2021-04-29,Temesi,Terra,28.167055837563495,27.97000000000003,20.630000000000052,20.510000000000048
2021-05-02,Temesi,Terra,33.4560913705584,33.35000000000002,22.801776649746213,22.650000000000034
2021-05-03,Temesi,Terra,30.03000000000003,29.51000000000005,,
2021-05-04,Temesi,Terra,31.947055837563468,31.390000000000043,,
2021-05-05,Temesi,Terra,28.510000000000048,31.670000000000016,,
2021-05-07,Temesi,Terra,33.37791878172593,33.09000000000003,,
2021-05-08,Temesi,Terra,,,18.135888324873118,17.690000000000055
2021-05-11,Temesi,Terra,32.08939086294421,31.650000000000034,23.913248730964472,24.02000000000001
2021-05-12,Temesi,Terra,26.734060913705605,26.150000000000034,22.49000000000001,22.130000000000052
2021-05-13,Temesi,Terra,30.958527918781765,30.710000000000036,,
2021-05-14,Temesi,Terra,,28.110000000000014,21.612335025380766,21.350000000000023
2021-05-15,Temesi,Terra,,25.970000000000027,21.930000000000007,21.930000000000007
2021-05-16,Temesi,Terra,,,23.51060913705588,23.77000000000004
2021-05-18,Temesi,Terra,,,23.31883248730967,22.690000000000055
2021-05-21,Temesi,Terra,33.110000000000014,29.99000000000001,21.795888324873147,21.79000000000002
2021-05-22,Temesi,Terra,,,19.132944162436576,18.430000000000007
2021-05-23,Temesi,Terra,32.09680203045686,32.05000000000001,,22.49000000000001
2021-05-25,Temesi,Terra,33.05609137055842,31.921993720565162,23.877918781725924,23.410000000000025
2021-05-26,Temesi,Terra,29.95588832487311,29.99000000000001,,
2021-05-27,Temesi,Terra,31.686142131979725,31.470000000000027,23.005634517766538,22.53000000000003
2021-05-29,Temesi,Terra,26.50269035532999,26.57000000000005,,22.110000000000014
2021-05-30,Temesi,Terra,29.261472081218322,29.810000000000002,,
2021-05-31,Temesi,Terra,27.158527918781754,26.510000000000048,,
2021-06-01,Temesi,Terra,,21.970000000000027,23.05000000000001,23.05000000000001
2021-06-03,Temesi,Terra,30.0673604060914,30.309921875000004,22.790609137055874,22.810000000000002
2021-06-05,Temesi,Terra,30.4752791878173,30.29000000000002,24.247969543147235,24.250000000000057
2021-06-06,Temesi,Terra,31.917309644670084,31.635348314606787,23.25294416243658,23.230000000000018
2021-06-07,Temesi,Terra,27.952944162436566,27.99000000000001,22.210000000000036,22.27000000000004
2021-06-08,Temesi,Terra,30.323807106599013,30.410000000000025,22.510000000000048,21.650000000000034
2021-06-09,Temesi,Terra,,,19.930000000000007,19.810000000000002
2021-06-10,Temesi,Terra,28.710000000000036,29.57000000000005,23.110000000000014,21.650000000000034
2021-06-12,Temesi,Terra,30.516192893401044,30.170000000000016,23.436497461928962,23.910000000000025
2021-06-13,Temesi,Terra,30.03263959390865,29.600000000000023,19.382385786802086,19.430000000000007
2021-06-14,Temesi,Terra,,,22.232944162436596,22.55000000000001
2021-06-15,Temesi,Terra,28.990304568527936,29.230000000000018,22.735076142132005,22.410000000000025
2021-06-17,Temesi,Terra,25.867360406091386,25.390000000000043,,
2021-06-19,Temesi,Terra,31.48817258883253,31.230000000000018,,
2021-06-20,Temesi,Terra,28.558832487309658,28.970000000000027,,
2021-06-21,Temesi,Terra,29.57000000000005,28.650000000000034,,
2021-06-22,Temesi,Terra,26.922081218274144,26.750000000000057,,
2021-06-26,Temesi,Terra,28.730000000000018,29.330000000000044,22.98441624365487,22.810000000000002
2021-06-28,Temesi,Terra,30.20055837563454,29.57000000000005,22.819137055837572,23.03000000000003
2021-06-29,Temesi,Terra,25.690000000000055,27.29000000000002,,19.750000000000057
2021-06-30,Temesi,Terra,27.493147208121844,27.55000000000001,,20.07000000000005
2021-07-01,Temesi,Terra,22.910000000000025,28.370000000000005,22.041776649746218,22.07000000000005
2021-07-02,Temesi,Terra,26.150000000000034,26.150000000000034,,
2021-07-03,Temesi,Terra,29.40644670050765,29.390000000000043,,
2021-07-06,Temesi,Terra,28.670609137055873,28.450000000000045,20.59263959390865,20.450000000000045
2021-07-07,Temesi,Terra,29.33050761421322,28.07000000000005,,
2021-07-12,Temesi,Terra,30.706751269035568,30.23000000000002,23.159441624365513,22.590000000000032
2021-07-14,Temesi,Terra,28.37588832487313,27.77000000000004,,21.890000000000043
2021-07-16,Temesi,Terra,,,20.239137055837592,20.010000000000048
2021-07-18,Temesi,Terra,,,19.561167512690403,19.07000000000005
2021-07-19,Temesi,Terra,31.057309644670074,30.670000000000016,21.175583756345215,21.930000000000007
2021-07-23,Temesi,Terra,27.27000000000004,29.230000000000018,21.738832487309665,21.471215469613288
2021-07-24,Temesi,Terra,29.32238578680208,29.190000000000055,21.06147208121831,20.27000000000004
2021-07-25,Temesi,Terra,27.53588832487313,28.150000000000034,21.27000000000004,21.150000000000034
2021-07-26,Temesi,Terra,31.493147208121837,30.670000000000012,21.62116751269041,21.53000000000003
2021-07-28,Temesi,Terra,30.93416243654827,30.890000000000043,,20.750000000000057
2021-07-30,Temesi,Terra,26.05000000000001,28.470000000000027,21.9791370558376,21.83000000000004
2021-08-01,Temesi,Terra,28.05000000000001,27.650000000000034,,
2021-08-04,Temesi,Terra,24.970000000000027,24.950000000000045,,
2021-08-08,Temesi,Terra,28.00025380710662,27.350000000000023,23.370000000000005,22.470000000000027
2021-08-09,Temesi,Terra,28.658527918781754,28.590000000000032,,21.810000000000002
2021-08-10,Temesi,Terra,25.130000000000052,26.77000000000004,,21.590000000000032
2021-08-11,Temesi,Terra,31.298020304568585,30.450000000000042,,19.870000000000005
2021-08-15,Temesi,Terra,28.891827411167554,30.390000000000043,,21.170000000000016
2021-08-16,Temesi,Terra,,28.650000000000034,16.710000000000036,17.250000000000057
2021-08-18,Temesi,Terra,29.598527918781755,28.750000000000057,,18.690000000000055
2021-08-24,Temesi,Terra,23.510000000000048,26.99000000000001,22.404720812182756,21.890000000000043
2021-08-25,Temesi,Terra,30.08969543147211,29.650000000000034,15.950000000000045,18.810000000000002
2021-08-26,Temesi,Terra,20.350000000000023,20.170000000000016,18.57000000000005,19.950000000000045
2021-08-28,Temesi,Terra,,,19.607055837563497,19.630000000000052
2021-08-29,Temesi,Terra,24.430000000000007,27.07000000000005,,
2021-08-31,Temesi,Terra,31.340862944162453,31.709844357976692,22.308274111675164,22.970000000000027
2021-09-01,Temesi,Terra,29.798223350253842,30.07000000000005,,16.890000000000043
2021-09-02,Temesi,Terra,,27.210000000000036,18.33000000000004,19.33000000000004
2021-09-03,Temesi,Terra,24.83000000000004,28.670000000000016,,
2021-09-07,Temesi,Terra,32.14796954314722,31.590000000000032,23.210000000000036,22.49000000000001
2021-09-08,Temesi,Terra,31.090000000000032,29.730000000000018,,
2021-09-09,Temesi,Terra,27.31588832487313,27.210000000000036,21.7653299492386,21.79000000000002
2021-09-14,Temesi,Terra,30.940862944162475,31.390000000000043,22.1273604060914,22.470000000000027
2021-09-16,Temesi,Terra,31.83883248730969,31.390000000000043,,
2021-09-19,Temesi,Terra,,28.79000000000002,20.32086294416247,20.810000000000002
2021-09-25,Temesi,Terra,29.99000000000001,29.29000000000002,,
2021-09-26,Temesi,Terra,27.850000000000023,26.930000000000007,,
2021-09-29,Temesi,Terra,,,22.12147208121831,21.650000000000034
2021-09-30,Temesi,Terra,,32.29000000000002,23.5788324873097,22.57000000000005
2021-10-02,Temesi,Terra,33.57294416243657,32.91773899848257,,
2021-10-09,Temesi,Terra,31.410000000000025,31.970000000000027,,
2021-10-11,Temesi,Terra,31.79000000000002,31.390000000000043,,
2021-10-12,Temesi,Terra,30.761472081218322,30.430000000000007,,
2021-10-13,Temesi,Terra,30.49000000000001,30.510000000000048,,
2021-10-16,Temesi,Terra,36.49000000000001,34.63000000000005,,
2021-10-19,Temesi,Terra,30.058527918781756,30.03000000000003,,
2021-10-20,Temesi,Terra,,,19.555076142132,20.510000000000048
2021-10-21,Temesi,Terra,28.99000000000001,28.750000000000057,,22.250000000000057
2021-10-23,Temesi,Terra,31.87121827411169,30.57000000000005,,
2021-10-26,Temesi,Terra,38.910000000000025,37.670000000000016,,
2021-10-28,Temesi,Terra,30.05000000000001,29.130000000000052,,
2021-11-02,Temesi,Terra,29.810000000000002,29.57000000000005,,
2021-11-07,Temesi,Terra,31.58441624365484,31.650000000000034,,
2021-11-23,Temesi,Terra,31.612335025380766,31.150000000000034,,
2021-12-10,Temesi,Terra,33.610000000000014,31.99000000000001,,
2021-12-24,Temesi,Terra,29.850000000000023,29.390000000000043,,
2022-01-06,Temesi,Terra,,,22.341472081218303,22.450000000000045
2022-01-09,Temesi,Terra,34.150000000000034,32.610000000000014,,
2022-01-10,Temesi,Terra,33.89233502538074,35.55000000000001,,
2022-01-23,Temesi,Terra,31.470000000000027,30.750000000000057,,
2022-01-24,Temesi,Terra,32.15263959390866,31.260019646365468,23.430000000000007,23.390000000000043
2022-01-25,Temesi,Terra,33.60786802030461,32.81,,
2022-02-02,Temesi,Terra,32.11497461928936,31.370000000000005,,
2022-02-07,Temesi,Terra,28.79000000000002,28.930000000000007,,
2022-02-08,Temesi,Terra,31.970000000000027,32.13000000000005,,
2022-02-15,Temesi,Terra,30.37588832487313,29.590000000000032,,
2022-02-16,Temesi,Terra,,31.250000000000057,22.72472081218275,22.350000000000023
2022-02-25,Temesi,Terra,29.310000000000002,29.07000000000005,,
2022-03-11,Temesi,Terra,31.27000000000004,29.850000000000023,,
2022-03-12,Temesi,Terra,29.264111675126916,29.310000000000002,,
2022-03-15,Temesi,Terra,28.352030456852845,27.870000000000005,,
2022-03-22,Temesi,Terra,29.24187817258886,28.470000000000027,,
2022-03-25,Temesi,Terra,32.49893401015232,32.082857142857186,23.877918781725924,24.170000000000016
2022-04-03,Temesi,Terra,31.400152284263985,31.670000000000016,23.435888324873133,22.690000000000055
2022-04-04,Temesi,Terra,30.38350253807109,30.190000000000055,,21.370000000000005
2022-04-05,Temesi,Terra,32.68583756345179,31.990000000000006,22.935888324873133,23.29000000000002
2022-04-07,Temesi,Terra,27.47588832487313,27.03000000000003,,21.03000000000003
2022-04-08,Temesi,Terra,31.584923857868045,31.610000000000014,,20.630000000000052
2022-04-10,Temesi,Terra,32.90025380710663,32.55000000000001,,
2022-04-12,Temesi,Terra,32.94289340101525,32.53000000000003,23.630000000000052,23.83000000000004
2022-04-13,Temesi,Terra,29.77000000000004,29.890000000000043,21.495888324873132,20.910000000000025
2022-04-14,Temesi,Terra,30.497005076142177,30.950000000000045,,
2022-04-15,Temesi,Terra,32.27000000000004,31.010000000000048,,
2022-04-16,Temesi,Terra,30.30411167512694,29.230000000000018,,
2022-04-22,Temesi,Terra,33.31619289340105,31.610000000000014,,
2022-04-23,Temesi,Terra,29.804111675126936,29.890000000000043,,
2022-04-24,Temesi,Terra,32.25203045685282,32.05000000000001,23.158527918781754,23.110000000000014
2022-04-26,Temesi,Terra,,,22.15294416243658,20.510000000000048
2022-04-28,Temesi,Terra,33.32939086294419,31.810000000000002,,
2022-04-29,Temesi,Terra,31.870000000000005,31.83000000000004,,
2022-04-30,Temesi,Terra,,,23.32005076142133,23.29000000000002
2022-05-01,Temesi,Terra,32.02705583756349,30.470000000000027,,
2022-05-06,Temesi,Terra,24.769086294416287,27.950000000000045,,
2022-05-07,Temesi,Terra,30.483807106599016,30.370000000000005,,
2022-05-08,Temesi,Terra,29.890304568527945,29.110000000000014,,
2022-05-09,Temesi,Terra,27.344720812182754,27.79000000000002,,
2022-05-10,Temesi,Terra,27.910000000000025,27.33000000000004,,22.630000000000052
2022-05-12,Temesi,Terra,,,24.098832487309682,23.670000000000016
2022-05-14,Temesi,Terra,,26.650000000000034,23.510000000000048,22.230000000000018
2022-05-15,Temesi,Terra,28.99263959390866,28.810000000000002,23.010000000000048,22.670000000000016
2022-05-16,Temesi,Terra,31.312944162436583,29.970000000000027,22.84147208121831,23.010000000000048
2022-05-17,Temesi,Terra,29.907055837563483,29.010000000000048,,
2022-05-18,Temesi,Terra,29.410000000000025,29.410000000000025,,
2022-05-21,Temesi,Terra,31.05345177664977,30.890000000000043,23.955888324873115,24.190000000000055
2022-05-22,Temesi,Terra,30.864111675126942,30.150000000000034,21.910000000000025,21.57000000000005
2022-05-23,Temesi,Terra,32.9696954314721,32.55000000000002,23.401776649746214,23.730000000000018
2022-05-24,Temesi,Terra,31.234670050761462,30.230000000000015,,
2022-05-28,Temesi,Terra,30.966142131979726,31.426355455568064,,
2022-05-30,Temesi,Terra,32.231421319796986,31.890000000000043,23.230000000000018,22.99000000000001
2022-06-02,Temesi,Terra,26.230000000000018,28.49000000000001,,20.430000000000007
2022-06-03,Temesi,Terra,29.455888324873115,28.970000000000027,,21.950000000000045
2022-06-04,Temesi,Terra,30.525228426395977,30.13400000000005,,
2022-06-06,Temesi,Terra,31.768883248730972,30.49000000000001,23.010000000000048,23.090000000000032
2022-06-07,Temesi,Terra,35.12238578680204,31.310000000000002,,
2022-06-08,Temesi,Terra,30.581776649746217,30.310000000000002,,
2022-06-10,Temesi,Terra,23.610000000000014,23.670000000000016,,
2022-06-11,Temesi,Terra,31.08705583756349,30.250000000000057,,
2022-06-15,Temesi,Terra,28.955279187817286,28.530000000000026,,
2022-06-16,Temesi,Terra,27.092944162436584,27.130000000000052,,
2022-06-17,Temesi,Terra,28.38675126903554,26.650000000000034,,
2022-06-20,Temesi,Terra,,28.55000000000001,22.05000000000001,21.590000000000032
2022-06-22,Temesi,Terra,28.247258883248765,29.27000000000004,22.53324873096448,21.890000000000043
2022-06-29,Temesi,Terra,,,22.853857868020327,22.55000000000001
2022-07-04,Temesi,Terra,,,21.7329441624366,21.450000000000045
2022-07-08,Temesi,Terra,30.655279187817307,30.090000000000032,21.090304568527962,21.190000000000055
2022-07-09,Temesi,Terra,24.411522842639634,24.810000000000002,15.860558375634564,16.07000000000005
2022-07-15,Temesi,Terra,,,21.25649746192895,20.750000000000057
2022-07-17,Temesi,Terra,,,21.616802030456892,21.33000000000004
2022-07-19,Temesi,Terra,27.710000000000036,27.410000000000025,,
2022-07-20,Temesi,Terra,28.959137055837598,29.020189810189848,21.123807106599028,21.05000000000001
2022-07-24,Temesi,Terra,27.430000000000007,29.07000000000005,20.55000000000001,20.49000000000001
2022-07-28,Temesi,Terra,,26.27000000000004,21.710304568527967,21.77000000000004
2022-07-29,Temesi,Terra,29.150000000000034,29.11000000000001,,20.010000000000048
2022-08-03,Temesi,Terra,28.20472081218277,27.610000000000014,,17.57000000000005
2022-08-04,Temesi,Terra,27.80147208121829,28.730000000000018,22.590000000000032,22.53000000000003
2022-08-05,Temesi,Terra,29.10969543147211,30.090000000000032,22.230000000000018,21.910000000000025
2022-08-07,Temesi,Terra,29.231725888324917,28.83000000000004,,19.05000000000001
2022-08-11,Temesi,Terra,29.27000000000004,29.150000000000034,,
2022-08-12,Temesi,Terra,29.361472081218288,29.356418109187764,20.916192893401053,21.250000000000057
2022-08-13,Temesi,Terra,,,21.86269035532997,22.010000000000048
2022-08-15,Temesi,Terra,,,21.637614213198017,21.510000000000048
2022-08-16,Temesi,Terra,33.33467005076146,32.47000000000003,23.37091370558379,23.590000000000032
2022-08-18,Temesi,Terra,,,22.835279187817317,21.510000000000048
2022-08-21,Temesi,Terra,28.716903553299538,29.010000000000048,,17.450000000000045
2022-08-25,Temesi,Terra,,,20.40147208121831,21.250000000000057
2022-08-28,Temesi,Terra,,25.110000000000014,15.79000000000002,16.310000000000002
2022-08-30,Temesi,Terra,,,22.190000000000055,22.110000000000014
2022-09-01,Temesi,Terra,27.723197969543193,27.870000000000008,22.810913705583786,22.970000000000027
2022-09-02,Temesi,Terra,24.83000000000004,25.390000000000043,,
2022-09-08,Temesi,Terra,29.88675126903554,29.05000000000001,,
2022-09-11,Temesi,Terra,20.910000000000025,23.230000000000018,,
2022-09-12,Temesi,Terra,27.150000000000034,27.130000000000052,23.676192893401044,23.33000000000004
2022-09-13,Temesi,Terra,31.573553299492428,30.470000000000027,,
2022-09-18,Temesi,Terra,26.607055837563493,26.49000000000001,,
2022-09-24,Temesi,Terra,,30.99000000000001,21.357106598984807,21.970000000000027
2022-09-26,Temesi,Terra,30.91020304568531,31.02316353887403,,18.250000000000057
2022-09-27,Temesi,Terra,25.47903553299496,26.580699588477408,,20.850000000000023
2022-09-28,Temesi,Terra,32.44928934010157,32.89000000000004,21.690000000000055,22.07000000000005
2022-11-01,Temesi,Terra,30.461472081218307,30.090000000000032,,
2022-11-02,Temesi,Terra,29.282791878172606,30.230000000000018,,
2022-11-03,Temesi,Terra,31.010000000000048,30.83000000000004,,
2022-11-08,Temesi,Terra,30.710000000000036,30.05000000000001,,
2022-11-20,Temesi,Terra,35.605634517766525,31.55000000000001,,
2022-12-04,Temesi,Terra,22.98969543147211,23.930000000000007,,
2022-12-08,Temesi,Terra,28.850000000000023,29.690000000000055,24.727664974619326,23.470000000000027
2022-12-09,Temesi,Terra,30.3253299492386,29.76075038284844,,
2022-12-10,Temesi,Terra,33.51000000000005,33.55000000000001,,
2022-12-13,Temesi,Terra,34.96725888324876,34.39000000000004,,
2022-12-15,Temesi,Terra,32.190000000000055,31.850000000000023,,
2022-12-18,Temesi,Terra,,25.950000000000045,22.993248730964517,23.49000000000001
2022-12-20,Temesi,Terra,34.650203045685316,33.48589632829375,23.08116751269039,23.55000000000001
2023-01-09,Temesi,Terra,22.741167512690392,23.650000000000034,,
2023-01-18,Temesi,Terra,,,21.410000000000025,22.150000000000034
2023-01-20,Temesi,Terra,29.370000000000005,27.970000000000027,,
2023-02-22,Temesi,Terra,33.92614213197973,33.01000000000005,,
2023-02-24,Temesi,Terra,29.146751269035587,29.110000000000014,,
2023-03-04,Temesi,Terra,31.57000000000005,31.53000000000003,,21.730000000000018
2023-03-09,Temesi,Terra,32.59142131979697,32.670000000000016,22.350000000000023,22.05000000000001
2023-03-11,Temesi,Terra,32.991116751269075,32.490000000000016,25.19355329949243,25.010000000000048
2023-03-12,Temesi,Terra,24.235279187817294,26.05000000000001,22.71294416243658,22.930000000000007
2023-03-14,Temesi,Terra,31.420558375634567,31.650000000000034,,
2023-03-17,Temesi,Terra,24.872335025380753,26.810000000000002,,
2023-03-18,Temesi,Terra,33.39527918781729,32.170000000000016,,
2023-03-19,Temesi,Terra,31.30116751269039,30.79000000000002,,
2023-03-23,Temesi,Terra,,25.83000000000004,23.844416243654827,24.230000000000018
2023-03-24,Temesi,Terra,30.164416243654877,29.730000000000018,,
2023-03-25,Temesi,Terra,31.918223350253843,32.910000000000025,,
2023-03-28,Temesi,Terra,31.826446700507667,31.99000000000001,,
2023-04-04,Temesi,Terra,29.010000000000048,28.850000000000023,,
2023-04-16,Temesi,Terra,29.450000000000045,29.930000000000007,23.750609137055854,22.730000000000018
2023-04-17,Temesi,Terra,29.620862944162482,29.390000000000043,,
2023-04-18,Temesi,Terra,31.370000000000005,30.970000000000027,,
2023-04-19,Temesi,Terra,32.19203045685282,31.52207823960883,21.952030456852814,21.69000000000005
2023-04-21,Temesi,Terra,29.701979695431504,30.43,,
2023-04-23,Temesi,Terra,31.889390862944197,31.425660184237472,,22.410000000000025
2023-04-24,Temesi,Terra,31.827055837563464,31.13000000000005,,21.07000000000005
2023-04-25,Temesi,Terra,28.52086294416246,28.710000000000036,,
2023-04-26,Temesi,Terra,28.253248730964508,28.869999999999997,,
2023-04-30,Temesi,Terra,27.33802030456855,27.510000000000048,,
2023-05-06,Temesi,Terra,25.07000000000005,26.610000000000014,21.45294416243657,21.370000000000005
2023-05-07,Temesi,Terra,28.07000000000005,28.07000000000005,22.992944162436586,22.810000000000002
2023-05-12,Temesi,Terra,27.059137055837585,28.710000000000036,,20.850000000000023
2023-05-13,Temesi,Terra,24.670000000000016,25.650000000000034,22.733248730964494,22.03000000000003
2023-05-14,Temesi,Terra,26.500253807106624,26.810000000000002,21.34411167512692,20.670000000000016
2023-05-15,Temesi,Terra,29.330609137055873,30.05000000000001,22.670000000000016,22.670000000000016
2023-05-17,Temesi,Terra,,,22.27000000000004,21.27000000000004
2023-05-18,Temesi,Terra,29.16411167512695,28.690000000000055,,
2023-05-20,Temesi,Terra,31.05233502538076,30.610000000000014,,21.310000000000002
2023-05-21,Temesi,Terra,,,19.710000000000036,19.710000000000036
2023-05-22,Temesi,Terra,,28.950000000000045,22.2814720812183,21.850000000000023
2023-05-23,Temesi,Terra,29.27000000000004,28.390000000000043,21.455888324873115,21.590000000000032
2023-05-24,Temesi,Terra,31.400862944162455,30.390000000000043,23.679137055837593,23.610000000000014
2023-05-25,Temesi,Terra,30.761167512690395,30.170000000000016,21.310000000000002,21.420000000000016
2023-05-26,Temesi,Terra,,,20.778223350253832,21.197762557077674
2023-05-27,Temesi,Terra,,27.870000000000005,22.48177664974622,21.230000000000018
2023-05-29,Temesi,Terra,32.260558375634545,31.29657894736843,,
2023-05-30,Temesi,Terra,29.51263959390867,29.350000000000023,20.156497461928954,19.610000000000014
2023-05-31,Temesi,Terra,25.950000000000045,26.210000000000036,,
2023-06-01,Temesi,Terra,28.250000000000057,26.950000000000045,,
2023-06-03,Temesi,Terra,,26.610000000000014,22.587969543147246,22.670000000000016
2023-06-05,Temesi,Terra,24.670000000000016,27.950000000000045,,19.230000000000018
2023-06-06,Temesi,Terra,26.510000000000048,26.750000000000057,,22.07000000000005
2023-06-07,Temesi,Terra,,,18.633248730964503,19.630000000000052
2023-06-08,Temesi,Terra,,29.250000000000057,22.776802030456864,22.710000000000036
2023-06-10,Temesi,Terra,28.411725888324924,29.03000000000003,,
2023-06-11,Temesi,Terra,27.47588832487313,26.730000000000018,,
2023-06-13,Temesi,Terra,26.947055837563468,27.6370637119114,,21.83000000000004
2023-06-14,Temesi,Terra,,,15.810000000000002,15.810000000000002
2023-06-15,Temesi,Terra,30.8117258883249,30.470000000000027,,
2023-06-17,Temesi,Terra,29.306446700507628,29.370000000000005,22.410000000000025,21.430000000000007
2023-06-18,Temesi,Terra,28.53111675126907,28.930000000000007,21.804416243654863,21.99000000000001
2023-06-19,Temesi,Terra,30.434974619289378,29.910000000000025,20.250000000000057,20.53000000000003
2023-06-20,Temesi,Terra,31.77700507614217,31.03000000000003,22.450000000000045,22.610000000000014
2023-06-22,Temesi,Terra,28.820558375634544,28.950000000000045,22.850609137055876,23.230000000000018
2023-06-23,Temesi,Terra,28.735583756345218,28.390000000000043,22.43324873096451,22.150000000000034
2023-06-24,Temesi,Terra,,27.610000000000014,23.472944162436573,22.630000000000056
2023-06-25,Temesi,Terra,30.935888324873133,30.390000000000043,23.090000000000032,23.250000000000057
2023-06-27,Temesi,Terra,28.04969543147211,28.99000000000001,22.876192893401058,23.05000000000001
2023-06-28,Temesi,Terra,25.08319796954315,26.630000000000052,,
2023-06-29,Temesi,Terra,,,20.05385786802032,20.370000000000005
2023-07-04,Temesi,Terra,26.584720812182763,26.890000000000043,22.27000000000004,22.110000000000017
2023-07-05,Temesi,Terra,24.25741116751271,24.170000000000016,,
2023-07-09,Temesi,Terra,,24.350000000000023,22.190000000000055,21.810000000000002
2023-07-10,Temesi,Terra,26.355279187817292,26.110000000000014,20.80736040609141,20.430000000000007
2023-07-12,Temesi,Terra,27.763807106599014,26.33000000000004,,
2023-07-16,Temesi,Terra,,24.610000000000014,21.667969543147255,21.190000000000055
2023-07-17,Temesi,Terra,,,15.421878172588867,14.310000000000002
2023-07-18,Temesi,Terra,27.450000000000045,27.890000000000043,20.92461928934012,19.690000000000055
2023-07-19,Temesi,Terra,,24.430000000000007,20.250609137055854,20.77000000000004
2023-07-21,Temesi,Terra,28.297309644670083,28.57692934782613,,18.29000000000002
2023-07-22,Temesi,Terra,25.250000000000057,24.250000000000057,18.145939086294447,18.710000000000036
2023-07-24,Temesi,Terra,30.190000000000055,30.150000000000034,22.056192893401036,21.310000000000002
2023-07-25,Temesi,Terra,,,18.328375634517815,19.510000000000048
2023-07-26,Temesi,Terra,28.96025380710663,26.690000000000055,16.870000000000005,18.710000000000036
2023-07-28,Temesi,Terra,27.638527918781772,27.190000000000055,20.997614213198,21.250000000000057
2023-07-29,Temesi,Terra,25.842385786802062,25.950000000000045,,
2023-07-30,Temesi,Terra,23.630000000000052,25.170000000000016,19.710000000000036,20.390000000000043
2023-07-31,Temesi,Terra,,,22.136802030456877,22.010000000000048
2023-08-02,Temesi,Terra,28.69903553299495,28.810000000000002,22.690000000000055,22.590000000000032
2023-08-03,Temesi,Terra,26.390000000000043,27.010000000000048,19.641472081218318,19.511027667984237
2023-08-04,Temesi,Terra,28.712944162436585,28.110000000000014,22.001167512690404,20.890000000000043
2023-08-06,Temesi,Terra,,25.230000000000018,21.998832487309656,21.670000000000016
2023-08-07,Temesi,Terra,31.020558375634558,30.761460674157348,21.705329949238596,21.970000000000027
2023-08-09,Temesi,Terra,29.250000000000057,29.250000000000057,21.542690355329977,21.55000000000001
2023-08-10,Temesi,Terra,30.33000000000004,29.730000000000018,18.515279187817285,19.81
2023-08-11,Temesi,Terra,28.818832487309674,28.79000000000002,21.738527918781763,21.190000000000055
2023-08-12,Temesi,Terra,31.488781725888362,30.368988326848253,,21.610000000000014
2023-08-15,Temesi,Terra,,24.910000000000025,20.99294416243659,20.30248979591837
2023-08-16,Temesi,Terra,,28.33000000000004,21.447969543147224,21.150000000000034
2023-08-18,Temesi,Terra,,25.170000000000016,21.652944162436583,21.370000000000005
2023-08-19,Temesi,Terra,29.536903553299517,29.55000000000001,21.121776649746238,21.810000000000002
2023-08-21,Temesi,Terra,30.792335025380744,29.55000000000001,22.236192893401043,22.730000000000018
2023-08-22,Temesi,Terra,29.3811675126904,28.650000000000038,,18.83000000000004
2023-08-24,Temesi,Terra,28.110000000000014,29.99000000000001,19.650000000000034,21.110000000000014
2023-08-26,Temesi,Terra,27.610000000000014,29.27000000000004,22.410000000000025,21.670000000000016
2023-08-27,Temesi,Terra,26.59883248730968,25.850000000000023,18.55000000000001,17.650000000000034
2023-08-28,Temesi,Terra,28.688274111675163,29.010000000000048,,23.310000000000002
2023-08-29,Temesi,Terra,30.34329949238582,30.470000000000027,21.710000000000036,21.07000000000005
2023-08-30,Temesi,Terra,24.55730964467007,27.610000000000014,,20.49000000000001
2023-08-31,Temesi,Terra,30.28827411167516,29.510000000000048,,21.450000000000045
2023-09-01,Temesi,Terra,28.110000000000014,26.710000000000036,,
2023-09-02,Temesi,Terra,33.065837563451794,32.170000000000016,19.83000000000004,20.310000000000002
2023-09-03,Temesi,Terra,28.150000000000034,28.010000000000048,,20.190000000000055
2023-09-04,Temesi,Terra,23.83000000000004,25.890000000000043,21.5076649746193,21.510000000000048
2023-09-05,Temesi,Terra,31.717918781725928,30.49000000000001,21.98441624365487,21.130000000000052
2023-09-07,Temesi,Terra,,29.77000000000004,21.7853299492386,22.710000000000036
2023-09-08,Temesi,Terra,24.87263959390866,25.370000000000005,20.61558375634521,20.190000000000055
2023-09-09,Temesi,Terra,32.55467005076145,31.57000000000005,,18.03000000000003
2023-09-10,Temesi,Terra,29.682690355329964,30.430000000000007,,18.390000000000043
2023-09-12,Temesi,Terra,,31.110000000000014,18.410000000000025,19.57000000000005
2023-09-14,Temesi,Terra,,,22.384720812182774,21.670000000000016
2023-09-15,Temesi,Terra,28.29446700507615,27.870000000000005,,
2023-09-16,Temesi,Terra,31.318223350253852,30.610000000000014,,
2023-09-17,Temesi,Terra,,30.090000000000032,20.858527918781743,20.710000000000036
2023-09-19,Temesi,Terra,,,22.642385786802073,23.29000000000002
2023-09-20,Temesi,Terra,,26.810000000000002,21.461776649746213,21.450000000000045
2023-09-21,Temesi,Terra,31.820659898477185,31.450000000000045,20.956192893401045,21.870000000000005
2023-09-22,Temesi,Terra,,27.53000000000003,18.610000000000014,18.810000000000002
2023-09-23,Temesi,Terra,24.930000000000007,25.370000000000005,19.19060913705585,19.110000000000014
2023-09-24,Temesi,Terra,33.60380710659902,32.39000000000004,22.787664974619332,23.810000000000002
2023-09-25,Temesi,Terra,31.275583756345213,30.630000000000052,,
2023-09-26,Temesi,Terra,31.839137055837615,31.650000000000034,22.810000000000002,23.55000000000001
2023-09-27,Temesi,Terra,33.39497461928939,31.810000000000002,17.47700507614216,18.230000000000018
2023-09-28,Temesi,Terra,29.870000000000005,29.55000000000001,,23.310000000000002
2023-09-29,Temesi,Terra,36.597614213198,34.85451939291738,22.43852791878175,21.79000000000002
2023-10-01,Temesi,Terra,35.972944162436576,33.53000000000003,22.750000000000057,22.03000000000003
2023-10-02,Temesi,Terra,30.670000000000016,29.130000000000052,,17.690000000000055
2023-10-03,Temesi,Terra,,30.910000000000025,22.810000000000002,22.250000000000057
2023-10-04,Temesi,Terra,32.05588832487314,32.29000000000002,23.350000000000023,24.010000000000048
2023-10-06,Temesi,Terra,34.617918781725905,33.85000000000002,24.33000000000004,24.370000000000005
2023-10-07,Temesi,Terra,28.670000000000016,28.230000000000018,,
2023-10-08,Temesi,Terra,33.648477157360425,32.190000000000055,23.479441624365528,22.29000000000002
2023-10-09,Temesi,Terra,31.680253807106634,30.99000000000001,23.410000000000025,22.670000000000016
2023-10-10,Temesi,Terra,27.99923857868026,29.110000000000014,19.905532994923895,23.250000000000057
2023-10-11,Temesi,Terra,36.486751269035565,34.33000000000004,16.850000000000023,21.350000000000023
2023-10-13,Temesi,Terra,36.550507614213224,34.798347280334745,20.110000000000014,23.410000000000025
2023-10-14,Temesi,Terra,32.31913705583758,31.417015130674017,,
2023-10-15,Temesi,Terra,35.694365482233515,34.01000000000005,,19.390000000000043
2023-10-16,Temesi,Terra,33.766446700507665,32.950000000000045,24.023807106599005,23.010000000000048
2023-10-18,Temesi,Terra,37.522284263959435,35.370000000000005,24.36502538071069,24.510000000000048
2023-10-19,Temesi,Terra,30.9979187817259,30.11000000000001,,
2023-10-20,Temesi,Terra,34.824416243654845,33.110000000000014,,23.910000000000025
2023-10-21,Temesi,Terra,33.33000000000004,33.59000000000003,21.18593908629447,20.890000000000043
2023-10-22,Temesi,Terra,32.00147208121831,31.33000000000004,23.910000000000025,23.910000000000025
2023-10-23,Temesi,Terra,35.86878172588838,33.77000000000004,24.930609137055864,24.930000000000007
2023-10-25,Temesi,Terra,37.72847715736044,35.71899676375407,,21.27000000000004
2023-10-26,Temesi,Terra,34.3496954314721,33.25000000000006,23.630000000000052,22.430000000000007
2023-10-27,Temesi,Terra,35.786446700507646,35.05000000000001,22.245025380710693,22.670000000000016
2023-10-28,Temesi,Terra,35.95375634517771,34.63000000000005,,21.230000000000018
2023-10-29,Temesi,Terra,,,23.390000000000043,23.27000000000004
2023-10-30,Temesi,Terra,38.059949238578724,35.39000000000004,24.8250253807107,24.79000000000002
2023-10-31,Temesi,Terra,31.861472081218285,30.870000000000005,23.430000000000007,23.010000000000048
2023-11-02,Temesi,Terra,34.370000000000005,32.27000000000004,,
2023-11-04,Temesi,Terra,32.2717258883249,32.330000000000034,24.79000000000002,24.430000000000007
2023-11-06,Temesi,Terra,36.15406091370562,35.05000000000001,24.63791878172592,23.27000000000004
2023-11-07,Temesi,Terra,32.79000000000002,31.690000000000055,,
2023-11-08,Temesi,Terra,32.95527918781728,32.39000000000004,25.144416243654838,22.930000000000007
2023-11-11,Temesi,Terra,36.765228426395986,35.14992187500003,21.430000000000007,23.210000000000036
2023-11-12,Temesi,Terra,,26.590000000000032,19.210000000000036,18.870000000000005
2023-11-18,Temesi,Terra,32.27000000000004,32.51000000000005,,23.33000000000004
2023-11-21,Temesi,Terra,31.073756345177713,31.230000000000018,,
2023-12-06,Temesi,Terra,27.398629441624404,27.730000000000018,,
2023-12-12,Temesi,Terra,34.28705583756348,32.93000000000001,21.857106598984807,22.410000000000025
2023-12-13,Temesi,Terra,27.05000000000001,29.630000000000052,,
2023-12-19,Temesi,Terra,33.69852791878178,32.97000000000003,,
2023-12-22,Temesi,Terra,33.11223350253809,32.97000000000003,23.610000000000014,23.090000000000032
2023-12-23,Temesi,Terra,32.815279187817275,31.77000000000004,,
2023-12-24,Temesi,Terra,34.665431472081245,34.29000000000002,,
2023-12-29,Temesi,Terra,31.710000000000036,31.610000000000014,,21.670000000000016
2023-12-30,Temesi,Terra,29.890000000000043,29.710000000000036,21.80086294416249,19.29000000000002
2024-01-10,Temesi,Terra,,,24.498223350253827,23.870000000000005
2024-01-13,Temesi,Terra,32.05934010152287,31.450000000000045,,
2024-02-01,Temesi,Terra,32.610000000000014,32.35000000000002,,24.210000000000036
2024-02-14,Temesi,Terra,28.05000000000001,28.33000000000004,,
2024-02-16,Temesi,Terra,32.01000000000005,30.210000000000036,24.630000000000052,24.55000000000001
2024-02-19,Temesi,Terra,30.60878172588833,30.210000000000036,,
2024-02-20,Temesi,Terra,33.95071065989851,32.950000000000045,,
2024-02-25,Temesi,Terra,32.03000000000003,30.930000000000007,,
2024-03-16,Temesi,Terra,,26.630000000000052,23.226142131979717,23.49000000000001
2024-03-19,Temesi,Terra,30.08025380710663,29.510000000000048,18.880558375634546,19.230000000000018
2024-03-20,Temesi,Terra,,30.350000000000023,22.793248730964496,21.77000000000004
2024-03-21,Temesi,Terra,31.501776649746237,31.190000000000055,,22.670000000000016
2024-03-23,Temesi,Terra,30.970304568527954,30.35688946015426,,
2024-03-24,Temesi,Terra,27.7935532994924,28.690000000000055,,
2024-03-26,Temesi,Terra,29.03000000000003,28.650000000000034,,
2024-03-31,Temesi,Terra,25.430000000000007,29.27000000000004,,
2024-04-07,Temesi,Terra,26.510000000000048,26.710000000000036,,23.190000000000055
2024-04-09,Temesi,Terra,31.68055837563456,30.51032388663972,,
2024-04-12,Temesi,Terra,30.670000000000016,30.370000000000005,,
2024-04-13,Temesi,Terra,,25.850000000000023,22.604416243654875,22.610000000000014
2024-04-14,Temesi,Terra,31.43852791878175,31.130000000000052,23.75101522842643,23.57000000000005
2024-04-19,Temesi,Terra,30.309695431472132,30.27000000000004,,
2024-04-21,Temesi,Terra,30.27000000000004,28.950000000000045,,
2024-04-28,Temesi,Terra,30.181472081218313,29.730000000000018,,19.99000000000001
2024-04-29,Temesi,Terra,24.650000000000034,22.370000000000005,,
2024-05-01,Temesi,Terra,26.950000000000045,26.53000000000003,,20.470000000000027
2024-05-03,Temesi,Terra,29.906142131979724,30.07000000000005,,
2024-05-04,Temesi,Terra,24.190000000000055,24.890000000000043,20.01294416243657,19.810000000000002
2024-05-05,Temesi,Terra,,26.99000000000001,21.261472081218322,21.99000000000001
2024-05-06,Temesi,Terra,,,22.630000000000052,22.55000000000001
2024-05-07,Temesi,Terra,,,20.526446700507655,21.27000000000004
2024-05-08,Temesi,Terra,28.784416243654846,28.770000000000042,22.562385786802068,22.090000000000032
2024-05-10,Temesi,Terra,28.306751269035562,28.29000000000002,,20.730000000000018
2024-05-11,Temesi,Terra,29.018832487309695,28.750000000000057,,
2024-05-13,Temesi,Terra,30.985837563451806,30.430000000000007,,
2024-05-14,Temesi,Terra,28.690000000000055,28.650000000000034,,
2024-05-15,Temesi,Terra,,26.190000000000055,24.850000000000023,24.090000000000032
2024-05-16,Temesi,Terra,29.47467005076147,29.021891891891926,,
2024-05-18,Temesi,Terra,28.484416243654874,28.07000000000005,20.870000000000005,22.690000000000055
2024-05-20,Temesi,Terra,28.495279187817285,28.250000000000057,,22.610000000000014
2024-05-23,Temesi,Terra,,,22.578832487309697,21.870000000000005
2024-05-25,Temesi,Terra,,,22.593248730964483,21.470000000000027
2024-05-27,Temesi,Terra,,,22.910000000000025,22.710000000000036
2024-05-28,Temesi,Terra,28.51822335025384,28.55000000000001,,23.090000000000032
2024-05-29,Temesi,Terra,25.062081218274166,24.57000000000005,21.32441624365484,21.310000000000002
2024-06-01,Temesi,Terra,26.47436548223354,26.390000000000043,23.630000000000052,23.03000000000003
2024-06-02,Temesi,Terra,29.835279187817314,28.850000000000023,20.48279187817259,20.83000000000004
2024-06-03,Temesi,Terra,,,21.93903553299496,21.03000000000003
2024-06-06,Temesi,Terra,27.84583756345182,27.510000000000048,,
2024-06-09,Temesi,Terra,,,21.86208121827414,21.750000000000057
2024-06-11,Temesi,Terra,,25.930000000000007,22.510000000000048,22.05000000000001
2024-06-12,Temesi,Terra,26.721472081218298,27.030000000000026,,
2024-06-13,Temesi,Terra,,26.77000000000004,22.09883248730968,21.870000000000005
2024-06-14,Temesi,Terra,,20.370000000000005,21.310000000000002,21.33000000000004
2024-06-15,Temesi,Terra,23.958527918781765,23.750000000000057,20.081167512690385,19.710000000000036
2024-06-16,Temesi,Terra,,,22.60208121827413,22.250000000000057
2024-06-18,Temesi,Terra,,,22.499137055837583,22.390000000000043
2024-06-19,Temesi,Terra,28.05558375634521,28.170000000000016,,
2024-06-20,Temesi,Terra,,,21.710000000000036,21.29000000000002
2024-06-25,Temesi,Terra,22.870000000000005,24.370000000000005,,
2024-06-28,Temesi,Terra,,25.950000000000045,21.996192893401034,21.33000000000004
2024-06-29,Temesi,Terra,24.83000000000004,25.150000000000034,,19.950000000000045
2024-07-04,Temesi,Terra,25.49203045685283,25.33000000000004,,
2024-07-06,Temesi,Terra,,24.53000000000003,20.784111675126955,20.010000000000048
2024-07-11,Temesi,Terra,24.787360406091405,24.610000000000014,,
2024-07-12,Temesi,Terra,25.150000000000034,24.630000000000052,,
2024-07-13,Temesi,Terra,23.478223350253845,24.29000000000002,,19.890000000000043
2024-07-15,Temesi,Terra,,,21.110913705583773,21.83000000000004
2024-07-16,Temesi,Terra,26.670304568527946,26.77000000000004,18.7227918781726,19.450000000000045
2024-07-17,Temesi,Terra,28.28167512690359,28.630000000000052,19.312944162436583,19.79000000000002
2024-07-18,Temesi,Terra,29.47791878172592,29.330000000000044,,
2024-07-22,Temesi,Terra,,,21.742690355329966,21.970000000000027
2024-07-25,Temesi,Terra,27.750304568527927,28.480000000000018,21.1073604060914,21.970000000000027
2024-07-27,Temesi,Terra,,,21.564923857868067,19.950000000000045
2024-07-28,Temesi,Terra,,,20.472639593908646,18.03000000000003
2024-08-01,Temesi,Terra,,,24.013857868020356,22.83000000000004
2024-08-04,Temesi,Terra,29.446446700507636,28.890000000000043,22.169695431472118,21.27000000000004
2024-08-06,Temesi,Terra,,,22.879137055837575,22.430000000000007
2024-08-10,Temesi,Terra,,,16.53000000000003,19.09000000000003
2024-08-11,Temesi,Terra,27.880355329949264,27.090000000000032,20.673553299492394,20.77000000000004
2024-08-12,Temesi,Terra,22.99000000000001,22.99000000000001,,
2024-08-13,Temesi,Terra,,26.510000000000048,21.893857868020348,21.750000000000057
2024-08-15,Temesi,Terra,26.79000000000002,27.55000000000001,20.301472081218286,20.210000000000036
2024-08-18,Temesi,Terra,32.49497461928938,31.79000000000002,22.698527918781775,22.07000000000005
2024-08-20,Temesi,Terra,25.809695431472132,25.970000000000027,21.30086294416249,21.650000000000034
2024-08-21,Temesi,Terra,27.08116751269039,28.430000000000007,19.2640101522843,19.230000000000018
2024-08-23,Temesi,Terra,24.33000000000004,29.49000000000001,22.03000000000003,21.34902985074629
2024-08-26,Temesi,Terra,31.07000000000005,30.479980353634595,,20.010000000000048
2024-08-29,Temesi,Terra,26.090000000000032,23.690000000000055,,
2024-08-30,Temesi,Terra,32.09000000000003,30.510000000000044,,18.430000000000007
2024-08-31,Temesi,Terra,,26.33000000000004,20.912436548223393,20.210000000000036
2024-09-01,Temesi,Terra,,,20.32238578680208,19.27000000000004
2024-09-02,Temesi,Terra,32.50319796954317,32.07000000000005,,18.670000000000016
2024-09-05,Temesi,Terra,29.269695431472115,29.150000000000034,20.158223350253852,20.610000000000014
2024-09-10,Temesi,Terra,27.478832487309674,28.79000000000002,,19.170000000000016
2024-09-14,Temesi,Terra,30.57000000000005,32.03000000000003,,21.670000000000016
2024-09-15,Temesi,Terra,25.29000000000002,28.07000000000005,,
2024-09-17,Temesi,Terra,30.970304568527954,30.088214285714315,,
2024-09-20,Temesi,Terra,28.29852791878174,27.970000000000027,,
2024-09-21,Temesi,Terra,,29.53000000000003,20.795888324873143,21.370000000000005
2024-09-24,Temesi,Terra,33.0920304568528,32.710000000000036,,21.650000000000034
2024-09-27,Temesi,Terra,32.21355329949242,31.55000000000001,22.310000000000002,22.170000000000016
2024-09-28,Temesi,Terra,27.101776649746224,28.670000000000016,22.630000000000052,22.190000000000055
2024-10-02,Temesi,Terra,27.50532994923861,26.83000000000004,,
2024-10-04,Temesi,Terra,,31.170000000000016,24.374162436548264,23.77000000000004
2024-10-06,Temesi,Terra,,31.99000000000001,23.180558375634558,23.110000000000014
2024-10-08,Temesi,Terra,,31.230000000000018,21.05000000000001,21.930000000000007
2024-10-09,Temesi,Terra,30.890000000000043,31.470000000000027,21.150000000000034,22.390000000000043
2024-10-11,Temesi,Terra,34.373756345177696,33.75000000000006,,23.03000000000003
2024-10-12,Temesi,Terra,31.53000000000003,30.810000000000002,,
2024-10-13,Temesi,Terra,33.261776649746224,32.59000000000003,24.68766497461931,24.950000000000045
2024-10-14,Temesi,Terra,31.79730964467008,30.930000000000007,,
2024-10-16,Temesi,Terra,,,22.716192893401033,21.930000000000007
2024-10-18,Temesi,Terra,36.19588832487312,34.98000000000002,23.370000000000005,23.110000000000014
2024-10-19,Temesi,Terra,29.40177664974621,29.650000000000034,,15.350000000000023
2024-10-20,Temesi,Terra,,,21.89802030456855,20.610000000000014
2024-10-21,Temesi,Terra,32.57730964467009,33.05000000000001,,
2024-10-23,Temesi,Terra,35.14025380710663,33.98000000000002,24.610000000000014,24.590000000000032
2024-10-24,Temesi,Terra,29.431522842639616,30.470000000000027,15.252335025380747,17.970000000000027
2024-10-25,Temesi,Terra,,29.390000000000043,24.53324873096448,23.170000000000016
2024-10-26,Temesi,Terra,31.842791878172612,32.57000000000005,24.304416243654863,22.250000000000057
2024-10-28,Temesi,Terra,36.86878172588838,35.77000000000004,,23.670000000000016
2024-10-29,Temesi,Terra,30.483299492385807,29.850000000000023,,
2024-10-30,Temesi,Terra,32.110000000000014,32.07000000000005,,
2024-11-02,Temesi,Terra,,33.370000000000005,24.650000000000034,24.99000000000001
2024-11-05,Temesi,Terra,,30.53000000000003,23.74441624365486,23.530000000000026
2024-11-06,Temesi,Terra,,30.150000000000034,22.05000000000001,21.890000000000043
2024-11-09,Temesi,Terra,32.703807106599015,31.850000000000023,,22.110000000000014
2024-11-14,Temesi,Terra,33.18817258883252,32.910000000000025,,
2024-11-15,Temesi,Terra,30.921167512690364,29.528012958963313,20.645025380710692,19.730000000000018
2024-12-23,Temesi,Terra,30.406446700507654,30.49000000000001,,
2024-12-24,Temesi,Terra,30.810000000000002,29.630000000000052,,
2025-02-04,Temesi,Terra,33.69253807106603,33.27000000000004,,
2025-02-23,Temesi,Terra,29.49000000000001,28.950000000000045,,
2025-02-25,Temesi,Terra,28.601167512690374,29.03000000000003,,
2025-02-28,Temesi,Terra,,31.170000000000016,24.890000000000043,25.230000000000018
2025-03-01,Temesi,Terra,35.23000000000002,29.05000000000001,,21.450000000000045
2025-03-03,Temesi,Terra,31.660659898477196,30.970000000000027,,
2025-03-11,Temesi,Terra,30.912639593908647,30.190000000000055,,
2025-03-12,Temesi,Terra,32.988883248731,32.39000000000004,,
2025-03-20,Temesi,Terra,27.390609137055872,27.470000000000027,,
2025-04-04,Temesi,Terra,30.34614213197972,29.80000000000001,,20.730000000000018
2025-04-05,Temesi,Terra,31.04350253807112,30.39000000000004,,
2025-04-06,Temesi,Terra,31.658527918781754,30.610000000000014,,
2025-04-07,Temesi,Terra,28.727055837563498,29.010000000000048,,
2025-04-08,Temesi,Terra,23.157411167512713,25.250000000000057,,
2025-04-16,Temesi,Terra,30.96441624365483,30.670000000000016,22.272538071066016,23.350000000000023
2025-04-17,Temesi,Terra,29.090000000000032,29.230000000000018,,
2025-04-21,Temesi,Terra,24.590000000000032,24.590000000000032,24.05000000000001,23.33000000000004
2025-04-23,Temesi,Terra,29.850000000000023,28.83000000000004,,
2025-04-24,Temesi,Terra,30.022284263959428,29.07000000000005,,
2025-04-26,Temesi,Terra,31.41467005076147,30.57977955911828,,
2025-04-27,Temesi,Terra,25.959137055837594,25.99000000000001,,
2025-04-29,Temesi,Terra,31.158324873096472,29.03000000000003,21.6273604060914,21.49000000000001
2025-05-01,Temesi,Terra,31.160862944162446,30.750000000000057,,
2025-05-02,Temesi,Terra,29.67852791878176,29.05000000000001,,
2025-05-04,Temesi,Terra,30.612944162436595,30.29000000000002,23.430000000000007,23.230000000000018
2025-05-11,Temesi,Terra,29.277918781725926,28.650000000000034,,
2025-05-16,Temesi,Terra,27.480050761421356,28.010000000000048,,
2025-05-29,Temesi,Terra,30.520253807106627,30.050000000000015,,22.110000000000014
2025-06-02,Temesi,Terra,27.7270558375635,27.250000000000057,,
2025-06-03,Temesi,Terra,,,24.31588832487313,23.650000000000034
2025-06-04,Temesi,Terra,,,15.550000000000011,16.99000000000001
2025-06-05,Temesi,Terra,,28.010000000000048,22.05842639593911,22.27000000000004
2025-06-06,Temesi,Terra,24.671725888324914,26.090000000000032,,
2025-06-10,Temesi,Terra,,23.650000000000034,24.230000000000018,22.910000000000025
2025-06-12,Temesi,Terra,27.041979695431507,28.150000000000034,,
2025-06-16,Temesi,Terra,22.33527918781731,22.910000000000025,,
2025-06-17,Temesi,Terra,,27.090000000000032,20.687969543147233,21.850000000000023
2025-06-18,Temesi,Terra,25.57000000000005,26.690000000000055,19.910000000000025,20.05000000000001
2025-06-23,Temesi,Terra,,,17.49558375634521,17.470000000000027
2025-06-29,Temesi,Terra,,,19.455786802030495,19.510000000000048
2025-07-07,Temesi,Terra,,,21.341472081218303,20.950000000000045
2025-07-08,Temesi,Terra,,24.250000000000057,20.761776649746224,20.75000000000006
2025-07-10,Temesi,Terra,24.36482233502541,26.650000000000034,,
2025-07-17,Temesi,Terra,28.18705583756348,27.699960629921307,21.142385786802073,20.55000000000001
2025-07-18,Temesi,Terra,21.930000000000007,23.33000000000004,19.869390862944208,19.890000000000043
2025-07-19,Temesi,Terra,,,21.55000000000001,21.55000000000001
2025-07-20,Temesi,Terra,26.294467005076154,26.79000000000002,22.110000000000014,21.99000000000001
2025-07-22,Temesi,Terra,28.730000000000018,26.850000000000023,22.367969543147243,21.99000000000001
2025-07-24,Temesi,Terra,26.56411167512693,26.130000000000052,,
2025-07-27,Temesi,Terra,,,22.89324873096449,23.450000000000045
2025-07-29,Temesi,Terra,,,20.130000000000052,19.810000000000002
2025-08-01,Temesi,Terra,,,22.370304568527935,22.33000000000004
2025-08-02,Temesi,Terra,23.327360406091394,23.950000000000045,20.045228426395955,20.750000000000057
2025-08-04,Temesi,Terra,27.155583756345234,26.95000000000005,23.230609137055872,23.29000000000002
2025-08-06,Temesi,Terra,28.242588832487346,27.890000000000043,21.60857868020308,22.390000000000043
2025-08-07,Temesi,Terra,,24.810000000000002,20.16512690355334,20.170000000000016
2025-08-08,Temesi,Terra,26.99233502538076,26.57000000000005,,
2025-08-09,Temesi,Terra,,,22.27000000000004,21.750000000000057
2025-08-11,Temesi,Terra,,,23.152639593908653,21.79000000000002
2025-08-12,Temesi,Terra,26.210000000000036,24.610000000000014,,17.150000000000034
2025-08-13,Temesi,Terra,25.670000000000016,25.99000000000001,,18.930000000000007
2025-08-14,Temesi,Terra,,26.090000000000032,20.56005076142134,20.33000000000004
2025-08-19,Temesi,Terra,,,20.510000000000048,21.25030888030894
2025-08-20,Temesi,Terra,,,22.670000000000016,21.230000000000018
2025-08-21,Temesi,Terra,,28.930000000000007,22.334162436548247,21.730000000000018
2025-08-22,Temesi,Terra,,,21.47152284263964,21.05000000000001
2025-08-23,Temesi,Terra,26.339949238578697,25.190000000000055,24.253248730964508,24.150000000000034
2025-08-24,Temesi,Terra,27.942994923857917,27.450000000000045,22.890000000000043,22.870000000000005
2025-08-26,Temesi,Terra,,,21.7214720812183,21.350000000000023
2025-08-28,Temesi,Terra,,,20.84502538071068,20.53000000000003
2025-08-30,Temesi,Terra,,,17.612639593908664,16.870000000000005
2025-08-31,Temesi,Terra,28.336091370558393,27.890000000000047,21.750000000000057,21.970000000000027
2025-09-01,Temesi,Terra,25.190000000000055,25.57000000000005,,
2025-09-02,Temesi,Terra,24.121472081218307,26.07000000000005,22.498527918781754,21.930000000000007
2025-09-03,Temesi,Terra,,26.29000000000002,20.68675126903555,21.430000000000007
2025-09-11,Temesi,Terra,21.970000000000027,22.170000000000016,,
2025-09-12,Temesi,Terra,25.430000000000007,25.690000000000055,,22.010000000000048
2025-09-13,Temesi,Terra,29.58208121827414,28.850000000000023,23.33944162436552,22.230000000000018
2025-09-15,Temesi,Terra,,,22.196497461928953,21.690000000000055
2025-09-17,Temesi,Terra,,27.07000000000005,21.32238578680208,21.150000000000034
2025-09-21,Temesi,Terra,22.512944162436572,22.79000000000002,,
2025-09-22,Temesi,Terra,30.192538071066032,29.430000000000007,,21.250000000000057
2025-09-23,Temesi,Terra,31.089695431472112,30.27000000000004,23.27000000000004,22.83000000000004
2025-09-25,Temesi,Terra,28.638223350253845,28.209391634981028,22.79619289340105,22.890000000000043
2025-09-26,Temesi,Terra,23.07000000000005,24.590000000000032,,
2025-09-27,Temesi,Terra,28.29000000000002,29.130000000000052,23.557411167512722,21.49000000000001
2025-09-28,Temesi,Terra,28.352639593908645,29.510000000000048,,
2025-10-01,Temesi,Terra,29.641472081218314,29.510000000000048,,
2025-10-02,Temesi,Terra,30.010000000000048,29.07000000000005,22.564416243654854,22.730000000000018
2025-10-03,Temesi,Terra,32.190000000000055,31.010000000000048,20.325329949238604,19.750000000000057
2025-10-04,Temesi,Terra,30.195380710659943,29.850000000000023,,
2025-10-05,Temesi,Terra,32.27842639593914,31.130000000000052,,21.710000000000036
2025-10-07,Temesi,Terra,,27.57000000000005,22.190000000000055,22.410000000000025
2025-10-08,Temesi,Terra,29.197005076142165,28.16500000000005,,22.590000000000032
2025-10-09,Temesi,Terra,28.707055837563495,28.27000000000004,,17.410000000000025
2025-10-13,Temesi,Terra,27.661675126903585,29.450000000000045,,22.33000000000004
2025-10-15,Temesi,Terra,,29.190000000000055,22.930000000000007,22.55000000000001
2025-10-17,Temesi,Terra,31.05000000000001,30.670000000000016,24.38766497461932,23.370000000000005
2025-10-18,Temesi,Terra,37.870000000000005,32.410000000000025,,
2025-10-20,Temesi,Terra,34.650000000000034,31.750000000000053,,
2025-11-01,Temesi,Terra,30.57000000000005,30.510000000000048,,
2025-11-02,Temesi,Terra,28.683705583756385,28.730000000000018,,
2025-11-03,Temesi,Terra,31.428477157360454,30.130000000000052,,
2025-11-07,Temesi,Terra,31.278832487309685,30.410000000000025,,
2025-11-16,Temesi,Terra,28.090000000000032,26.850000000000023,,
2025-12-04,Temesi,Terra,31.732538071066017,31.02000000000004,,
2025-12-18,Temesi,Terra,29.510000000000048,28.99000000000001,,
2026-01-06,Temesi,Terra,21.77000000000004,26.33000000000004,,
2026-01-25,Temesi,Terra,30.91497461928937,29.930000000000007,,
2026-01-30,Temesi,Terra,30.669390862944187,30.310000000000002,,
2026-01-31,Temesi,Terra,29.730000000000018,28.370000000000005,,
2026-02-02,Temesi,Terra,26.584720812182763,26.29000000000002,,
2026-02-04,Temesi,Terra,27.6168020304569,27.210000000000036,,
2026-03-06,Temesi,Terra,31.003807106599027,30.190000000000055,,
2026-03-07,Temesi,Terra,28.872639593908655,27.590000000000032,,
2026-03-14,Temesi,Terra,27.7371065989848,27.090000000000032,,
2026-03-16,Temesi,Terra,28.672944162436597,28.210000000000036,,
2026-03-17,Temesi,Terra,26.204416243654844,26.650000000000034,,
2026-03-21,Temesi,Terra,28.068477157360444,28.086805721096574,,
2026-03-23,Temesi,Terra,28.170000000000016,28.470000000000027,,
2026-03-28,Temesi,Terra,28.890000000000043,28.590000000000032,,
2026-03-29,Temesi,Terra,29.46441624365483,28.350000000000023,,
2026-03-31,Temesi,Terra,,28.430000000000007,24.08065989847718,23.430000000000007
2026-04-01,Temesi,Terra,28.07000000000005,27.690000000000055,,19.430000000000007
2026-04-02,Temesi,Terra,27.57527918781729,27.33000000000004,,
2026-04-07,Temesi,Terra,28.07000000000005,28.49000000000001,,
2026-04-08,Temesi,Terra,28.49000000000001,28.55000000000001,,23.450000000000045
2026-04-10,Temesi,Terra,29.834670050761456,29.250000000000057,22.555177664974664,23.27000000000004
2026-04-11,Temesi,Terra,,,22.630000000000052,22.810000000000002
2026-04-12,Temesi,Terra,29.152944162436583,28.910000000000025,,
2026-04-13,Temesi,Terra,29.074060913705637,27.730000000000018,25.261776649746224,23.410000000000025
2026-04-15,Temesi,Terra,28.115279187817283,27.870000000000005,23.16472081218278,23.870000000000005
2026-04-16,Temesi,Terra,29.14472081218277,28.750000000000057,24.610000000000014,24.57000000000005
2026-04-17,Temesi,Terra,28.250000000000057,28.510000000000048,,24.090000000000032
2026-04-18,Temesi,Terra,,26.510000000000048,21.890000000000043,21.930000000000007
2026-04-20,Temesi,Terra,28.33000000000004,27.690000000000055,,
2026-04-24,Temesi,Terra,25.610000000000014,25.670000000000016,,
2026-04-25,Temesi,Terra,29.498223350253827,28.99000000000001,,24.450000000000045
2026-04-26,Temesi,Terra,29.135583756345195,28.910000000000025,,
2026-04-28,Temesi,Terra,25.599238578680215,26.810000000000002,,
2026-05-01,Temesi,Terra,,24.03000000000003,19.890000000000043,19.930000000000007
2026-05-02,Temesi,Terra,,,21.421776649746214,21.170000000000016
2026-05-03,Temesi,Terra,,,23.307664974619314,23.190000000000055
2026-05-05,Temesi,Terra,,,24.130000000000052,23.230000000000018
2026-05-06,Temesi,Terra,,24.850000000000023,19.610000000000014,21.99000000000001
2026-05-07,Temesi,Terra,23.957411167512724,25.090000000000032,23.930000000000007,23.890000000000043
2026-05-08,Temesi,Terra,24.79944162436552,25.130000000000052,20.730000000000018,21.750000000000057
2026-05-11,Temesi,Terra,22.670000000000016,25.470000000000027,21.538527918781746,22.450000000000045
2026-05-13,Temesi,Terra,,26.29000000000002,23.44888324873098,22.97509532062394
2026-05-15,Temesi,Terra,27.450000000000045,25.810000000000002,23.650000000000034,23.510000000000048
2026-05-20,Temesi,Terra,26.912944162436574,26.650000000000038,,23.510000000000048
2026-05-21,Temesi,Terra,28.59294416243658,27.890000000000043,,
2026-05-22,Temesi,Terra,23.430000000000007,23.610000000000014,,
2026-05-23,Temesi,Terra,28.63852791878177,28.07000000000005,,22.170000000000016
2026-05-24,Temesi,Terra,21.444111675126923,21.450000000000045,,
2026-05-25,Temesi,Terra,25.84187817258885,26.690000000000055,,
2026-05-26,Temesi,Terra,,22.930000000000007,23.190000000000055,22.83000000000004
2026-05-27,Temesi,Terra,26.05000000000001,25.410000000000025,,
2026-05-28,Temesi,Terra,,25.410000000000025,22.930000000000007,22.690000000000055
2026-05-29,Temesi,Terra,18.19213197969546,19.69474418604656,,
2026-05-30,Temesi,Terra,27.841472081218306,27.030000000000026,22.038832487309676,22.53000000000003
2026-05-31,Temesi,Terra,27.89497461928939,27.55000000000001,,19.590000000000032
2026-06-01,Temesi,Terra,25.232335025380742,25.010000000000048,,20.53000000000003
2026-06-02,Temesi,Terra,,,22.03000000000003,22.590000000000032
2026-06-03,Temesi,Terra,25.181472081218313,24.670000000000016,,
2026-06-04,Temesi,Terra,27.355279187817292,26.890000000000043,,
2026-06-05,Temesi,Terra,29.021472081218313,28.390000000000043,23.370000000000005,23.410000000000025
2026-06-06,Temesi,Terra,24.63791878172592,25.07000000000005,21.77000000000004,21.430000000000007
2026-06-07,Temesi,Terra,28.30055837563456,27.850000000000026,23.590000000000032,23.150000000000034
2026-06-09,Temesi,Terra,,,23.650000000000034,22.79000000000002
2026-06-10,Temesi,Terra,28.77000000000004,27.970000000000027,22.71294416243658,21.850000000000023
2026-06-12,Temesi,Terra,,,23.22177664974623,22.470000000000027
2026-06-15,Temesi,Terra,27.02289340101528,26.57000000000005,22.845329949238607,23.03000000000003
2026-06-16,Temesi,Terra,,24.370000000000005,21.01294416243657,21.350000000000023
2026-06-17,Temesi,Terra,27.512639593908666,27.010000000000048,23.01974619289345,22.310000000000002
2026-06-18,Temesi,Terra,23.705025380710698,24.470000000000027,,20.130000000000052
2026-06-20,Temesi,Terra,,,22.130000000000052,22.690000000000055
2026-06-21,Temesi,Terra,,,18.283807106599028,18.190000000000055
2026-06-22,Temesi,Terra,,,22.910000000000025,21.710000000000036
2026-06-23,Temesi,Terra,26.646751269035587,26.130000000000052,22.350000000000023,22.170000000000016
2026-06-25,Temesi,Terra,28.138223350253845,27.350000000000023,,
2026-06-27,Temesi,Terra,24.090000000000032,24.310000000000002,23.496802030456887,24.010000000000048
2026-06-28,Temesi,Terra,,17.29000000000002,21.347360406091408,21.090000000000032
2026-06-29,Temesi,Terra,27.090000000000032,25.890000000000043,20.324111675126918,21.370000000000005
2026-06-30,Temesi,Terra,,,22.256192893401053,21.690000000000055
2026-07-02,Temesi,Terra,24.356497461928974,23.890000000000047,22.37121827411169,22.630000000000052
2026-07-03,Temesi,Terra,25.004111675126925,25.510000000000048,,20.27000000000004
2026-07-04,Temesi,Terra,26.80705583756348,26.190000000000055,21.955583756345188,22.010000000000048
2026-07-05,Temesi,Terra,27.190000000000055,26.410000000000025,23.058832487309658,22.310000000000002
2026-07-07,Temesi,Terra,27.292944162436566,26.87,23.07000000000005,22.110000000000014
2026-07-08,Temesi,Terra,17.090000000000032,18.250000000000057,,
2026-07-09,Temesi,Terra,26.07000000000005,26.07000000000005,22.128274111675157,21.230000000000018
2026-07-11,Temesi,Terra,,,20.61436548223353,20.690000000000055
2026-07-12,Temesi,Terra,26.57263959390867,26.05000000000001,22.033553299492404,22.83000000000004
2026-07-13,Temesi,Terra,26.55000000000001,26.090000000000032,,22.07000000000005
2026-07-14,Temesi,Terra,26.227055837563498,26.090000000000032,22.415888324873126,23.210000000000036
2026-07-15,Temesi,Terra,26.762385786802078,26.870000000000005,22.78441624365485,22.630000000000052
2026-07-16,Temesi,Terra,,,21.610000000000014,21.53000000000003
2026-07-18,Temesi,Terra,24.289390862944188,24.190000000000055,,
2026-07-20,Temesi,Terra,21.49000000000001,23.750000000000057,,
2026-07-25,Temesi,Terra,24.934771573604067,25.290000000000024,22.676802030456894,21.33000000000004
2026-07-27,Temesi,Terra,25.53263959390865,25.29000000000002,,22.390000000000043
2026-07-28,Temesi,Terra,,17.07000000000005,18.030304568527956,18.470000000000027
2026-07-29,Temesi,Terra,,,21.84208121827414,21.330000000000037
2026-08-01,Temesi,Terra,,,22.662081218274132,23.370000000000005
2026-08-02,Temesi,Terra,25.440253807106643,25.190000000000055,,22.850000000000023
2026-08-03,Temesi,Terra,,,23.27000000000004,22.55000000000001
2026-08-04,Temesi,Terra,,24.110000000000014,23.550913705583767,23.650000000000034
2026-08-06,Temesi,Terra,,25.610000000000014,23.26796954314722,22.890000000000043
2026-08-07,Temesi,Terra,25.47263959390865,24.850000000000023,22.295888324873147,22.250000000000057
2026-08-08,Temesi,Terra,,,19.910000000000025,20.33000000000004
2026-08-09,Temesi,Terra,23.463502538071076,22.890000000000043,,18.650000000000034
2026-08-11,Temesi,Terra,,,21.0732487309645,21.910000000000025
2026-08-12,Temesi,Terra,23.492639593908663,23.83000000000004,21.561776649746236,21.210000000000036
2026-08-13,Temesi,Terra,27.173248730964524,26.970000000000027,22.390000000000043,21.630000000000052
2026-08-14,Temesi,Terra,,23.410000000000025,20.211421319796973,21.470000000000027
2026-08-16,Temesi,Terra,28.07000000000005,27.510000000000048,23.705025380710698,23.83000000000004
2026-08-17,Temesi,Terra,27.75294416243658,27.07000000000005,23.058832487309658,22.430000000000007
2026-08-19,Temesi,Terra,26.29527918781729,26.870000000000005,21.950000000000045,21.970000000000027
2026-08-21,Temesi,Terra,28.227055837563498,27.590000000000032,22.562385786802068,23.350000000000023
2026-08-22,Temesi,Terra,25.475279187817296,25.710000000000033,20.61497461928936,19.87
2026-08-24,Temesi,Terra,25.36309644670054,25.05000000000001,22.279137055837616,22.970000000000027
2026-08-26,Temesi,Terra,27.710000000000036,26.29000000000002,23.29000000000002,23.450000000000045
2026-08-27,Temesi,Terra,25.46675126903558,25.170000000000016,19.008274111675153,20.510000000000048
2026-08-28,Temesi,Terra,27.55000000000001,26.870000000000005,22.46766497461934,21.890000000000043
2026-08-29,Temesi,Terra,28.523807106599005,27.95000000000005,22.916802030456907,22.370000000000005
2026-08-31,Temesi,Terra,,26.410000000000025,23.442385786802088,23.79000000000002
2026-09-01,Temesi,Terra,,24.730000000000018,22.510000000000048,21.670000000000016
2026-09-02,Temesi,Terra,,,22.559137055837585,22.430000000000007
2026-09-03,Temesi,Terra,28.089086294416276,27.470000000000027,22.753553299492435,23.33000000000004
2026-09-05,Temesi,Terra,28.64116751269039,27.690000000000055,,23.410000000000025
2026-09-10,Temesi,Terra,24.240253807106637,25.650000000000034,,22.55000000000001
2026-09-15,Temesi,Terra,,27.710000000000036,23.813553299492437,23.090000000000032
2026-09-16,Temesi,Terra,26.312030456852824,25.610000000000014,,18.950000000000045
2026-09-18,Temesi,Terra,29.96472081218276,28.690000000000055,23.650000000000034,23.690000000000055
2026-09-20,Temesi,Terra,,25.410000000000025,23.710609137055865,24.170000000000016
2026-09-21,Temesi,Terra,27.83000000000004,27.630000000000052,21.517614213198012,20.390000000000043
2026-09-22,Temesi,Terra,,,23.192639593908673,23.190000000000055
2026-09-23,Temesi,Terra,28.010000000000048,28.05000000000001,23.756192893401053,23.890000000000043
2019-01-08,Temesi,Aqua,32.85649746192898,32.81,20.842081218274135,21.010000000000048
2019-01-09,Temesi,Aqua,,,19.510000000000048,22.750000000000057
2019-01-10,Temesi,Aqua,,31.850000000000023,21.313553299492433,21.430000000000007
2019-02-06,Temesi,Aqua,,,22.850000000000023,23.130000000000052
2019-02-09,Temesi,Aqua,33.02147208121831,31.670000000000016,,
2019-02-16,Temesi,Aqua,34.54472081218278,34.85086486486489,,
2019-02-22,Temesi,Aqua,,,22.450000000000045,22.230000000000018
2019-02-23,Temesi,Aqua,37.19263959390867,37.13000000000005,,
2019-02-25,Temesi,Aqua,36.795786802030506,37.110000000000014,,
2019-02-26,Temesi,Aqua,32.47000000000003,32.59000000000003,21.56258883248734,23.130000000000052
2019-03-10,Temesi,Aqua,25.05000000000001,25.07000000000005,,
2019-03-12,Temesi,Aqua,,,22.510000000000048,22.750000000000057
2019-03-22,Temesi,Aqua,29.650000000000034,31.350000000000023,,
2019-04-02,Temesi,Aqua,,31.49000000000001,23.03000000000003,22.910000000000025
2019-04-07,Temesi,Aqua,33.441979695431485,33.09000000000003,,
2019-04-09,Temesi,Aqua,,,22.682385786802037,22.29000000000002
2019-04-16,Temesi,Aqua,29.793553299492395,31.150000000000034,,18.950000000000045
2019-04-18,Temesi,Aqua,32.96086294416246,32.59000000000003,,22.150000000000034
2019-04-19,Temesi,Aqua,34.737005076142154,34.450000000000045,,
2019-04-21,Temesi,Aqua,35.25436548223352,35.47000000000003,20.864416243654862,21.05000000000001
2019-04-23,Temesi,Aqua,33.134670050761436,33.33000000000004,22.101472081218294,20.930000000000007
2019-04-24,Temesi,Aqua,,,21.05233502538076,22.05000000000001
2019-04-25,Temesi,Aqua,,31.33000000000004,21.964111675126926,22.590000000000032
2019-04-27,Temesi,Aqua,26.890000000000043,27.210000000000036,,22.350000000000023
2019-04-30,Temesi,Aqua,32.69700507614217,31.76011389521645,,20.890000000000043
2019-05-03,Temesi,Aqua,,31.49000000000001,21.67852791878176,21.510000000000048
2019-05-04,Temesi,Aqua,31.984111675126947,31.810000000000002,21.757309644670094,21.650000000000034
2019-05-06,Temesi,Aqua,27.87263959390866,27.139308176100673,22.03000000000003,22.810000000000002
2019-05-07,Temesi,Aqua,31.976091370558407,31.710000000000036,,19.27000000000004
2019-05-08,Temesi,Aqua,,,21.293553299492398,20.970000000000027
2019-05-09,Temesi,Aqua,32.12502538071069,31.05000000000001,,
2019-05-10,Temesi,Aqua,25.310000000000002,27.99000000000001,22.210000000000036,21.750000000000057
2019-05-11,Temesi,Aqua,32.51822335025384,32.05000000000001,,
2019-05-12,Temesi,Aqua,,30.630000000000052,22.09852791878175,21.71000000000004
2019-05-13,Temesi,Aqua,30.30319796954318,29.450000000000045,22.27060913705587,22.07000000000005
2019-05-14,Temesi,Aqua,34.200558375634536,33.93000000000001,,
2019-05-16,Temesi,Aqua,29.116802030456896,28.53000000000003,20.641472081218318,20.170000000000016
2019-05-19,Temesi,Aqua,,30.750000000000057,20.893248730964494,21.190000000000055
2019-05-20,Temesi,Aqua,,30.53000000000003,23.730000000000018,23.130000000000052
2019-05-21,Temesi,Aqua,33.145532994923904,32.910000000000025,,
2019-05-22,Temesi,Aqua,26.770304568527965,26.650000000000034,,22.590000000000032
2019-05-23,Temesi,Aqua,33.23822335025384,33.01000000000005,20.60918781725893,20.230000000000018
2019-05-24,Temesi,Aqua,,,21.776192893401035,21.29000000000002
2019-05-25,Temesi,Aqua,31.561675126903584,32.39000000000004,17.63527918781729,19.870000000000005
2019-05-26,Temesi,Aqua,,26.430000000000007,20.930000000000007,20.210000000000036
2019-05-27,Temesi,Aqua,31.505634517766538,30.850000000000023,21.650000000000034,21.210000000000036
2019-05-28,Temesi,Aqua,,25.190000000000055,20.472639593908646,19.83000000000004
2019-05-29,Temesi,Aqua,,29.250000000000057,21.367969543147243,21.090000000000032
2019-05-30,Temesi,Aqua,30.056802030456893,29.57000000000005,,
2019-05-31,Temesi,Aqua,,,21.061675126903587,21.33000000000004
2019-06-01,Temesi,Aqua,31.068883248730984,29.710000000000036,,
2019-06-05,Temesi,Aqua,,27.150000000000034,21.565939086294463,21.090000000000032
2019-06-06,Temesi,Aqua,32.43030456852794,31.5171428571429,,
2019-06-07,Temesi,Aqua,,23.55000000000001,22.627360406091405,21.750000000000057
2019-06-08,Temesi,Aqua,31.890000000000043,32.03000000000003,18.318527918781747,18.250000000000057
2019-06-09,Temesi,Aqua,,,21.05974619289344,21.05000000000001
2019-06-10,Temesi,Aqua,32.64939086294418,32.170000000000016,,20.230000000000018
2019-06-11,Temesi,Aqua,,,16.49000000000001,18.27000000000004
2019-06-12,Temesi,Aqua,32.412639593908644,31.730000000000018,,
2019-06-15,Temesi,Aqua,31.63588832487312,31.390000000000043,,
2019-06-16,Temesi,Aqua,,,21.190000000000055,21.03000000000003
2019-06-17,Temesi,Aqua,31.547360406091393,31.640000000000043,20.690000000000055,20.55000000000001
2019-06-18,Temesi,Aqua,29.081472081218315,29.310000000000002,,19.83000000000004
2019-06-19,Temesi,Aqua,31.21294416243658,31.310000000000002,,
2019-06-20,Temesi,Aqua,,29.090000000000032,18.670000000000016,19.130000000000052
2019-06-21,Temesi,Aqua,30.467969543147262,30.250000000000057,20.730000000000018,20.910000000000025
2019-06-22,Temesi,Aqua,31.450000000000045,30.910000000000025,,
2019-06-23,Temesi,Aqua,,24.870000000000005,20.83000000000004,21.110000000000014
2019-06-24,Temesi,Aqua,34.522081218274145,34.03000000000003,20.630000000000052,20.350000000000023
2019-06-25,Temesi,Aqua,,,22.356497461928978,21.910000000000025
2019-06-26,Temesi,Aqua,29.54908629441626,31.230000000000018,18.77000000000004,18.49000000000001
2019-06-27,Temesi,Aqua,,29.27000000000004,20.218527918781756,20.210000000000036
2019-06-29,Temesi,Aqua,32.4509137055838,31.250000000000057,,
2019-06-30,Temesi,Aqua,,30.150000000000034,19.470000000000027,18.590000000000032
2019-07-04,Temesi,Aqua,,,21.155888324873136,21.210000000000036
2019-07-05,Temesi,Aqua,31.660862944162446,31.730000000000018,21.34177664974623,20.730000000000018
2019-07-06,Temesi,Aqua,29.293248730964493,30.27000000000004,19.97416243654826,18.810000000000002
2019-07-07,Temesi,Aqua,32.304720812182794,31.33000000000004,20.53000000000003,20.650000000000034
2019-07-08,Temesi,Aqua,33.03558375634523,32.850000000000016,,
2019-07-09,Temesi,Aqua,29.450304568527955,28.670000000000016,,17.510000000000048
2019-07-10,Temesi,Aqua,30.75883248730967,31.08038696537682,17.462385786802066,17.77000000000004
2019-07-11,Temesi,Aqua,,,20.690000000000055,19.930000000000007
2019-07-12,Temesi,Aqua,24.105025380710707,29.510000000000048,19.610000000000014,19.870000000000005
2019-07-13,Temesi,Aqua,,,19.10472081218278,18.610000000000014
2019-07-14,Temesi,Aqua,33.45852791878177,32.83000000000004,18.510000000000048,21.090000000000032
2019-07-15,Temesi,Aqua,30.610000000000014,29.590000000000032,,
2019-07-16,Temesi,Aqua,28.20147208121832,28.259860279441163,,
2019-07-21,Temesi,Aqua,31.11294416243659,31.428149466192178,,20.79000000000002
2019-07-22,Temesi,Aqua,30.627360406091405,30.230000000000018,19.48177664974622,19.55000000000001
2019-07-23,Temesi,Aqua,32.029695431472106,31.769204545454592,,
2019-07-25,Temesi,Aqua,28.401472081218312,28.370000000000005,19.95619289340104,19.390000000000043
2019-07-26,Temesi,Aqua,32.43741116751272,33.110000000000014,,
2019-07-27,Temesi,Aqua,,,20.724111675126952,20.410000000000025
2019-07-28,Temesi,Aqua,34.092030456852804,33.51000000000004,18.630000000000052,18.99000000000001
2019-07-29,Temesi,Aqua,,30.03000000000003,18.702893401015256,17.610000000000014
2019-07-30,Temesi,Aqua,32.724111675126956,32.55000000000001,17.650000000000034,19.310000000000002
2019-07-31,Temesi,Aqua,31.822081218274153,31.650000000000034,,17.010000000000048
2019-08-01,Temesi,Aqua,,29.190000000000055,19.98340101522845,20.310000000000002
2019-08-02,Temesi,Aqua,34.20766497461931,33.75000000000006,,
2019-08-04,Temesi,Aqua,,29.710000000000036,17.881472081218302,17.890000000000043
2019-08-06,Temesi,Aqua,31.72583756345182,31.510000000000048,,19.99000000000001
2019-08-07,Temesi,Aqua,,29.210000000000036,11.170000000000016,11.950000000000045
2019-08-08,Temesi,Aqua,27.150000000000034,28.83000000000004,19.310000000000002,19.730000000000018
2019-08-09,Temesi,Aqua,25.57000000000005,30.910000000000025,,
2019-08-10,Temesi,Aqua,29.66208121827413,28.57000000000005,,
2019-08-11,Temesi,Aqua,32.02218274111678,32.610000000000014,,14.690000000000055
2019-08-12,Temesi,Aqua,,,18.870000000000005,18.870000000000005
2019-08-13,Temesi,Aqua,31.81324873096451,32.690000000000055,19.322994923857912,18.810000000000002
2019-08-14,Temesi,Aqua,31.430000000000007,30.710000000000036,21.09294416243658,20.430000000000007
2019-08-15,Temesi,Aqua,34.69649746192895,33.95000000000005,18.370000000000005,16.730000000000018
2019-08-17,Temesi,Aqua,28.961167512690388,30.99000000000001,,19.110000000000014
2019-08-19,Temesi,Aqua,,,17.774974619289384,16.590000000000032
2019-08-20,Temesi,Aqua,35.00472081218278,34.70772511848345,18.813248730964506,20.350000000000023
2019-08-22,Temesi,Aqua,28.57000000000005,29.430000000000007,17.554365482233525,19.850000000000023
2019-08-26,Temesi,Aqua,,,21.148578680203066,20.57000000000005
2019-08-27,Temesi,Aqua,32.604416243654875,32.73000000000002,,
2019-08-28,Temesi,Aqua,,,17.742994923857893,18.190000000000055
2019-08-29,Temesi,Aqua,35.29000000000002,35.39000000000004,,
2019-08-30,Temesi,Aqua,33.81852791878175,32.59000000000003,,19.110000000000014
2019-08-31,Temesi,Aqua,33.50380710659903,32.76335078534036,20.032030456852823,17.510000000000048
2019-09-02,Temesi,Aqua,32.54969543147211,31.918981921979086,18.940355329949263,19.53000000000003
2019-09-03,Temesi,Aqua,36.22177664974623,35.710000000000036,,
2019-09-06,Temesi,Aqua,,,20.747360406091406,20.610000000000014
2019-09-08,Temesi,Aqua,,,20.68614213197972,20.4781730769231
2019-09-09,Temesi,Aqua,34.924111675126944,34.09000000000003,21.900253807106623,21.510000000000048
2019-09-10,Temesi,Aqua,36.01203045685281,34.77000000000004,,
2019-09-11,Temesi,Aqua,32.66147208121831,32.07519379844966,20.417411167512736,19.29038461538464
2019-09-14,Temesi,Aqua,30.319949238578715,30.41000000000003,,
2019-09-15,Temesi,Aqua,30.664111675126954,30.090000000000032,19.829695431472118,19.930000000000007
2019-09-16,Temesi,Aqua,32.310913705583786,32.27000000000004,19.832944162436565,19.690000000000055
2019-09-18,Temesi,Aqua,31.832944162436565,31.110000000000014,20.49852791878175,20.430000000000007
2019-09-19,Temesi,Aqua,35.440862944162475,34.610000000000014,,
2019-09-20,Temesi,Aqua,,,21.74390862944165,21.170000000000016
2019-09-21,Temesi,Aqua,,,20.039441624365505,20.010000000000048
2019-09-23,Temesi,Aqua,34.1517258883249,33.79000000000002,21.147055837563492,21.590000000000032
2019-09-24,Temesi,Aqua,34.370000000000005,33.582080745341656,,
2019-09-26,Temesi,Aqua,35.53934010152289,34.89000000000004,,
2019-09-28,Temesi,Aqua,27.33000000000004,28.850000000000023,21.38969543147212,21.27000000000004
2019-09-29,Temesi,Aqua,,,19.77000000000004,18.950000000000045
2019-09-30,Temesi,Aqua,34.62847715736044,35.45000000000005,,
2019-10-01,Temesi,Aqua,,30.27000000000004,22.376192893401054,21.850000000000023
2019-10-02,Temesi,Aqua,,,21.77000000000004,20.410000000000025
2019-10-03,Temesi,Aqua,35.37233502538075,34.190000000000055,20.450000000000045,20.390000000000043
2019-10-04,Temesi,Aqua,35.02705583756349,34.29000000000002,20.950000000000045,21.190000000000055
2019-10-05,Temesi,Aqua,37.786649746192936,37.97000000000003,,
2019-10-07,Temesi,Aqua,33.57000000000005,34.410000000000025,,
2019-10-09,Temesi,Aqua,36.429898477157394,36.09000000000003,22.189695431472128,22.350000000000023
2019-10-10,Temesi,Aqua,35.58116751269039,34.29000000000003,21.635279187817293,21.55000000000001
2019-10-11,Temesi,Aqua,36.486446700507635,35.73000000000002,21.910913705583784,21.49000000000001
2019-10-13,Temesi,Aqua,32.59000000000003,32.63000000000005,22.52238578680207,22.090000000000032
2019-10-14,Temesi,Aqua,35.24289340101525,35.450000000000045,14.550000000000011,18.07000000000005
2019-10-15,Temesi,Aqua,,,19.219644670050787,21.27000000000004
2019-10-16,Temesi,Aqua,36.7737563451777,36.73000000000002,,19.450000000000045
2019-10-18,Temesi,Aqua,34.896497461928966,34.25547008547014,,20.630000000000052
2019-10-19,Temesi,Aqua,36.53619289340106,35.910000000000025,18.53000000000003,18.510000000000048
2019-10-20,Temesi,Aqua,31.250000000000057,30.863333333333344,,20.53000000000003
2019-10-21,Temesi,Aqua,37.95791878172594,37.51000000000005,,
2019-10-22,Temesi,Aqua,,,23.630000000000052,23.650000000000034
2019-10-23,Temesi,Aqua,38.846040609137106,39.09715976331364,,19.57000000000005
2019-10-24,Temesi,Aqua,,32.63000000000005,21.458426395939114,21.550000000000008
2019-10-25,Temesi,Aqua,32.88969543147212,32.29000000000002,23.443197969543167,22.730000000000018
2019-10-26,Temesi,Aqua,36.190000000000055,34.450000000000045,,
2019-10-27,Temesi,Aqua,,25.99000000000001,22.424720812182773,21.99000000000001
2019-10-28,Temesi,Aqua,38.43091370558379,37.796548956661326,,
2019-10-30,Temesi,Aqua,37.8431979695432,37.9160335195531,18.587360406091413,18.79000000000002
2019-10-31,Temesi,Aqua,,,23.03000000000003,23.210000000000036
2019-11-01,Temesi,Aqua,36.6478680203046,36.170000000000016,,
2019-11-03,Temesi,Aqua,28.83000000000004,29.55000000000001,,23.170000000000016
2019-11-04,Temesi,Aqua,34.916497461928984,34.75000000000006,18.11558375634521,16.77000000000004
2019-11-05,Temesi,Aqua,31.497309644670104,31.27000000000004,,22.890000000000043
2019-11-06,Temesi,Aqua,36.61385786802032,35.97000000000003,,
2019-11-08,Temesi,Aqua,36.13588832487312,36.150000000000034,15.614263959390893,20.25714285714291
2019-11-09,Temesi,Aqua,,,21.910000000000025,21.890000000000043
2019-11-10,Temesi,Aqua,36.13467005076144,35.73000000000002,23.58441624365484,23.55000000000001
2019-11-12,Temesi,Aqua,,,24.023604060913755,23.340000000000032
2019-11-14,Temesi,Aqua,33.061472081218305,33.09000000000003,,
2019-11-15,Temesi,Aqua,37.14289340101526,37.13000000000005,,19.670000000000016
2019-11-16,Temesi,Aqua,,,23.810000000000002,23.55000000000001
2019-11-17,Temesi,Aqua,35.38005076142134,35.81,22.35142131979699,20.49000000000001
2019-11-20,Temesi,Aqua,35.346142131979725,35.210000000000036,22.255888324873123,21.550000000000008
2019-11-21,Temesi,Aqua,,31.910000000000025,22.959543147208166,23.170000000000016
2019-11-22,Temesi,Aqua,34.51497461928936,35.99000000000001,,
2019-11-23,Temesi,Aqua,,,21.67822335025383,23.05000000000001
2019-11-24,Temesi,Aqua,33.75000000000006,33.53000000000003,,
2019-11-26,Temesi,Aqua,36.02583756345181,35.02333333333337,,
2019-11-28,Temesi,Aqua,,33.370000000000005,22.05010152284269,21.730000000000018
2019-11-29,Temesi,Aqua,36.110000000000014,35.81,,
2019-11-30,Temesi,Aqua,32.910000000000025,31.810000000000002,,
2019-12-01,Temesi,Aqua,37.884111675126924,37.84897872340427,,
2019-12-06,Temesi,Aqua,37.450000000000045,37.33000000000004,,
2019-12-08,Temesi,Aqua,38.373451776649766,38.25547413793109,,
2019-12-10,Temesi,Aqua,36.23263959390867,36.57000000000005,,
2019-12-12,Temesi,Aqua,35.07000000000005,35.13000000000005,,
2019-12-17,Temesi,Aqua,37.847360406091404,37.190000000000055,,
2019-12-21,Temesi,Aqua,36.11060913705587,35.3622839506173,22.28370558375638,22.890000000000043
2019-12-24,Temesi,Aqua,38.25000000000006,38.99000000000001,,
2019-12-26,Temesi,Aqua,30.271421319796975,29.85889887640451,,
2020-01-08,Temesi,Aqua,,,23.230000000000018,22.610000000000014
2020-01-18,Temesi,Aqua,37.33000000000004,37.01846560846564,18.49000000000001,18.49000000000001
2020-01-22,Temesi,Aqua,,34.05000000000001,22.088883248730994,22.250000000000057
2020-01-23,Temesi,Aqua,,33.25000000000006,22.773248730964486,22.750000000000057
2020-01-24,Temesi,Aqua,,,24.79000000000002,24.810000000000002
2020-01-25,Temesi,Aqua,37.95761421319801,37.99000000000001,,
2020-02-03,Temesi,Aqua,37.356395939086305,37.47222222222225,,
2020-02-12,Temesi,Aqua,36.254060913705615,35.762686567164224,,
2020-03-15,Temesi,Aqua,36.091827411167536,34.64223021582738,,
2020-03-17,Temesi,Aqua,,33.190000000000055,22.164416243654877,22.05000000000001
2020-03-24,Temesi,Aqua,34.07000000000005,34.79000000000002,,
2020-03-26,Temesi,Aqua,34.446446700507636,34.47000000000003,,
2020-03-30,Temesi,Aqua,,,23.630000000000052,22.650000000000034
2020-03-31,Temesi,Aqua,34.72228426395944,35.150000000000034,21.718527918781753,21.79000000000002
2020-04-01,Temesi,Aqua,,,22.45030456852795,22.370000000000005
2020-04-08,Temesi,Aqua,,,22.010000000000048,21.610000000000014
2020-04-09,Temesi,Aqua,34.72725888324878,35.01000000000005,22.598527918781752,22.550000000000008
2020-04-13,Temesi,Aqua,,,22.810000000000002,22.890000000000043
2020-04-16,Temesi,Aqua,35.83000000000004,36.39000000000004,,
2020-04-20,Temesi,Aqua,,,20.950000000000045,21.99000000000001
2020-04-23,Temesi,Aqua,37.806446700507635,37.57000000000005,22.544416243654872,22.690000000000055
2020-04-27,Temesi,Aqua,32.423807106599014,32.950000000000045,,18.810000000000002
2020-04-29,Temesi,Aqua,33.210000000000036,31.110000000000014,23.04177664974622,23.05000000000001
2020-05-02,Temesi,Aqua,34.23000000000002,33.99000000000001,,
2020-05-04,Temesi,Aqua,34.87649746192896,34.31,,
2020-05-05,Temesi,Aqua,,25.890000000000043,22.28441624365485,22.170000000000016
2020-05-06,Temesi,Aqua,33.4814720812183,32.83000000000004,,22.390000000000043
2020-05-11,Temesi,Aqua,32.621472081218315,33.01118081180817,21.263807106599014,21.83000000000004
2020-05-12,Temesi,Aqua,31.410000000000025,30.170000000000016,19.710000000000036,19.650000000000034
2020-05-13,Temesi,Aqua,31.166142131979715,31.230000000000018,,
2020-05-14,Temesi,Aqua,29.272944162436584,28.730000000000018,,
2020-05-16,Temesi,Aqua,30.170000000000016,29.470000000000027,,
2020-05-20,Temesi,Aqua,28.029898477157396,28.010000000000048,22.850000000000023,22.730000000000018
2020-05-24,Temesi,Aqua,,23.730000000000018,23.210000000000036,23.250000000000057
2020-06-04,Temesi,Aqua,,,22.150000000000034,21.49000000000001
2020-06-05,Temesi,Aqua,28.36898477157364,29.55000000000001,,18.130000000000052
2020-06-06,Temesi,Aqua,,,17.950000000000045,19.870000000000005
2020-06-08,Temesi,Aqua,30.924111675126944,30.230000000000018,,
2020-06-09,Temesi,Aqua,,,22.370000000000005,21.970000000000027
2020-06-10,Temesi,Aqua,32.72441624365488,32.85000000000002,,
2020-06-12,Temesi,Aqua,33.211116751269046,33.33000000000004,,
2020-06-15,Temesi,Aqua,28.690000000000055,30.010000000000048,19.83588832487311,18.630000000000052
2020-06-16,Temesi,Aqua,28.77000000000004,27.630000000000052,,21.310000000000002
2020-06-19,Temesi,Aqua,31.244111675126938,31.05000000000001,19.190000000000055,19.150000000000034
2020-06-22,Temesi,Aqua,,26.350000000000023,18.652639593908653,19.99000000000001
2020-06-24,Temesi,Aqua,28.831725888324904,27.750000000000057,,
2020-06-26,Temesi,Aqua,28.70766497461932,27.58000000000004,,19.390000000000043
2020-06-28,Temesi,Aqua,28.03000000000003,27.33000000000004,,
2020-06-29,Temesi,Aqua,,27.83000000000004,20.150609137055863,20.53000000000003
2020-07-01,Temesi,Aqua,,24.110000000000014,21.6614720812183,21.53000000000003
2020-07-02,Temesi,Aqua,,28.05000000000001,21.67649746192897,21.190000000000055
2020-07-07,Temesi,Aqua,32.18147208121831,32.49000000000001,,19.910000000000025
2020-07-09,Temesi,Aqua,,,21.034060913705627,20.79000000000002
2020-07-10,Temesi,Aqua,30.21680203045686,30.130000000000052,,
2020-07-14,Temesi,Aqua,30.00969543147212,30.610000000000014,20.098527918781752,19.57000000000005
2020-07-15,Temesi,Aqua,,,13.850000000000023,17.83000000000004
2020-07-16,Temesi,Aqua,25.430000000000007,23.690000000000055,20.730000000000018,20.83000000000004
2020-07-17,Temesi,Aqua,30.850000000000023,30.370000000000005,18.40796954314726,18.29000000000002
2020-07-22,Temesi,Aqua,27.84055837563455,28.77000000000004,20.588274111675137,20.290000000000024
2020-07-23,Temesi,Aqua,28.13071065989852,28.190000000000055,16.970000000000027,19.27000000000004
2020-07-24,Temesi,Aqua,29.918832487309675,29.170000000000016,,
2020-07-26,Temesi,Aqua,28.24076142131981,31.05000000000001,,
2020-07-27,Temesi,Aqua,,28.470000000000027,19.430000000000007,19.150000000000034
2020-07-28,Temesi,Aqua,,29.190000000000055,18.630304568527958,18.870000000000005
2020-07-31,Temesi,Aqua,,,15.746446700507624,15.350000000000023
2020-08-01,Temesi,Aqua,,29.150000000000034,18.190000000000055,17.710000000000036
2020-08-06,Temesi,Aqua,32.74522842639597,33.04717717717719,,16.650000000000034
2020-08-08,Temesi,Aqua,28.96005076142138,30.03000000000003,19.79000000000002,19.950000000000045
2020-08-09,Temesi,Aqua,,28.850000000000023,18.882081218274156,19.470000000000027
2020-08-14,Temesi,Aqua,,,21.8909137055838,21.55000000000001
2020-08-15,Temesi,Aqua,32.57467005076144,32.950000000000045,,
2020-09-04,Temesi,Aqua,32.40705583756348,31.910000000000025,22.710000000000036,22.210000000000036
2020-09-05,Temesi,Aqua,34.664111675126954,33.670000000000016,,
2020-09-07,Temesi,Aqua,31.590304568527962,30.010000000000048,,
2020-09-08,Temesi,Aqua,,,18.54370558375637,20.49000000000001
2020-09-09,Temesi,Aqua,33.94817258883251,34.35000000000002,21.042081218274124,20.79000000000002
2020-09-10,Temesi,Aqua,,27.930000000000007,20.338832487309688,20.630000000000052
2020-09-11,Temesi,Aqua,33.46736040609141,32.870000000000005,18.77000000000004,20.29000000000002
2020-09-12,Temesi,Aqua,36.56908629441627,35.35000000000002,,
2020-09-14,Temesi,Aqua,,30.810000000000002,20.910000000000025,20.670000000000016
2020-09-16,Temesi,Aqua,,,20.971218274111713,20.010000000000048
2020-09-17,Temesi,Aqua,,,15.890000000000043,17.150000000000034
2020-09-19,Temesi,Aqua,,,15.381472081218304,15.370000000000005
2020-09-23,Temesi,Aqua,32.98614213197973,32.22161739130438,,20.470000000000027
2020-09-24,Temesi,Aqua,,,22.336192893401037,20.05000000000001
2020-09-25,Temesi,Aqua,34.79436548223354,34.7004263565892,,20.53000000000003
2020-09-29,Temesi,Aqua,,27.510000000000048,23.3032994923858,22.690000000000055
2020-10-02,Temesi,Aqua,33.45883248730969,32.92457142857144,23.364416243654865,22.49000000000001
2020-10-03,Temesi,Aqua,,,23.190000000000055,22.77000000000004
2020-10-11,Temesi,Aqua,,31.55000000000001,15.53000000000003,20.350000000000023
2020-10-12,Temesi,Aqua,,30.370000000000005,22.08147208121832,20.850000000000023
2020-10-13,Temesi,Aqua,31.155888324873136,31.05000000000001,20.689390862944204,21.522469437652845
2020-10-16,Temesi,Aqua,35.73203045685284,35.03120582120585,,
2020-10-22,Temesi,Aqua,29.150000000000034,29.27000000000004,,
2020-10-25,Temesi,Aqua,32.614670050761454,33.13000000000005,,
2020-10-29,Temesi,Aqua,,,23.03000000000003,23.010000000000048
2020-11-06,Temesi,Aqua,34.40644670050765,34.414275436793446,,
2020-11-07,Temesi,Aqua,33.07000000000005,31.920000000000016,,24.190000000000055
2020-11-08,Temesi,Aqua,34.643705583756365,34.08294751009426,,
2020-11-10,Temesi,Aqua,34.76583756345181,34.49,,
2020-11-12,Temesi,Aqua,,33.01000000000005,22.89619289340104,22.730000000000018
2020-11-16,Temesi,Aqua,32.292639593908675,31.010000000000048,20.59426395939088,23.27000000000004
2020-11-17,Temesi,Aqua,35.57294416243658,35.63000000000005,,19.610000000000014
2020-11-20,Temesi,Aqua,,,21.250000000000057,21.450000000000045
2021-03-18,Temesi,Aqua,32.450000000000045,33.190000000000055,,
2021-03-27,Temesi,Aqua,32.29000000000002,31.130000000000052,,
2021-04-03,Temesi,Aqua,35.14604060913708,34.63000000000005,,
2021-04-10,Temesi,Aqua,33.778527918781755,33.01000000000005,21.83000000000004,23.370000000000005
2021-04-11,Temesi,Aqua,,,22.261472081218326,22.03000000000003
2021-04-12,Temesi,Aqua,,31.210000000000036,21.524416243654834,21.610000000000014
2021-04-13,Temesi,Aqua,32.76583756345181,31.230000000000018,,
2021-04-14,Temesi,Aqua,34.20441624365484,33.35919491525425,,
2021-04-17,Temesi,Aqua,35.13142131979699,35.110000000000014,,
2021-04-19,Temesi,Aqua,36.939035532994964,36.360000000000014,,23.03000000000003
2021-04-21,Temesi,Aqua,35.68827411167516,34.63000000000005,,21.210000000000036
2021-04-22,Temesi,Aqua,33.96411167512693,33.110000000000014,21.49294416243659,21.53000000000003
2021-04-23,Temesi,Aqua,33.459137055837594,32.75000000000006,,22.750000000000057
2021-04-24,Temesi,Aqua,35.01385786802035,34.35000000000002,,
2021-04-26,Temesi,Aqua,35.374670050761445,35.110000000000014,,19.250000000000057
2021-04-28,Temesi,Aqua,32.01000000000005,31.690000000000055,,19.190000000000055
2021-04-29,Temesi,Aqua,,,20.597614213197996,20.950000000000045
2021-04-30,Temesi,Aqua,33.63000000000005,33.43000000000001,,22.410000000000025
2021-05-02,Temesi,Aqua,29.56441624365485,29.390000000000043,21.484111675126943,21.350000000000023
2021-05-03,Temesi,Aqua,33.7270558375635,33.93000000000001,,
2021-05-04,Temesi,Aqua,,,21.430609137055864,21.03000000000003
2021-05-05,Temesi,Aqua,31.28502538071068,30.27000000000004,,
2021-05-07,Temesi,Aqua,40.01000000000005,35.450000000000045,,
2021-05-10,Temesi,Aqua,32.05000000000001,32.25000000000006,,
2021-05-11,Temesi,Aqua,26.430304568527937,26.430000000000007,,22.810000000000002
2021-05-12,Temesi,Aqua,31.811522842639615,33.19996062992131,,17.970000000000027
2021-05-14,Temesi,Aqua,,,22.77000000000004,22.670000000000016
2021-05-16,Temesi,Aqua,,29.910000000000025,21.53000000000003,22.010000000000048
2021-05-17,Temesi,Aqua,29.317918781725925,30.71000000000004,,
2021-05-18,Temesi,Aqua,,,22.56472081218278,22.57000000000005
2021-05-20,Temesi,Aqua,,,22.750000000000057,22.53000000000003
2021-05-21,Temesi,Aqua,33.17294416243659,33.14318435754194,20.28116751269038,20.590000000000035
2021-05-22,Temesi,Aqua,,28.630000000000052,18.12421319796957,18.890000000000043
2021-05-23,Temesi,Aqua,,31.710000000000036,22.670000000000016,22.49000000000001
2021-05-29,Temesi,Aqua,,,21.870000000000005,21.630000000000052
2021-05-30,Temesi,Aqua,31.612639593908668,31.930000000000007,,18.670000000000016
2021-06-02,Temesi,Aqua,31.97588832487313,31.755428571428624,,20.870000000000005
2021-06-03,Temesi,Aqua,,,21.83000000000004,21.750000000000057
2021-06-04,Temesi,Aqua,31.665532994923886,31.890000000000043,,
2021-06-06,Temesi,Aqua,33.547868020304605,34.13000000000005,,16.79000000000002
2021-06-08,Temesi,Aqua,32.11619289340104,32.33000000000004,,
2021-06-09,Temesi,Aqua,,27.210000000000036,18.80736040609141,19.05000000000001
2021-06-10,Temesi,Aqua,30.29000000000002,29.99000000000001,,20.190000000000055
2021-06-12,Temesi,Aqua,28.909086294416273,28.265913461538503,22.590000000000032,22.55000000000001
2021-06-13,Temesi,Aqua,29.730000000000018,31.29000000000002,,19.33000000000004
2021-06-14,Temesi,Aqua,,,22.230000000000018,21.970000000000027
2021-06-15,Temesi,Aqua,31.74350253807111,31.01812101910832,,
2021-06-18,Temesi,Aqua,29.83000000000004,29.310000000000002,,
2021-06-20,Temesi,Aqua,32.29000000000002,32.110000000000014,,
2021-06-23,Temesi,Aqua,,,21.74766497461931,21.410000000000025
2021-06-24,Temesi,Aqua,21.150000000000034,26.590000000000032,,
2021-06-26,Temesi,Aqua,27.930000000000007,28.03000000000003,22.453248730964493,22.210000000000036
2021-06-28,Temesi,Aqua,,,21.430000000000007,20.850000000000023
2021-06-29,Temesi,Aqua,32.81,32.360000000000014,,
2021-06-30,Temesi,Aqua,,,21.85852791878174,21.810000000000002
2021-07-01,Temesi,Aqua,32.1391370558376,32.43000000000001,18.14441624365484,18.310000000000002
2021-07-03,Temesi,Aqua,31.68177664974624,31.310000000000002,19.650000000000034,21.17000000000002
2021-07-04,Temesi,Aqua,29.60857868020308,27.930000000000007,20.25822335025385,20.470000000000027
2021-07-05,Temesi,Aqua,26.670000000000016,28.810000000000002,20.025025380710687,19.79000000000002
2021-07-06,Temesi,Aqua,33.36725888324877,33.47503952569172,,
2021-07-08,Temesi,Aqua,28.627664974619304,28.73000000000002,,
2021-07-10,Temesi,Aqua,30.667360406091397,30.28333333333336,,18.910000000000025
2021-07-12,Temesi,Aqua,31.11649746192897,31.150000000000034,,22.190000000000055
2021-07-13,Temesi,Aqua,32.57345177664979,32.31,,
2021-07-18,Temesi,Aqua,,27.870000000000005,18.605532994923884,19.970000000000027
2021-07-19,Temesi,Aqua,31.90736040609141,31.730000000000018,20.910000000000025,20.610000000000014
2021-07-20,Temesi,Aqua,31.959137055837598,32.13000000000005,,
2021-07-23,Temesi,Aqua,,,21.558527918781756,20.77000000000004
2021-07-24,Temesi,Aqua,33.670304568527946,33.43000000000001,20.79852791878174,20.488265682656834
2021-07-25,Temesi,Aqua,31.267055837563497,29.950000000000045,,19.03000000000003
2021-07-26,Temesi,Aqua,,32.43000000000001,21.362385786802047,20.950000000000045
2021-07-27,Temesi,Aqua,,30.630000000000052,17.709390862944186,17.864412955465596
2021-07-28,Temesi,Aqua,32.49000000000001,31.55000000000001,,21.130000000000052
2021-07-30,Temesi,Aqua,,27.79000000000002,20.33000000000004,19.750000000000057
2021-08-08,Temesi,Aqua,,,20.90563451776651,20.370000000000005
2021-08-09,Temesi,Aqua,31.54644670050764,31.986943521594696,22.478527918781747,22.130000000000052
2021-08-10,Temesi,Aqua,29.83000000000004,29.130000000000052,,20.590000000000032
2021-08-11,Temesi,Aqua,31.99741116751272,32.797302127659584,,
2021-08-14,Temesi,Aqua,32.383807106599015,32.57000000000005,,
2021-08-15,Temesi,Aqua,27.658527918781754,28.210000000000036,,23.510000000000048
2021-08-16,Temesi,Aqua,31.77000000000004,33.670000000000016,,
2021-08-18,Temesi,Aqua,32.211522842639624,32.53000000000003,,17.190000000000055
2021-08-20,Temesi,Aqua,,,20.310000000000002,19.110000000000014
2021-08-21,Temesi,Aqua,,30.850000000000023,17.28725888324876,18.730000000000018
2021-08-23,Temesi,Aqua,34.06411167512693,34.03000000000003,,
2021-08-25,Temesi,Aqua,31.27791878172593,32.710000000000036,18.250000000000057,18.510000000000048
2021-08-26,Temesi,Aqua,29.510000000000048,28.810000000000002,21.824111675126918,20.83000000000004
2021-08-27,Temesi,Aqua,,,20.44969543147212,19.410000000000025
2021-08-29,Temesi,Aqua,27.240862944162487,29.590000000000032,,
2021-08-31,Temesi,Aqua,30.750609137055854,30.730000000000018,,22.090000000000032
2021-09-01,Temesi,Aqua,34.50401015228431,34.146194968553495,,15.170000000000016
2021-09-04,Temesi,Aqua,,,18.568578680203085,19.150000000000034
2021-09-05,Temesi,Aqua,29.49000000000001,30.690000000000055,,18.210000000000036
2021-09-06,Temesi,Aqua,,,18.775583756345213,18.99000000000001
2021-09-08,Temesi,Aqua,34.29233502538072,34.69998035363462,,
2021-09-14,Temesi,Aqua,,25.610000000000014,21.661776649746223,21.630000000000052
2021-09-18,Temesi,Aqua,,,22.111218274111696,21.79000000000002
2021-09-19,Temesi,Aqua,,30.650000000000034,10.29000000000002,17.33000000000004
2021-09-22,Temesi,Aqua,35.44969543147212,34.420000000000016,,
2021-09-25,Temesi,Aqua,,,21.481776649746216,21.45000000000005
2021-09-26,Temesi,Aqua,30.25010152284268,30.05000000000001,,15.770000000000039
2021-09-28,Temesi,Aqua,,28.010000000000048,22.77000000000004,22.350000000000023
2021-09-29,Temesi,Aqua,29.635583756345195,29.850000000000023,21.961776649746213,21.55000000000001
2021-09-30,Temesi,Aqua,29.750000000000057,31.024221218961657,22.310000000000002,22.410000000000025
2021-10-02,Temesi,Aqua,,,21.665025380710674,21.07000000000005
2021-10-03,Temesi,Aqua,31.184111675126935,31.350000000000023,,
2021-10-07,Temesi,Aqua,30.99913705583758,30.33000000000004,,22.150000000000034
2021-10-09,Temesi,Aqua,28.97213197969547,28.750000000000057,,
2021-10-10,Temesi,Aqua,35.67883248730966,34.910000000000025,,
2021-10-11,Temesi,Aqua,,,21.004416243654852,21.110000000000014
2021-10-12,Temesi,Aqua,35.013756345177704,35.09000000000003,18.010000000000048,17.650000000000034
2021-10-18,Temesi,Aqua,,29.27000000000004,23.010000000000048,22.710000000000036
2021-10-21,Temesi,Aqua,,30.690000000000055,16.250000000000057,19.250000000000057
2021-10-23,Temesi,Aqua,31.750000000000057,32.57000000000005,,
2021-10-28,Temesi,Aqua,,,20.824111675126918,21.150000000000034
2021-12-08,Temesi,Aqua,29.970000000000027,29.810000000000002,,20.77000000000004
2021-12-09,Temesi,Aqua,,,18.590000000000032,20.630000000000052
2022-01-23,Temesi,Aqua,35.79730964467008,35.97000000000003,,
2022-01-24,Temesi,Aqua,,,22.496192893401034,22.230000000000018
2022-01-25,Temesi,Aqua,37.73000000000002,34.950000000000045,,
2022-02-15,Temesi,Aqua,37.27000000000004,36.27000000000004,,
2022-02-17,Temesi,Aqua,,32.51000000000005,21.08705583756349,21.210000000000036
2022-02-24,Temesi,Aqua,34.64258883248733,35.190000000000055,,
2022-03-16,Temesi,Aqua,,,22.864416243654865,23.150000000000034
2022-04-26,Temesi,Aqua,,,21.501472081218306,21.690000000000055
2022-05-03,Temesi,Aqua,,,19.55000000000001,23.310000000000002
2022-05-05,Temesi,Aqua,,,23.221472081218298,22.850000000000023
2022-05-06,Temesi,Aqua,33.55000000000001,33.39000000000004,,
2022-05-08,Temesi,Aqua,27.127055837563475,27.479980353634595,,
2022-05-12,Temesi,Aqua,,,24.690000000000055,23.930000000000007
2022-05-15,Temesi,Aqua,33.31822335025385,33.29794701986756,,
2022-05-20,Temesi,Aqua,29.265025380710696,29.750000000000057,,
2022-05-22,Temesi,Aqua,33.88167512690359,34.14268656716422,19.510000000000048,19.470000000000027
2022-05-23,Temesi,Aqua,,,20.489492385786832,19.99000000000001
2022-05-24,Temesi,Aqua,,,22.204720812182767,21.83000000000004
2022-05-28,Temesi,Aqua,,,22.904416243654826,22.810000000000002
2022-05-29,Temesi,Aqua,34.040253807106616,33.450000000000045,,
2022-05-30,Temesi,Aqua,,,21.60380710659902,21.53000000000003
2022-05-31,Temesi,Aqua,32.71406091370562,32.29000000000002,,
2022-06-02,Temesi,Aqua,32.2493908629442,31.99000000000001,,
2022-06-07,Temesi,Aqua,32.739137055837595,32.670000000000016,21.250000000000057,21.210000000000036
2022-06-14,Temesi,Aqua,29.31324873096451,30.210000000000036,20.42411167512694,20.490000000000013
2022-06-16,Temesi,Aqua,27.79000000000002,29.130000000000052,20.730000000000018,20.99000000000001
2022-06-18,Temesi,Aqua,30.467055837563485,30.49000000000001,,23.230000000000018
2022-06-21,Temesi,Aqua,30.451522842639633,30.930000000000007,,
2022-06-22,Temesi,Aqua,,,19.49000000000001,20.710000000000036
2022-06-23,Temesi,Aqua,29.12228426395942,29.950000000000042,,
2022-06-28,Temesi,Aqua,30.52289340101528,30.41841584158417,,
2022-07-03,Temesi,Aqua,24.010000000000048,24.190000000000055,,
2022-07-04,Temesi,Aqua,,,21.644720812182765,21.410000000000025
2022-07-05,Temesi,Aqua,30.350913705583782,29.92851428571429,,
2022-07-07,Temesi,Aqua,28.690000000000055,27.150000000000034,17.9693908629442,17.870000000000005
2022-07-09,Temesi,Aqua,29.25548223350258,30.350000000000023,19.089695431472105,19.170000000000016
2022-07-12,Temesi,Aqua,27.91233502538072,27.210000000000036,,
2022-07-17,Temesi,Aqua,,,19.630000000000052,19.33000000000004
2022-07-18,Temesi,Aqua,,26.390000000000043,18.571827411167533,18.590000000000032
2022-07-19,Temesi,Aqua,30.714974619289382,29.630000000000052,,
2022-07-20,Temesi,Aqua,30.08238578680207,29.930000000000007,,20.390000000000043
2022-07-23,Temesi,Aqua,,29.890000000000043,16.920050761421354,17.730000000000018
2022-07-24,Temesi,Aqua,,26.810000000000002,16.090000000000032,17.890000000000043
2022-07-25,Temesi,Aqua,28.0829949238579,27.30000000000001,,
2022-07-27,Temesi,Aqua,27.560558375634553,29.27000000000004,21.822081218274153,21.650000000000034
2022-07-29,Temesi,Aqua,,,21.22624365482236,21.410000000000025
2022-08-02,Temesi,Aqua,,,21.756192893401053,21.870000000000005
2022-08-03,Temesi,Aqua,29.464720812182758,29.190076628352546,22.1391370558376,21.880000000000024
2022-08-04,Temesi,Aqua,33.455583756345185,32.69000000000006,20.630000000000052,20.350000000000023
2022-08-05,Temesi,Aqua,31.394670050761462,30.610000000000014,,21.930000000000007
2022-08-06,Temesi,Aqua,33.99385786802034,33.83000000000004,,
2022-08-07,Temesi,Aqua,,,20.510000000000048,20.250000000000057
2022-08-12,Temesi,Aqua,29.762081218274147,29.79000000000002,21.705025380710694,21.950000000000045
2022-08-14,Temesi,Aqua,,,21.950000000000045,22.05000000000001
2022-08-15,Temesi,Aqua,33.86614213197973,34.014784240150135,,
2022-08-16,Temesi,Aqua,31.49000000000001,29.83000000000004,21.296802030456902,21.49000000000001
2022-08-17,Temesi,Aqua,29.390000000000043,30.250000000000057,16.179644670050795,19.690000000000055
2022-08-18,Temesi,Aqua,,,16.72441624365488,17.470000000000027
2022-08-19,Temesi,Aqua,30.14969543147211,30.510000000000048,,21.730000000000018
2022-08-20,Temesi,Aqua,33.061472081218305,32.650000000000034,,
2022-08-21,Temesi,Aqua,30.09467005076145,28.610000000000014,,20.710000000000036
2022-08-22,Temesi,Aqua,30.211116751269046,30.610000000000014,19.021776649746215,18.79000000000002
2022-08-23,Temesi,Aqua,,,19.930000000000007,19.975691964285737
2022-08-24,Temesi,Aqua,32.73791878172591,33.51857600000004,,16.33000000000004
2022-08-26,Temesi,Aqua,,,21.430000000000007,20.970000000000027
2022-08-27,Temesi,Aqua,,26.170000000000016,15.741472081218316,17.910000000000025
2022-08-30,Temesi,Aqua,,,20.05294416243659,19.930000000000007
2022-08-31,Temesi,Aqua,30.37385786802034,30.370000000000005,8.970000000000027,11.150000000000034
2022-09-01,Temesi,Aqua,,,20.644111675126936,20.730000000000018
2022-09-02,Temesi,Aqua,33.06411167512693,32.64336828309309,,21.370000000000005
2022-09-05,Temesi,Aqua,31.010000000000048,31.470000000000027,,
2022-09-06,Temesi,Aqua,,,21.538832487309676,21.670000000000016
2022-09-11,Temesi,Aqua,,,23.470000000000027,23.53000000000003
2022-09-12,Temesi,Aqua,33.93000000000001,32.610000000000014,,
2022-09-13,Temesi,Aqua,29.631725888324894,29.358111888111903,23.382081218274156,22.690000000000055
2022-09-18,Temesi,Aqua,30.019441624365523,29.310000000000002,,21.870000000000005
2022-09-23,Temesi,Aqua,32.77000000000004,33.77000000000004,,18.79000000000002
2022-09-24,Temesi,Aqua,28.950000000000045,27.970000000000027,,
2022-09-25,Temesi,Aqua,31.24685279187823,32.07000000000005,,
2022-09-26,Temesi,Aqua,33.09000000000003,32.57000000000005,18.720862944162448,20.130000000000052
2022-09-27,Temesi,Aqua,31.412639593908644,30.976986301369884,21.01700507614216,20.49000000000001
2022-09-28,Temesi,Aqua,32.53000000000003,31.670000000000016,,
2022-10-03,Temesi,Aqua,,,16.410000000000025,16.410000000000025
2022-10-23,Temesi,Aqua,33.193248730964505,33.190000000000055,,
2022-10-30,Temesi,Aqua,30.870000000000005,32.23000000000002,,
2022-10-31,Temesi,Aqua,,,20.850000000000023,19.79000000000002
2022-12-08,Temesi,Aqua,32.55883248730966,32.47000000000003,,19.650000000000034
2022-12-09,Temesi,Aqua,32.27294416243659,32.55000000000001,,
2022-12-19,Temesi,Aqua,33.212639593908655,32.870000000000005,,19.970000000000027
2023-01-06,Temesi,Aqua,,,21.824720812182772,21.810000000000002
2023-01-07,Temesi,Aqua,32.22441624365488,31.950000000000045,19.95446700507618,19.190000000000055
2023-03-08,Temesi,Aqua,,31.670000000000016,22.250000000000057,22.53000000000003
2023-03-09,Temesi,Aqua,,31.49000000000001,16.947055837563468,16.630000000000052
2023-03-10,Temesi,Aqua,32.392944162436564,31.150000000000034,24.210000000000036,24.33000000000004
2023-03-11,Temesi,Aqua,37.220761421319835,36.73000000000002,,
2023-03-13,Temesi,Aqua,35.14908629441628,35.59000000000003,,
2023-03-18,Temesi,Aqua,35.958223350253846,35.690000000000055,,
2023-04-15,Temesi,Aqua,31.630000000000052,30.27000000000004,,
2023-04-16,Temesi,Aqua,,,21.88796954314722,22.210000000000036
2023-04-17,Temesi,Aqua,31.07588832487312,30.450000000000045,,
2023-04-19,Temesi,Aqua,33.55497461928938,33.029391634981025,,21.870000000000005
2023-04-22,Temesi,Aqua,33.74939086294421,33.690000000000055,,
2023-04-23,Temesi,Aqua,,,22.472944162436576,22.630000000000052
2023-04-24,Temesi,Aqua,35.331725888324904,34.97800569800572,21.110000000000014,20.970000000000027
2023-05-02,Temesi,Aqua,,,22.630000000000052,21.850000000000023
2023-05-07,Temesi,Aqua,,,23.41649746192898,22.79000000000002
2023-05-08,Temesi,Aqua,31.107055837563497,30.810000000000002,,
2023-05-12,Temesi,Aqua,30.77000000000004,30.590000000000032,23.40908629441627,21.350000000000023
2023-05-14,Temesi,Aqua,,,21.4599492385787,20.690000000000055
2023-05-15,Temesi,Aqua,31.79558375634522,31.904127423822743,,17.77000000000004
2023-05-16,Temesi,Aqua,,,19.430000000000007,18.83000000000004
2023-05-17,Temesi,Aqua,,,20.710000000000036,20.890000000000043
2023-05-20,Temesi,Aqua,32.60878172588833,32.13000000000005,,
2023-05-21,Temesi,Aqua,,,22.563807106599022,21.810000000000002
2023-05-22,Temesi,Aqua,32.50786802030461,32.54000000000002,20.907360406091406,19.950000000000045
2023-05-23,Temesi,Aqua,,,21.870000000000005,21.350000000000023
2023-05-24,Temesi,Aqua,31.97060913705586,31.7620433436533,,22.950000000000045
2023-05-25,Temesi,Aqua,32.084720812182766,31.430000000000007,,18.970000000000027
2023-05-26,Temesi,Aqua,29.116192893401042,29.30000000000001,19.00532994923861,19.930000000000007
2023-05-27,Temesi,Aqua,30.83030456852797,31.33000000000004,,
2023-05-28,Temesi,Aqua,,,20.79000000000002,20.49000000000001
2023-05-29,Temesi,Aqua,33.45406091370563,33.210000000000036,,
2023-06-01,Temesi,Aqua,29.010000000000048,28.99000000000001,,
2023-06-03,Temesi,Aqua,31.55436548223353,31.170000000000016,,
2023-06-04,Temesi,Aqua,,,19.450000000000045,18.750000000000057
2023-06-05,Temesi,Aqua,29.222690355329984,29.750000000000057,17.83000000000004,17.390000000000043
2023-06-07,Temesi,Aqua,29.58705583756349,29.470000000000027,,21.53000000000003
2023-06-10,Temesi,Aqua,32.59822335025385,32.57000000000005,,
2023-06-12,Temesi,Aqua,,31.650000000000034,13.74177664974621,15.090000000000032
2023-06-14,Temesi,Aqua,32.07741116751273,31.57666666666671,,
2023-06-16,Temesi,Aqua,25.250000000000057,25.57000000000005,20.750000000000057,21.150000000000034
2023-06-17,Temesi,Aqua,33.61436548223353,33.650000000000034,,
2023-06-19,Temesi,Aqua,33.33741116751272,33.670000000000016,20.90705583756348,20.03000000000003
2023-06-21,Temesi,Aqua,31.74269035532997,31.52685446009393,21.542081218274124,20.77000000000004
2023-06-22,Temesi,Aqua,32.59294416243658,32.26045081967218,,19.510000000000048
2023-06-23,Temesi,Aqua,31.889390862944197,31.26038696537683,22.910000000000025,22.450000000000045
2023-06-24,Temesi,Aqua,32.60197969543151,32.75000000000006,19.690000000000055,19.750000000000057
2023-06-26,Temesi,Aqua,31.850000000000023,31.470000000000027,,21.930000000000007
2023-06-27,Temesi,Aqua,,28.610000000000014,17.893553299492417,17.870000000000005
2023-06-28,Temesi,Aqua,31.52177664974622,31.130000000000052,21.350000000000023,21.230000000000018
2023-06-29,Temesi,Aqua,31.829086294416285,31.57000000000005,14.370000000000005,15.850000000000023
2023-07-03,Temesi,Aqua,,24.010000000000048,20.38675126903554,20.650000000000038
2023-07-05,Temesi,Aqua,28.940050761421336,28.870000000000005,,21.710000000000036
2023-07-10,Temesi,Aqua,30.848274111675163,31.090000000000032,20.850000000000023,20.29000000000002
2023-07-14,Temesi,Aqua,,,18.62116751269041,20.03000000000003
2023-07-15,Temesi,Aqua,,30.03000000000003,18.286446700507646,19.33000000000004
2023-07-16,Temesi,Aqua,,,20.651218274111717,20.170000000000016
2023-07-17,Temesi,Aqua,30.67852791878176,29.8052365415987,19.139441624365492,18.150000000000034
2023-07-18,Temesi,Aqua,,,14.521776649746213,17.890000000000043
2023-07-19,Temesi,Aqua,,27.890000000000043,19.090000000000032,18.170000000000016
2023-07-20,Temesi,Aqua,29.970000000000027,30.630000000000052,,
2023-07-22,Temesi,Aqua,30.607055837563493,30.80000000000001,18.90705583756348,19.010000000000048
2023-07-23,Temesi,Aqua,,,21.49883248730966,20.630000000000052
2023-07-24,Temesi,Aqua,32.031421319797,32.110000000000014,,21.710000000000036
2023-07-25,Temesi,Aqua,29.650000000000034,29.630000000000052,20.930000000000007,20.350000000000023
2023-07-26,Temesi,Aqua,,28.710000000000036,19.69335025380712,19.630000000000052
2023-07-27,Temesi,Aqua,30.430000000000007,32.410000000000025,,
2023-07-29,Temesi,Aqua,27.980558375634537,31.850000000000023,,15.910000000000025
2023-07-30,Temesi,Aqua,,,20.44705583756347,19.79000000000002
2023-07-31,Temesi,Aqua,28.630000000000052,28.870000000000005,18.430000000000007,19.670000000000016
2023-08-01,Temesi,Aqua,31.210000000000036,30.590000000000032,19.297005076142156,19.83000000000004
2023-08-02,Temesi,Aqua,30.404111675126927,30.47000000000003,,21.670000000000016
2023-08-03,Temesi,Aqua,31.465329949238615,31.83000000000004,,
2023-08-07,Temesi,Aqua,32.33558375634518,32.89000000000004,21.170000000000016,21.130000000000052
2023-08-08,Temesi,Aqua,33.272335025380734,33.150000000000034,17.67852791878176,17.33000000000004
2023-08-09,Temesi,Aqua,31.181776649746244,30.810000000000002,19.373959390862982,19.730000000000018
2023-08-10,Temesi,Aqua,34.73822335025383,34.77000000000004,,
2023-08-12,Temesi,Aqua,33.17761421319798,33.27000000000004,20.129695431472125,20.150000000000034
2023-08-13,Temesi,Aqua,,27.690000000000055,17.810000000000002,20.25000000000006
2023-08-14,Temesi,Aqua,32.38563451776653,32.48875000000002,,20.27000000000004
2023-08-15,Temesi,Aqua,,,16.01822335025384,16.49000000000001
2023-08-16,Temesi,Aqua,24.058527918781753,27.670000000000016,19.419746192893427,19.57000000000005
2023-08-19,Temesi,Aqua,30.924720812182773,32.210000000000036,18.420862944162458,18.610000000000014
2023-08-20,Temesi,Aqua,,,15.29000000000002,17.710000000000036
2023-08-21,Temesi,Aqua,32.812639593908656,31.750000000000057,,
2023-08-22,Temesi,Aqua,33.21649746192896,32.58490509490513,,
2023-08-25,Temesi,Aqua,,,20.07000000000005,20.69188277087039
2023-08-26,Temesi,Aqua,31.44847715736044,31.99000000000001,,18.27000000000004
2023-08-27,Temesi,Aqua,28.650000000000034,29.310000000000002,21.005532994923893,20.55000000000001
2023-08-28,Temesi,Aqua,32.235888324873144,32.430000000000014,,19.350000000000023
2023-08-29,Temesi,Aqua,34.565025380710686,33.85733812949642,,17.690000000000055
2023-08-30,Temesi,Aqua,31.150000000000034,31.33000000000004,,20.910000000000025
2023-08-31,Temesi,Aqua,34.49903553299497,34.150000000000034,20.190000000000055,20.150000000000034
2023-09-01,Temesi,Aqua,,,20.998527918781754,20.730000000000018
2023-09-02,Temesi,Aqua,34.847664974619335,34.80000000000001,19.752639593908654,19.730000000000018
2023-09-03,Temesi,Aqua,,27.610000000000014,19.818832487309674,19.470000000000027
2023-09-04,Temesi,Aqua,32.05000000000001,31.510000000000048,,18.410000000000025
2023-09-05,Temesi,Aqua,33.110000000000014,31.850000000000023,,
2023-09-07,Temesi,Aqua,32.422690355329976,33.27000000000004,19.29852791878174,19.370000000000005
2023-09-09,Temesi,Aqua,34.20908629441628,34.07000000000005,19.430000000000007,19.03000000000003
2023-09-10,Temesi,Aqua,,,11.490000000000009,15.79000000000002
2023-09-12,Temesi,Aqua,33.60939086294419,34.85000000000002,,
2023-09-15,Temesi,Aqua,,29.810000000000002,17.930000000000007,18.890000000000043
2023-09-16,Temesi,Aqua,32.989695431472114,33.31,,
2023-09-17,Temesi,Aqua,,32.210000000000036,17.99000000000001,17.77000000000004
2023-09-21,Temesi,Aqua,36.17903553299495,35.75697435897441,14.122791878172634,17.130000000000052
2023-09-23,Temesi,Aqua,33.04939086294418,32.89000000000004,,21.970000000000027
2023-09-24,Temesi,Aqua,34.57467005076143,33.75000000000006,21.49000000000001,21.430000000000007
2023-09-25,Temesi,Aqua,31.415583756345224,30.750000000000057,21.910000000000025,22.07000000000005
2023-09-26,Temesi,Aqua,37.4473604060914,36.79000000000002,,
2023-09-28,Temesi,Aqua,36.44137055837566,36.27000000000004,22.83852791878176,22.83000000000004
2023-09-29,Temesi,Aqua,33.170000000000016,32.650000000000034,,20.250000000000057
2023-09-30,Temesi,Aqua,33.71497461928938,32.79008875739647,20.828578680203076,20.55000000000001
2023-10-01,Temesi,Aqua,36.41467005076147,35.370000000000005,17.99000000000001,17.57000000000005
2023-10-03,Temesi,Aqua,34.09000000000003,32.85000000000002,,18.930000000000007
2023-10-05,Temesi,Aqua,37.58705583756349,36.370000000000005,22.05000000000001,22.090000000000032
2023-10-06,Temesi,Aqua,30.53000000000003,30.230000000000018,22.73030456852795,22.390000000000043
2023-10-07,Temesi,Aqua,33.26380710659902,32.75000000000006,,23.03000000000003
2023-10-08,Temesi,Aqua,36.92441624365487,35.830000000000034,,
2023-10-09,Temesi,Aqua,32.067664974619305,31.810000000000002,,23.83000000000004
2023-10-10,Temesi,Aqua,37.73467005076146,37.13000000000005,,21.850000000000023
2023-10-11,Temesi,Aqua,,,23.670000000000016,23.610000000000014
2023-10-12,Temesi,Aqua,36.47081218274117,34.79000000000002,22.958527918781765,21.510000000000048
2023-10-13,Temesi,Aqua,,31.970000000000027,16.57000000000005,19.430000000000007
2023-10-14,Temesi,Aqua,35.00086294416248,33.91219114219117,23.130000000000052,23.29000000000002
2023-10-15,Temesi,Aqua,39.10705583756349,37.710000000000036,,
2023-10-17,Temesi,Aqua,35.57000000000005,34.23000000000002,20.695583756345197,21.79000000000002
2023-10-18,Temesi,Aqua,,,21.310000000000002,21.27000000000004
2023-10-19,Temesi,Aqua,35.069390862944196,34.35000000000002,22.23030456852795,22.170000000000016
2023-10-20,Temesi,Aqua,37.631725888324894,36.09000000000003,22.60116751269037,22.670000000000016
2023-10-21,Temesi,Aqua,35.140558375634534,34.31,,
2023-10-22,Temesi,Aqua,37.75964467005078,36.63954918032792,,
2023-10-23,Temesi,Aqua,,,23.49000000000001,23.390000000000043
2023-10-24,Temesi,Aqua,36.93467005076145,36.35000000000002,17.713248730964487,17.710000000000036
2023-10-26,Temesi,Aqua,36.62380710659903,35.450000000000045,,23.150000000000034
2023-10-27,Temesi,Aqua,35.944111675126926,34.85000000000002,22.57000000000005,22.39000000000004
2023-10-28,Temesi,Aqua,32.09294416243658,31.370000000000005,24.430000000000007,23.590000000000032
2023-10-29,Temesi,Aqua,38.36664974619294,37.58992187500004,,
2023-10-30,Temesi,Aqua,,,24.390000000000043,24.27000000000004
2023-10-31,Temesi,Aqua,36.48401015228427,35.51000000000005,,19.310000000000002
2023-11-05,Temesi,Aqua,37.628781725888366,36.670000000000016,22.35852791878174,22.170000000000016
2023-11-08,Temesi,Aqua,33.02147208121831,32.27000000000004,,23.690000000000055
2023-11-12,Temesi,Aqua,33.45416243654825,32.59000000000003,,
2023-11-13,Temesi,Aqua,,,22.3794416243655,22.010000000000048
2023-11-17,Temesi,Aqua,34.99994923857872,34.85000000000002,,
2023-11-18,Temesi,Aqua,,,22.65477157360409,22.470000000000027
2023-11-19,Temesi,Aqua,33.86208121827415,34.53000000000003,15.687055837563477,18.900000000000034
2023-11-21,Temesi,Aqua,,33.43000000000001,21.306142131979726,21.29000000000002
2023-11-22,Temesi,Aqua,37.85730964467008,36.650000000000034,,
2023-11-26,Temesi,Aqua,33.12208121827417,32.79000000000002,,
2023-12-03,Temesi,Aqua,33.05000000000001,32.03000000000003,,
2023-12-05,Temesi,Aqua,30.467360406091416,29.850000000000023,,
2023-12-06,Temesi,Aqua,33.53436548223355,33.07000000000005,,
2023-12-14,Temesi,Aqua,,,22.950000000000045,23.03000000000003
2023-12-16,Temesi,Aqua,,,18.812131979695465,20.370000000000005
2023-12-17,Temesi,Aqua,,,20.92807106598986,21.110000000000014
2023-12-20,Temesi,Aqua,30.210000000000036,31.03000000000003,,15.450000000000045
2023-12-21,Temesi,Aqua,,,21.03000000000003,18.890000000000043
2023-12-27,Temesi,Aqua,34.598426395939136,34.195470085470134,,
2024-01-13,Temesi,Aqua,35.05000000000001,34.27000000000004,,
2024-01-29,Temesi,Aqua,,,22.444111675126923,22.230000000000018
2024-02-05,Temesi,Aqua,,,23.645939086294447,24.03000000000003
2024-02-10,Temesi,Aqua,29.170304568527943,32.77000000000004,,
2024-02-14,Temesi,Aqua,,,24.250000000000057,24.370000000000005
2024-02-15,Temesi,Aqua,36.710000000000036,34.63542857142862,22.178832487309663,22.190000000000055
2024-02-20,Temesi,Aqua,35.690000000000055,35.05000000000001,,
2024-03-20,Temesi,Aqua,,,20.004111675126925,19.930000000000007
2024-03-22,Temesi,Aqua,34.1635025380711,34.350898876404514,,
2024-03-29,Temesi,Aqua,34.01649746192895,33.81,14.594974619289378,15.57000000000005
2024-04-03,Temesi,Aqua,34.479137055837604,34.49000000000001,,
2024-04-05,Temesi,Aqua,31.25030456852793,29.79000000000002,,
2024-04-13,Temesi,Aqua,32.49000000000001,31.670000000000016,,19.730000000000018
2024-04-15,Temesi,Aqua,34.29030456852795,34.35000000000002,,
2024-04-17,Temesi,Aqua,32.51000000000005,32.07000000000005,,
2024-04-19,Temesi,Aqua,,29.850000000000023,22.72553299492389,23.210000000000036
2024-04-26,Temesi,Aqua,25.890000000000043,,23.410000000000025,23.370000000000005
2024-04-27,Temesi,Aqua,32.85000000000002,31.610000000000014,,
2024-04-30,Temesi,Aqua,,,12.810000000000002,19.690000000000055
2024-05-02,Temesi,Aqua,30.090000000000032,29.55000000000001,,
2024-05-04,Temesi,Aqua,32.37639593908634,32.330000000000034,20.365329949238625,20.03000000000003
2024-05-07,Temesi,Aqua,,30.590000000000032,20.358832487309673,19.890000000000043
2024-05-08,Temesi,Aqua,27.470000000000027,27.350000000000023,,
2024-05-11,Temesi,Aqua,31.360558375634564,31.650000000000034,21.930000000000007,21.210000000000036
2024-05-12,Temesi,Aqua,29.481472081218293,29.010000000000048,21.590304568527962,21.110000000000014
2024-05-13,Temesi,Aqua,31.78441624365485,31.610000000000014,,
2024-05-14,Temesi,Aqua,32.82177664974623,32.85000000000002,,
2024-05-15,Temesi,Aqua,24.230000000000018,26.07000000000005,23.040862944162463,23.29000000000002
2024-05-16,Temesi,Aqua,32.32817258883251,33.01000000000005,,
2024-05-17,Temesi,Aqua,,27.970000000000027,19.950000000000045,19.99000000000001
2024-05-18,Temesi,Aqua,28.57091370558381,28.650000000000034,16.950000000000045,20.210000000000036
2024-05-19,Temesi,Aqua,30.090000000000032,28.650000000000034,,
2024-05-20,Temesi,Aqua,28.03883248730968,28.010000000000048,,20.29000000000002
2024-05-22,Temesi,Aqua,,,20.210000000000036,19.230000000000018
2024-05-27,Temesi,Aqua,,,23.130000000000052,22.470000000000027
2024-05-28,Temesi,Aqua,31.367664974619316,31.757114845938432,21.250000000000057,21.27000000000004
2024-06-01,Temesi,Aqua,25.775279187817308,26.650000000000034,23.650000000000034,22.670000000000016
2024-06-02,Temesi,Aqua,29.254060913705615,28.810000000000002,,
2024-06-05,Temesi,Aqua,,29.430000000000007,12.510000000000048,17.470000000000027
2024-06-06,Temesi,Aqua,29.035279187817302,28.370000000000005,21.862385786802044,20.850000000000023
2024-06-11,Temesi,Aqua,,28.05000000000001,21.250000000000057,20.750000000000057
2024-06-14,Temesi,Aqua,30.339035532994938,30.79000000000002,19.753248730964508,19.57000000000005
2024-06-16,Temesi,Aqua,30.721472081218305,30.450000000000045,,19.090000000000032
2024-06-17,Temesi,Aqua,30.819137055837572,29.77000000000004,21.876192893401058,21.230000000000018
2024-06-18,Temesi,Aqua,29.758527918781777,28.930000000000007,,21.55000000000001
2024-06-20,Temesi,Aqua,,,21.010913705583807,20.142420537897348
2024-06-21,Temesi,Aqua,31.05822335025383,31.210000000000036,18.810000000000002,20.010000000000048
2024-06-25,Temesi,Aqua,,,17.670000000000016,17.53000000000003
2024-06-26,Temesi,Aqua,,27.27000000000004,19.996192893401037,19.970000000000027
2024-06-27,Temesi,Aqua,,,21.690000000000055,21.49000000000001
2024-06-28,Temesi,Aqua,29.527664974619338,30.430000000000007,,18.49000000000001
2024-06-29,Temesi,Aqua,30.447360406091395,30.010000000000048,,
2024-07-05,Temesi,Aqua,28.782081218274133,29.090000000000032,20.470000000000027,20.750000000000057
2024-07-06,Temesi,Aqua,29.88228426395941,29.670000000000016,,
2024-07-08,Temesi,Aqua,30.759644670050786,30.915774058577426,,
2024-07-12,Temesi,Aqua,28.227360406091403,27.010000000000048,20.745532994923867,20.910000000000025
2024-07-13,Temesi,Aqua,30.761167512690395,30.530000000000026,16.09040609137058,18.130000000000052
2024-07-14,Temesi,Aqua,,,19.77000000000004,19.03000000000003
2024-07-15,Temesi,Aqua,,,19.910000000000025,19.83000000000004
2024-07-16,Temesi,Aqua,31.398527918781763,30.60316353887401,,21.27000000000004
2024-07-17,Temesi,Aqua,31.487969543147248,30.51000000000005,21.77000000000004,20.650000000000034
2024-07-18,Temesi,Aqua,32.68055837563456,32.63000000000005,,
2024-07-20,Temesi,Aqua,30.557614213197976,30.251216730038085,,
2024-07-23,Temesi,Aqua,29.07000000000005,30.55000000000001,,
2024-07-26,Temesi,Aqua,,,19.487055837563492,19.730000000000018
2024-07-31,Temesi,Aqua,,,21.19913705583757,21.170000000000016
2024-08-01,Temesi,Aqua,30.49619289340104,30.670000000000016,,
2024-08-02,Temesi,Aqua,,28.750000000000057,21.03000000000003,21.05000000000001
2024-08-03,Temesi,Aqua,30.535279187817302,30.210000000000036,,22.03000000000003
2024-08-04,Temesi,Aqua,32.42583756345181,32.55000000000001,,
2024-08-05,Temesi,Aqua,,,21.310000000000002,20.630000000000052
2024-08-07,Temesi,Aqua,27.010000000000048,28.07000000000005,,
2024-08-08,Temesi,Aqua,,,22.353248730964495,21.55000000000001
2024-08-09,Temesi,Aqua,29.630000000000052,30.710000000000036,,
2024-08-10,Temesi,Aqua,,30.07000000000005,19.232335025380745,20.49000000000001
2024-08-11,Temesi,Aqua,32.34350253807111,32.31,,14.890000000000043
2024-08-12,Temesi,Aqua,30.341472081218303,29.670000000000016,,
2024-08-13,Temesi,Aqua,,,20.201776649746222,20.430000000000007
2024-08-14,Temesi,Aqua,32.32857868020307,31.730000000000018,,
2024-08-15,Temesi,Aqua,,23.670000000000016,20.271522842639627,19.110000000000014
2024-08-16,Temesi,Aqua,32.14522842639598,32.51000000000005,,16.55000000000001
2024-08-18,Temesi,Aqua,33.04766497461932,33.150000000000034,,21.33000000000004
2024-08-19,Temesi,Aqua,30.698527918781775,29.970000000000027,19.06116751269041,18.870000000000005
2024-08-20,Temesi,Aqua,30.636802030456877,30.090000000000032,,20.350000000000023
2024-08-23,Temesi,Aqua,,,22.305025380710696,20.870000000000005
2024-08-25,Temesi,Aqua,27.61416243654824,28.03000000000003,20.07000000000005,20.79000000000002
2024-08-26,Temesi,Aqua,32.21994923857869,32.93000000000001,,
2024-08-28,Temesi,Aqua,33.450000000000045,33.33000000000004,,10.970000000000027
2024-08-29,Temesi,Aqua,31.979137055837604,31.130000000000052,,20.750000000000057
2024-08-30,Temesi,Aqua,30.219746192893442,28.810000000000002,19.870000000000005,20.470000000000027
2024-09-01,Temesi,Aqua,,,19.616192893401042,19.870000000000005
2024-09-02,Temesi,Aqua,34.708172588832525,34.57000000000005,18.609289340101544,19.33000000000004
2024-09-04,Temesi,Aqua,31.623908629441644,31.850000000000023,22.092944162436577,21.670000000000016
2024-09-05,Temesi,Aqua,32.950000000000045,32.27000000000004,20.955279187817286,20.950000000000045
2024-09-06,Temesi,Aqua,31.376192893401054,30.870000000000005,,20.33000000000004
2024-09-10,Temesi,Aqua,,31.57000000000005,21.624416243654853,21.79000000000002
2024-09-11,Temesi,Aqua,32.59619289340106,31.910000000000025,23.03000000000003,21.710000000000036
2024-09-12,Temesi,Aqua,32.27913705583761,31.27000000000004,,
2024-09-14,Temesi,Aqua,34.474467005076164,34.53030888030891,,20.29000000000002
2024-09-15,Temesi,Aqua,31.53000000000003,31.810000000000002,19.344111675126925,18.55000000000001
2024-09-16,Temesi,Aqua,,,20.03588832487313,19.670000000000016
2024-09-17,Temesi,Aqua,33.4258375634518,33.63519379844966,,
2024-09-19,Temesi,Aqua,33.15436548223355,33.650000000000034,,
2024-09-20,Temesi,Aqua,,,17.870000000000005,17.370000000000005
2024-09-24,Temesi,Aqua,,,21.344416243654827,21.07000000000005
2024-09-27,Temesi,Aqua,,34.09000000000003,19.191725888324893,19.910000000000025
2024-09-28,Temesi,Aqua,32.638020304568556,31.390000000000043,24.334467005076174,22.850000000000023
2024-09-29,Temesi,Aqua,35.68675126903555,35.190000000000055,,
2024-09-30,Temesi,Aqua,,,22.091827411167547,20.05000000000001
2024-10-01,Temesi,Aqua,31.410000000000025,31.810000000000002,,
2024-10-05,Temesi,Aqua,,,23.3532487309645,22.470000000000027
2024-10-06,Temesi,Aqua,34.179441624365516,34.49000000000001,19.181472081218313,20.30694352159469
2024-10-07,Temesi,Aqua,,29.690000000000055,17.89964467005077,18.390000000000043
2024-10-08,Temesi,Aqua,32.653248730964485,32.81,22.461472081218307,22.585000000000036
2024-10-09,Temesi,Aqua,36.127055837563475,35.98333333333335,,
2024-10-10,Temesi,Aqua,,,22.210000000000036,22.130000000000052
2024-10-11,Temesi,Aqua,35.54289340101526,35.47000000000003,21.944720812182776,21.77000000000004
2024-10-12,Temesi,Aqua,,,21.999035532994967,22.130000000000052
2024-10-13,Temesi,Aqua,33.99030456852794,33.73000000000002,24.2214720812183,23.05000000000001
2024-10-14,Temesi,Aqua,35.69670050761427,35.33000000000004,,
2024-10-16,Temesi,Aqua,29.54106598984775,30.57000000000005,,
2024-10-18,Temesi,Aqua,32.89000000000004,32.63000000000005,21.86736040609139,21.690000000000055
2024-10-20,Temesi,Aqua,31.430609137055868,30.230000000000018,23.233248730964494,23.03000000000003
2024-10-21,Temesi,Aqua,33.37710659898482,35.09000000000003,,
2024-10-22,Temesi,Aqua,,,22.959746192893448,21.263333333333378
2024-10-25,Temesi,Aqua,31.5073604060914,30.83000000000004,,23.350000000000023
2024-10-26,Temesi,Aqua,35.432842639593936,35.110000000000014,,19.370000000000005
2024-10-27,Temesi,Aqua,,,18.610000000000014,19.750000000000057
2024-10-28,Temesi,Aqua,35.33436548223356,35.39000000000004,24.470000000000027,24.03000000000003
2024-11-05,Temesi,Aqua,35.29294416243657,34.47000000000003,,
2024-11-09,Temesi,Aqua,,31.230000000000018,23.11324873096452,22.670000000000016
2024-11-12,Temesi,Aqua,,,19.40796954314726,19.05000000000001
2024-11-13,Temesi,Aqua,,31.910000000000025,21.74441624365486,21.470000000000027
2024-11-15,Temesi,Aqua,34.93081218274115,34.39000000000004,,
2025-02-27,Temesi,Aqua,32.950000000000045,32.99000000000001,,
2025-02-28,Temesi,Aqua,,32.47000000000003,22.05000000000001,20.950000000000045
2025-03-02,Temesi,Aqua,36.25974619289343,35.91714285714288,,
2025-03-04,Temesi,Aqua,33.547868020304605,32.950000000000045,,
2025-03-06,Temesi,Aqua,34.190000000000055,32.73000000000002,,
2025-03-12,Temesi,Aqua,36.49649746192896,34.57000000000005,,
2025-04-01,Temesi,Aqua,32.81010152284267,32.610000000000014,,
2025-04-06,Temesi,Aqua,,30.170000000000016,19.875583756345204,20.430000000000007
2025-04-16,Temesi,Aqua,,,22.05000000000001,21.930000000000007
2025-04-20,Temesi,Aqua,26.350000000000023,25.610000000000014,,
2025-04-21,Temesi,Aqua,,,21.21294416243658,20.83000000000004
2025-04-23,Temesi,Aqua,30.995888324873135,30.27000000000004,,
2025-04-25,Temesi,Aqua,,,21.246243654822376,22.010000000000048
2025-04-26,Temesi,Aqua,33.07060913705588,32.73000000000002,20.710000000000036,20.390000000000043
2025-04-27,Temesi,Aqua,,30.49000000000001,18.736192893401046,18.650000000000034
2025-05-29,Temesi,Aqua,30.69152284263961,31.07000000000005,22.27000000000004,22.27000000000004
2025-06-03,Temesi,Aqua,,21.730000000000018,17.370000000000005,21.27000000000004
2025-06-04,Temesi,Aqua,,28.250000000000057,20.22076142131984,18.690000000000055
2025-06-05,Temesi,Aqua,30.918223350253843,30.350000000000023,,21.590000000000032
2025-06-06,Temesi,Aqua,30.643299492385832,30.230000000000018,,
2025-06-10,Temesi,Aqua,,,22.852639593908645,22.210000000000036
2025-06-14,Temesi,Aqua,,,17.86563451776655,18.99000000000001
2025-06-16,Temesi,Aqua,29.23883248730966,29.57000000000005,,
2025-06-17,Temesi,Aqua,,,17.8788324873097,21.230000000000018
2025-06-18,Temesi,Aqua,26.527055837563488,26.430000000000007,,
2025-06-21,Temesi,Aqua,31.170000000000016,29.750000000000057,,
2025-06-30,Temesi,Aqua,,23.130000000000052,22.005025380710684,21.890000000000043
2025-07-07,Temesi,Aqua,,,10.870000000000005,14.750000000000057
2025-07-11,Temesi,Aqua,,,12.130000000000052,11.130000000000052
2025-07-13,Temesi,Aqua,28.51538071065994,27.850000000000023,,
2025-07-17,Temesi,Aqua,28.31324873096451,28.03000000000003,,
2025-07-18,Temesi,Aqua,30.164111675126954,29.79000000000002,,20.33000000000004
2025-07-19,Temesi,Aqua,30.380050761421334,29.750000000000053,,
2025-07-20,Temesi,Aqua,,,20.870000000000005,20.350000000000023
2025-07-21,Temesi,Aqua,,25.730000000000018,17.350000000000023,18.430000000000007
2025-07-23,Temesi,Aqua,24.99000000000001,25.630000000000052,,21.090000000000032
2025-07-24,Temesi,Aqua,30.21822335025383,30.890000000000043,,
2025-07-26,Temesi,Aqua,28.442081218274158,29.310000000000002,20.250000000000057,19.850000000000023
2025-08-02,Temesi,Aqua,26.093248730964483,24.890000000000043,21.455279187817286,21.690000000000055
2025-08-03,Temesi,Aqua,31.30086294416249,31.199613034623262,19.590000000000032,19.670000000000016
2025-08-04,Temesi,Aqua,,,21.352335025380746,19.99000000000001
2025-08-05,Temesi,Aqua,29.742385786802043,30.010000000000048,,19.450000000000045
2025-08-06,Temesi,Aqua,31.54908629441626,30.890000000000047,,
2025-08-08,Temesi,Aqua,30.996192893401037,31.196684141546577,,
2025-08-10,Temesi,Aqua,,26.57000000000005,20.22969543147209,21.710000000000036
2025-08-11,Temesi,Aqua,30.947055837563468,30.930000000000007,,
2025-08-12,Temesi,Aqua,,,19.710000000000036,19.510000000000048
2025-08-13,Temesi,Aqua,29.184720812182785,29.479613034623235,15.597106598984782,17.410000000000025
2025-08-15,Temesi,Aqua,29.584416243654836,28.890000000000043,,21.07000000000005
2025-08-16,Temesi,Aqua,30.54878172588833,30.79000000000002,,
2025-08-18,Temesi,Aqua,29.28766497461933,29.210000000000036,20.450913705583805,20.650000000000034
2025-08-20,Temesi,Aqua,,25.07000000000005,21.49000000000001,20.670000000000016
2025-08-21,Temesi,Aqua,31.701776649746225,31.760159362549846,,
2025-08-22,Temesi,Aqua,,,20.690000000000055,19.190000000000055
2025-08-23,Temesi,Aqua,29.19781725888327,29.30000000000001,,20.890000000000043
2025-08-24,Temesi,Aqua,31.99000000000001,30.850000000000023,,
2025-08-25,Temesi,Aqua,28.910000000000025,28.450000000000045,,
2025-08-26,Temesi,Aqua,,31.29000000000002,18.450000000000045,18.29000000000002
2025-08-28,Temesi,Aqua,,26.110000000000014,18.004111675126925,18.130000000000052
2025-08-29,Temesi,Aqua,,,18.730609137055872,18.730000000000018
2025-08-30,Temesi,Aqua,26.69294416243658,26.370000000000005,,19.970000000000027
2025-08-31,Temesi,Aqua,30.390000000000043,31.010000000000048,18.87852791878175,18.77000000000004
2025-09-01,Temesi,Aqua,,,15.705939086294443,18.33000000000004
2025-09-02,Temesi,Aqua,30.665329949238597,30.58000000000004,18.250000000000057,19.83000000000004
2025-09-03,Temesi,Aqua,31.898527918781763,31.630000000000056,,
2025-09-04,Temesi,Aqua,26.002385786802087,25.750000000000057,,20.79000000000002
2025-09-12,Temesi,Aqua,27.31324873096451,27.710000000000036,22.541167512690368,22.430000000000007
2025-09-16,Temesi,Aqua,,,20.021472081218313,18.810000000000002
2025-09-17,Temesi,Aqua,27.538832487309676,28.110000000000014,,
2025-09-20,Temesi,Aqua,,28.49000000000001,22.450000000000045,22.310000000000002
2025-09-21,Temesi,Aqua,,30.890000000000043,21.310000000000002,21.07000000000005
2025-09-22,Temesi,Aqua,26.422284263959426,26.79000000000002,,
2025-09-23,Temesi,Aqua,31.955279187817286,31.230000000000018,,18.090000000000032
2025-09-24,Temesi,Aqua,,,21.29000000000002,21.07000000000005
2025-09-25,Temesi,Aqua,29.695076142132017,29.33000000000004,21.29030456852795,20.710000000000036
2025-09-26,Temesi,Aqua,32.81,31.27000000000004,,20.170000000000016
2025-09-28,Temesi,Aqua,30.971421319797,31.45000000000005,,
2025-10-02,Temesi,Aqua,30.970000000000027,28.03000000000003,,20.57000000000005
2025-10-03,Temesi,Aqua,33.373451776649766,33.42819607843138,20.170000000000016,19.950000000000045
2025-10-05,Temesi,Aqua,31.46908629441627,30.850000000000023,22.65030456852796,22.710000000000036
2025-10-06,Temesi,Aqua,32.350609137055876,32.09000000000003,,
2025-10-08,Temesi,Aqua,31.53355329949241,32.29000000000002,,21.29000000000002
2025-10-09,Temesi,Aqua,,,17.577309644670095,19.090000000000032
2025-10-13,Temesi,Aqua,31.862588832487333,31.690078125000056,22.944416243654853,22.83000000000004
2025-10-14,Temesi,Aqua,,29.370000000000005,21.710000000000036,21.650000000000034
2025-10-15,Temesi,Aqua,28.29619289340105,28.27000000000004,21.34766497461933,22.210000000000033
2025-10-16,Temesi,Aqua,31.374670050761445,32.05000000000001,,
2025-10-17,Temesi,Aqua,,,23.610000000000014,23.55000000000001
2025-10-26,Temesi,Aqua,27.045939086294425,29.52415481832547,,
2025-10-31,Temesi,Aqua,,23.970000000000027,20.17852791878176,20.03000000000003
2025-12-02,Temesi,Aqua,,,23.150000000000034,22.190000000000055
2025-12-03,Temesi,Aqua,,,21.89588832487311,21.37
2025-12-06,Temesi,Aqua,32.05730964467007,32.579397089397126,,
2025-12-17,Temesi,Aqua,,,20.07060913705588,20.03000000000003
2026-02-03,Temesi,Aqua,29.730609137055875,30.730000000000018,20.92411167512694,21.310000000000002
2026-03-21,Temesi,Aqua,,,22.03000000000003,21.410000000000025
2026-03-29,Temesi,Aqua,31.889390862944197,31.510000000000048,22.80766497461931,22.250000000000057
2026-03-30,Temesi,Aqua,,30.430000000000007,21.392944162436564,21.33000000000004
2026-03-31,Temesi,Aqua,30.802385786802045,30.110000000000014,,
2026-04-01,Temesi,Aqua,32.987969543147244,32.710000000000036,,19.210000000000036
2026-04-03,Temesi,Aqua,,,20.83000000000004,22.57000000000005
2026-04-11,Temesi,Aqua,30.740862944162487,30.80000000000001,21.660050761421363,22.450000000000045
2026-04-12,Temesi,Aqua,,,11.172131979695456,19.450000000000045
2026-04-13,Temesi,Aqua,31.384111675126924,31.11000000000001,22.402385786802064,18.670000000000016
2026-04-14,Temesi,Aqua,33.02258883248736,33.170000000000016,,
2026-04-16,Temesi,Aqua,31.666142131979715,31.649960861056787,23.24441624365486,22.810000000000002
2026-04-17,Temesi,Aqua,30.335583756345184,30.05000000000001,22.58441624365484,22.350000000000023
2026-04-19,Temesi,Aqua,30.87639593908634,31.470000000000027,,
2026-04-24,Temesi,Aqua,31.54908629441626,31.650000000000038,22.4850253807107,22.430000000000007
2026-04-25,Temesi,Aqua,,28.310000000000002,20.57852791878177,21.730000000000018
2026-04-30,Temesi,Aqua,23.191218274111687,23.49000000000001,,
2026-05-01,Temesi,Aqua,25.930000000000007,23.690000000000055,,23.470000000000027
2026-05-02,Temesi,Aqua,,27.77000000000004,19.25294416243658,19.010000000000048
2026-05-04,Temesi,Aqua,29.645329949238594,29.610000000000014,21.00472081218278,21.05000000000001
2026-05-06,Temesi,Aqua,27.130000000000052,26.950000000000045,17.77000000000004,22.710000000000036
2026-05-07,Temesi,Aqua,30.07355329949243,30.170000000000016,,
2026-05-08,Temesi,Aqua,,,20.547360406091393,20.730000000000018
2026-05-10,Temesi,Aqua,27.677918781725904,27.79000000000002,,
2026-05-12,Temesi,Aqua,,28.410000000000025,18.88289340101526,19.33000000000004
2026-05-14,Temesi,Aqua,,24.010000000000048,23.29142131979699,22.690000000000055
2026-05-15,Temesi,Aqua,30.242893401015255,30.310000000000002,20.3214720812183,19.690000000000055
2026-05-24,Temesi,Aqua,,,22.55000000000001,22.350000000000023
2026-05-25,Temesi,Aqua,27.528578680203065,27.850000000000023,,17.310000000000002
2026-05-28,Temesi,Aqua,29.198223350253844,28.950000000000042,,
2026-05-30,Temesi,Aqua,30.726446700507648,30.480340909090923,20.090000000000032,19.05000000000001
2026-05-31,Temesi,Aqua,29.79558375634522,29.590000000000032,,19.470000000000027
2026-06-01,Temesi,Aqua,24.750000000000057,23.470000000000027,,
2026-06-02,Temesi,Aqua,29.809086294416282,29.696649214659733,,19.850000000000023
2026-06-03,Temesi,Aqua,,,20.83000000000004,19.690000000000055
2026-06-04,Temesi,Aqua,28.56705583756347,28.55000000000001,,22.250000000000057
2026-06-05,Temesi,Aqua,31.978832487309678,31.130000000000052,,
2026-06-06,Temesi,Aqua,,,21.590000000000032,20.850000000000023
2026-06-07,Temesi,Aqua,30.82380710659902,30.57000000000005,,21.170000000000016
2026-06-08,Temesi,Aqua,28.810000000000002,28.670000000000016,17.841472081218306,19.630000000000052
2026-06-09,Temesi,Aqua,30.05649746192897,28.93000000000001,,20.390000000000043
2026-06-14,Temesi,Aqua,27.810000000000002,27.630000000000056,21.080456852791922,21.910000000000025
2026-06-15,Temesi,Aqua,29.661167512690376,30.170000000000016,18.250000000000057,18.29000000000002
2026-06-16,Temesi,Aqua,28.422081218274148,28.130000000000052,21.68116751269041,21.130000000000052
2026-06-17,Temesi,Aqua,30.24705583756348,30.03000000000003,,21.33000000000004
2026-06-18,Temesi,Aqua,29.246446700507626,28.99000000000001,,
2026-06-19,Temesi,Aqua,,,20.047360406091396,20.79000000000002
2026-06-20,Temesi,Aqua,28.915888324873126,28.850000000000023,22.10472081218278,21.910000000000025
2026-06-21,Temesi,Aqua,,,17.836497461928964,17.850000000000023
2026-06-22,Temesi,Aqua,27.730000000000018,26.83000000000004,,22.350000000000023
2026-06-23,Temesi,Aqua,29.724720812182753,29.610000000000014,,
2026-06-24,Temesi,Aqua,,,17.650000000000034,19.890000000000047
2026-06-26,Temesi,Aqua,27.57000000000005,27.110000000000014,,
2026-06-27,Temesi,Aqua,25.950000000000045,25.77000000000004,,21.670000000000016
2026-06-28,Temesi,Aqua,,29.170000000000016,20.730000000000018,20.190000000000055
2026-06-29,Temesi,Aqua,,,20.150000000000034,19.230000000000018
2026-06-30,Temesi,Aqua,29.701776649746222,29.49000000000001,20.587360406091413,20.250000000000057
2026-07-01,Temesi,Aqua,28.652944162436583,28.130000000000052,,
2026-07-02,Temesi,Aqua,,24.83000000000004,20.730000000000018,20.57000000000005
2026-07-03,Temesi,Aqua,29.173248730964524,29.210000000000036,18.630000000000052,18.53000000000003
2026-07-04,Temesi,Aqua,27.510000000000048,27.33000000000004,20.110000000000014,19.710000000000036
2026-07-05,Temesi,Aqua,28.501776649746237,28.350000000000023,20.819441624365503,20.610000000000014
2026-07-06,Temesi,Aqua,29.03324873096448,28.930000000000007,,
2026-07-07,Temesi,Aqua,,,21.470000000000027,21.510000000000048
2026-07-08,Temesi,Aqua,27.450000000000045,27.930000000000007,,17.410000000000025
2026-07-09,Temesi,Aqua,28.010000000000048,28.390000000000043,,18.010000000000048
2026-07-10,Temesi,Aqua,27.504416243654855,27.49000000000001,18.630000000000052,18.170000000000016
2026-07-11,Temesi,Aqua,29.199644670050787,29.190000000000055,18.370000000000005,18.470000000000027
2026-07-13,Temesi,Aqua,29.020964467005104,27.99000000000001,,18.57000000000005
2026-07-14,Temesi,Aqua,29.810000000000002,29.730000000000018,,
2026-07-15,Temesi,Aqua,,25.77000000000004,21.9850253807107,21.590000000000032
2026-07-16,Temesi,Aqua,30.314974619289373,30.450000000000045,21.03000000000003,21.130000000000052
2026-07-17,Temesi,Aqua,28.010000000000048,27.850000000000023,,
2026-07-21,Temesi,Aqua,,,19.673248730964524,18.870000000000005
2026-07-23,Temesi,Aqua,25.230000000000018,25.210000000000036,20.116192893401042,19.810000000000002
2026-07-24,Temesi,Aqua,,24.27000000000004,14.630000000000052,14.610000000000014
2026-07-28,Temesi,Aqua,,,21.190000000000055,20.83000000000004
2026-07-31,Temesi,Aqua,28.310304568527933,28.170000000000016,17.87355329949244,17.450000000000045
2026-08-01,Temesi,Aqua,27.920862944162465,28.010000000000048,,
2026-08-02,Temesi,Aqua,,,22.130000000000052,21.710000000000036
2026-08-03,Temesi,Aqua,30.632944162436573,30.230000000000018,,21.110000000000014
2026-08-04,Temesi,Aqua,29.064416243654858,28.690000000000055,,19.450000000000045
2026-08-05,Temesi,Aqua,29.77060913705587,29.33000000000004,,21.49000000000001
2026-08-06,Temesi,Aqua,30.31822335025385,29.970000000000027,,
2026-08-08,Temesi,Aqua,27.716497461928956,28.370000000000005,19.172131979695457,19.010000000000048
2026-08-09,Temesi,Aqua,,27.910000000000025,18.641573604060934,17.83000000000004
2026-08-10,Temesi,Aqua,,,20.910000000000025,20.210000000000036
2026-08-11,Temesi,Aqua,29.798223350253842,29.7675416133163,19.582893401015248,19.690000000000055
2026-08-12,Temesi,Aqua,29.03000000000003,28.750000000000057,,
2026-08-16,Temesi,Aqua,27.921776649746217,28.970000000000027,20.010000000000048,20.210000000000036
2026-08-17,Temesi,Aqua,,26.910000000000025,20.938527918781755,20.750000000000057
2026-08-18,Temesi,Aqua,32.03324873096448,31.29000000000002,,14.650000000000034
2026-08-19,Temesi,Aqua,27.83588832487311,27.03000000000003,,
2026-08-21,Temesi,Aqua,30.842385786802062,30.470000000000027,20.931218274111693,20.630000000000052
2026-08-22,Temesi,Aqua,,,20.110000000000014,19.950000000000045
2026-08-23,Temesi,Aqua,26.390000000000043,27.83000000000004,,21.810000000000002
2026-08-24,Temesi,Aqua,30.846446700507652,30.670000000000016,19.790304568527947,20.170000000000016
2026-08-26,Temesi,Aqua,30.83060913705587,30.950000000000045,,20.190000000000055
2026-08-27,Temesi,Aqua,30.152335025380726,30.190000000000055,,
2026-08-29,Temesi,Aqua,29.580862944162465,29.450000000000042,21.302385786802045,20.75000000000006
2026-08-30,Temesi,Aqua,31.410000000000025,31.390000000000043,20.895583756345186,20.510000000000048
2026-08-31,Temesi,Aqua,30.216192893401033,29.920000000000016,19.938730964467045,20.170000000000016
2026-09-01,Temesi,Aqua,31.527360406091415,30.950000000000045,,
2026-09-03,Temesi,Aqua,31.04624365482235,30.970078125000025,,19.07000000000005
2026-09-04,Temesi,Aqua,29.670000000000016,29.29000000000002,19.33822335025383,19.03000000000003
2026-09-05,Temesi,Aqua,30.162081218274125,27.590000000000032,,19.610000000000014
2026-09-10,Temesi,Aqua,,,18.32258883248733,20.450000000000045
2026-09-11,Temesi,Aqua,28.96055837563456,28.970000000000027,15.44827411167515,15.750000000000057
2026-09-13,Temesi,Aqua,31.80532994923862,31.430000000000007,23.577106598984802,22.510000000000048
2026-09-15,Temesi,Aqua,,,20.041472081218295,21.370000000000005
2026-09-16,Temesi,Aqua,30.29974619289342,30.21000000000004,,
2026-09-17,Temesi,Aqua,,29.710000000000036,20.215583756345236,20.370000000000005
2026-09-18,Temesi,Aqua,28.204416243654844,28.090000000000032,,21.930000000000007
2026-09-19,Temesi,Aqua,30.808781725888377,30.670000000000016,20.098527918781752,20.33000000000004
2026-09-20,Temesi,Aqua,,,21.79000000000002,21.03000000000003
2026-09-21,Temesi,Aqua,29.93355329949244,29.510000000000044,21.970000000000027,21.55000000000001
