date,sensor,day_tpa,day_ring,night_tpa,night_ring
2019-01-07,Terra,29.933417085427145,29.610000000000014,,23.690000000000055
2019-01-08,Terra,29.08095477386936,28.750000000000057,23.110603015075423,22.83000000000004
2019-01-09,Terra,,,18.760653266331687,19.210000000000036
2019-01-10,Terra,32.29663316582918,32.21000000000004,,
2019-01-26,Terra,30.62266331658294,31.030000000000033,,
2019-01-30,Terra,29.110000000000014,29.55000000000001,,
2019-02-02,Terra,26.895025125628177,26.55000000000001,,
2019-02-20,Terra,28.450000000000045,29.130000000000052,,
2019-02-22,Terra,31.153316582914606,31.83000000000004,,22.03000000000003
2019-02-23,Terra,28.47944723618093,29.27000000000004,,
2019-02-26,Terra,29.106683417085467,28.950000000000045,,
2019-03-01,Terra,30.947487437185952,31.390000000000043,,
2019-03-10,Terra,29.37944723618093,29.650000000000034,21.950000000000045,22.010000000000048
2019-03-11,Terra,29.531407035175906,29.690000000000058,,
2019-03-26,Terra,30.942763819095504,30.670000000000016,,
2019-03-28,Terra,31.650000000000034,30.27000000000004,,
2019-03-29,Terra,31.310000000000002,30.450000000000045,,
2019-03-31,Terra,31.44256281407038,31.36185303514378,,
2019-04-07,Terra,31.61582914572869,31.136684073107098,,18.55000000000001
2019-04-18,Terra,33.55974874371863,32.51000000000005,,25.650000000000034
2019-04-19,Terra,30.90025125628141,30.430000000000007,,
2019-04-21,Terra,33.07864321608045,32.601813804173375,,
2019-04-23,Terra,33.3497989949749,32.85000000000002,23.310000000000002,19.130000000000052
2019-04-26,Terra,29.188994974874397,28.810000000000002,,
2019-04-27,Terra,30.730000000000018,29.57000000000005,,
2019-04-30,Terra,29.185769230769246,29.510000000000048,,20.77000000000004
2019-05-02,Terra,30.661055276381948,30.710000000000036,,
2019-05-04,Terra,32.71090452261307,32.46346153846157,,24.750000000000057
2019-05-05,Terra,29.692914572864346,29.450000000000045,,
2019-05-06,Terra,29.730000000000018,29.410000000000025,23.479246231155795,23.350000000000023
2019-05-07,Terra,28.54658291457288,28.230000000000018,,
2019-05-08,Terra,30.269899497487486,29.610000000000014,,24.390000000000043
2019-05-09,Terra,31.765477386934684,31.850000000000023,,23.130000000000052
2019-05-11,Terra,30.993919597990008,31.284689826302753,,
2019-05-12,Terra,27.322964824120643,27.370000000000005,,
2019-05-13,Terra,29.29090452261309,29.470000000000027,,22.010000000000048
2019-05-14,Terra,29.291708542713586,29.350000000000023,,
2019-05-15,Terra,28.89341708542717,28.890000000000043,21.389798994974917,20.630000000000052
2019-05-18,Terra,31.558040201005053,32.190000000000055,,23.370000000000005
2019-05-20,Terra,31.04547738693469,31.58367292225205,,22.850000000000023
2019-05-21,Terra,29.420452261306576,29.670000000000016,,23.630000000000052
2019-05-22,Terra,30.662763819095506,30.890000000000043,,25.010000000000048
2019-05-23,Terra,29.775025125628172,30.079655172413837,,
2019-05-24,Terra,29.872512562814077,30.030000000000033,,
2019-05-25,Terra,30.328391959799035,31.670000000000016,,23.510000000000048
2019-05-27,Terra,28.444773869346772,29.99000000000001,,
2019-05-29,Terra,27.350000000000023,28.390000000000043,23.25201005025128,23.57000000000005
2019-05-30,Terra,26.66829145728645,27.510000000000048,,
2019-06-05,Terra,29.279547738693495,30.523527918781763,22.479246231155827,22.730000000000018
2019-06-06,Terra,29.208894472361845,29.33000000000004,,
2019-06-07,Terra,27.273216080402054,27.73000000000002,22.83000000000004,22.79000000000002
2019-06-08,Terra,27.674824120603034,28.27000000000004,,
2019-06-10,Terra,29.898442211055283,31.418225806451627,,
2019-06-12,Terra,27.89924623115582,29.170000000000016,22.170000000000016,22.210000000000036
2019-06-15,Terra,27.728592964824152,28.590000000000032,21.859246231155822,21.670000000000016
2019-06-16,Terra,28.625879396984956,29.510000000000048,21.57000000000005,21.170000000000016
2019-06-17,Terra,29.2981407035176,30.250000000000057,21.292010050251278,21.110000000000014
2019-06-18,Terra,29.201155778894517,28.29000000000002,,21.690000000000055
2019-06-19,Terra,29.05040201005029,30.53000000000003,,18.470000000000027
2019-06-21,Terra,28.52487437185934,29.92301369863015,,21.49000000000001
2019-06-22,Terra,28.530402010050278,28.48058091286309,,19.390000000000043
2019-06-23,Terra,29.408994974874425,29.950000000000045,,22.710000000000036
2019-06-24,Terra,29.571909547738716,30.230000000000018,21.12035532994927,21.210000000000036
2019-06-25,Terra,28.974723618090497,29.250000000000057,,23.470000000000027
2019-06-26,Terra,31.04879396984929,32.370000000000005,,23.390000000000043
2019-06-27,Terra,,,20.45120603015077,20.350000000000023
2019-06-28,Terra,28.298542713567873,29.840000000000032,,20.670000000000016
2019-06-29,Terra,27.806683417085456,28.930000000000007,,
2019-06-30,Terra,27.32748743718595,28.29720200752824,20.892010050251272,20.930000000000007
2019-07-01,Terra,29.52929648241209,30.299375000000015,,16.090000000000032
2019-07-07,Terra,29.889798994974925,30.63416149068328,,21.310000000000002
2019-07-08,Terra,29.401055276381943,29.510000000000048,18.27100502512564,18.49000000000001
2019-07-09,Terra,28.861256281407048,29.250000000000057,,14.890000000000043
2019-07-10,Terra,29.78668341708546,29.950000000000045,,18.05000000000001
2019-07-11,Terra,,28.470000000000027,15.34155778894473,15.270000000000039
2019-07-12,Terra,30.88376884422113,31.196900684931556,,21.03000000000003
2019-07-14,Terra,31.24467336683421,31.758056206089048,19.956923076923104,20.710000000000036
2019-07-16,Terra,31.30386934673368,31.470000000000024,20.596597938144363,20.670000000000016
2019-07-17,Terra,27.49000000000001,28.55000000000001,,12.750000000000057
2019-07-21,Terra,29.850000000000023,29.510000000000048,,22.370000000000005
2019-07-23,Terra,32.33552763819097,32.357055837563465,,
2019-07-25,Terra,31.476030150753797,31.073450608931033,20.666783919598018,21.350000000000023
2019-07-26,Terra,32.08195979899502,31.730000000000018,,
2019-07-27,Terra,30.627487437185955,29.870000000000005,,22.810000000000002
2019-07-28,Terra,32.94939698492468,32.410000000000025,21.37020100502513,21.05000000000001
2019-07-29,Terra,,,20.43643216080405,20.670000000000016
2019-07-30,Terra,31.867788944723664,32.25000000000006,20.377135678391976,20.690000000000055
2019-08-01,Terra,33.46738693467338,32.79903225806453,,21.49000000000001
2019-08-02,Terra,,,20.72728643216082,20.730000000000018
2019-08-03,Terra,31.97301507537691,31.35676392572946,14.245879396984963,17.350000000000023
2019-08-04,Terra,,30.07000000000005,18.715929648241236,18.890000000000043
2019-08-05,Terra,30.782864321608074,29.925607235142127,20.000954773869356,19.750000000000057
2019-08-06,Terra,34.19934673366836,33.518937093275525,17.53000000000003,17.690000000000055
2019-08-08,Terra,30.57834170854276,29.55000000000001,,19.910000000000025
2019-08-10,Terra,33.82909547738696,32.63602739726032,,
2019-08-12,Terra,32.6795477386935,31.57000000000005,,
2019-08-13,Terra,33.878743718592986,32.89000000000004,21.448894472361857,21.690000000000055
2019-08-15,Terra,34.82597989949751,33.81,,20.07000000000005
2019-08-17,Terra,31.150000000000034,32.29000000000002,,21.49000000000001
2019-08-18,Terra,32.587788944723656,30.810000000000002,,
2019-08-27,Terra,32.00829145728648,31.670000000000016,,19.670000000000016
2019-08-28,Terra,31.25753768844224,30.650000000000038,,
2019-08-29,Terra,35.3662814070352,34.860000000000014,,22.750000000000057
2019-08-31,Terra,32.08919597989953,32.86854545454546,,21.110000000000014
2019-09-01,Terra,29.065879396984975,28.730000000000018,,
2019-09-02,Terra,35.93080402010054,35.07147651006716,21.97763819095481,21.690000000000055
2019-09-03,Terra,29.532474226804155,29.230000000000018,21.30025125628142,21.03000000000003
2019-09-04,Terra,32.1892964824121,31.870000000000005,20.549615384615397,20.77000000000004
2019-09-05,Terra,31.122864321608073,31.456141304347867,14.218241206030179,13.810000000000002
2019-09-06,Terra,29.859748743718608,29.150000000000034,,20.650000000000034
2019-09-07,Terra,33.52949748743722,33.110000000000014,21.78326633165832,21.750000000000057
2019-09-09,Terra,36.58346733668345,36.450000000000045,,23.05000000000001
2019-09-10,Terra,33.46195979899501,33.57000000000005,,19.870000000000005
2019-09-11,Terra,34.10005025125631,33.200143396226466,,21.99000000000001
2019-09-12,Terra,34.07934673366837,33.35000000000002,,16.350000000000023
2019-09-13,Terra,31.482462311557807,31.33000000000004,,
2019-09-14,Terra,33.32407035175882,34.05000000000001,,20.590000000000032
2019-09-16,Terra,36.71251256281412,36.72638676844786,,
2019-09-18,Terra,37.18748743718596,37.55000000000001,,23.310000000000002
2019-09-19,Terra,,,15.29000000000002,15.29000000000002
2019-09-20,Terra,33.52417085427139,33.31,,22.390000000000043
2019-09-21,Terra,33.1811557788945,33.55000000000001,20.01180904522616,20.130000000000052
2019-09-23,Terra,36.3400502512563,36.450000000000045,21.75572864321611,21.810000000000002
2019-09-25,Terra,36.20688442211058,37.53000000000003,,24.83000000000004
2019-09-26,Terra,30.263604060913742,30.390000000000043,,
2019-09-28,Terra,,30.890000000000043,17.590000000000032,17.930000000000007
2019-09-29,Terra,32.77291457286435,32.410000000000025,21.770703517587982,21.55000000000001
2019-09-30,Terra,35.064070351758836,35.170000000000016,,
2019-10-02,Terra,39.00326633165833,39.370000000000005,22.29000000000002,22.370000000000005
2019-10-03,Terra,31.281356783919627,30.350000000000023,,
2019-10-04,Terra,36.566984924623156,36.39000000000004,,23.710000000000036
2019-10-05,Terra,32.78527638190957,32.33000000000004,,20.410000000000025
2019-10-06,Terra,32.428592964824155,32.14006048387101,18.42045226130655,18.99000000000001
2019-10-08,Terra,,,22.823768844221128,22.350000000000023
2019-10-09,Terra,39.98206030150756,40.110000000000014,,22.470000000000027
2019-10-11,Terra,41.508291457286475,41.57965517241384,,23.010000000000048
2019-10-12,Terra,35.24075376884425,34.950000000000045,19.350000000000023,19.610000000000014
2019-10-13,Terra,32.84567839195983,33.01000000000005,21.07170854271359,21.55000000000001
2019-10-14,Terra,34.33572864321609,35.23000000000002,,
2019-10-16,Terra,36.34125628140706,36.855956834532385,,
2019-10-17,Terra,,,22.27000000000004,22.170000000000016
2019-10-18,Terra,40.274623115577924,40.85000000000003,22.620150753768883,22.750000000000057
2019-10-20,Terra,33.947085427135704,35.11000000000002,,21.29000000000002
2019-10-21,Terra,35.219547738693485,34.610000000000014,,24.07000000000005
2019-10-22,Terra,37.05010050251257,37.01701513067405,,21.930000000000007
2019-10-23,Terra,37.71462311557793,37.910000000000025,,
2019-10-24,Terra,33.05864321608044,32.55000000000001,21.49000000000001,21.510000000000048
2019-10-25,Terra,39.259547738693506,38.99000000000001,,24.950000000000045
2019-10-27,Terra,36.90055276381912,36.97000000000003,,
2019-10-28,Terra,,,12.950000000000045,17.410000000000025
2019-10-29,Terra,35.794924623115605,36.670000000000016,,21.730000000000018
2019-10-30,Terra,36.780452261306564,37.299444444444454,,
2019-10-31,Terra,34.94537688442216,33.03000000000003,,
2019-11-03,Terra,,,17.495929648241237,17.370000000000005
2019-11-04,Terra,29.052512562814087,28.61000000000001,,
2019-11-05,Terra,35.92658291457288,36.59000000000003,,24.610000000000014
2019-11-06,Terra,33.538743718593,33.690000000000055,,
2019-11-07,Terra,33.791507537688474,34.01000000000005,15.231105527638208,14.79000000000002
2019-11-08,Terra,34.106482412060316,35.610000000000014,,23.130000000000052
2019-11-10,Terra,36.79673366834175,37.170000000000016,,14.350000000000023
2019-11-12,Terra,37.502763819095506,38.30063291139242,23.010000000000048,22.950000000000045
2019-11-14,Terra,35.014924623115604,34.951619433198424,19.910000000000025,18.510000000000048
2019-11-15,Terra,36.40487437185933,36.84770833333336,22.63080402010056,22.750000000000057
2019-11-16,Terra,33.80286432160807,33.70118421052636,22.747085427135705,22.580515463917568
2019-11-17,Terra,36.15914572864326,36.25000000000006,22.626482412060337,22.590000000000032
2019-11-21,Terra,33.23974874371862,35.27000000000004,,23.370000000000005
2019-11-22,Terra,32.55954773869349,33.01000000000005,22.74859296482415,22.69000000000005
2019-11-23,Terra,35.29070351758798,35.190000000000055,,25.130000000000052
2019-11-26,Terra,34.498743718593005,33.65453932584272,16.115829145728686,16.810000000000002
2019-11-28,Terra,35.0328140703518,34.33000000000004,,
2019-11-29,Terra,30.640150753768868,31.010000000000048,,
2019-11-30,Terra,33.27934673366837,34.03000000000003,,
2019-12-05,Terra,32.43070351758796,33.02835920177387,,
2019-12-07,Terra,33.652311557788984,34.02513353115731,,
2019-12-08,Terra,32.98869346733671,32.59000000000003,,
2019-12-09,Terra,33.932713567839244,33.47000000000003,,
2019-12-10,Terra,31.40537688442212,32.09000000000003,15.79000000000002,17.090000000000032
2019-12-12,Terra,34.04809045226133,33.85000000000002,,
2019-12-21,Terra,34.09020100502516,33.90995545657018,,26.07000000000005
2019-12-30,Terra,33.574924623115606,33.26318181818186,,
2020-01-08,Terra,,,17.210000000000036,17.430000000000007
2020-01-15,Terra,,28.710000000000036,23.687889447236227,24.05000000000001
2020-01-16,Terra,29.07000000000005,29.07000000000005,,20.750000000000057
2020-01-17,Terra,33.99814070351762,33.479604519774036,,25.29000000000002
2020-01-18,Terra,32.96658291457292,32.870000000000005,,
2020-01-20,Terra,33.02286432160807,32.85000000000002,,
2020-01-22,Terra,32.43201005025128,32.47000000000003,,
2020-01-24,Terra,32.57150753768846,32.950000000000045,23.891827411167547,23.310000000000002
2020-01-25,Terra,30.876432160804047,30.79000000000002,15.443065326633212,13.970000000000027
2020-01-29,Terra,30.92758793969852,31.57000000000005,,
2020-02-03,Terra,28.09723618090455,27.750000000000057,,
2020-02-07,Terra,27.190000000000055,27.090000000000032,,
2020-02-12,Terra,29.00266331658296,28.910000000000025,,
2020-02-14,Terra,32.809296482412094,31.750000000000057,,
2020-02-23,Terra,30.06366834170857,31.29959183673471,,
2020-03-17,Terra,29.906582914572923,30.97350230414749,,
2020-03-20,Terra,28.52597989949752,29.170000000000016,,
2020-03-24,Terra,28.537236180904547,28.310000000000002,,
2020-03-26,Terra,33.10778894472367,33.61000000000002,,
2020-03-30,Terra,,27.57000000000005,20.730000000000018,24.170000000000016
2020-03-31,Terra,29.303768844221146,29.190000000000055,,
2020-04-02,Terra,32.093618090452296,32.51000000000004,,
2020-04-09,Terra,30.527889447236195,30.420000000000016,,24.710000000000036
2020-04-11,Terra,30.83964467005079,31.350000000000023,,
2020-04-13,Terra,31.41663316582917,31.33000000000004,,
2020-04-16,Terra,32.29371134020621,32.03000000000003,,
2020-04-20,Terra,32.15572864321611,32.01000000000005,,22.690000000000055
2020-04-21,Terra,31.242663316582956,30.450000000000045,,18.470000000000027
2020-04-22,Terra,32.175728643216125,31.75861607142862,,25.210000000000036
2020-04-23,Terra,31.150000000000034,30.870000000000005,23.441959798995004,23.49000000000001
2020-04-27,Terra,34.06487437185933,32.76034482758625,23.241557788944732,22.930000000000007
2020-04-29,Terra,31.38276381909551,31.110000000000014,,
2020-05-02,Terra,30.817135678392006,30.010000000000044,,
2020-05-04,Terra,,,23.252010050251286,20.250000000000057
2020-05-06,Terra,32.08678391959803,31.45000000000005,23.562791878172625,23.390000000000043
2020-05-11,Terra,31.46648241206033,31.27000000000004,,
2020-05-13,Terra,31.70879396984928,31.390000000000043,,
2020-05-20,Terra,30.247587939698523,28.670000000000016,,
2020-05-23,Terra,28.939644670050786,28.810000000000002,,
2020-05-24,Terra,29.905376884422136,29.450000000000045,,24.410000000000025
2020-05-25,Terra,28.77000000000004,29.870000000000005,,
2020-05-26,Terra,,24.710000000000036,18.370000000000005,18.03000000000003
2020-05-27,Terra,,,19.371923076923125,19.83000000000004
2020-06-03,Terra,28.588969072164996,29.01185053380788,,
2020-06-04,Terra,28.680954773869352,28.390000000000043,,22.29000000000002
2020-06-05,Terra,,29.77000000000004,18.55000000000001,18.05000000000001
2020-06-07,Terra,24.670000000000016,24.670000000000016,,
2020-06-08,Terra,27.59814070351761,28.02317829457368,,
2020-06-09,Terra,28.458743718593002,28.890000000000043,,21.730000000000018
2020-06-10,Terra,30.077135678391976,30.450000000000045,,
2020-06-11,Terra,28.41391959798996,28.230000000000018,20.53000000000003,20.710000000000036
2020-06-12,Terra,31.075527638190998,31.585000000000036,,22.470000000000027
2020-06-16,Terra,30.772412060301537,30.98185282522998,,23.610000000000014
2020-06-18,Terra,27.110000000000014,28.250000000000057,,24.010000000000048
2020-06-25,Terra,25.65663316582917,24.79000000000002,,22.27000000000004
2020-06-26,Terra,26.290201005025153,26.450000000000045,,
2020-06-27,Terra,29.118140703517607,28.8577403846154,,
2020-06-28,Terra,,,20.230000000000018,20.950000000000045
2020-06-30,Terra,29.005577889447284,29.650000000000034,,21.690000000000055
2020-07-02,Terra,29.473417085427187,30.83000000000004,,
2020-07-03,Terra,29.365778894472406,29.670000000000016,,
2020-07-04,Terra,29.334422110552808,30.027345132743395,22.301256281407074,22.510000000000048
2020-07-05,Terra,25.590000000000032,28.470000000000027,,
2020-07-07,Terra,,,21.338040201005068,22.210000000000036
2020-07-09,Terra,,,22.11071065989852,21.890000000000043
2020-07-11,Terra,29.446381909547757,29.97695333943277,20.508090452261367,20.250000000000057
2020-07-16,Terra,30.165769230769268,30.370000000000005,,23.53000000000003
2020-07-17,Terra,30.37914572864324,30.203065941536416,,
2020-07-18,Terra,,30.53000000000003,21.246582914572894,21.730000000000018
2020-07-20,Terra,,,22.86015075376886,22.630000000000052
2020-07-21,Terra,,,14.488994974874402,13.210000000000036
2020-07-23,Terra,29.84105527638194,30.07000000000005,,22.53000000000003
2020-07-25,Terra,28.77000000000004,29.670000000000016,,
2020-07-26,Terra,27.3046733668342,27.230000000000018,20.285876288659814,19.850000000000023
2020-07-27,Terra,29.870000000000005,29.670000000000016,,21.29000000000002
2020-07-28,Terra,,24.05000000000001,20.81050251256285,20.950000000000045
2020-07-30,Terra,31.464773869346775,31.630000000000052,,19.470000000000027
2020-08-02,Terra,28.949095477386972,28.750000000000057,,
2020-08-06,Terra,30.71673366834174,30.07000000000005,20.8608542713568,20.79000000000002
2020-08-08,Terra,29.24618090452266,28.690000000000055,,20.970000000000027
2020-08-10,Terra,34.44155778894475,33.89000000000004,,
2020-08-11,Terra,,,18.407085427135705,17.27000000000004
2020-08-12,Terra,29.54788944723619,29.270000000000042,19.62206030150759,19.350000000000023
2020-08-15,Terra,29.422462311557833,28.983740458015276,22.92939698492466,22.930000000000007
2020-08-17,Terra,31.90125628140706,31.49000000000001,22.03854271356786,22.07000000000005
2020-08-18,Terra,27.216733668341735,26.730000000000018,,
2020-08-19,Terra,30.13824120603016,28.810000000000002,11.20236180904525,11.550000000000011
2020-08-21,Terra,32.20728643216084,31.450000000000045,21.827587939698535,21.57000000000005
2020-08-22,Terra,33.862160804020135,32.910000000000025,,23.090000000000032
2020-08-23,Terra,28.930000000000007,28.370000000000005,20.610000000000014,21.950000000000045
2020-08-24,Terra,35.65381909547742,34.690000000000055,23.130000000000052,22.02000000000004
2020-08-26,Terra,34.30547738693472,32.83000000000004,21.670000000000016,21.910000000000025
2020-08-30,Terra,31.33994974874375,30.930000000000007,,
2020-08-31,Terra,34.55824120603019,33.41852643419574,,
2020-09-02,Terra,31.993819095477416,31.970000000000027,,
2020-09-04,Terra,31.963567839196028,31.730000000000018,,22.470000000000027
2020-09-05,Terra,31.958743718592974,31.522776203966043,19.234924623115607,18.970000000000027
2020-09-06,Terra,27.670000000000016,28.170000000000016,16.150000000000034,17.170000000000016
2020-09-09,Terra,34.8179396984925,34.016781914893656,19.850000000000023,22.29000000000002
2020-09-11,Terra,35.46869346733673,34.655847457627154,,24.49000000000001
2020-09-13,Terra,32.29914572864325,31.150000000000034,,
2020-09-14,Terra,34.148693467336706,33.75943793911012,,22.150000000000034
2020-09-15,Terra,32.167487437185976,31.636243093922698,,21.690000000000055
2020-09-16,Terra,,29.05000000000001,20.750000000000057,20.49000000000001
2020-09-18,Terra,35.945477386934684,35.46723214285717,,
2020-09-20,Terra,36.45814070351762,35.98000000000002,23.19150753768845,23.27000000000004
2020-09-22,Terra,,,16.987692307692335,16.090000000000032
2020-09-24,Terra,,,17.696030150753796,18.650000000000034
2020-09-27,Terra,,32.55000000000001,21.099045226130684,22.230000000000018
2020-10-01,Terra,32.13000000000005,32.01000000000005,,
2020-10-02,Terra,,33.110000000000014,19.995226130653297,20.730000000000018
2020-10-07,Terra,33.27000000000004,32.09000000000003,,
2020-10-11,Terra,33.995527638191,34.43000000000001,,
2020-10-13,Terra,35.608994974874385,36.70846153846158,,
2020-10-16,Terra,30.86879396984927,31.4248846539619,,18.950000000000045
2020-10-22,Terra,31.08326633165833,33.02000000000004,18.07000000000005,23.20428571428576
2020-10-23,Terra,30.146984924623148,29.77000000000004,,
2020-10-24,Terra,,,20.15961538461544,19.810000000000002
2020-10-26,Terra,,,16.013417085427164,15.650000000000034
2020-10-29,Terra,35.00648241206032,34.98374663072778,,
2020-11-07,Terra,34.51482412060304,33.80000000000001,,26.090000000000032
2020-11-16,Terra,31.146783919597997,31.210000000000036,24.263165829145752,22.730000000000018
2020-11-18,Terra,29.90949748743721,30.210000000000036,,23.390000000000043
2020-11-19,Terra,31.49000000000001,32.35000000000002,,
2020-11-21,Terra,35.01351758793972,34.851454545454565,,
2020-12-23,Terra,31.8303015075377,30.610000000000014,,21.410000000000025
2021-02-07,Terra,29.170000000000016,30.090000000000032,,
2021-02-16,Terra,30.05130653266336,31.520386965376822,,
2021-02-21,Terra,31.199648241206052,31.410000000000025,,
2021-03-02,Terra,30.592914572864352,31.090000000000032,,
2021-03-11,Terra,30.010000000000048,30.250000000000057,,
2021-03-15,Terra,30.39351758793974,30.29000000000002,,
2021-03-18,Terra,31.3884924623116,31.641308203991176,,
2021-03-27,Terra,31.510000000000048,30.950000000000045,,
2021-03-31,Terra,,29.33000000000004,23.413553299492413,23.350000000000023
2021-04-12,Terra,33.73100502512565,32.97886462882098,,23.05000000000001
2021-04-14,Terra,33.036331658291495,32.51000000000005,,24.53000000000003
2021-04-16,Terra,33.24457286432163,32.30063180827887,,24.77000000000004
2021-04-17,Terra,28.141758793969878,28.53000000000003,,
2021-04-19,Terra,31.993819095477427,30.64808593750004,,24.250000000000057
2021-04-20,Terra,31.433216080402048,31.03000000000003,,23.55000000000001
2021-04-21,Terra,33.59201005025129,32.79000000000002,,23.03000000000003
2021-04-23,Terra,33.55733668341713,32.864931506849324,23.167113402061872,22.690000000000055
2021-04-24,Terra,31.518743718593004,30.83000000000004,,14.090000000000032
2021-04-25,Terra,31.20226130653269,30.810000000000002,,
2021-04-26,Terra,32.02457286432165,31.450000000000045,,22.890000000000043
2021-04-27,Terra,29.69281407035178,29.190000000000055,21.94758793969853,22.010000000000048
2021-04-28,Terra,31.365376884422123,31.100757281553424,22.70216080402012,23.230000000000018
2021-04-30,Terra,,,21.672512562814077,22.430000000000007
2021-05-01,Terra,29.873618090452307,29.290000000000024,,
2021-05-03,Terra,30.839145728643256,30.29666666666668,,
2021-05-04,Terra,29.27000000000004,29.710000000000036,,
2021-05-05,Terra,29.399346733668356,29.97530697190429,,
2021-05-09,Terra,32.64276381909551,32.53056451612906,22.43341708542716,23.170000000000016
2021-05-10,Terra,29.423065326633203,29.190000000000055,,22.53000000000003
2021-05-11,Terra,31.137537688442237,31.03000000000003,22.059648241206055,22.090000000000032
2021-05-12,Terra,31.34809045226136,31.363333333333344,,23.410000000000025
2021-05-13,Terra,28.55773869346737,28.410000000000025,,
2021-05-14,Terra,28.865678391959825,28.690000000000055,,24.310000000000002
2021-05-15,Terra,,,23.09954773869349,23.310000000000002
2021-05-16,Terra,31.730502512562865,31.917822085889586,,24.150000000000034
2021-05-17,Terra,27.18035175879401,27.350000000000023,,
2021-05-21,Terra,29.20889447236187,30.650000000000034,23.00206030150757,23.110000000000014
2021-05-23,Terra,29.83211055276385,30.690000000000055,,22.310000000000002
2021-05-25,Terra,29.150000000000034,29.49000000000001,,
2021-05-26,Terra,29.08507537688446,29.03000000000003,,
2021-05-27,Terra,30.812211055276418,30.83000000000004,23.28346733668347,23.910000000000025
2021-05-29,Terra,,27.590000000000032,17.483467336683447,16.930000000000007
2021-06-01,Terra,30.852412060301553,30.983350717079546,,
2021-06-02,Terra,30.00879396984928,29.07000000000005,,
2021-06-03,Terra,30.657939698492488,31.131393258427018,,22.390000000000043
2021-06-04,Terra,28.891005025125644,29.310000000000002,21.507185929648262,20.810000000000002
2021-06-05,Terra,30.669597989949796,30.57000000000005,,20.83000000000004
2021-06-06,Terra,31.049095477386977,31.110000000000014,21.768693467336693,22.310000000000002
2021-06-07,Terra,28.96135678391964,28.110000000000014,,20.77000000000004
2021-06-08,Terra,31.48095477386938,31.910000000000025,,
2021-06-10,Terra,29.905376884422136,29.55000000000002,,22.53000000000003
2021-06-11,Terra,24.430000000000007,26.230000000000018,,
2021-06-12,Terra,28.990100502512604,29.201616438356204,,24.07000000000005
2021-06-19,Terra,28.82457286432163,29.150000000000034,,
2021-06-20,Terra,28.85914572864323,28.970000000000027,,
2021-06-22,Terra,28.136834170854318,28.59000000000003,,
2021-06-24,Terra,27.99000000000001,28.750000000000057,,
2021-06-26,Terra,29.15301507537691,29.800528301886807,,22.750000000000057
2021-06-27,Terra,27.56346733668344,27.630000000000052,,
2021-06-30,Terra,28.933517587939736,28.47000000000003,,23.27000000000004
2021-07-01,Terra,30.83783919597993,30.763181818181863,,
2021-07-03,Terra,28.57000000000005,28.370000000000005,,23.010000000000048
2021-07-04,Terra,26.86386934673368,26.470000000000027,,
2021-07-05,Terra,30.55723618090456,30.36145218417947,,21.670000000000016
2021-07-06,Terra,28.495929648241233,28.634632152588605,20.599949748743743,20.55000000000001
2021-07-07,Terra,24.55000000000001,24.53000000000003,,
2021-07-08,Terra,27.27793969849247,26.77000000000004,,
2021-07-12,Terra,31.868793969849257,31.63007220216612,,22.090000000000032
2021-07-14,Terra,27.09130653266335,26.910000000000025,,
2021-07-17,Terra,31.303969849246272,31.090000000000032,20.750000000000057,21.370000000000005
2021-07-19,Terra,31.865879396984965,31.850000000000023,,24.210000000000036
2021-07-20,Terra,30.536934673366858,30.05000000000001,,
2021-07-21,Terra,31.95371859296487,31.830000000000044,,
2021-07-22,Terra,30.77000000000004,30.410000000000025,,22.470000000000027
2021-07-23,Terra,,28.870000000000005,22.20807692307696,22.07000000000005
2021-07-24,Terra,32.95663316582918,32.450000000000045,,22.150000000000034
2021-07-25,Terra,29.350000000000023,28.930000000000007,,23.07000000000005
2021-07-26,Terra,32.63432160804025,32.450000000000045,,21.970000000000027
2021-07-28,Terra,32.494020100502546,32.09000000000003,,22.53000000000003
2021-07-29,Terra,30.29000000000002,29.79000000000002,20.05000000000001,20.090000000000032
2021-07-31,Terra,28.650000000000034,28.510000000000048,,
2021-08-01,Terra,,,14.450000000000045,16.03000000000003
2021-08-03,Terra,,,9.382964824120627,9.57000000000005
2021-08-04,Terra,31.782562814070367,31.710000000000036,,
2021-08-06,Terra,30.024874371859337,29.090000000000032,,23.510000000000048
2021-08-07,Terra,31.056633165829176,30.910000000000025,18.27000000000004,17.99000000000001
2021-08-08,Terra,30.980251256281427,30.49000000000001,,23.190000000000055
2021-08-09,Terra,28.814020100502535,29.450000000000045,22.043467336683435,21.670000000000012
2021-08-10,Terra,,26.57000000000005,22.936231155778923,23.05000000000001
2021-08-11,Terra,32.07251256281409,32.370000000000005,,22.110000000000014
2021-08-13,Terra,30.395628140703533,30.110000000000014,22.630000000000052,23.07000000000005
2021-08-14,Terra,29.27000000000004,28.590000000000032,21.49000000000001,21.670000000000016
2021-08-15,Terra,31.44095477386938,31.53000000000003,,24.29000000000002
2021-08-16,Terra,30.610000000000014,29.870000000000005,19.547731958762917,19.53000000000003
2021-08-17,Terra,29.850000000000023,29.55000000000001,,20.610000000000014
2021-08-21,Terra,28.150000000000034,27.750000000000057,,
2021-08-22,Terra,30.700927835051587,31.470000000000027,,23.77000000000004
2021-08-24,Terra,,29.170000000000016,21.872010050251273,22.230000000000018
2021-08-25,Terra,31.422361809045256,31.170000000000016,,
2021-08-26,Terra,29.970000000000027,29.730000000000018,21.45211055276384,21.370000000000005
2021-08-29,Terra,31.678241206030176,31.83000000000004,,
2021-08-30,Terra,30.328492462311573,30.010000000000048,,
2021-08-31,Terra,30.876432160804047,30.950000000000045,21.965879396984963,22.430000000000007
2021-09-01,Terra,30.639949748743767,30.528880407124714,21.08346733668344,21.810000000000002
2021-09-07,Terra,,,21.128592964824165,21.590000000000032
2021-09-08,Terra,32.25834170854274,32.23000000000002,22.35974874371861,22.130000000000052
2021-09-10,Terra,30.090000000000032,32.77000000000004,,
2021-09-16,Terra,28.801457286432193,30.57000000000005,,17.33000000000004
2021-09-17,Terra,24.930000000000007,27.850000000000023,,
2021-09-18,Terra,30.028391959799027,29.830000000000034,,21.05000000000001
2021-09-19,Terra,29.95603015075381,31.05000000000001,,23.450000000000045
2021-09-22,Terra,29.583969849246262,29.210000000000036,,
2021-09-28,Terra,,29.930000000000007,22.279346733668373,21.57000000000005
2021-09-30,Terra,30.41683417085432,30.03000000000003,,24.130000000000052
2021-10-01,Terra,28.27000000000004,27.55000000000001,,18.870000000000005
2021-10-02,Terra,31.232713567839216,31.590000000000032,,
2021-10-03,Terra,29.55000000000001,28.450000000000045,,
2021-10-06,Terra,,,17.610000000000014,18.77000000000004
2021-10-07,Terra,29.353654822335056,31.898159203980136,,19.77000000000004
2021-10-09,Terra,33.644874371859345,33.59000000000003,20.130000000000052,21.350000000000023
2021-10-12,Terra,33.31924623115582,33.35000000000002,,
2021-10-16,Terra,37.10969849246236,36.610000000000014,22.12417085427139,21.703333333333376
2021-10-20,Terra,,,17.57618556701036,18.930000000000007
2021-10-23,Terra,33.60628140703521,33.210000000000036,,23.010000000000048
2021-10-25,Terra,33.168793969849276,32.83000000000004,,
2021-12-08,Terra,33.56206030150757,33.33000000000004,,
2021-12-10,Terra,32.72859296482414,32.110000000000014,,
2022-01-25,Terra,31.210402010050288,31.590000000000032,,
2022-02-08,Terra,29.439849246231184,30.430000000000007,,
2022-02-26,Terra,29.31852791878176,28.470000000000027,,
2022-03-16,Terra,,,22.509296482412083,22.470000000000027
2022-03-23,Terra,31.355380710659915,30.150000000000034,,
2022-04-05,Terra,30.188894472361817,29.690000000000055,,23.450000000000045
2022-04-07,Terra,,,14.62487437185933,14.770000000000039
2022-04-08,Terra,,,22.955929648241213,22.590000000000032
2022-04-10,Terra,33.81974874371864,32.950000000000045,,23.190000000000055
2022-04-11,Terra,31.081557788944764,30.073333333333384,,21.650000000000034
2022-04-13,Terra,31.564673366834203,31.26666666666671,,22.150000000000034
2022-04-14,Terra,30.72226130653272,30.53000000000003,23.820351758793993,23.610000000000014
2022-04-15,Terra,33.04628140703522,32.77000000000004,,
2022-04-17,Terra,32.50798994974876,31.790000000000024,,
2022-04-21,Terra,31.010000000000048,30.83000000000004,,
2022-05-03,Terra,30.177839195979935,30.52717500000003,,23.55000000000001
2022-05-10,Terra,31.03542713567842,30.870000000000005,,
2022-05-12,Terra,29.327788944723657,30.010000000000048,,
2022-05-15,Terra,30.46075376884426,30.730000000000018,21.550603015075417,21.730000000000018
2022-05-16,Terra,29.279849246231198,29.39000000000004,,22.410000000000025
2022-05-17,Terra,30.75301507537691,30.510000000000048,,
2022-05-21,Terra,28.134824120603042,29.07000000000005,,23.07000000000005
2022-05-22,Terra,29.13613065326636,29.330000000000044,,
2022-05-23,Terra,29.54125628140706,29.976901217861997,,24.590000000000032
2022-05-24,Terra,30.62547738693471,30.859593495934973,,
2022-05-28,Terra,29.351507537688466,30.14448051948056,,
2022-05-30,Terra,29.1933165829146,29.370000000000005,,24.710000000000036
2022-05-31,Terra,29.331608040201047,29.230000000000018,,
2022-06-02,Terra,28.419648241206048,29.080515463917564,,
2022-06-04,Terra,29.306381909547767,29.350000000000023,,22.110000000000014
2022-06-11,Terra,29.181457286432185,29.91650793650796,,
2022-06-15,Terra,,,22.475025125628164,23.010000000000048
2022-06-18,Terra,24.00688442211058,24.130000000000052,,
2022-06-21,Terra,28.641457286432207,28.450000000000042,,
2022-06-22,Terra,29.50859296482417,30.25000000000006,,22.950000000000045
2022-06-27,Terra,27.849230769230775,27.370000000000005,22.05000000000001,21.950000000000045
2022-06-29,Terra,28.90869346733671,28.99000000000001,,22.55000000000001
2022-07-01,Terra,29.776633165829157,28.23000000000002,,
2022-07-04,Terra,,27.510000000000048,22.691507537688498,22.970000000000027
2022-07-08,Terra,29.663668341708597,29.768663967611378,19.493819095477424,19.53000000000003
2022-07-09,Terra,29.407487437185956,28.856666666666683,,
2022-07-12,Terra,,,19.39271356783924,19.210000000000036
2022-07-15,Terra,,,22.02206030150758,21.810000000000002
2022-07-16,Terra,,,19.810000000000002,19.230000000000018
2022-07-17,Terra,30.590000000000032,30.29000000000002,,19.410000000000025
2022-07-18,Terra,,,20.009497487437205,20.03000000000003
2022-07-20,Terra,32.54206030150756,32.05000000000001,18.860753768844265,19.950000000000045
2022-07-23,Terra,25.410000000000025,25.410000000000025,,
2022-07-24,Terra,29.62095477386939,30.30231884057972,,20.450000000000045
2022-07-26,Terra,29.66447236180906,29.170000000000016,,
2022-07-27,Terra,31.760854271356816,30.866737588652487,22.396532663316588,22.430000000000007
2022-07-28,Terra,,,21.370000000000005,21.750000000000057
2022-07-29,Terra,31.362462311557824,31.479830508474592,21.590000000000032,21.930000000000007
2022-08-03,Terra,30.72939698492464,30.421283185840725,,
2022-08-04,Terra,28.787889447236214,27.530000000000033,,23.650000000000034
2022-08-05,Terra,33.234422110552785,32.33000000000004,,23.33000000000004
2022-08-07,Terra,,,17.01844221105531,17.33000000000004
2022-08-09,Terra,31.343668341708575,30.170000000000016,14.428350515463926,13.970000000000027
2022-08-16,Terra,31.37673366834174,31.27000000000004,21.827688442211084,20.588039215686308
2022-08-17,Terra,26.56421319796958,26.810000000000002,19.07000000000005,18.390000000000043
2022-08-18,Terra,,,22.552842639593948,22.450000000000045
2022-08-20,Terra,28.192311557788983,28.390000000000043,,21.870000000000005
2022-08-21,Terra,,29.07000000000005,18.694924623115604,18.190000000000055
2022-08-23,Terra,32.70165829145731,32.488417266187064,,22.390000000000043
2022-08-27,Terra,,,14.21040201005029,13.490000000000009
2022-09-01,Terra,28.777422680412414,30.850000000000023,,24.090000000000032
2022-09-02,Terra,30.89190954773871,31.010000000000048,18.750000000000057,19.150000000000034
2022-09-06,Terra,30.929195979899525,30.810000000000002,,
2022-09-12,Terra,30.920251256281446,30.850000000000023,22.56573604060919,22.470000000000027
2022-09-13,Terra,29.165678391959826,30.550000000000015,22.505778894472382,22.650000000000034
2022-09-17,Terra,32.788190954773924,33.01470784641073,,
2022-09-19,Terra,29.612713567839222,30.55000000000001,,
2022-09-24,Terra,32.450000000000045,31.730000000000018,,
2022-09-25,Terra,24.62025125628144,25.110000000000014,,
2022-09-27,Terra,31.090402010050287,31.0119784946237,18.970000000000027,18.77000000000004
2022-09-28,Terra,31.879949748743766,31.660000000000025,,17.370000000000005
2022-09-29,Terra,30.46959798994979,31.358616071428585,,
2022-11-03,Terra,32.094422110552806,32.57000000000005,,
2022-11-10,Terra,31.698040201005043,32.51571428571433,,
2022-12-08,Terra,,,22.832211055276428,22.670000000000016
2022-12-13,Terra,33.246582914572876,32.72017543859652,,
2022-12-20,Terra,33.17070351758797,32.76574000000004,,
2023-01-08,Terra,30.711105527638217,31.470000000000027,,
2023-01-23,Terra,29.470000000000027,30.410000000000025,,
2023-03-04,Terra,30.918140703517608,31.670000000000016,,
2023-03-07,Terra,30.66728643216082,31.464890510948937,22.07000000000005,22.390000000000043
2023-03-09,Terra,32.04738693467339,32.57000000000005,,22.99000000000001
2023-03-11,Terra,31.038040201005046,31.356666666666683,,25.850000000000023
2023-03-12,Terra,30.620452261306557,31.230000000000018,,
2023-03-14,Terra,29.741859296482453,30.16001956947165,,
2023-03-19,Terra,32.22055276381913,31.730000000000018,,
2023-03-21,Terra,,,23.25153846153852,23.33000000000004
2023-03-23,Terra,31.922487309644687,30.690000000000055,,
2023-03-24,Terra,30.758341708542734,30.310000000000002,,
2023-04-11,Terra,,,24.170904522613114,23.750000000000057
2023-04-14,Terra,,,20.458140703517635,21.690000000000055
2023-04-18,Terra,29.93522613065329,29.130000000000052,,23.470000000000027
2023-04-19,Terra,31.22698492462317,31.07000000000005,,24.930000000000007
2023-04-21,Terra,30.55241206030154,29.910000000000025,,
2023-04-23,Terra,30.340351758794004,30.265133531157314,,
2023-04-24,Terra,31.738442211055315,31.584693028095767,21.79000000000002,23.110000000000014
2023-04-26,Terra,31.053015075376894,30.53000000000003,,
2023-05-01,Terra,29.13552763819099,29.750000000000057,,
2023-05-03,Terra,31.109497487437213,31.083746630727802,,
2023-05-04,Terra,27.99893401015231,27.950000000000045,,
2023-05-06,Terra,28.10467336683421,28.190000000000055,,
2023-05-08,Terra,29.290703517587993,29.641319648093884,,
2023-05-12,Terra,28.310000000000002,28.53000000000003,23.08809045226133,22.83000000000004
2023-05-13,Terra,29.95874371859301,29.370000000000005,,23.430000000000007
2023-05-15,Terra,30.02467336683421,30.53210526315792,22.491909547738732,21.79000000000002
2023-05-16,Terra,27.532110552763847,27.390000000000043,,
2023-05-17,Terra,28.36306532663321,29.05000000000001,,22.57000000000005
2023-05-18,Terra,28.644673366834215,29.370000000000005,,
2023-05-20,Terra,30.58839195979903,31.510000000000048,22.370000000000005,21.83000000000004
2023-05-22,Terra,29.664974874371882,30.390000000000043,,23.910000000000025
2023-05-24,Terra,28.99673366834174,29.27000000000004,22.90698492462315,22.83000000000004
2023-05-25,Terra,30.36155778894474,31.110000000000014,,23.810000000000002
2023-05-27,Terra,30.13603015075382,31.30333333333334,22.110000000000014,21.970000000000027
2023-05-28,Terra,29.346783919598018,29.850000000000023,,
2023-05-29,Terra,30.65733668341711,31.260000000000048,,23.57000000000005
2023-05-30,Terra,30.22698492462316,30.99000000000001,21.848190954773898,22.090000000000032
2023-06-01,Terra,24.335125628140737,26.479864603481644,,22.230000000000018
2023-06-03,Terra,29.40206030150757,30.190000000000055,21.258743718593003,21.950000000000045
2023-06-04,Terra,28.19050251256287,28.49000000000001,,
2023-06-06,Terra,27.81663316582916,27.970000000000027,,
2023-06-08,Terra,30.032613065326665,30.69905950095974,,24.710000000000036
2023-06-09,Terra,27.749698492462343,27.870000000000005,,
2023-06-10,Terra,29.242261306532672,29.730000000000018,23.023165829145768,23.110000000000014
2023-06-11,Terra,29.644226804123747,30.150000000000034,,
2023-06-12,Terra,,,20.630000000000052,20.630000000000052
2023-06-13,Terra,28.704974874371878,28.69962264150948,21.79000000000002,21.590000000000032
2023-06-15,Terra,29.721658291457317,30.39000000000004,,
2023-06-16,Terra,,25.53000000000003,15.29000000000002,15.370000000000005
2023-06-17,Terra,,29.130000000000052,23.0901005025126,23.090000000000032
2023-06-18,Terra,31.001557788944748,31.522776203966043,22.04928934010156,22.07000000000005
2023-06-20,Terra,31.289698492462335,31.630000000000056,22.882763819095498,22.970000000000027
2023-06-21,Terra,26.5707106598985,26.07000000000005,,
2023-06-22,Terra,30.3465829145729,30.80113537117905,,23.99000000000001
2023-06-23,Terra,29.106080402010093,29.650000000000034,21.57000000000005,21.57000000000005
2023-06-25,Terra,30.02809045226133,30.51000000000005,,20.110000000000014
2023-06-27,Terra,,27.03000000000003,21.544070351758823,21.710000000000036
2023-06-28,Terra,,,16.750000000000057,16.750000000000057
2023-06-30,Terra,28.55090452261312,28.99000000000001,,
2023-07-03,Terra,26.20125628140708,25.870000000000005,,
2023-07-04,Terra,27.970000000000027,27.99000000000001,17.14376884422111,15.110000000000014
2023-07-10,Terra,28.336834170854306,28.090000000000032,,22.310000000000002
2023-07-11,Terra,28.439849246231184,28.390000000000043,,
2023-07-12,Terra,27.954536082474277,28.630000000000052,,
2023-07-14,Terra,,,21.57603015075382,21.05000000000001
2023-07-16,Terra,28.970000000000027,28.610000000000014,,21.970000000000027
2023-07-17,Terra,30.344472361809082,29.700000000000045,21.76145728643218,21.810000000000002
2023-07-18,Terra,,27.77000000000004,22.03000000000003,22.29000000000002
2023-07-19,Terra,29.670000000000016,29.350000000000023,21.010412371134066,21.210000000000036
2023-07-22,Terra,29.620351758794005,28.800909090909098,,21.590000000000032
2023-07-26,Terra,32.160954773869385,31.30287709497208,,15.53000000000003
2023-07-27,Terra,29.381155778894495,28.64513822688279,20.18025125628144,20.410000000000025
2023-07-28,Terra,28.619045226130694,27.33000000000004,21.25743718592967,21.33000000000004
2023-07-29,Terra,31.098442211055303,29.890000000000043,20.56879396984927,20.410000000000025
2023-07-31,Terra,30.694623115577905,29.85000000000002,,22.950000000000045
2023-08-02,Terra,32.90467336683418,32.170000000000016,,22.850000000000023
2023-08-03,Terra,30.861658291457328,30.27000000000004,,22.250000000000057
2023-08-04,Terra,,28.610000000000014,22.36919597989953,22.390000000000043
2023-08-05,Terra,30.84587939698496,29.950000000000045,17.809396984924653,18.690000000000055
2023-08-06,Terra,,,21.430000000000007,21.310000000000002
2023-08-07,Terra,30.180753768844255,31.296232558139547,,22.33000000000004
2023-08-08,Terra,30.839346733668354,30.47000000000003,19.058743718592996,19.83000000000004
2023-08-09,Terra,30.50376884422114,30.47909512761023,,22.53000000000003
2023-08-10,Terra,30.843969849246264,30.855697503671088,,22.750000000000057
2023-08-11,Terra,30.06246231155781,29.298864628820976,21.6116494845361,21.650000000000034
2023-08-12,Terra,32.28457286432164,31.91998035363459,,23.05000000000001
2023-08-14,Terra,31.248693467336714,30.57000000000005,,22.690000000000055
2023-08-15,Terra,31.219748743718622,31.08034482758625,,21.930000000000007
2023-08-16,Terra,31.044070351758815,30.481038961038976,,20.03000000000003
2023-08-17,Terra,,25.470000000000027,20.059748743718625,20.29000000000002
2023-08-19,Terra,31.972211055276414,31.80333333333334,,22.53000000000003
2023-08-20,Terra,28.56778894472365,28.01000000000005,,
2023-08-22,Terra,28.340753768844227,27.930000000000007,,
2023-08-24,Terra,32.92638190954777,32.70061394380858,,23.33000000000004
2023-08-26,Terra,29.720753768844247,30.110000000000017,,24.190000000000055
2023-08-27,Terra,31.16437185929651,30.870000000000005,,
2023-08-28,Terra,29.54919597989954,29.730000000000018,,20.410000000000025
2023-08-29,Terra,31.905276381909573,32.08000000000004,,23.410000000000025
2023-08-31,Terra,33.14065326633167,32.523262879788675,,22.470000000000027
2023-09-01,Terra,31.09864321608043,30.790000000000024,,21.590000000000032
2023-09-02,Terra,32.5706030150754,32.47056987788334,,22.99000000000001
2023-09-03,Terra,31.941356783919645,32.170000000000016,,
2023-09-04,Terra,30.149296482412115,30.03000000000003,,
2023-09-05,Terra,32.839246231155805,33.05000000000001,20.43110552763822,21.910000000000025
2023-09-07,Terra,31.070603015075406,31.910854368932064,,22.190000000000055
2023-09-08,Terra,,24.470000000000027,20.343768844221138,20.49000000000001
2023-09-09,Terra,32.44236180904525,32.55000000000001,21.827085427135728,21.710000000000036
2023-09-10,Terra,32.74718592964826,32.450000000000045,21.537236180904543,21.05000000000001
2023-09-12,Terra,35.08246231155782,34.210000000000036,,22.49000000000001
2023-09-13,Terra,27.03000000000003,27.57000000000005,19.79914572864323,19.810000000000002
2023-09-15,Terra,,29.33000000000004,22.2916494845361,22.55000000000001
2023-09-17,Terra,,29.470000000000027,22.100452261306557,21.950000000000045
2023-09-19,Terra,32.583366834170896,32.26945205479456,,22.250000000000057
2023-09-20,Terra,31.298743718593,31.050000000000015,,21.650000000000034
2023-09-21,Terra,31.470000000000027,31.417148102815197,,22.970000000000027
2023-09-22,Terra,33.09020100502515,32.610000000000014,,22.27000000000004
2023-09-24,Terra,35.68929648241211,35.85165467625902,,21.610000000000014
2023-09-25,Terra,30.9857788944724,30.830000000000037,,21.090000000000032
2023-09-26,Terra,33.90728643216084,34.09000000000003,22.12376884422114,21.930000000000007
2023-09-27,Terra,35.15130653266335,35.29000000000002,,22.150000000000034
2023-09-28,Terra,32.657738693467394,32.03000000000003,,24.210000000000036
2023-09-29,Terra,36.237537688442245,36.51655518394652,,23.650000000000034
2023-10-01,Terra,36.0076884422111,36.170000000000016,23.118041237113456,22.090000000000032
2023-10-02,Terra,34.54648241206034,34.364015748031505,,
2023-10-04,Terra,36.685577889447245,37.019495365602516,,24.05000000000001
2023-10-06,Terra,34.97462311557793,35.522129963898955,,25.55000000000001
2023-10-07,Terra,31.433015075376925,31.65000000000003,,21.470000000000027
2023-10-08,Terra,32.98618090452265,33.43000000000001,,25.33000000000004
2023-10-09,Terra,35.29130653266335,34.950000000000045,,23.410000000000025
2023-10-10,Terra,28.77000000000004,28.630000000000052,21.792886597938168,21.77000000000004
2023-10-11,Terra,37.53351758793973,37.13000000000005,,24.99000000000001
2023-10-12,Terra,30.599644670050786,30.03000000000003,,
2023-10-13,Terra,34.92809045226133,34.410000000000025,22.58879396984928,22.930000000000007
2023-10-14,Terra,33.209597989949785,33.26096774193553,22.568492462311607,22.470000000000027
2023-10-15,Terra,30.911708542713594,30.430000000000007,23.621065989847743,23.750000000000057
2023-10-16,Terra,36.32437185929651,35.927545454545466,,25.130000000000052
2023-10-18,Terra,37.50025125628142,37.420000000000016,,24.99000000000001
2023-10-19,Terra,33.6982412060302,33.450000000000045,,
2023-10-20,Terra,34.34175879396988,33.99000000000001,,23.57000000000005
2023-10-21,Terra,36.42517587939701,35.36034482758622,,
2023-10-22,Terra,,,23.160954773869403,23.05000000000001
2023-10-23,Terra,33.76025125628144,32.650000000000034,,25.410000000000025
2023-10-25,Terra,34.57442211055279,34.30166253101738,,24.83000000000004
2023-10-26,Terra,33.25201005025128,32.53000000000003,,24.610000000000014
2023-10-27,Terra,33.27562814070355,32.53000000000003,,
2023-10-28,Terra,36.69040201005029,35.43000000000001,22.264271356783933,22.390000000000043
2023-10-30,Terra,38.440552763819134,37.287130044843074,,25.190000000000055
2023-10-31,Terra,31.724874371859343,32.01000000000005,,
2023-11-02,Terra,35.392713567839245,34.870000000000005,23.091005025125664,23.03000000000003
2023-11-04,Terra,35.38376884422112,34.910000000000025,,
2023-11-05,Terra,30.885778894472406,30.690000000000055,,
2023-11-06,Terra,31.689899497487453,31.110000000000014,,
2023-11-07,Terra,29.470000000000027,30.130000000000052,,
2023-11-11,Terra,36.16487437185933,33.55000000000001,,
2023-11-14,Terra,,,17.07321608040205,16.27000000000004
2023-11-18,Terra,33.71884422110557,33.418716904277005,20.640251256281452,20.890000000000047
2023-11-19,Terra,34.17723618090456,33.97000000000003,21.79000000000002,22.010000000000048
2023-11-20,Terra,26.110000000000014,26.110000000000014,23.03000000000003,23.03000000000003
2023-11-21,Terra,33.54467336683421,33.51000000000005,,
2023-11-26,Terra,30.68095477386938,30.55000000000001,,
2023-12-06,Terra,30.61231155778899,30.110000000000014,,
2023-12-08,Terra,31.49110552763823,30.970000000000027,,
2023-12-11,Terra,27.450000000000045,28.310000000000002,,
2023-12-12,Terra,32.553216080402045,31.79816000000001,,
2023-12-13,Terra,30.061959798995005,30.450000000000045,,
2023-12-17,Terra,31.22658291457292,30.750000000000057,,21.610000000000014
2023-12-20,Terra,33.15713567839199,32.150000000000034,,22.99000000000001
2023-12-22,Terra,34.78889447236183,34.31,20.705477386934692,21.910000000000025
2023-12-23,Terra,30.985979899497508,30.55000000000001,,
2023-12-30,Terra,30.810000000000002,30.170000000000016,17.890000000000043,17.730000000000018
2024-01-11,Terra,26.528076923076956,26.230000000000018,,
2024-01-13,Terra,29.57954773869351,30.090000000000032,,
2024-01-30,Terra,31.03422110552767,31.478691796008892,,
2024-02-02,Terra,30.850000000000023,30.33000000000004,,
2024-02-09,Terra,29.194221105527667,29.090000000000032,,
2024-02-14,Terra,29.95864321608044,29.650000000000034,,
2024-02-16,Terra,30.75442211055279,31.30162454873647,,24.03000000000003
2024-02-19,Terra,31.6917085427136,31.410000000000025,,15.53000000000003
2024-02-21,Terra,29.37512562814073,30.210000000000036,,
2024-02-28,Terra,27.65763819095481,29.390000000000043,,
2024-03-19,Terra,29.9163316582915,30.130000000000052,,
2024-03-20,Terra,29.750000000000057,29.630000000000052,,
2024-03-23,Terra,30.414924623115606,30.890000000000043,,23.77000000000004
2024-03-24,Terra,30.60155778894475,30.090000000000032,,
2024-03-27,Terra,,,19.910000000000025,19.79000000000002
2024-03-30,Terra,31.17482412060303,30.870000000000008,,23.650000000000034
2024-03-31,Terra,31.26869346733673,30.750000000000057,,16.850000000000023
2024-04-02,Terra,,29.470000000000027,22.858944723618094,23.390000000000043
2024-04-04,Terra,,,23.92653846153847,23.750000000000057
2024-04-06,Terra,31.46928934010155,30.950000000000045,,
2024-04-07,Terra,31.191708542713588,31.53000000000003,,
2024-04-12,Terra,29.930000000000007,29.970000000000027,,
2024-04-13,Terra,,,12.031237113402092,12.910000000000025
2024-04-14,Terra,30.320251256281434,30.198741721854354,,23.79000000000002
2024-04-29,Terra,,,23.900351758794006,23.430000000000007
2024-05-01,Terra,30.353015075376927,30.05000000000001,,
2024-05-03,Terra,26.630000000000052,27.090000000000032,,
2024-05-04,Terra,30.83844221105531,30.200000000000045,,23.79000000000002
2024-05-05,Terra,28.590000000000032,28.190000000000055,19.84276381909551,19.170000000000016
2024-05-06,Terra,30.599346733668373,30.390000000000043,,23.27000000000004
2024-05-08,Terra,30.959547738693477,30.75000000000006,,
2024-05-10,Terra,28.824974874371893,28.53000000000003,23.730000000000018,23.250000000000057
2024-05-14,Terra,28.34879396984927,28.110000000000017,20.890000000000043,21.29000000000002
2024-05-15,Terra,29.7550251256282,29.521826923076958,,23.390000000000043
2024-05-16,Terra,30.73472361809049,30.577692307692352,,
2024-05-20,Terra,28.879644670050784,28.910000000000025,15.010000000000048,19.150000000000034
2024-05-21,Terra,28.831608040201044,28.85909677419356,22.667157360406136,22.710000000000036
2024-05-25,Terra,,,23.14728643216082,22.910000000000025
2024-05-26,Terra,26.598040201005077,26.83000000000004,,
2024-05-27,Terra,,,23.677738693467372,23.090000000000032
2024-05-28,Terra,29.535025125628163,29.920000000000016,,24.210000000000036
2024-06-02,Terra,28.29000000000002,28.850000000000023,21.970703517587967,22.27000000000004
2024-06-06,Terra,27.750000000000057,27.750000000000057,,16.930000000000007
2024-06-09,Terra,,,22.29562814070353,22.27000000000004
2024-06-11,Terra,28.49251256281411,29.136666666666713,,22.450000000000045
2024-06-12,Terra,28.19874371859301,28.29000000000002,14.560769230769282,14.57000000000005
2024-06-14,Terra,28.9046733668342,29.583266475644734,19.077422680412422,20.53000000000003
2024-06-17,Terra,,,22.71512562814074,22.710000000000036
2024-06-19,Terra,29.082060301507553,29.918666666666685,16.910000000000025,16.630000000000052
2024-06-21,Terra,29.12638190954779,29.80857768052517,,22.410000000000025
2024-06-22,Terra,25.263266331658343,25.470000000000027,,
2024-06-26,Terra,28.44407035175882,28.45000000000005,,
2024-06-28,Terra,28.68768844221106,29.610000000000014,,19.55000000000001
2024-06-29,Terra,28.50879396984927,29.33000000000004,,
2024-07-06,Terra,27.53110552763822,27.890000000000047,,
2024-07-08,Terra,29.352211055276403,29.356335570469817,22.749899497487466,21.83000000000004
2024-07-09,Terra,27.82909547738695,27.690000000000055,,
2024-07-13,Terra,29.11211055276384,29.36913555992142,,21.750000000000057
2024-07-15,Terra,,,21.77000000000004,21.950000000000045
2024-07-16,Terra,29.711708542713602,29.77000000000004,,22.430000000000007
2024-07-17,Terra,29.058643216080444,28.890000000000047,21.970000000000027,20.970000000000027
2024-07-18,Terra,29.843768844221138,29.988880000000016,21.52849246231159,20.510000000000048
2024-07-20,Terra,30.41452261306535,30.750000000000057,,22.510000000000048
2024-07-21,Terra,28.86668341708546,28.610000000000014,18.6130150753769,17.970000000000027
2024-07-22,Terra,,,20.864773869346745,20.730000000000018
2024-07-23,Terra,29.925879396984968,29.58940337224387,19.340050251256315,18.890000000000043
2024-07-25,Terra,31.38276381909551,30.973348416289614,,23.190000000000055
2024-07-26,Terra,28.45190954773871,27.810000000000002,,
2024-07-27,Terra,,,21.970000000000027,22.190000000000055
2024-07-28,Terra,29.280050251256295,28.650000000000038,21.51904522613066,21.350000000000023
2024-08-01,Terra,,27.590000000000032,22.450000000000053,22.79000000000002
2024-08-02,Terra,,25.870000000000005,20.733115577889496,20.83000000000004
2024-08-04,Terra,29.74768844221107,29.305970772442596,,23.05000000000001
2024-08-06,Terra,30.254824120603075,29.631660079051432,22.27703517587943,21.930000000000007
2024-08-07,Terra,26.220552763819153,26.150000000000034,,
2024-08-11,Terra,31.04085427135683,30.080940170940213,,19.83000000000004
2024-08-12,Terra,29.41944723618095,28.870000000000005,,
2024-08-13,Terra,28.430000000000007,28.390000000000043,,21.010000000000048
2024-08-14,Terra,30.971407035175904,30.35000000000002,,21.750000000000057
2024-08-16,Terra,30.87834170854274,30.010000000000048,,
2024-08-17,Terra,26.53000000000003,26.53000000000003,,
2024-08-18,Terra,31.71010050251258,30.70000000000005,23.04507537688444,22.810000000000002
2024-08-19,Terra,31.334020100502542,29.983821917808232,,20.710000000000036
2024-08-20,Terra,,,22.929296482412095,22.470000000000027
2024-08-21,Terra,32.02507537688445,30.98356125356127,,21.49000000000001
2024-08-23,Terra,30.295326633165864,29.791584905660393,,22.890000000000043
2024-08-24,Terra,31.28346733668344,29.630000000000052,,
2024-08-26,Terra,30.418643216080422,30.150000000000034,,21.110000000000014
2024-08-29,Terra,30.370100502512592,29.810000000000002,,17.130000000000052
2024-08-30,Terra,28.63361809045229,28.07000000000005,21.3507106598985,21.110000000000014
2024-08-31,Terra,32.166783919598004,31.170000000000016,,
2024-09-01,Terra,,,20.072914572864363,20.630000000000052
2024-09-02,Terra,33.49110552763822,32.950000000000045,23.0357286432161,22.810000000000002
2024-09-03,Terra,28.681055276381937,28.05000000000001,,19.690000000000055
2024-09-05,Terra,31.930703517587975,31.650000000000034,,23.650000000000034
2024-09-06,Terra,,29.750000000000057,22.599748743718617,23.150000000000034
2024-09-07,Terra,,30.150000000000034,21.748350515463976,22.690000000000055
2024-09-12,Terra,28.077715736040652,29.470000000000027,23.310000000000002,23.190000000000055
2024-09-14,Terra,32.22899497487442,31.696666666666715,,
2024-09-15,Terra,30.028793969849293,30.150000000000034,,18.83000000000004
2024-09-17,Terra,33.048592964824145,32.79660621761659,,21.450000000000045
2024-09-20,Terra,31.965879396984935,31.790823970037472,,20.950000000000045
2024-09-21,Terra,33.779447236180935,33.450000000000045,,
2024-09-24,Terra,31.67321608040206,31.610000000000014,,22.99000000000001
2024-09-26,Terra,30.546884422110566,30.170000000000016,,
2024-09-27,Terra,30.09743718592967,30.45000000000005,,22.150000000000034
2024-09-28,Terra,,,23.92155778894474,24.07000000000005
2024-09-29,Terra,32.41713567839201,32.85000000000002,,24.690000000000055
2024-10-06,Terra,30.43576923076926,32.632133891213435,,25.510000000000048
2024-10-08,Terra,,30.590000000000032,23.32319796954317,23.470000000000027
2024-10-09,Terra,32.9384422110553,33.93000000000001,,25.010000000000048
2024-10-11,Terra,33.30175879396986,34.08360902255643,,26.210000000000036
2024-10-12,Terra,31.53000000000003,31.49000000000001,,20.390000000000043
2024-10-13,Terra,32.7297989949749,33.074436493738865,24.83864321608043,24.230000000000018
2024-10-14,Terra,32.469095477386965,32.98936305732486,,
2024-10-16,Terra,34.701356783919636,35.29003149606301,,24.310000000000002
2024-10-18,Terra,33.628291457286466,34.26449074074078,22.934824120603068,23.350000000000023
2024-10-19,Terra,33.272211055276415,34.03000000000003,,
2024-10-21,Terra,30.254824120603065,30.795531914893633,,
2024-10-22,Terra,28.85281407035178,28.410000000000025,,
2024-10-23,Terra,,29.670000000000016,14.047587939698532,14.810000000000002
2024-10-24,Terra,30.571909547738745,30.802028301886804,,18.870000000000005
2024-10-26,Terra,31.2876884422111,31.756902173913094,,23.53000000000003
2024-10-28,Terra,29.915628140703536,31.230000000000018,,23.450000000000045
2024-10-29,Terra,30.297638190954814,29.95000000000005,,23.150000000000034
2024-10-31,Terra,28.872713567839227,28.05000000000001,,
2024-11-03,Terra,30.066040609137087,29.730000000000018,,
2024-11-04,Terra,,,20.169195979899534,21.370000000000005
2024-11-05,Terra,32.2906030150754,31.857834101382508,,24.77000000000004
2024-11-07,Terra,30.863266331658306,30.461210937500034,22.3243147208122,22.190000000000055
2024-11-14,Terra,28.451809045226145,28.80037109375001,,
2024-11-15,Terra,31.534824120603044,31.650000000000034,,
2024-11-17,Terra,27.83000000000004,27.49000000000001,,
2024-11-22,Terra,31.412110552763846,31.570000000000046,,
2024-12-24,Terra,31.157692307692326,29.850000000000023,,
2025-03-02,Terra,,,19.27000000000004,19.890000000000043
2025-03-03,Terra,30.1195477386935,30.79000000000002,,
2025-03-05,Terra,,,23.766446700507625,23.630000000000052
2025-03-28,Terra,26.870000000000005,27.33000000000004,,
2025-04-02,Terra,29.8944221105528,29.49000000000001,,
2025-04-04,Terra,27.445736040609177,27.27000000000004,,
2025-04-06,Terra,30.352538071066032,29.370000000000005,,
2025-04-07,Terra,31.029698492462337,30.390000000000043,,23.27000000000004
2025-04-09,Terra,28.102307692307747,28.630000000000052,,
2025-04-12,Terra,30.351206030150777,29.908228228228257,,
2025-04-16,Terra,29.536834170854302,29.190000000000055,,
2025-04-17,Terra,28.194120603015115,27.07000000000005,,
2025-04-22,Terra,28.521065989847724,28.030000000000033,,22.730000000000018
2025-04-25,Terra,25.868592964824156,26.27000000000004,,
2025-04-26,Terra,30.664371859296537,30.27000000000004,,
2025-04-27,Terra,29.109597989949762,29.33000000000004,,
2025-04-29,Terra,30.185577889447273,29.910000000000025,,24.250000000000057
2025-05-01,Terra,28.53120603015078,28.810000000000002,,
2025-05-02,Terra,30.35201005025128,30.310000000000002,,
2025-05-04,Terra,30.393015075376898,30.510000000000048,,22.950000000000045
2025-05-05,Terra,28.17180904522615,27.590000000000032,,
2025-05-16,Terra,27.620753768844256,28.41000000000002,,
2025-05-29,Terra,29.6549246231156,30.42026717557254,23.065577889447262,23.470000000000027
2025-06-03,Terra,,,24.269615384615427,21.850852713178316
2025-06-05,Terra,28.61060301507542,29.05000000000001,,23.850000000000023
2025-06-06,Terra,28.051105527638203,28.230000000000018,,22.710000000000036
2025-06-11,Terra,26.699648241206074,27.13000000000005,,21.730000000000018
2025-06-13,Terra,25.518542713567868,26.930000000000007,,
2025-06-17,Terra,,26.730000000000018,21.210000000000036,22.05000000000001
2025-06-18,Terra,26.728994974874418,27.2956589147287,,
2025-06-21,Terra,26.509899497487456,26.470000000000027,,
2025-06-23,Terra,27.205477386934714,27.610000000000017,,17.650000000000034
2025-06-27,Terra,25.230000000000018,25.310000000000002,,
2025-07-01,Terra,26.604371859296506,26.650000000000034,,
2025-07-08,Terra,,,21.280552763819127,21.510000000000048
2025-07-10,Terra,27.253316582914604,27.05000000000001,,22.29000000000002
2025-07-11,Terra,26.672311557788962,26.450000000000042,,
2025-07-13,Terra,27.54618090452264,27.55000000000001,,
2025-07-16,Terra,25.951105527638237,25.91000000000002,,
2025-07-17,Terra,26.312010050251292,26.530000000000033,22.676130653266366,22.150000000000034
2025-07-18,Terra,,27.110000000000014,20.07261306532668,20.07000000000005
2025-07-19,Terra,,,21.710000000000036,22.110000000000014
2025-07-20,Terra,27.78216080402013,27.410000000000025,21.83000000000004,22.130000000000052
2025-07-21,Terra,27.268994974874385,26.930000000000007,,
2025-07-22,Terra,26.571708542713623,26.33000000000004,22.95190954773874,22.99000000000001
2025-07-23,Terra,26.19291457286434,25.800712830957245,20.289396984924643,21.07000000000005
2025-07-25,Terra,29.022060301507576,28.750000000000057,,22.210000000000036
2025-07-26,Terra,24.79874371859301,24.690000000000055,,
2025-07-27,Terra,,,21.441370558375667,22.190000000000055
2025-07-28,Terra,28.03000000000003,27.390000000000043,,17.03000000000003
2025-07-30,Terra,27.450000000000045,26.810000000000002,,15.310000000000002
2025-08-01,Terra,,,23.180103092783565,21.99000000000001
2025-08-02,Terra,29.5076884422111,29.05000000000001,,22.450000000000045
2025-08-04,Terra,26.818040201005047,26.95000000000005,23.07000000000005,21.55000000000001
2025-08-06,Terra,28.82979899497492,28.07000000000005,,22.930000000000007
2025-08-07,Terra,28.68115577889451,28.26243323442141,21.29000000000002,21.230000000000018
2025-08-11,Terra,27.960753768844235,27.870000000000005,,
2025-08-12,Terra,26.985376884422145,26.610000000000014,,
2025-08-14,Terra,29.118140703517614,27.83000000000004,21.815929648241234,21.730000000000018
2025-08-16,Terra,28.250000000000057,27.83000000000004,,22.230000000000018
2025-08-17,Terra,28.59904522613068,27.890000000000043,,
2025-08-19,Terra,29.32427135678396,28.730000000000018,,
2025-08-21,Terra,27.190000000000055,27.310000000000002,21.610100502512584,21.710000000000036
2025-08-22,Terra,,,22.12326633165833,22.610000000000014
2025-08-23,Terra,28.661959798994992,27.99000000000001,23.100452261306554,21.970000000000027
2025-08-24,Terra,29.21864321608043,29.230000000000015,,24.670000000000016
2025-08-26,Terra,26.3360301507538,25.294351464435163,,
2025-08-27,Terra,27.566783919598024,27.33000000000004,,11.110000000000014
2025-08-28,Terra,,,19.667688442211073,19.53000000000003
2025-08-29,Terra,28.509396984924663,28.73000000000002,,
2025-08-31,Terra,22.760954773869358,25.49000000000001,,24.130000000000052
2025-09-01,Terra,27.14658291457288,26.310000000000002,,
2025-09-02,Terra,29.798341708542754,29.130000000000052,23.20715736040613,23.190000000000055
2025-09-03,Terra,31.061758793969872,30.857757671125114,,25.090000000000032
2025-09-05,Terra,31.249899497487466,30.810000000000002,22.07000000000005,21.765144927536276
2025-09-06,Terra,27.06457286432163,26.650000000000034,,
2025-09-12,Terra,27.960954773869382,27.77000000000004,23.337236180904554,23.05000000000001
2025-09-13,Terra,27.214422110552803,27.523262879788675,,24.03000000000003
2025-09-15,Terra,29.861557788944765,29.3006072874494,,
2025-09-18,Terra,28.704874371859336,28.57000000000005,,
2025-09-20,Terra,29.138944723618124,29.55000000000001,,15.590000000000032
2025-09-21,Terra,27.38085427135681,27.63000000000005,20.710000000000036,21.07000000000005
2025-09-22,Terra,30.787688442211078,30.638139534883766,21.956733668341727,20.750000000000057
2025-09-23,Terra,30.398743718592996,30.30000000000001,,20.310000000000002
2025-09-25,Terra,30.884170854271378,30.41569424964939,,19.210000000000036
2025-09-26,Terra,28.64628140703522,28.710000000000036,,
2025-09-28,Terra,29.869698492462316,30.010000000000048,,
2025-10-01,Terra,29.146683417085463,28.83000000000004,,
2025-10-02,Terra,29.88015075376887,29.79000000000002,,
2025-10-03,Terra,30.52085427135682,30.51775075987846,22.938223350253836,22.49000000000001
2025-10-05,Terra,31.93231155778898,31.670000000000016,,24.03000000000003
2025-10-06,Terra,28.920854271356802,28.670000000000016,,
2025-10-07,Terra,29.55100502512564,29.250000000000053,,22.650000000000034
2025-10-08,Terra,28.512713567839228,28.92073059360732,22.591708542713597,22.57000000000005
2025-10-10,Terra,30.770904522613076,30.890000000000043,,24.590000000000032
2025-10-13,Terra,31.35914572864323,31.29000000000002,,
2025-10-15,Terra,30.463266331658303,30.690000000000055,22.28316582914576,22.590000000000032
2025-10-18,Terra,29.83170854271358,30.230000000000018,,
2025-10-20,Terra,29.620552763819127,30.07453584018806,,
2025-10-23,Terra,28.03000000000003,28.190000000000055,,
2025-11-16,Terra,28.79000000000002,29.890000000000043,,
2025-12-20,Terra,27.99000000000001,28.79000000000002,,
2026-01-03,Terra,27.458040201005055,28.810000000000002,,
2026-01-16,Terra,26.94005025125631,26.730000000000018,,
2026-01-25,Terra,26.49894472361813,27.230000000000018,,
2026-01-30,Terra,27.8616582914573,27.710000000000036,,
2026-02-04,Terra,27.67834170854275,27.810000000000002,,
2026-03-07,Terra,26.357638190954784,26.150000000000034,,
2026-03-12,Terra,24.799748743718634,24.988848368522085,,13.630000000000052
2026-03-13,Terra,,,14.346080402010065,15.270000000000039
2026-03-14,Terra,28.925477386934702,28.97725988700567,,
2026-03-16,Terra,27.41150753768847,27.11000000000001,,
2026-03-17,Terra,27.186984924623143,27.250000000000057,,
2026-03-29,Terra,28.071206030150776,28.070000000000054,,
2026-03-30,Terra,27.129798994974927,26.99000000000001,,
2026-04-01,Terra,28.22678391959801,28.050000000000008,,
2026-04-03,Terra,28.581959798995015,28.75007812500006,,
2026-04-04,Terra,26.25683417085431,27.130000000000052,,
2026-04-05,Terra,28.010000000000048,27.590000000000032,,
2026-04-06,Terra,23.365276381909577,23.83000000000004,,
2026-04-08,Terra,27.790201005025143,27.642765957446848,,
2026-04-10,Terra,24.910000000000025,25.27000000000004,,
2026-04-11,Terra,28.52859296482415,28.110000000000017,,
2026-04-13,Terra,28.875929648241243,28.769926470588274,19.890000000000043,22.475552407932035
2026-04-14,Terra,27.7101005025126,27.850000000000026,16.130000000000052,16.390000000000043
2026-04-15,Terra,28.721557788944782,28.390000000000043,,
2026-04-16,Terra,28.935226130653305,28.590000000000032,,25.370000000000005
2026-04-18,Terra,28.24155778894476,28.150000000000034,,22.49000000000001
2026-04-19,Terra,27.64286432160808,27.470000000000027,,
2026-04-20,Terra,,24.710000000000036,23.88567839195982,24.450000000000045
2026-04-21,Terra,26.530100502512592,25.690000000000055,,
2026-04-23,Terra,28.912110552763842,28.976129807692327,23.85497461928936,23.650000000000034
2026-04-24,Terra,28.542060301507558,28.330000000000048,,
2026-04-25,Terra,28.22226130653269,28.430000000000007,,24.210000000000036
2026-04-26,Terra,29.1576381909548,28.890000000000047,,
2026-04-28,Terra,27.37763819095481,27.29000000000002,,
2026-04-29,Terra,29.48246231155782,27.33000000000004,,
2026-05-01,Terra,27.55040201005029,25.910000000000025,,
2026-05-03,Terra,28.052713567839223,28.150000000000034,23.110000000000014,22.730000000000018
2026-05-06,Terra,25.131608040201023,24.650000000000034,12.798934010152323,13.310000000000002
2026-05-08,Terra,27.636633165829164,27.55000000000001,,24.730000000000018
2026-05-09,Terra,21.14857868020308,21.970000000000027,,
2026-05-10,Terra,,,24.048391959799037,23.670000000000016
2026-05-12,Terra,,,18.110000000000014,19.090000000000032
2026-05-18,Terra,27.236934673366854,27.430000000000007,,
2026-05-21,Terra,27.896934673366868,27.910000000000025,,
2026-05-23,Terra,27.310603015075408,27.190000000000058,,23.750000000000057
2026-05-24,Terra,26.478341708542736,26.470000000000027,,
2026-05-26,Terra,26.82849246231157,26.799108910891096,,
2026-05-27,Terra,,,20.53000000000003,20.930000000000007
2026-05-28,Terra,26.94758793969851,27.267296222664054,,22.310000000000002
2026-05-29,Terra,25.758743718592985,25.670000000000012,20.51954773869351,20.130000000000052
2026-05-30,Terra,25.090000000000032,25.090000000000032,,23.910000000000025
2026-05-31,Terra,26.478040201005076,26.710000000000036,,23.010000000000048
2026-06-03,Terra,26.58889447236184,26.790000000000024,,
2026-06-05,Terra,27.67663316582918,28.17000000000002,,25.010000000000048
2026-06-07,Terra,25.812211055276414,26.310000000000002,,24.670000000000016
2026-06-08,Terra,27.437939698492492,27.430000000000007,,23.870000000000005
2026-06-10,Terra,26.428090452261344,26.977853323147464,,23.970000000000027
2026-06-13,Terra,30.750000000000057,25.870000000000005,,
2026-06-17,Terra,26.229497487437232,26.610000000000014,,25.03000000000003
2026-06-18,Terra,26.71944723618096,26.810000000000002,,23.350000000000023
2026-06-19,Terra,,,22.789593908629474,22.930000000000007
2026-06-22,Terra,,,23.82035532994926,23.29000000000002
2026-06-23,Terra,25.728391959799044,25.670000000000016,19.730000000000018,20.710000000000036
2026-06-24,Terra,,,23.26829145728647,23.110000000000014
2026-06-25,Terra,26.891407035175895,27.150000000000038,,13.29000000000002
2026-06-28,Terra,25.830402010050296,25.91000000000002,,23.010000000000048
2026-06-30,Terra,,,21.533553299492414,21.470000000000027
2026-07-02,Terra,25.07854271356788,24.99000000000001,22.455773195876336,22.810000000000002
2026-07-03,Terra,26.35673366834172,26.310000000000002,,22.33000000000004
2026-07-05,Terra,26.916130653266375,26.85000000000002,,20.390000000000043
2026-07-07,Terra,,26.03000000000003,22.820854271356797,22.610000000000014
2026-07-08,Terra,26.623165829145762,26.510000000000048,21.83552763819098,22.170000000000016
2026-07-09,Terra,,23.630000000000052,21.60769230769232,22.090000000000032
2026-07-10,Terra,26.30809045226134,26.090000000000032,,22.49000000000001
2026-07-13,Terra,25.978542713567855,25.85000000000002,21.74507537688445,21.910000000000025
2026-07-15,Terra,26.222864321608064,25.810000000000002,,23.930000000000007
2026-07-18,Terra,26.960452261306568,26.690000000000055,,20.250000000000057
2026-07-19,Terra,,,20.670000000000016,20.010000000000048
2026-07-20,Terra,27.008693467336702,26.650000000000034,15.576934673366877,15.730000000000018
2026-07-23,Terra,,20.07000000000005,12.12857868020307,12.590000000000032
2026-07-24,Terra,,,21.03190954773872,21.49000000000001
2026-07-25,Terra,26.7246733668342,26.510000000000048,22.412886597938172,22.05000000000001
2026-07-27,Terra,25.43261306532667,25.650000000000034,,22.310000000000002
2026-07-28,Terra,24.381153846153893,24.57000000000005,,
2026-07-30,Terra,25.376432160804054,25.570000000000054,21.27284263959395,21.450000000000045
2026-08-02,Terra,27.62557788944726,27.49000000000001,,23.950000000000045
2026-08-04,Terra,27.355728643216107,27.02990338164254,,22.210000000000036
2026-08-06,Terra,,24.930000000000007,22.09423076923082,22.77000000000004
2026-08-07,Terra,27.281658291457315,26.61000000000001,,24.27000000000004
2026-08-08,Terra,,,19.760251256281457,19.510000000000048
2026-08-09,Terra,27.519949748743755,27.230000000000018,22.494020100502556,21.930000000000007
2026-08-10,Terra,24.039145728643234,24.250000000000057,,
2026-08-12,Terra,27.463768844221114,27.03000000000003,22.14547738693469,21.950000000000045
2026-08-13,Terra,,,20.086482412060334,20.230000000000018
2026-08-14,Terra,27.551206030150794,26.970000000000027,,20.850000000000023
2026-08-15,Terra,23.974522613065353,23.910000000000025,,
2026-08-16,Terra,26.539648241206052,26.390000000000043,23.459849246231176,23.170000000000016
2026-08-17,Terra,27.171306532663337,27.01000000000005,22.130000000000052,21.970000000000027
2026-08-19,Terra,26.257135678391982,26.510000000000048,,22.170000000000016
2026-08-20,Terra,27.501557788944755,27.27000000000004,,
2026-08-21,Terra,27.51291457286437,27.090000000000032,,17.950000000000045
2026-08-22,Terra,28.612010050251268,28.350000000000026,,17.450000000000045
2026-08-23,Terra,,,22.379547738693493,22.890000000000043
2026-08-24,Terra,28.560954773869376,28.142237442922415,,24.470000000000027
2026-08-25,Terra,27.03000000000003,26.310000000000002,,
2026-08-26,Terra,27.891206030150773,27.590000000000032,22.364472361809074,21.650000000000034
2026-08-27,Terra,28.156934673366862,27.730000000000018,,23.190000000000055
2026-08-29,Terra,27.904874371859332,27.870000000000005,22.32708542713571,22.77000000000004
2026-08-30,Terra,28.329296482412072,28.170000000000016,,
2026-08-31,Terra,28.37452261306536,28.390000000000043,,25.57000000000005
2026-09-01,Terra,29.149597989949786,29.150000000000034,21.001356783919636,21.510000000000048
2026-09-03,Terra,29.06959798994977,29.170000000000016,,24.49000000000001
2026-09-05,Terra,28.123668341708576,27.810000000000002,,22.810000000000002
2026-09-11,Terra,27.685376884422137,28.010000000000048,22.147587939698518,20.690000000000055
2019-01-07,Aqua,,,23.16718592964826,22.77000000000004
2019-01-08,Aqua,33.142361809045255,31.970000000000027,,
2019-02-09,Aqua,,,16.042462311557838,16.110000000000014
2019-02-13,Aqua,,,22.781055276381938,22.830000000000037
2019-02-16,Aqua,32.74557788944729,34.35000000000002,,
2019-02-21,Aqua,31.461256281407074,32.23000000000002,,
2019-03-04,Aqua,32.56276381909551,32.53000000000003,,
2019-03-11,Aqua,34.719145728643255,35.700000000000045,,
2019-03-12,Aqua,,,21.564230769230804,20.930000000000007
2019-03-29,Aqua,34.70668341708548,34.89000000000004,,
2019-04-07,Aqua,35.38417085427138,34.29571753986334,,
2019-04-08,Aqua,,,17.13954773869351,17.07000000000005
2019-04-15,Aqua,,,21.170000000000016,20.79000000000002
2019-04-21,Aqua,34.530412371134055,34.690000000000055,,20.57000000000005
2019-04-23,Aqua,33.64979899497491,32.83000000000004,,
2019-04-25,Aqua,33.826482412060344,32.33000000000004,,24.090000000000032
2019-05-03,Aqua,31.110000000000014,31.33000000000004,,
2019-05-04,Aqua,31.567286432160824,30.57000000000005,,23.83000000000004
2019-05-07,Aqua,32.02092783505158,31.52000000000004,,
2019-05-08,Aqua,,28.690000000000055,23.303969849246272,23.03000000000003
2019-05-09,Aqua,33.13954773869351,32.99000000000001,,17.99000000000001
2019-05-11,Aqua,30.01532663316584,30.17000000000002,,22.05000000000001
2019-05-13,Aqua,,27.230000000000018,23.173718592964867,23.090000000000032
2019-05-19,Aqua,31.204271356783938,31.924220963172814,,
2019-05-21,Aqua,33.04758793969852,33.58389473684215,,
2019-05-23,Aqua,,28.590000000000032,21.39050251256285,21.190000000000055
2019-05-24,Aqua,30.371206030150784,30.57000000000005,,
2019-05-25,Aqua,30.68769230769233,32.910000000000025,20.274321608040236,20.53000000000003
2019-05-27,Aqua,,,21.99000000000001,22.29000000000002
2019-05-28,Aqua,30.09874371859299,31.390000000000043,,
2019-05-30,Aqua,29.280653266331687,31.07000000000005,,20.710000000000036
2019-06-05,Aqua,28.981256281407074,29.99000000000001,,22.79000000000002
2019-06-06,Aqua,31.873919597989975,32.758669581511604,,
2019-06-08,Aqua,29.896432160804046,31.590000000000032,,
2019-06-10,Aqua,31.709095477386974,33.03000000000003,21.590000000000032,21.670000000000016
2019-06-12,Aqua,,30.890000000000043,20.003567839196,20.07000000000005
2019-06-15,Aqua,27.936432160804056,29.590000000000035,20.17964824120607,20.250000000000053
2019-06-17,Aqua,31.73964824120607,33.23000000000002,16.39693467336688,17.710000000000036
2019-06-18,Aqua,31.610000000000014,31.610000000000014,19.890000000000043,19.710000000000036
2019-06-19,Aqua,30.048492462311597,31.4197888675624,19.772412060301548,19.390000000000043
2019-06-20,Aqua,29.56949748743721,31.48486880466474,,19.510000000000048
2019-06-21,Aqua,29.741457286432198,30.27000000000004,,20.630000000000052
2019-06-22,Aqua,31.190000000000055,33.01000000000005,,
2019-06-24,Aqua,33.11693467336687,33.980579710144944,21.510000000000048,21.510000000000048
2019-06-25,Aqua,,,21.92728643216084,21.630000000000052
2019-06-26,Aqua,32.1173366834171,33.370000000000005,21.499748743718623,21.55000000000001
2019-06-28,Aqua,,30.410000000000025,19.739748743718632,19.310000000000002
2019-06-29,Aqua,32.07110552763821,33.64333333333337,,
2019-06-30,Aqua,30.450000000000045,30.810000000000002,,19.510000000000048
2019-07-01,Aqua,33.257035175879416,34.950000000000045,,
2019-07-05,Aqua,28.59422110552768,30.370000000000008,,21.83000000000004
2019-07-06,Aqua,31.957336683417104,32.33000000000004,,19.150000000000034
2019-07-07,Aqua,31.570301507537724,31.33000000000004,,20.190000000000055
2019-07-08,Aqua,33.98608040201007,34.72529411764708,,
2019-07-09,Aqua,,,20.650201005025153,20.512139352306228
2019-07-10,Aqua,32.58030927835056,33.69542141230073,,20.57000000000005
2019-07-12,Aqua,32.65412371134024,31.99000000000001,,21.05000000000001
2019-07-14,Aqua,33.68346733668343,33.210000000000036,20.167868020304585,20.230000000000018
2019-07-17,Aqua,34.80045226130657,34.26000000000005,,13.390000000000043
2019-07-21,Aqua,31.710000000000036,32.650000000000034,20.491608040201044,20.200000000000017
2019-07-23,Aqua,34.15361809045229,33.36385869565218,,
2019-07-24,Aqua,33.65769230769234,33.89000000000004,,
2019-07-25,Aqua,,,20.310000000000002,20.610000000000014
2019-07-26,Aqua,37.36115577889451,36.75488205128211,17.730000000000018,17.33000000000004
2019-07-27,Aqua,,,21.190000000000055,21.370000000000005
2019-07-28,Aqua,35.876331658291484,34.90544141252009,,
2019-07-29,Aqua,,,17.450000000000045,16.890000000000043
2019-07-30,Aqua,36.532412060301525,34.670000000000016,,21.03000000000003
2019-07-31,Aqua,35.338743718592994,34.5367330677291,,
2019-08-01,Aqua,,,20.710000000000036,20.450000000000045
2019-08-02,Aqua,33.92718592964827,35.43000000000001,,20.310000000000002
2019-08-03,Aqua,,,20.417939698492482,20.850000000000023
2019-08-04,Aqua,31.890000000000043,33.910000000000025,,18.33000000000004
2019-08-06,Aqua,36.403266331658344,34.75000000000006,20.046180904522664,20.27000000000004
2019-08-07,Aqua,30.250000000000057,30.450000000000045,,19.390000000000043
2019-08-08,Aqua,32.690000000000055,31.390000000000043,,
2019-08-11,Aqua,36.899145728643255,34.25000000000006,20.360251256281423,20.170000000000016
2019-08-13,Aqua,,30.130000000000052,20.957437185929685,20.370000000000005
2019-08-14,Aqua,37.33000000000004,35.13000000000005,,20.910000000000025
2019-08-16,Aqua,35.05060301507542,34.710000000000036,,
2019-08-17,Aqua,31.1389340101523,30.930000000000007,20.27000000000004,20.210000000000036
2019-08-18,Aqua,35.01000000000005,35.55000000000001,19.310000000000002,19.170000000000016
2019-08-20,Aqua,34.863768844221134,35.5401089324619,,20.870000000000005
2019-08-22,Aqua,,,20.970000000000027,20.890000000000043
2019-08-27,Aqua,37.78768844221109,36.410000000000025,18.348291457286457,17.99000000000001
2019-08-29,Aqua,38.328793969849286,37.13000000000005,,21.670000000000016
2019-09-01,Aqua,37.8174371859297,36.93000000000001,,
2019-09-02,Aqua,33.97261306532666,33.85000000000002,,19.750000000000057
2019-09-03,Aqua,34.23783919597994,34.49,20.5822613065327,20.49000000000001
2019-09-04,Aqua,,,19.038223350253826,19.210000000000036
2019-09-05,Aqua,33.404416243654836,34.53000000000003,,
2019-09-06,Aqua,,,19.83000000000004,18.670000000000016
2019-09-08,Aqua,,34.85000000000002,18.950000000000045,18.850000000000023
2019-09-09,Aqua,34.71432160804024,34.13000000000005,,20.950000000000045
2019-09-10,Aqua,37.917939698492496,37.450000000000045,,
2019-09-12,Aqua,35.55984924623118,34.190000000000055,,17.450000000000045
2019-09-14,Aqua,,28.49000000000001,19.994723618090465,20.150000000000034
2019-09-18,Aqua,33.241256281407075,32.870000000000005,,22.010000000000048
2019-09-19,Aqua,35.992613065326665,35.410000000000025,,19.950000000000045
2019-09-21,Aqua,31.630812182741153,34.43000000000001,20.850000000000023,20.890000000000043
2019-09-23,Aqua,30.83000000000004,34.910000000000025,21.743266331658333,21.650000000000034
2019-09-25,Aqua,34.60025125628145,34.47722379603402,,23.870000000000005
2019-09-28,Aqua,37.61934673366839,37.39861244019142,21.480251256281427,21.230000000000018
2019-09-29,Aqua,,,20.289095477386958,20.350000000000023
2019-10-03,Aqua,37.67160804020103,37.34592088998766,,
2019-10-04,Aqua,37.742361809045256,37.23000000000002,,22.930000000000007
2019-10-05,Aqua,39.22246231155783,39.800791717417795,,19.350000000000023
2019-10-07,Aqua,,,21.49000000000001,21.110000000000014
2019-10-09,Aqua,37.50989949748746,37.81,17.396597938144374,13.210000000000036
2019-10-11,Aqua,38.1889949748744,37.48000000000002,,
2019-10-12,Aqua,39.2717085427136,39.710000000000036,,
2019-10-16,Aqua,37.482763819095496,38.53000000000003,,20.850000000000023
2019-10-17,Aqua,,37.53000000000003,21.150000000000034,21.190000000000055
2019-10-21,Aqua,37.689195979899516,37.42034482758622,21.762160804020123,21.77000000000004
2019-10-23,Aqua,41.53311557788949,41.11000000000001,,
2019-10-24,Aqua,,33.49000000000001,21.850000000000023,21.55000000000001
2019-10-25,Aqua,,,22.345678391959826,22.190000000000055
2019-10-26,Aqua,36.807889447236214,36.610000000000014,,
2019-10-30,Aqua,37.60788944723621,38.190000000000055,,
2019-11-03,Aqua,,,21.556331658291487,22.230000000000018
2019-11-04,Aqua,33.700351758794014,34.83000000000004,,
2019-11-05,Aqua,33.27914572864326,33.610000000000014,,23.03000000000003
2019-11-06,Aqua,37.81381909547742,37.92773584905662,20.880351758793992,20.730000000000018
2019-11-07,Aqua,,,18.818643216080424,19.190000000000055
2019-11-08,Aqua,34.58819095477391,38.77000000000004,,22.810000000000002
2019-11-10,Aqua,,40.43000000000001,22.974020100502557,22.810000000000002
2019-11-11,Aqua,,38.03000000000003,17.447587939698508,17.29000000000002
2019-11-15,Aqua,38.54396984924626,38.84737193763923,,
2019-11-17,Aqua,37.749899497487455,37.47000000000003,,
2019-11-20,Aqua,36.07804020100506,36.53000000000003,,
2019-11-21,Aqua,,,22.630000000000052,22.210000000000036
2019-11-26,Aqua,35.02447236180907,35.76260590500647,,
2019-11-28,Aqua,,,23.12538461538467,23.090000000000032
2019-11-29,Aqua,35.09804020100507,36.92332260659697,,
2019-12-08,Aqua,36.35741116751272,37.47203023758102,,
2019-12-10,Aqua,35.19723618090457,35.5319202898551,,23.350000000000023
2019-12-26,Aqua,26.850000000000023,28.430000000000007,,
2020-01-15,Aqua,30.155829145728674,30.950000000000045,,
2020-01-16,Aqua,36.282160804020144,36.410000000000025,,
2020-01-20,Aqua,35.03000000000003,33.97000000000003,,
2020-01-24,Aqua,30.545879396984958,29.79000000000002,,24.850000000000023
2020-01-25,Aqua,34.98748743718596,36.860000000000014,,17.130000000000052
2020-01-26,Aqua,,,23.319949748743742,23.33000000000004
2020-03-15,Aqua,34.03231155778897,34.65159624413149,,
2020-04-14,Aqua,33.29462311557791,32.97000000000003,,
2020-04-23,Aqua,35.85341708542716,35.47552258064518,,
2020-05-01,Aqua,,,22.882763819095498,22.690000000000058
2020-05-06,Aqua,32.28236180904528,31.350000000000023,,23.49000000000001
2020-05-11,Aqua,32.48628865979382,32.910000000000025,,
2020-05-13,Aqua,30.784874371859328,30.630000000000052,,16.430000000000007
2020-05-25,Aqua,33.9276884422111,34.025838509316806,,
2020-06-02,Aqua,,,22.880050251256307,23.150000000000034
2020-06-03,Aqua,29.88192307692308,31.190000000000055,,
2020-06-04,Aqua,29.794422110552812,30.19000000000005,,16.970000000000027
2020-06-05,Aqua,30.589396984924658,30.95000000000005,,15.970000000000027
2020-06-08,Aqua,31.250769230769254,32.218728813559345,,
2020-06-10,Aqua,31.04269230769234,31.79000000000002,,
2020-06-12,Aqua,32.64778894472365,33.584365217391344,,22.210000000000036
2020-06-14,Aqua,,,22.523197969543155,22.430000000000007
2020-06-16,Aqua,,,22.045769230769245,22.150000000000034
2020-06-18,Aqua,,,20.590000000000032,21.230000000000018
2020-06-19,Aqua,,29.510000000000048,16.627788944723672,16.33000000000004
2020-06-22,Aqua,32.292211055276404,32.57000000000005,,
2020-06-26,Aqua,25.137236180904555,27.370000000000005,,18.010000000000048
2020-06-27,Aqua,29.130000000000052,29.130000000000052,,19.610000000000014
2020-06-28,Aqua,,,20.07000000000005,20.670000000000016
2020-06-30,Aqua,,30.77000000000004,20.00748743718596,20.07000000000005
2020-07-03,Aqua,33.140050251256326,33.880000000000024,,
2020-07-09,Aqua,,,21.67130653266333,21.57000000000005
2020-07-11,Aqua,,,21.813417085427155,21.79000000000002
2020-07-13,Aqua,,,19.647487437185962,21.630000000000052
2020-07-17,Aqua,34.27100502512567,34.3356152927121,,
2020-07-18,Aqua,,,22.2169230769231,21.79000000000002
2020-07-20,Aqua,,,22.16065326633167,21.310000000000002
2020-07-21,Aqua,,,15.970000000000027,17.370000000000005
2020-07-22,Aqua,,,21.228894472361826,21.430000000000007
2020-07-23,Aqua,32.03000000000003,31.450000000000045,20.70547738693471,20.53000000000003
2020-07-24,Aqua,30.91783505154642,30.073043478260917,,
2020-07-25,Aqua,28.430000000000007,29.430000000000007,,
2020-07-26,Aqua,35.66427135678394,35.03000000000003,,
2020-07-27,Aqua,,,19.970000000000027,19.910000000000025
2020-07-29,Aqua,,,16.610000000000014,17.27000000000004
2020-07-30,Aqua,28.77000000000004,28.77000000000004,,20.110000000000014
2020-08-02,Aqua,37.15110552763823,36.10000000000002,,
2020-08-06,Aqua,,,19.704472361809064,19.55000000000001
2020-08-08,Aqua,,31.890000000000043,21.57000000000005,21.190000000000055
2020-08-09,Aqua,36.651206030150796,37.13152173913049,20.730000000000018,20.510000000000048
2020-08-12,Aqua,,,22.07100502512568,21.970000000000027
2020-08-13,Aqua,,29.750000000000057,21.61452261306536,21.49000000000001
2020-08-15,Aqua,,31.730000000000018,20.670000000000016,21.53000000000003
2020-09-04,Aqua,29.717437185929697,30.130000000000052,,21.710000000000036
2020-09-05,Aqua,35.39000000000004,35.595152439024424,19.353618090452283,19.590000000000032
2020-09-07,Aqua,35.05040201005028,31.970000000000027,,
2020-09-10,Aqua,,,21.18005025125632,20.890000000000047
2020-09-14,Aqua,33.67050251256286,35.09000000000003,20.930904522613105,20.920000000000016
2020-09-18,Aqua,35.670000000000016,34.85000000000002,,
2020-09-20,Aqua,,,22.691708542713624,22.630000000000052
2020-09-21,Aqua,,38.870000000000005,15.750000000000057,14.310000000000002
2020-09-23,Aqua,,,21.850402010050274,21.83000000000004
2020-09-25,Aqua,,30.650000000000034,21.77692307692312,22.130000000000052
2020-09-29,Aqua,,,19.644371859296488,20.390000000000043
2020-10-01,Aqua,,,20.584472361809073,21.090000000000032
2020-10-13,Aqua,32.210000000000036,32.670000000000016,,
2020-10-24,Aqua,,,23.162462311557817,23.310000000000002
2020-10-25,Aqua,35.41556701030929,34.07000000000005,,
2020-11-05,Aqua,,31.110000000000014,22.679644670050795,22.79000000000002
2020-11-06,Aqua,35.210000000000036,35.370000000000005,,
2021-02-07,Aqua,32.71321608040203,33.370000000000005,,
2021-02-16,Aqua,32.468693467336706,32.97000000000003,,
2021-04-10,Aqua,36.57000000000005,35.190000000000055,,
2021-04-14,Aqua,33.87120603015079,33.01614130434787,,23.83000000000004
2021-04-16,Aqua,32.35753768844226,30.970000000000027,,22.110000000000014
2021-04-19,Aqua,36.38396984924626,35.59072090628222,,22.650000000000034
2021-04-21,Aqua,34.55723618090454,33.761853035143815,21.590000000000032,21.250000000000057
2021-04-22,Aqua,33.61442211055277,33.75000000000006,,
2021-04-23,Aqua,32.719748743718625,32.110000000000014,,23.350000000000023
2021-04-24,Aqua,32.51120603015079,34.170000000000016,,
2021-04-26,Aqua,35.095829145728665,34.13000000000005,14.010000000000048,13.330000000000041
2021-04-27,Aqua,,,18.89974874371863,19.610000000000014
2021-04-29,Aqua,,,19.354824120603038,18.230000000000018
2021-05-03,Aqua,34.55000000000001,35.63000000000005,,
2021-05-05,Aqua,32.69452261306535,32.53000000000003,,
2021-05-07,Aqua,32.638461538461556,31.950000000000045,,
2021-05-08,Aqua,33.9374371859297,33.77000000000004,,
2021-05-12,Aqua,34.44547738693469,34.27000000000004,,22.27000000000004
2021-05-20,Aqua,,,23.170000000000016,23.05000000000001
2021-05-21,Aqua,33.245376884422136,33.15596973865202,,
2021-05-26,Aqua,32.707185929648276,33.49000000000001,,
2021-05-30,Aqua,28.597437185929692,29.910000000000025,,
2021-06-01,Aqua,31.497738693467365,32.03000000000003,,
2021-06-02,Aqua,33.161155778894525,34.39000000000004,,
2021-06-03,Aqua,29.954120603015113,29.430000000000007,,21.730000000000018
2021-06-04,Aqua,31.973316582914602,32.860344827586225,,22.090000000000032
2021-06-05,Aqua,,,23.428994974874417,21.250000000000057
2021-06-06,Aqua,34.26457286432165,34.7646692233941,,21.090000000000032
2021-06-08,Aqua,32.62788944723621,33.203333333333376,18.130000000000052,16.29000000000002
2021-06-10,Aqua,29.94738693467339,29.55000000000001,,
2021-06-13,Aqua,32.379648241206056,33.35000000000002,,20.230000000000018
2021-06-20,Aqua,28.972412060301547,30.83000000000004,,
2021-06-22,Aqua,29.24427135678396,29.83000000000004,,
2021-06-27,Aqua,31.15907216494849,31.77000000000004,,
2021-06-29,Aqua,31.750000000000057,30.610000000000014,,
2021-07-01,Aqua,32.91472361809048,32.89000000000005,,21.07000000000005
2021-07-03,Aqua,29.67351758793974,29.430000000000007,,
2021-07-04,Aqua,29.205075376884434,30.230000000000018,,
2021-07-05,Aqua,28.590000000000032,27.410000000000025,,18.910000000000025
2021-07-06,Aqua,30.170000000000016,30.430000000000007,,19.77000000000004
2021-07-11,Aqua,33.26979899497491,33.203667752443046,,
2021-07-12,Aqua,,29.930000000000007,22.4665829145729,22.410000000000025
2021-07-20,Aqua,37.08698492462315,36.29000000000002,,
2021-07-22,Aqua,35.1306030150754,34.35962360122077,20.892010050251272,21.350000000000023
2021-07-23,Aqua,,,20.965376884422138,21.370000000000005
2021-07-24,Aqua,36.091809045226164,36.23000000000002,,21.750000000000057
2021-07-25,Aqua,33.57261306532666,33.55000000000001,,19.410000000000025
2021-07-26,Aqua,35.35884422110557,34.99000000000001,,20.810000000000002
2021-07-27,Aqua,35.271507537688485,34.70171428571433,,19.29000000000002
2021-07-28,Aqua,32.002060301507576,33.710000000000036,21.081457286432205,20.950000000000045
2021-07-31,Aqua,,30.83000000000004,20.25140703517591,20.03000000000003
2021-08-04,Aqua,31.77000000000004,30.370000000000005,,
2021-08-05,Aqua,33.82376884422113,32.55000000000001,,
2021-08-09,Aqua,32.7822842639594,33.13000000000005,,23.99000000000001
2021-08-11,Aqua,34.34306532663319,33.517681159420334,,
2021-08-13,Aqua,,,22.423908629441645,22.27000000000004
2021-08-15,Aqua,,,22.725678391959846,22.310000000000002
2021-08-16,Aqua,35.73000000000002,35.708478260869605,,
2021-08-23,Aqua,,,20.39371859296487,20.29000000000002
2021-08-24,Aqua,,,21.510000000000048,21.610000000000014
2021-09-01,Aqua,,35.13719225449521,21.6357286432161,21.33000000000004
2021-09-02,Aqua,,,19.410000000000025,18.590000000000032
2021-09-03,Aqua,32.918743718593,32.670000000000016,17.549615384615436,18.850000000000023
2021-09-07,Aqua,,29.930000000000007,21.590000000000032,22.33000000000004
2021-09-08,Aqua,38.1163316582915,37.95820980615739,,19.99000000000001
2021-09-16,Aqua,,,22.930000000000007,22.450000000000042
2021-09-17,Aqua,32.20035175879398,33.230000000000025,14.534221105527658,12.650000000000034
2021-09-19,Aqua,31.96407035175882,32.35000000000002,19.610000000000014,20.130000000000052
2021-09-26,Aqua,34.43261306532666,33.950000000000045,,
2021-10-01,Aqua,34.697035175879435,34.649964412811414,,
2021-10-03,Aqua,31.03462311557793,31.670000000000016,,
2021-10-04,Aqua,,,17.19385786802034,17.670000000000016
2021-10-07,Aqua,,,21.630201005025153,21.630000000000052
2021-10-09,Aqua,,28.07000000000005,21.158341708542746,21.410000000000025
2021-10-12,Aqua,33.62718592964829,33.77000000000004,,
2021-10-20,Aqua,,,23.285477386934705,23.05000000000001
2021-10-29,Aqua,,,19.032311557788997,18.430000000000007
2021-12-09,Aqua,,31.690000000000055,12.666582914572903,12.970000000000027
2021-12-13,Aqua,34.97482412060304,34.54296060991108,,
2021-12-24,Aqua,34.61284263959396,32.650000000000034,,
2022-01-23,Aqua,,31.190000000000055,22.241959798995005,22.690000000000055
2022-03-12,Aqua,,,18.62919597989952,19.07000000000005
2022-03-16,Aqua,,,22.760753768844264,22.83000000000004
2022-05-04,Aqua,29.79000000000002,32.13000000000005,,
2022-05-05,Aqua,,,22.870000000000005,22.670000000000016
2022-05-12,Aqua,,,18.625175879397016,18.77000000000004
2022-05-15,Aqua,32.38768844221108,32.170000000000016,,23.750000000000057
2022-05-16,Aqua,31.367461928934052,31.53000000000003,,
2022-05-21,Aqua,,,22.323197969543173,22.430000000000007
2022-05-27,Aqua,28.54698492462313,28.710000000000036,,
2022-05-30,Aqua,,,22.94939698492464,22.99000000000001
2022-06-02,Aqua,29.540150753768874,29.970000000000027,,
2022-06-07,Aqua,27.827889447236203,29.430000000000007,,
2022-06-18,Aqua,28.75371859296485,29.07000000000005,22.831923076923122,22.77000000000004
2022-06-19,Aqua,30.1686934673367,30.33000000000004,,
2022-06-21,Aqua,32.507286432160846,32.690000000000055,,
2022-06-23,Aqua,30.116130653266342,30.950000000000045,,
2022-06-28,Aqua,,30.370000000000005,14.548592964824143,13.650000000000034
2022-06-29,Aqua,,,18.899346733668377,18.370000000000005
2022-06-30,Aqua,28.66919597989954,29.010000000000048,,
2022-07-07,Aqua,32.11180904522615,29.890000000000043,,
2022-07-08,Aqua,,,18.230000000000018,18.630000000000052
2022-07-09,Aqua,29.33000000000004,30.29000000000002,,
2022-07-14,Aqua,,30.450000000000045,20.970000000000027,20.650000000000034
2022-07-20,Aqua,33.1094974874372,32.414248120300776,20.53361809045231,21.730000000000018
2022-07-25,Aqua,32.692914572864346,31.470000000000027,,
2022-07-28,Aqua,36.79281407035181,35.513441558441606,,
2022-07-30,Aqua,35.33000000000004,33.07000000000005,,
2022-08-03,Aqua,31.897738693467343,31.630000000000052,,21.810000000000002
2022-08-04,Aqua,33.77000000000004,32.83000000000004,,
2022-08-05,Aqua,31.729798994974903,31.695728395061778,,21.27000000000004
2022-08-06,Aqua,35.49000000000001,33.07000000000005,16.02917525773199,16.33000000000004
2022-08-07,Aqua,,,16.675527638190967,19.210000000000036
2022-08-08,Aqua,31.998527918781765,32.53000000000003,,
2022-08-09,Aqua,,,11.743266331658301,12.03000000000003
2022-08-17,Aqua,,31.99000000000001,20.83251256281408,20.010000000000048
2022-08-18,Aqua,,,19.486923076923087,18.930000000000007
2022-08-19,Aqua,,,20.360150753768878,20.630000000000052
2022-08-20,Aqua,35.74909547738697,35.28814610190303,,
2022-08-24,Aqua,,32.650000000000034,14.655326633165872,16.310000000000002
2022-09-07,Aqua,,30.83000000000004,21.258442211055325,21.010000000000048
2022-09-11,Aqua,,,20.862487309644685,21.090000000000032
2022-09-12,Aqua,34.98849246231157,35.21433149171274,,
2022-09-14,Aqua,34.88869346733671,34.342165898617544,,
2022-09-17,Aqua,,,19.53683417085432,20.49000000000001
2022-09-21,Aqua,,,18.184271356783956,17.910000000000025
2022-09-23,Aqua,30.919547738693485,32.49000000000001,21.109396984924665,21.55000000000001
2022-09-25,Aqua,,,13.890000000000043,17.27000000000004
2022-09-27,Aqua,28.695326633165838,29.150000000000034,20.639896907216514,20.710000000000036
2022-10-30,Aqua,31.121256281407064,33.51000000000005,,
2022-12-17,Aqua,,,22.090000000000032,21.170000000000016
2022-12-19,Aqua,31.513919597989997,30.90500000000003,,21.610000000000014
2023-01-09,Aqua,30.348291457286482,30.757893333333378,,
2023-01-12,Aqua,34.01512562814074,34.59000000000003,,
2023-01-23,Aqua,31.86869346733672,32.19683120317325,,
2023-02-18,Aqua,30.559340101522864,32.110000000000014,,
2023-03-11,Aqua,35.94517587939703,35.653399339934026,,23.450000000000045
2023-03-12,Aqua,,,15.670904522613084,15.57000000000005
2023-04-14,Aqua,,,22.730000000000018,22.33000000000004
2023-04-19,Aqua,34.34658291457289,33.370000000000005,,24.130000000000052
2023-04-24,Aqua,35.11130653266334,34.35000000000002,,
2023-05-01,Aqua,31.388592964824152,30.99000000000001,,
2023-05-02,Aqua,,,16.870000000000005,14.730000000000018
2023-05-07,Aqua,,,23.350000000000023,23.05000000000001
2023-05-13,Aqua,30.020515463917555,31.890000000000043,21.370000000000005,21.670000000000016
2023-05-15,Aqua,30.595527638190987,31.890000000000043,,19.150000000000034
2023-05-20,Aqua,32.89769230769235,32.650000000000034,,19.870000000000005
2023-05-21,Aqua,,,21.27643216080405,21.130000000000052
2023-05-22,Aqua,29.898461538461543,32.89000000000004,21.2906030150754,21.730000000000018
2023-05-24,Aqua,32.167386934673395,33.645462633452,,23.29000000000002
2023-05-25,Aqua,32.83542713567844,34.35000000000002,,
2023-05-26,Aqua,31.31884422110556,32.03000000000003,21.359949748743762,21.33000000000004
2023-05-27,Aqua,31.899346733668366,33.29000000000002,19.730000000000018,19.670000000000016
2023-05-29,Aqua,33.51924623115582,34.777323943662005,,22.370000000000005
2023-05-31,Aqua,31.186281407035203,31.230000000000018,,
2023-06-05,Aqua,,,17.045000000000027,16.670000000000016
2023-06-08,Aqua,29.47123711340209,32.25000000000006,,
2023-06-09,Aqua,28.938844221105555,28.890000000000043,21.33412371134025,21.79000000000002
2023-06-10,Aqua,32.052211055276416,33.14502209131079,,
2023-06-15,Aqua,31.457035175879405,32.27000000000004,,
2023-06-17,Aqua,33.01000000000005,33.610000000000014,,
2023-06-18,Aqua,,,21.64185929648243,21.730000000000018
2023-06-19,Aqua,33.1227638190955,33.710000000000036,,
2023-06-22,Aqua,33.87284263959394,33.710000000000036,,
2023-06-23,Aqua,32.95924623115579,32.79700636942677,,22.670000000000016
2023-06-24,Aqua,35.22517587939703,35.79000000000002,,
2023-06-25,Aqua,,,22.223366834170882,22.090000000000032
2023-07-05,Aqua,,30.670000000000016,14.81927835051547,14.930000000000007
2023-07-10,Aqua,32.55291457286436,31.810000000000002,21.209899497487473,21.79000000000002
2023-07-15,Aqua,29.99000000000001,30.950000000000045,21.34949748743721,21.110000000000014
2023-07-17,Aqua,31.99000000000001,32.39000000000004,20.83291457286436,20.870000000000005
2023-07-18,Aqua,35.02909547738697,33.89000000000004,19.630000000000052,19.630000000000052
2023-07-19,Aqua,30.731809045226168,29.970000000000027,19.717307692307713,19.410000000000025
2023-07-21,Aqua,,,19.88597989949751,20.130000000000056
2023-07-22,Aqua,35.724170854271385,34.710000000000036,,
2023-07-23,Aqua,,,17.090000000000032,18.670000000000016
2023-07-24,Aqua,35.0408542713568,33.33000000000004,21.670000000000016,21.410000000000025
2023-07-25,Aqua,,33.53000000000003,20.829497487437198,20.77000000000004
2023-07-26,Aqua,30.630412371134074,30.358592730661712,,21.870000000000005
2023-07-27,Aqua,32.801658291457315,34.33000000000004,,
2023-07-28,Aqua,,,20.541457286432184,20.450000000000045
2023-07-29,Aqua,35.413819095477415,34.610000000000014,,18.910000000000025
2023-07-30,Aqua,,,19.95371859296487,20.010000000000048
2023-07-31,Aqua,,,21.5190721649485,22.150000000000034
2023-08-03,Aqua,36.18989949748747,34.690000000000055,21.53041237113405,21.250000000000057
2023-08-04,Aqua,,,20.079896907216547,21.090000000000035
2023-08-05,Aqua,32.55824742268043,34.97000000000003,21.030904522613096,21.010000000000048
2023-08-06,Aqua,,,21.771507537688482,21.83000000000004
2023-08-07,Aqua,31.210703517587977,30.090000000000032,,21.83000000000004
2023-08-08,Aqua,35.79743718592969,36.190000000000055,,
2023-08-09,Aqua,32.87763819095481,32.08264296754255,,20.130000000000052
2023-08-10,Aqua,36.54738693467339,36.51000000000005,20.019547738693507,19.690000000000055
2023-08-11,Aqua,,,20.472474226804152,20.83000000000004
2023-08-12,Aqua,36.3454773869347,35.27000000000004,20.890710659898488,20.57000000000005
2023-08-14,Aqua,33.4006598984772,30.850000000000023,16.650703517587974,16.710000000000036
2023-08-15,Aqua,33.36758793969852,33.950000000000045,,
2023-08-16,Aqua,31.8011557788945,31.690000000000055,20.614221105527655,20.630000000000052
2023-08-17,Aqua,,30.230000000000018,19.006923076923126,18.890000000000043
2023-08-18,Aqua,,,21.05854271356787,21.070000000000054
2023-08-21,Aqua,31.785175879396995,32.64773480662987,21.184170854271382,21.57000000000005
2023-08-23,Aqua,,,21.71071065989851,21.110000000000014
2023-08-28,Aqua,33.999547738693494,33.25000000000006,,21.430000000000007
2023-08-29,Aqua,36.31663316582918,37.09000000000003,,
2023-08-30,Aqua,31.55000000000001,31.630000000000052,22.190000000000055,21.99000000000001
2023-09-01,Aqua,,,19.99000000000001,19.930000000000007
2023-09-04,Aqua,30.306548223350266,31.110000000000014,19.70256281407037,19.870000000000005
2023-09-05,Aqua,35.47211055276384,35.97989098116949,,
2023-09-06,Aqua,,,21.67071065989852,20.64534090909095
2023-09-07,Aqua,,33.07000000000005,20.830710659898486,20.690000000000055
2023-09-09,Aqua,38.91703517587944,39.108613861386154,20.03000000000003,20.350000000000023
2023-09-10,Aqua,,,20.480351758794015,20.33000000000004
2023-09-12,Aqua,39.62125628140708,39.97861607142859,,
2023-09-14,Aqua,,,19.899648241206066,19.970000000000027
2023-09-15,Aqua,,,21.270502512562857,21.150000000000034
2023-09-17,Aqua,,,18.900854271356817,18.950000000000045
2023-09-19,Aqua,,34.93000000000001,19.69497461928937,19.470000000000027
2023-09-21,Aqua,36.936934673366856,37.106000000000016,21.21653266331661,21.41000000000002
2023-09-22,Aqua,,,16.92216080402016,18.05000000000001
2023-09-23,Aqua,,34.49000000000001,21.470000000000027,21.57000000000005
2023-09-24,Aqua,35.53221105527641,36.53000000000003,,
2023-09-25,Aqua,33.0122110552764,33.07000000000005,,21.910000000000025
2023-09-26,Aqua,39.174422110552804,38.295367647058846,20.350000000000023,20.350000000000023
2023-09-29,Aqua,35.40527638190958,35.25000000000006,20.917035175879416,21.49000000000001
2023-09-30,Aqua,38.02728643216085,37.58741697416978,21.28497487437188,21.49000000000001
2023-10-01,Aqua,37.77241206030154,38.97088709677422,,
2023-10-03,Aqua,37.96195876288664,36.89000000000004,21.413718592964848,21.450000000000045
2023-10-05,Aqua,35.032613065326665,36.53000000000003,,23.55000000000001
2023-10-06,Aqua,,,22.208350515463955,22.310000000000002
2023-10-10,Aqua,39.518743718592994,38.785417956656374,,21.630000000000052
2023-10-13,Aqua,,,20.055929648241218,20.79000000000002
2023-10-15,Aqua,37.8853299492386,38.210000000000036,,
2023-10-17,Aqua,37.68195979899501,39.31,,18.110000000000014
2023-10-21,Aqua,,34.29000000000002,17.836538461538503,18.470000000000027
2023-10-22,Aqua,39.48949748743725,38.33000000000004,15.773919597989988,15.970000000000027
2023-10-24,Aqua,34.89160804020104,36.150000000000034,18.390000000000043,19.07000000000005
2023-10-28,Aqua,,,21.758844221105548,21.83000000000004
2023-10-29,Aqua,38.56447236180909,37.01666666666671,22.76859296482413,22.610000000000014
2023-10-31,Aqua,35.311005025125645,35.26366279069772,22.46145728643217,22.910000000000025
2023-11-05,Aqua,,35.63000000000005,13.281658291457306,13.270000000000039
2023-11-08,Aqua,,34.07000000000005,23.175728643216118,22.950000000000045
2023-11-17,Aqua,35.34708542713569,35.190000000000055,,22.450000000000045
2023-11-20,Aqua,,,23.12326633165833,22.99000000000001
2023-11-21,Aqua,,31.310000000000002,22.589899497487473,21.850000000000023
2023-11-23,Aqua,,,22.398844221105563,22.970000000000027
2023-11-26,Aqua,32.44437185929652,32.55000000000001,,
2023-12-04,Aqua,,,19.910000000000025,19.690000000000055
2023-12-11,Aqua,34.21680203045688,33.79000000000002,,
2023-12-12,Aqua,,30.190000000000055,22.781457286432186,21.76666666666671
2023-12-14,Aqua,,,16.29000000000002,16.57000000000005
2023-12-15,Aqua,,,19.350000000000023,17.210000000000036
2023-12-18,Aqua,37.05060301507542,36.77139860139864,,
2024-01-13,Aqua,34.35783919597991,34.27000000000004,,
2024-04-03,Aqua,34.60839195979902,35.150000000000034,,
2024-04-15,Aqua,34.56567839195983,32.13000000000005,,
2024-04-29,Aqua,,,23.740653266331694,23.430000000000007
2024-05-04,Aqua,,31.850000000000023,22.849798994974893,22.670000000000016
2024-05-06,Aqua,32.37663316582917,31.79666666666668,,
2024-05-09,Aqua,,,22.034948453608276,21.950000000000045
2024-05-10,Aqua,,,19.57000000000005,20.53000000000003
2024-05-11,Aqua,,30.690000000000055,23.396802030456858,23.27000000000004
2024-05-12,Aqua,,,22.799748743718606,22.57000000000005
2024-05-14,Aqua,34.456331658291475,33.49000000000001,,
2024-05-15,Aqua,,,23.53000000000003,23.27000000000004
2024-05-16,Aqua,30.3630653266332,32.55000000000001,20.210000000000036,19.370000000000005
2024-05-17,Aqua,,,22.223165829145753,22.510000000000048
2024-05-18,Aqua,30.04889447236184,30.470000000000024,,23.53000000000003
2024-05-19,Aqua,30.278461538461595,30.950000000000045,,
2024-05-21,Aqua,,29.350000000000023,19.970000000000027,19.430000000000007
2024-05-28,Aqua,32.46849246231159,33.01000000000005,,23.690000000000055
2024-06-01,Aqua,,,22.439896907216504,23.170000000000016
2024-06-09,Aqua,,,19.471421319796985,19.010000000000048
2024-06-10,Aqua,,,22.46859296482415,22.41000000000002
2024-06-11,Aqua,25.910000000000025,27.730000000000018,,
2024-06-13,Aqua,,,22.57000000000005,22.430000000000007
2024-06-15,Aqua,,,21.74859296482413,22.010000000000048
2024-06-16,Aqua,,28.99000000000001,22.491153846153857,22.57000000000005
2024-06-18,Aqua,30.010502512562834,30.690000000000055,,21.750000000000057
2024-06-19,Aqua,31.579543147208152,32.670000000000016,,21.77000000000004
2024-06-21,Aqua,31.998844221105564,32.860000000000014,,
2024-06-22,Aqua,,30.670000000000016,18.21472361809046,16.850000000000023
2024-06-25,Aqua,,,20.33040201005026,19.07000000000005
2024-06-26,Aqua,32.35301507537691,33.170000000000016,,
2024-06-27,Aqua,,,18.62376884422113,18.590000000000032
2024-06-28,Aqua,29.630000000000052,29.730000000000018,,23.79000000000002
2024-06-30,Aqua,,,22.19884422110557,22.03000000000003
2024-07-04,Aqua,26.69150753768849,27.99000000000001,,
2024-07-05,Aqua,30.350000000000023,28.970000000000027,,21.190000000000055
2024-07-06,Aqua,31.281457286432193,31.350000000000023,,13.450000000000045
2024-07-11,Aqua,32.82487437185932,33.33000000000004,,
2024-07-12,Aqua,,,19.950000000000045,19.810000000000002
2024-07-13,Aqua,,28.710000000000036,18.338040201005075,18.53000000000003
2024-07-15,Aqua,,30.910000000000025,20.390000000000043,20.55000000000001
2024-07-16,Aqua,34.600552763819124,34.79723404255321,,
2024-07-17,Aqua,32.94155778894475,32.51000000000005,,22.170000000000016
2024-07-18,Aqua,33.94497487437189,34.650000000000034,,18.370000000000005
2024-07-19,Aqua,,,19.999072164948462,20.950000000000045
2024-07-20,Aqua,,33.55000000000001,13.390000000000043,15.07000000000005
2024-07-22,Aqua,,,21.271809045226167,21.410000000000025
2024-07-25,Aqua,31.90644670050764,33.73000000000002,,
2024-07-27,Aqua,34.42597989949751,32.57000000000005,21.150000000000034,21.05000000000001
2024-07-29,Aqua,,,13.211015228426442,12.330000000000041
2024-07-31,Aqua,,,18.043467336683467,19.27000000000004
2024-08-03,Aqua,30.817537688442233,30.050000000000015,22.590000000000032,22.390000000000043
2024-08-04,Aqua,34.110000000000014,32.51000000000005,,21.890000000000043
2024-08-06,Aqua,33.958743718593006,33.13000000000005,20.728793969849292,21.07000000000005
2024-08-11,Aqua,34.111407035175894,32.31,,18.79000000000002
2024-08-12,Aqua,,,20.16979899497489,20.110000000000014
2024-08-14,Aqua,36.17381909547742,34.43000000000001,,
2024-08-15,Aqua,,,19.600050251256306,19.49000000000001
2024-08-16,Aqua,,33.85000000000002,19.14226130653271,18.930000000000007
2024-08-18,Aqua,35.86587939698496,34.13000000000005,,21.210000000000036
2024-08-20,Aqua,33.007286432160825,31.29000000000002,,21.870000000000005
2024-08-21,Aqua,34.110000000000014,34.99000000000001,20.710000000000036,20.090000000000032
2024-08-22,Aqua,,,18.390000000000043,21.49000000000001
2024-08-23,Aqua,,,21.55000000000001,22.05000000000001
2024-08-25,Aqua,,,21.956030150753804,21.750000000000057
2024-08-26,Aqua,38.497035175879425,37.190000000000055,,
2024-08-27,Aqua,,,19.710000000000036,19.470000000000027
2024-08-28,Aqua,35.1399492385787,35.47000000000003,,16.190000000000055
2024-08-29,Aqua,,35.77000000000004,20.558442211055304,21.010000000000048
2024-08-31,Aqua,33.692713567839235,34.110000000000014,,
2024-09-01,Aqua,,,22.158944723618117,22.310000000000002
2024-09-02,Aqua,,34.690000000000055,21.470000000000027,21.470000000000027
2024-09-06,Aqua,33.53542713567842,33.59000000000003,20.62256281407038,21.430000000000007
2024-09-08,Aqua,,,21.498140703517617,21.310000000000002
2024-09-09,Aqua,,,18.532010050251287,18.33000000000004
2024-09-12,Aqua,36.63090452261311,35.708478260869605,,20.630000000000052
2024-09-14,Aqua,36.40417085427137,35.78923076923079,,
2024-09-16,Aqua,28.39412060301511,29.230000000000018,,21.470000000000027
2024-09-19,Aqua,37.589396984924676,38.03000000000003,,
2024-09-20,Aqua,,,21.370000000000005,21.390000000000043
2024-09-23,Aqua,,,22.181758793969884,22.230000000000018
2024-09-29,Aqua,34.773718592964855,35.979817232376,,
2024-10-07,Aqua,,,19.07000000000005,18.430000000000007
2024-10-08,Aqua,33.23000000000002,32.85000000000002,21.610000000000014,21.33000000000004
2024-10-09,Aqua,31.473654822335064,33.650000000000034,,23.210000000000036
2024-10-12,Aqua,,37.51000000000005,22.010000000000048,21.710000000000036
2024-10-13,Aqua,,34.29000000000002,21.930824742268054,22.450000000000045
2024-10-14,Aqua,36.25643216080407,36.77391509433966,,
2024-10-16,Aqua,35.97653266331661,36.450000000000045,,
2024-10-21,Aqua,,,16.015628140703555,16.250000000000057
2024-10-24,Aqua,32.51000000000005,33.81,,
2024-10-26,Aqua,32.20306532663321,32.577943262411395,21.428492462311592,21.590000000000032
2024-10-27,Aqua,,,22.12949748743721,21.99000000000001
2024-10-28,Aqua,,,20.190000000000055,20.99000000000001
2024-11-06,Aqua,,,22.26177664974621,22.710000000000036
2025-02-05,Aqua,33.170000000000016,34.29000000000002,,
2025-02-15,Aqua,31.736185567010327,33.99000000000001,,
2025-02-27,Aqua,,,21.17771573604064,22.430000000000007
2025-03-11,Aqua,,,22.810000000000002,22.970000000000027
2025-04-06,Aqua,32.63703517587941,32.59000000000003,,
2025-04-15,Aqua,,,21.726683417085457,22.870000000000005
2025-04-23,Aqua,31.961658291457322,31.370000000000005,,
2025-04-24,Aqua,33.607889447236225,33.09738664468263,,
2025-04-26,Aqua,25.140452261306567,28.99000000000001,22.63030150753772,22.53000000000003
2025-04-28,Aqua,27.99000000000001,27.99000000000001,,22.150000000000034
2025-04-29,Aqua,33.72346733668348,33.35000000000002,,
2025-06-03,Aqua,28.065075376884444,29.250000000000057,20.210000000000036,20.850000000000023
2025-06-05,Aqua,30.78879396984928,31.980000000000018,21.609230769230784,21.310000000000002
2025-06-10,Aqua,,25.930000000000007,22.87071065989851,22.910000000000025
2025-06-11,Aqua,30.14376884422116,31.350000000000023,,20.850000000000023
2025-06-16,Aqua,30.27964824120606,30.110000000000014,,20.810000000000002
2025-06-18,Aqua,29.91190954773872,30.530000000000033,,
2025-06-26,Aqua,,,18.55000000000001,18.55000000000001
2025-07-09,Aqua,27.188391959799045,29.950000000000045,,
2025-07-16,Aqua,26.97231155778898,28.99000000000001,20.160753768844245,20.250000000000057
2025-07-17,Aqua,,,19.801557788944738,19.810000000000002
2025-07-18,Aqua,29.55000000000001,29.29000000000002,20.400452261306537,20.03000000000003
2025-07-21,Aqua,27.910000000000025,28.79000000000002,,19.010000000000048
2025-07-23,Aqua,31.27000000000004,31.03000000000003,21.972692307692334,21.750000000000057
2025-07-24,Aqua,,28.710000000000036,19.70366834170859,20.110000000000014
2025-07-26,Aqua,30.26195876288662,28.53000000000003,22.36248730964468,22.390000000000043
2025-07-31,Aqua,27.55000000000001,29.33000000000004,21.391708542713584,21.470000000000027
2025-08-01,Aqua,33.57281407035181,32.43000000000001,,
2025-08-03,Aqua,25.29000000000002,29.450000000000045,,21.99000000000001
2025-08-05,Aqua,30.883567839196022,30.350000000000023,22.038341708542735,21.79000000000002
2025-08-06,Aqua,33.473092783505166,34.022896725440845,,
2025-08-07,Aqua,,,21.020954773869388,21.450000000000042
2025-08-10,Aqua,,,22.170000000000016,22.450000000000045
2025-08-13,Aqua,,29.07000000000005,20.515025125628153,20.010000000000048
2025-08-15,Aqua,30.681758793969887,30.14854700854704,20.880351758793992,20.870000000000005
2025-08-16,Aqua,34.00326633165834,32.89000000000004,,
2025-08-20,Aqua,29.933115577889474,29.210000000000036,,22.390000000000043
2025-08-21,Aqua,31.854924623115604,32.196308724832264,,20.110000000000014
2025-08-23,Aqua,34.455326633165875,33.57932358318103,,
2025-08-25,Aqua,30.917437185929675,29.390000000000043,,
2025-08-26,Aqua,,30.03000000000003,20.150000000000034,20.150000000000034
2025-08-28,Aqua,,26.130000000000052,17.830100502512593,18.370000000000005
2025-09-02,Aqua,32.42356783919601,33.03000000000003,20.872061855670108,21.370000000000005
2025-09-03,Aqua,33.670000000000016,33.51000000000005,,
2025-09-04,Aqua,,,21.28688442211058,21.370000000000005
2025-09-05,Aqua,34.83010050251257,34.35000000000002,,16.29000000000002
2025-09-12,Aqua,28.51568527918784,28.730000000000018,,21.930000000000007
2025-09-13,Aqua,32.03703517587942,31.980000000000018,21.739949748743758,21.690000000000055
2025-09-14,Aqua,,,13.251407035175937,13.350000000000023
2025-09-20,Aqua,,27.630000000000052,22.835628140703548,22.710000000000036
2025-09-23,Aqua,32.67703517587943,32.83000000000004,,22.090000000000032
2025-09-28,Aqua,,31.29000000000002,21.264619289340146,21.670000000000016
2025-10-03,Aqua,32.38829145728645,32.730000000000025,,
2025-10-05,Aqua,,,21.714623115577925,22.190000000000055
2025-10-08,Aqua,31.020552763819133,31.55000000000001,,21.190000000000055
2025-10-11,Aqua,31.232311557788982,31.610000000000014,,
2025-10-12,Aqua,,,19.584673366834195,20.230000000000018
2025-10-16,Aqua,30.84427135678396,32.190000000000055,,
2025-10-31,Aqua,,23.03000000000003,19.760854271356802,19.49000000000001
2026-01-29,Aqua,,,20.250000000000057,20.670000000000016
2026-01-31,Aqua,31.47562814070355,31.710000000000036,,
2026-02-03,Aqua,28.35442211055277,29.870000000000005,,20.010000000000048
2026-03-24,Aqua,27.323768844221146,27.950000000000045,,
2026-03-29,Aqua,,,22.729195979899544,22.590000000000032
2026-03-31,Aqua,26.350000000000023,26.730000000000018,,22.33000000000004
2026-04-01,Aqua,33.15150753768848,32.29683646112602,,
2026-04-03,Aqua,,,23.73180904522615,23.390000000000043
2026-04-04,Aqua,21.130502512562835,26.670000000000016,,
2026-04-11,Aqua,23.50075376884425,26.190000000000055,,
2026-04-15,Aqua,,,22.650000000000034,22.610000000000014
2026-04-16,Aqua,30.386281407035202,29.850000000000023,,23.99000000000001
2026-04-19,Aqua,27.18137055837565,27.79000000000002,,
2026-04-23,Aqua,,,23.150000000000034,22.970000000000027
2026-05-01,Aqua,,,22.611407035175922,22.350000000000023
2026-05-02,Aqua,,31.29000000000002,17.510000000000048,19.630000000000052
2026-05-04,Aqua,29.19542713567843,29.663126684636143,21.761658291457337,21.930000000000007
2026-05-09,Aqua,,,22.757939698492493,23.05000000000001
2026-05-11,Aqua,,,22.950000000000045,22.99000000000001
2026-05-12,Aqua,24.923402061855683,22.370000000000005,,21.850000000000023
2026-05-15,Aqua,31.02055276381913,30.910000000000025,,21.230000000000018
2026-05-18,Aqua,28.53000000000003,28.750000000000057,,
2026-05-21,Aqua,,,20.810000000000002,22.150000000000034
2026-05-27,Aqua,,,22.429230769230777,22.390000000000043
2026-05-28,Aqua,,27.730000000000018,20.662261306532717,20.710000000000036
2026-05-30,Aqua,29.51824120603019,30.470000000000027,,20.03000000000003
2026-06-05,Aqua,30.071809045226182,30.570000000000054,,
2026-06-07,Aqua,30.56768844221108,31.55000000000001,,21.150000000000034
2026-06-09,Aqua,28.55854271356788,28.922350597609572,,21.190000000000055
2026-06-10,Aqua,31.047788944723656,32.33000000000004,,21.190000000000055
2026-06-14,Aqua,22.05000000000001,25.750000000000057,,22.57000000000005
2026-06-15,Aqua,28.139849246231172,29.641906103286424,,20.090000000000032
2026-06-17,Aqua,30.758542713567863,30.79000000000002,,21.53000000000003
2026-06-19,Aqua,,,21.81071065989851,21.890000000000043
2026-06-20,Aqua,29.938040201005048,30.190000000000055,,22.07000000000005
2026-06-25,Aqua,30.2125125628141,29.80333333333334,17.630000000000052,17.350000000000023
2026-06-27,Aqua,20.32396984924627,22.950000000000045,,22.57000000000005
2026-06-28,Aqua,28.428492462311585,30.05000000000001,,20.190000000000055
2026-06-30,Aqua,30.606783919598005,30.63381451009728,,19.27000000000004
2026-07-03,Aqua,30.165376884422155,31.130000000000056,20.397336683417127,20.79000000000002
2026-07-06,Aqua,31.804371859296516,31.410000000000025,,20.950000000000045
2026-07-07,Aqua,,,21.000954773869374,21.07000000000005
2026-07-08,Aqua,31.330100502512607,30.850000000000026,15.220769230769267,16.27000000000004
2026-07-10,Aqua,29.166180904522655,28.363333333333344,,
2026-07-13,Aqua,32.068391959799044,31.55000000000001,,20.370000000000005
2026-07-14,Aqua,31.899346733668377,31.610000000000014,,
2026-07-16,Aqua,32.14618090452263,32.23000000000002,,20.870000000000005
2026-07-17,Aqua,,,20.931507537688482,20.610000000000014
2026-07-19,Aqua,27.971909547738726,28.07000000000005,20.547989949748786,20.390000000000043
2026-07-20,Aqua,,,18.445979899497495,18.07000000000005
2026-07-23,Aqua,,22.05000000000001,17.870000000000005,19.090000000000032
2026-07-24,Aqua,29.518140703517616,29.797147540983623,,19.03000000000003
2026-07-25,Aqua,,,19.871306532663322,19.17000000000002
2026-07-26,Aqua,26.43743718592966,24.950000000000045,,14.830000000000041
2026-07-28,Aqua,,,19.93552763819098,19.370000000000005
2026-07-29,Aqua,28.539346733668363,29.784211123723072,20.86045226130655,20.890000000000043
2026-07-30,Aqua,,,15.53000000000003,15.810000000000002
2026-07-31,Aqua,,28.610000000000014,19.419949748743736,19.410000000000025
2026-08-03,Aqua,,31.230000000000018,21.973553299492416,21.57000000000005
2026-08-11,Aqua,32.52206030150758,32.205058430717905,,19.630000000000052
2026-08-13,Aqua,31.440351758793998,31.470000000000027,,22.510000000000048
2026-08-15,Aqua,,,20.756733668341735,20.690000000000055
2026-08-16,Aqua,33.01814070351763,32.230000000000025,,21.890000000000043
2026-08-17,Aqua,,,20.610000000000014,20.750000000000057
2026-08-26,Aqua,30.906984924623153,31.07822055137849,,22.33000000000004
2026-08-28,Aqua,,,19.782462311557822,20.27000000000004
2026-08-29,Aqua,32.84577889447241,32.59000000000003,,21.750000000000057
2026-09-01,Aqua,31.53030150753774,32.190000000000055,20.730710659898524,20.510000000000048
2026-09-02,Aqua,,,21.184572864321634,21.55000000000001
2026-09-03,Aqua,32.62547738693469,33.31,,20.430000000000007
2026-09-05,Aqua,,24.750000000000057,20.010000000000048,19.410000000000025
2026-09-08,Aqua,,,21.670000000000016,21.310000000000002
2026-09-10,Aqua,,,21.257236180904542,21.450000000000045
2026-09-11,Aqua,25.970000000000027,31.470000000000027,20.317135678391992,20.970000000000027
2026-09-12,Aqua,33.10226130653272,33.297166236003456,,20.83000000000004
2026-09-13,Aqua,30.988090452261346,30.690000000000055,,22.77000000000004
2026-09-14,Aqua,,28.190000000000055,20.817939698492488,20.410000000000025
