date,tpa_nama,sensor,day_tpa,day_ring,night_tpa,night_ring
2019-01-07,BontoRamba,Terra,,32.89000000000004,24.03000000000004,23.850000000000023
2019-01-27,BontoRamba,Terra,34.503034825870685,33.39000000000004,,
2019-02-08,BontoRamba,Terra,31.959651741293573,31.970000000000027,,
2019-02-15,BontoRamba,Terra,30.88522388059705,31.05000000000001,,23.470000000000027
2019-02-20,BontoRamba,Terra,29.388208955223902,29.750000000000057,,
2019-02-22,BontoRamba,Terra,31.659552238805993,31.450000000000045,22.871393034825875,22.710000000000036
2019-02-24,BontoRamba,Terra,29.07497512437813,32.47000000000003,,
2019-02-25,BontoRamba,Terra,25.710000000000036,29.03000000000003,,
2019-02-27,BontoRamba,Terra,28.211492537313475,28.590000000000032,,
2019-03-03,BontoRamba,Terra,33.25000000000006,30.79000000000002,,
2019-03-10,BontoRamba,Terra,27.388308457711478,31.27000000000004,,
2019-03-19,BontoRamba,Terra,31.510000000000044,32.210000000000036,,
2019-03-22,BontoRamba,Terra,30.79447761194034,30.83000000000004,,
2019-03-26,BontoRamba,Terra,31.844726368159233,34.77000000000004,23.390000000000043,23.530000000000033
2019-03-31,BontoRamba,Terra,28.390000000000043,28.29000000000002,,
2019-04-09,BontoRamba,Terra,,,22.75467661691546,22.690000000000055
2019-04-11,BontoRamba,Terra,35.09000000000003,34.85000000000002,,
2019-04-18,BontoRamba,Terra,33.66820895522392,35.36032710280375,,
2019-04-19,BontoRamba,Terra,,,23.759333333333384,23.53000000000003
2019-04-22,BontoRamba,Terra,35.14134328358211,37.0191025641026,,24.05000000000001
2019-05-03,BontoRamba,Terra,,,24.350000000000023,24.07000000000005
2019-05-04,BontoRamba,Terra,31.870000000000005,32.31,,
2019-05-06,BontoRamba,Terra,36.090099502487604,36.29000000000002,,
2019-05-08,BontoRamba,Terra,34.14200000000002,33.49000000000001,,26.930000000000007
2019-05-10,BontoRamba,Terra,,,23.461229946524103,21.590000000000032
2019-05-13,BontoRamba,Terra,35.303830845771174,35.410000000000025,24.66004975124383,24.710000000000036
2019-05-15,BontoRamba,Terra,34.49925373134333,36.53000000000003,,25.930000000000007
2019-05-17,BontoRamba,Terra,33.58910447761197,32.57976930792381,23.670000000000016,23.53000000000003
2019-05-18,BontoRamba,Terra,34.523432835820905,34.25613861386144,23.23278606965176,23.350000000000023
2019-05-19,BontoRamba,Terra,,,24.2723880597015,23.010000000000048
2019-05-20,BontoRamba,Terra,35.91537313432838,36.47000000000003,,
2019-05-24,BontoRamba,Terra,34.74562189054731,35.57000000000005,,24.57000000000005
2019-05-28,BontoRamba,Terra,35.6037313432836,35.63000000000005,,
2019-05-31,BontoRamba,Terra,36.128507462686606,36.210000000000036,,
2019-06-09,BontoRamba,Terra,29.589502487562235,30.310000000000002,,
2019-06-14,BontoRamba,Terra,24.499751243781123,24.77000000000004,,
2019-06-16,BontoRamba,Terra,31.91666666666667,31.632508710801442,,22.650000000000034
2019-06-17,BontoRamba,Terra,29.551691542288594,30.016989795918413,,
2019-06-18,BontoRamba,Terra,29.437860696517454,28.930000000000007,,21.730000000000018
2019-06-21,BontoRamba,Terra,30.07000000000005,32.650000000000034,,
2019-06-22,BontoRamba,Terra,,,23.170000000000016,23.05000000000001
2019-06-23,BontoRamba,Terra,32.16572139303485,33.23000000000002,,
2019-06-26,BontoRamba,Terra,31.105820895522406,31.150000000000034,,20.230000000000018
2019-06-28,BontoRamba,Terra,30.81736318407964,29.78017964071859,,
2019-07-04,BontoRamba,Terra,31.56900497512441,33.14143497757851,,22.77000000000004
2019-07-05,BontoRamba,Terra,30.88194029850748,31.53000000000003,,
2019-07-07,BontoRamba,Terra,34.734776119403,35.23000000000002,,22.390000000000043
2019-07-08,BontoRamba,Terra,,,22.845323383084615,22.950000000000045
2019-07-09,BontoRamba,Terra,33.291094527363235,31.99000000000001,,22.77000000000004
2019-07-11,BontoRamba,Terra,33.897960199005,34.79804416403786,22.11466666666668,23.010000000000048
2019-07-14,BontoRamba,Terra,34.97597014925374,35.55000000000001,,
2019-07-16,BontoRamba,Terra,35.9955721393035,36.39000000000004,,
2019-07-20,BontoRamba,Terra,30.75527363184083,31.170000000000012,,25.05000000000001
2019-07-21,BontoRamba,Terra,34.537860696517455,34.63000000000005,21.53000000000003,21.470000000000027
2019-07-22,BontoRamba,Terra,32.66910447761198,32.76303370786521,,
2019-07-23,BontoRamba,Terra,36.250796019900505,36.31,,22.130000000000052
2019-07-24,BontoRamba,Terra,,,21.910000000000025,22.130000000000052
2019-07-25,BontoRamba,Terra,35.201442786069684,35.14138392857147,,22.430000000000007
2019-07-27,BontoRamba,Terra,35.58104477611945,36.08511627906981,,24.750000000000057
2019-07-28,BontoRamba,Terra,35.77786069651746,35.36267045454547,22.617661691542303,22.670000000000016
2019-07-29,BontoRamba,Terra,32.57676616915427,32.36900199600799,,
2019-07-30,BontoRamba,Terra,35.77845771144283,36.29000000000002,22.65417910447764,22.450000000000045
2019-07-31,BontoRamba,Terra,32.210000000000036,32.690000000000055,,
2019-08-01,BontoRamba,Terra,29.725223880597046,30.730000000000018,23.55224598930483,23.350000000000023
2019-08-03,BontoRamba,Terra,37.61368159203983,37.73000000000002,,23.910000000000025
2019-08-04,BontoRamba,Terra,33.6853233830846,33.59000000000003,,
2019-08-05,BontoRamba,Terra,33.33000000000004,32.59000000000003,,24.33000000000004
2019-08-06,BontoRamba,Terra,34.54840796019905,34.14000000000004,21.27000000000004,21.610000000000014
2019-08-08,BontoRamba,Terra,35.75268656716419,36.51000000000005,,
2019-08-10,BontoRamba,Terra,39.28512437810949,39.71674603174606,,
2019-08-12,BontoRamba,Terra,35.61766169154231,34.690000000000055,,24.07000000000005
2019-08-13,BontoRamba,Terra,37.609203980099515,38.09031872509963,22.32791044776123,22.27000000000004
2019-08-14,BontoRamba,Terra,35.567313432835824,36.170000000000016,,
2019-08-15,BontoRamba,Terra,38.289203980099515,38.39000000000005,,19.870000000000005
2019-08-16,BontoRamba,Terra,33.900447761194066,33.85636220472443,23.250000000000057,23.010000000000048
2019-08-17,BontoRamba,Terra,38.632786069651786,34.99000000000001,,21.970000000000027
2019-08-19,BontoRamba,Terra,,,22.99000000000001,23.390000000000043
2019-08-21,BontoRamba,Terra,36.0905970149254,36.27000000000004,,24.690000000000055
2019-08-22,BontoRamba,Terra,35.41288557213934,36.03000000000003,,
2019-08-24,BontoRamba,Terra,34.75756218905474,37.51000000000005,,21.49000000000001
2019-08-26,BontoRamba,Terra,40.296368159204015,40.63000000000005,21.567967914438515,21.850000000000023
2019-08-28,BontoRamba,Terra,37.20592039800996,38.04770833333335,,23.090000000000032
2019-08-29,BontoRamba,Terra,38.90701492537316,39.155579868709005,22.373283582089595,22.350000000000023
2019-08-30,BontoRamba,Terra,34.867910447761204,34.99000000000001,,23.27000000000004
2019-08-31,BontoRamba,Terra,38.18104477611942,38.8352523171988,,
2019-09-02,BontoRamba,Terra,40.00621890547267,40.97676392572946,,22.350000000000023
2019-09-04,BontoRamba,Terra,41.09786069651742,42.65896103896106,,21.230000000000018
2019-09-07,BontoRamba,Terra,36.68313432835823,37.050000000000004,,
2019-09-08,BontoRamba,Terra,36.6895024875622,36.610000000000014,,23.590000000000032
2019-09-09,BontoRamba,Terra,41.455273631840825,41.950000000000045,,
2019-09-11,BontoRamba,Terra,45.15238805970151,45.783457446808534,,
2019-09-13,BontoRamba,Terra,39.51109452736322,40.58252747252751,,24.610000000000014
2019-09-14,BontoRamba,Terra,37.67636815920401,38.170000000000016,22.151691542288606,22.090000000000032
2019-09-15,BontoRamba,Terra,38.1887064676617,39.036543535620076,,
2019-09-16,BontoRamba,Terra,43.115671641791074,43.710000000000036,,
2019-09-17,BontoRamba,Terra,35.63945273631844,35.919590885551536,23.281144278607,23.010000000000048
2019-09-18,BontoRamba,Terra,42.0107960199005,42.73000000000002,,
2019-09-20,BontoRamba,Terra,42.098358208955254,42.037720364741666,23.077555555555584,22.510000000000048
2019-09-24,BontoRamba,Terra,37.06522388059702,37.662293291731686,,24.670000000000016
2019-09-25,BontoRamba,Terra,41.85457711442786,41.02055427251736,,
2019-09-29,BontoRamba,Terra,43.05437810945278,43.57000000000005,,23.670000000000016
2019-09-30,BontoRamba,Terra,41.18800995024878,40.80499017681729,,
2019-10-01,BontoRamba,Terra,38.41109452736319,38.58547799696513,,
2019-10-02,BontoRamba,Terra,43.202039800995045,42.90571648690296,,
2019-10-03,BontoRamba,Terra,37.686218905472664,37.30226100151746,25.350000000000023,24.410000000000025
2019-10-04,BontoRamba,Terra,43.690000000000005,44.130000000000045,23.121229946524075,23.230000000000018
2019-10-05,BontoRamba,Terra,,,21.636888888888926,20.77000000000004
2019-10-06,BontoRamba,Terra,42.460049751243794,42.657258485639716,,
2019-10-07,BontoRamba,Terra,39.68343283582092,39.57000000000005,,
2019-10-08,BontoRamba,Terra,43.17079601990052,43.805625,,25.450000000000045
2019-10-09,BontoRamba,Terra,40.55039800995029,41.29000000000002,,
2019-10-10,BontoRamba,Terra,38.815970149253765,38.966413793103484,,24.250000000000057
2019-10-11,BontoRamba,Terra,44.59069651741297,45.33000000000004,,
2019-10-15,BontoRamba,Terra,44.37208955223881,45.353943661971854,,23.27000000000004
2019-10-17,BontoRamba,Terra,41.455472636815955,41.988000000000014,,23.810000000000002
2019-10-18,BontoRamba,Terra,44.79616915422887,44.799676113360334,,22.410000000000025
2019-10-19,BontoRamba,Terra,,,23.990696517412943,22.310000000000002
2019-10-20,BontoRamba,Terra,47.14562189054729,47.39832951945084,,22.630000000000052
2019-10-22,BontoRamba,Terra,45.270000000000046,46.362458410351216,,25.150000000000034
2019-10-23,BontoRamba,Terra,43.65228855721397,43.110000000000014,,
2019-10-24,BontoRamba,Terra,42.73208955223883,43.36848797250859,,
2019-10-25,BontoRamba,Terra,40.87925373134329,42.26000000000005,,
2019-10-27,BontoRamba,Terra,45.02761194029852,44.370000000000005,,21.590000000000032
2019-10-29,BontoRamba,Terra,47.55915422885575,47.14323076923081,,23.810000000000002
2019-10-31,BontoRamba,Terra,42.48701492537316,43.026545454545484,,27.57000000000005
2019-11-03,BontoRamba,Terra,46.47756218905475,45.33203252032524,24.289303482587083,24.010000000000048
2019-11-05,BontoRamba,Terra,50.820149253731394,50.370000000000005,24.414676616915436,24.190000000000055
2019-11-06,BontoRamba,Terra,,,25.384925373134344,25.110000000000014
2019-11-09,BontoRamba,Terra,42.46636363636368,42.43000000000001,,25.79000000000002
2019-11-14,BontoRamba,Terra,47.835671641791095,47.33965517241383,,
2019-11-16,BontoRamba,Terra,45.235273631840805,45.370000000000005,,25.150000000000034
2019-11-18,BontoRamba,Terra,43.73805970149259,42.910000000000025,,24.53000000000003
2019-11-19,BontoRamba,Terra,45.126318407960234,45.518484848484896,,
2019-11-20,BontoRamba,Terra,40.85000000000002,40.85000000000002,,
2019-11-21,BontoRamba,Terra,46.50054726368161,47.370000000000005,,23.350000000000023
2019-11-23,BontoRamba,Terra,49.137462686567204,48.85000000000002,,28.010000000000048
2019-11-24,BontoRamba,Terra,36.57620320855616,40.370000000000005,,
2019-11-26,BontoRamba,Terra,43.42860696517413,41.75000000000006,,
2019-11-28,BontoRamba,Terra,45.644825870646784,43.51000000000005,,
2019-12-09,BontoRamba,Terra,43.45547263681597,42.07000000000005,,27.370000000000005
2019-12-21,BontoRamba,Terra,44.07000000000005,39.35000000000002,,23.230000000000018
2019-12-25,BontoRamba,Terra,41.05278606965176,39.75000000000006,,
2020-01-14,BontoRamba,Terra,28.610000000000014,30.130000000000052,,
2020-01-17,BontoRamba,Terra,39.174975124378136,39.09000000000004,,26.05000000000001
2020-01-19,BontoRamba,Terra,37.15189054726371,37.79000000000002,,
2020-01-28,BontoRamba,Terra,36.51000000000005,34.93000000000001,,25.250000000000057
2020-01-29,BontoRamba,Terra,36.295074626865706,36.13000000000005,,
2020-02-24,BontoRamba,Terra,28.63064171122999,28.370000000000005,,
2020-02-25,BontoRamba,Terra,31.93328358208956,31.695385427666363,,
2020-03-11,BontoRamba,Terra,35.14222222222225,34.670000000000016,,
2020-03-12,BontoRamba,Terra,33.17547263681593,33.63000000000005,,24.810000000000002
2020-03-15,BontoRamba,Terra,27.83179104477614,28.490000000000013,,
2020-03-18,BontoRamba,Terra,28.450000000000045,30.57000000000005,,
2020-03-23,BontoRamba,Terra,31.270497512437842,32.39000000000004,,
2020-03-25,BontoRamba,Terra,29.175174129353277,30.170000000000016,23.727754010695207,23.610000000000014
2020-03-27,BontoRamba,Terra,28.29000000000002,28.33000000000004,,
2020-03-28,BontoRamba,Terra,32.40104477611944,33.83000000000004,,
2020-03-30,BontoRamba,Terra,32.43477611940298,32.77000000000004,,
2020-04-04,BontoRamba,Terra,31.49000000000001,30.03000000000003,,
2020-04-09,BontoRamba,Terra,24.110000000000014,24.170000000000016,,
2020-04-13,BontoRamba,Terra,31.066888888888936,29.150000000000034,,
2020-04-15,BontoRamba,Terra,36.03400000000001,36.35161016949154,,
2020-04-21,BontoRamba,Terra,,,23.73109452736323,24.170000000000016
2020-05-02,BontoRamba,Terra,36.67696517412937,36.110000000000014,,
2020-05-08,BontoRamba,Terra,31.466000000000026,32.29000000000002,24.650000000000034,24.83000000000004
2020-05-10,BontoRamba,Terra,35.72850746268658,36.09321699544767,,25.810000000000002
2020-05-12,BontoRamba,Terra,31.9756716417911,32.08000000000004,,26.610000000000014
2020-05-30,BontoRamba,Terra,29.710000000000036,30.05000000000001,,
2020-06-02,BontoRamba,Terra,32.237363184079655,32.26000000000005,,22.410000000000025
2020-06-03,BontoRamba,Terra,30.163532338308503,30.42916666666668,,
2020-06-04,BontoRamba,Terra,30.713084577114444,31.070000000000046,,24.83000000000004
2020-06-09,BontoRamba,Terra,33.72701492537315,33.63000000000006,,
2020-06-11,BontoRamba,Terra,34.160547263681636,33.950000000000045,,25.05000000000001
2020-06-14,BontoRamba,Terra,30.773383084577144,30.57000000000005,,
2020-06-15,BontoRamba,Terra,31.903034825870662,29.450000000000045,,
2020-06-16,BontoRamba,Terra,30.583903743315542,31.53000000000003,,
2020-06-18,BontoRamba,Terra,30.18840796019904,29.510000000000048,,
2020-06-21,BontoRamba,Terra,31.04222222222224,31.250000000000057,,
2020-06-22,BontoRamba,Terra,31.11318407960204,30.634866468842777,,23.510000000000048
2020-06-23,BontoRamba,Terra,32.76532338308462,32.190000000000055,22.188109452736338,22.210000000000036
2020-06-24,BontoRamba,Terra,,,21.06194029850748,21.090000000000032
2020-06-25,BontoRamba,Terra,30.3910695187166,31.07000000000005,,
2020-06-27,BontoRamba,Terra,32.56800995024877,31.93000000000001,,
2020-06-28,BontoRamba,Terra,31.610000000000014,31.190000000000055,,
2020-07-02,BontoRamba,Terra,,32.97000000000003,22.370000000000005,21.79000000000002
2020-07-04,BontoRamba,Terra,33.57328358208958,32.796181818181836,,
2020-07-06,BontoRamba,Terra,29.57059701492539,27.810000000000002,,
2020-07-07,BontoRamba,Terra,25.53965174129355,26.970000000000027,,
2020-07-08,BontoRamba,Terra,27.092587064676632,26.930000000000007,,
2020-07-13,BontoRamba,Terra,,31.390000000000043,23.870000000000005,23.730000000000018
2020-07-14,BontoRamba,Terra,31.97447761194034,31.390000000000043,,
2020-07-15,BontoRamba,Terra,30.54940298507465,30.770000000000035,,
2020-07-16,BontoRamba,Terra,31.723532338308505,31.29000000000002,,
2020-07-17,BontoRamba,Terra,28.303233830845794,28.390000000000043,,
2020-07-20,BontoRamba,Terra,30.74840796019905,32.02000000000004,,21.930000000000007
2020-07-23,BontoRamba,Terra,31.42771144278611,30.98022044088178,23.20512437810949,23.01000000000005
2020-07-24,BontoRamba,Terra,29.479452736318414,29.590000000000032,,
2020-07-25,BontoRamba,Terra,27.647313432835865,29.150000000000034,,
2020-07-27,BontoRamba,Terra,33.256666666666696,32.650000000000034,,23.630000000000052
2020-07-29,BontoRamba,Terra,,26.57000000000005,22.084925373134343,22.690000000000055
2020-08-02,BontoRamba,Terra,29.762935323383118,29.862448979591843,,
2020-08-03,BontoRamba,Terra,31.391111111111133,33.170000000000016,,
2020-08-05,BontoRamba,Terra,36.670000000000016,36.450000000000045,,
2020-08-07,BontoRamba,Terra,31.339850746268674,33.110000000000014,,
2020-08-09,BontoRamba,Terra,31.03000000000003,31.03000000000003,,
2020-08-12,BontoRamba,Terra,36.887014925373165,37.090000000000025,,
2020-08-14,BontoRamba,Terra,34.64074626865674,34.53000000000003,,24.310000000000002
2020-08-15,BontoRamba,Terra,35.174079601990066,35.97000000000003,,
2020-08-16,BontoRamba,Terra,,36.450000000000045,23.870000000000005,23.99000000000001
2020-08-17,BontoRamba,Terra,35.282835820895535,35.85333333333335,,
2020-08-18,BontoRamba,Terra,33.48114427860699,33.150000000000034,,
2020-08-19,BontoRamba,Terra,37.94880597014927,38.47000000000003,,
2020-08-21,BontoRamba,Terra,36.61686567164181,37.53000000000003,23.125935828877036,23.010000000000048
2020-08-22,BontoRamba,Terra,35.690000000000055,35.690000000000055,,
2020-08-23,BontoRamba,Terra,37.288805970149305,37.97657216494847,,25.690000000000055
2020-08-24,BontoRamba,Terra,36.41169154228856,36.73000000000002,23.685323383084594,23.690000000000055
2020-08-25,BontoRamba,Terra,34.08412935323384,34.07000000000005,,
2020-08-26,BontoRamba,Terra,37.099054726368195,37.55000000000001,,
2020-08-28,BontoRamba,Terra,37.482039800995025,37.96989208633096,,25.750000000000057
2020-08-30,BontoRamba,Terra,38.81348258706469,39.35884057971016,,
2020-09-04,BontoRamba,Terra,37.88980099502489,36.580605187319925,,23.190000000000055
2020-09-06,BontoRamba,Terra,37.04582089552241,36.7766666666667,,23.29000000000002
2020-09-07,BontoRamba,Terra,35.63796019900499,35.07000000000005,,
2020-09-09,BontoRamba,Terra,37.97776119402989,37.63000000000005,,
2020-09-10,BontoRamba,Terra,35.910000000000025,35.410000000000025,23.96775401069522,23.610000000000014
2020-09-11,BontoRamba,Terra,38.88601990049753,38.85000000000002,23.110696517412944,23.150000000000034
2020-09-13,BontoRamba,Terra,40.15855721393036,39.55000000000001,,22.010000000000048
2020-09-15,BontoRamba,Terra,40.92034825870649,40.71724431818185,,23.99000000000001
2020-09-16,BontoRamba,Terra,36.33815920398012,36.98030418250953,,
2020-09-22,BontoRamba,Terra,40.99895522388061,40.54015936254982,,22.690000000000055
2020-09-24,BontoRamba,Terra,37.49299465240645,39.09000000000003,,
2020-09-27,BontoRamba,Terra,42.99000000000001,40.910000000000025,,
2020-09-28,BontoRamba,Terra,,,22.34601990049755,23.190000000000055
2020-09-29,BontoRamba,Terra,43.99049751243781,44.43000000000001,,
2020-10-01,BontoRamba,Terra,41.90014925373138,42.99000000000001,,
2020-10-02,BontoRamba,Terra,39.222736318408,39.47028081123247,,24.590000000000032
2020-10-03,BontoRamba,Terra,42.14920398009953,42.59000000000003,,
2020-10-05,BontoRamba,Terra,36.382835820895544,36.07404458598731,,
2020-10-06,BontoRamba,Terra,43.95039800995026,43.59000000000003,,
2020-10-11,BontoRamba,Terra,38.25766169154234,37.75038297872346,,23.590000000000032
2020-10-12,BontoRamba,Terra,37.116865671641804,36.670000000000016,,
2020-10-15,BontoRamba,Terra,44.471890547263705,43.80047227926079,,
2020-10-17,BontoRamba,Terra,43.994179104477624,42.272159763313645,,
2020-10-20,BontoRamba,Terra,39.13000000000005,38.670000000000016,,
2020-10-21,BontoRamba,Terra,41.14253731343288,39.35000000000002,,
2020-10-22,BontoRamba,Terra,47.24383084577115,45.270000000000046,,
2020-10-24,BontoRamba,Terra,38.29684491978614,40.110000000000014,,26.49000000000001
2020-10-26,BontoRamba,Terra,41.638358208955225,40.110000000000014,,
2020-11-06,BontoRamba,Terra,,,23.094477611940345,23.085428571428608
2020-11-07,BontoRamba,Terra,43.864029850746306,44.20972995780595,22.264427860696554,22.590000000000032
2020-11-09,BontoRamba,Terra,48.1877114427861,44.97000000000003,,
2020-11-15,BontoRamba,Terra,,,24.310000000000002,23.250000000000057
2020-11-16,BontoRamba,Terra,41.936666666666696,43.79000000000002,,26.83000000000004
2020-11-18,BontoRamba,Terra,40.95248756218908,41.73000000000002,,
2020-11-21,BontoRamba,Terra,41.725223880597035,43.89000000000004,,
2021-01-12,BontoRamba,Terra,33.75457711442789,34.13421052631584,25.05000000000001,24.890000000000043
2021-02-11,BontoRamba,Terra,,28.350000000000023,24.27000000000004,24.730000000000018
2021-02-25,BontoRamba,Terra,30.211293532338342,30.470000000000024,,
2021-02-26,BontoRamba,Terra,,,24.04732620320859,23.870000000000005
2021-03-01,BontoRamba,Terra,31.57756218905477,32.39000000000004,,
2021-03-02,BontoRamba,Terra,31.670000000000016,30.590000000000032,,
2021-03-03,BontoRamba,Terra,31.002636815920425,30.870000000000005,,
2021-03-06,BontoRamba,Terra,30.811094527363217,31.49000000000001,,
2021-03-14,BontoRamba,Terra,29.654222222222273,29.55000000000001,,
2021-03-15,BontoRamba,Terra,30.690000000000055,29.53000000000003,23.228407960199053,23.010000000000048
2021-03-17,BontoRamba,Terra,31.131592039801017,31.03000000000003,,
2021-03-18,BontoRamba,Terra,33.370000000000005,34.110000000000014,,
2021-03-24,BontoRamba,Terra,27.5913930348259,32.27000000000004,22.840248756218934,22.590000000000032
2021-04-09,BontoRamba,Terra,31.230000000000018,33.01000000000005,,
2021-04-11,BontoRamba,Terra,31.407512437810954,33.39000000000004,,28.190000000000055
2021-04-16,BontoRamba,Terra,32.9085074626866,34.47000000000003,,21.57000000000005
2021-04-18,BontoRamba,Terra,34.6533155080214,35.690000000000055,,
2021-04-23,BontoRamba,Terra,32.77000000000004,31.77000000000004,,
2021-04-25,BontoRamba,Terra,35.052786069651766,35.69714776632308,,26.05000000000001
2021-04-27,BontoRamba,Terra,34.16114427860698,34.296818181818196,,24.430000000000007
2021-04-29,BontoRamba,Terra,,,22.316368159203986,22.230000000000018
2021-04-30,BontoRamba,Terra,35.900049751243806,36.3527702702703,,
2021-05-02,BontoRamba,Terra,35.4605472636816,35.79567474048445,24.038358208955245,23.710000000000036
2021-05-04,BontoRamba,Terra,35.12970149253735,36.410000000000025,,
2021-05-11,BontoRamba,Terra,30.689203980099553,32.23000000000002,24.376524064171164,23.610000000000014
2021-05-20,BontoRamba,Terra,29.090000000000032,30.57000000000005,,22.53000000000003
2021-05-25,BontoRamba,Terra,33.92960199004979,34.42161184210528,,23.57000000000005
2021-05-29,BontoRamba,Terra,33.942935323383125,33.85957746478874,,26.090000000000032
2021-06-01,BontoRamba,Terra,33.01825870646769,31.210000000000036,22.020945273631874,22.810000000000002
2021-06-02,BontoRamba,Terra,31.758358208955276,31.290000000000024,,
2021-06-03,BontoRamba,Terra,31.910641711229967,35.23000000000002,,23.99000000000001
2021-06-05,BontoRamba,Terra,35.01557213930349,35.35000000000002,,
2021-06-06,BontoRamba,Terra,33.43466666666667,32.57000000000005,,
2021-06-07,BontoRamba,Terra,33.64681592039802,33.41000000000003,,
2021-06-09,BontoRamba,Terra,32.09059701492541,31.86311053984577,,
2021-06-10,BontoRamba,Terra,35.08930348258709,34.110000000000014,24.110000000000014,23.930000000000007
2021-06-11,BontoRamba,Terra,,,23.439552238806012,23.130000000000052
2021-06-16,BontoRamba,Terra,,,24.310000000000002,23.970000000000027
2021-06-17,BontoRamba,Terra,32.280646766169205,32.450000000000045,,22.29000000000002
2021-06-19,BontoRamba,Terra,33.65159203980104,33.49000000000001,23.888208955223888,23.630000000000052
2021-06-25,BontoRamba,Terra,,31.390000000000043,22.579353233830865,22.470000000000027
2021-06-26,BontoRamba,Terra,32.01159203980101,31.363002873563225,,
2021-07-10,BontoRamba,Terra,28.658557213930393,28.710000000000036,,21.49000000000001
2021-07-11,BontoRamba,Terra,29.815572139303484,29.670000000000016,,
2021-07-12,BontoRamba,Terra,29.43238805970153,30.27000000000004,,
2021-07-13,BontoRamba,Terra,,,21.29000000000002,20.110000000000014
2021-07-19,BontoRamba,Terra,33.439850746268675,33.35000000000002,22.468407960199016,23.430000000000007
2021-07-20,BontoRamba,Terra,27.880149253731382,27.77000000000004,,
2021-07-23,BontoRamba,Terra,32.8496019900498,33.137438423645364,,23.950000000000045
2021-07-26,BontoRamba,Terra,34.167910447761216,34.65000000000003,,
2021-07-28,BontoRamba,Terra,32.75656716417914,33.39000000000004,,23.27000000000004
2021-07-30,BontoRamba,Terra,34.93925373134332,35.35000000000002,,
2021-08-03,BontoRamba,Terra,30.150000000000034,31.83000000000004,,
2021-08-05,BontoRamba,Terra,33.62970149253734,33.53000000000003,,
2021-08-06,BontoRamba,Terra,31.430597014925397,32.93000000000001,,24.27000000000004
2021-08-08,BontoRamba,Terra,30.746517412935347,32.85000000000002,,25.090000000000032
2021-08-09,BontoRamba,Terra,28.531777777777823,26.890000000000043,,
2021-08-11,BontoRamba,Terra,33.210000000000036,33.47000000000003,,
2021-08-13,BontoRamba,Terra,27.317860696517428,27.210000000000036,,22.910000000000025
2021-08-15,BontoRamba,Terra,36.80800995024878,36.98179276315791,,24.610000000000014
2021-08-18,BontoRamba,Terra,33.306898395721966,32.93000000000001,,
2021-08-20,BontoRamba,Terra,34.89119402985078,35.110000000000014,23.43746268656721,22.470000000000027
2021-08-21,BontoRamba,Terra,32.968407960199016,31.190000000000055,,
2021-08-22,BontoRamba,Terra,37.7680099502488,37.890000000000036,23.79069651741295,23.55000000000001
2021-08-26,BontoRamba,Terra,35.78701492537315,36.05000000000001,,
2021-08-29,BontoRamba,Terra,33.78472636815925,32.110000000000014,,
2021-08-31,BontoRamba,Terra,35.17228855721395,35.07000000000005,,
2021-09-08,BontoRamba,Terra,,,22.12164179104483,21.99000000000001
2021-09-14,BontoRamba,Terra,34.78462686567167,34.58408352668217,,
2021-09-18,BontoRamba,Terra,37.122039800995054,36.78504078303429,,23.470000000000027
2021-09-25,BontoRamba,Terra,37.13925373134329,36.636649214659734,,22.33000000000004
2021-09-28,BontoRamba,Terra,36.34621890547265,35.870000000000005,,
2021-09-29,BontoRamba,Terra,32.23000000000002,32.23000000000002,23.796222222222237,22.870000000000005
2021-09-30,BontoRamba,Terra,37.35995024875626,37.356649214659704,20.616222222222238,20.55000000000001
2021-10-02,BontoRamba,Terra,36.78731343283582,37.520741573033746,,23.07000000000005
2021-10-04,BontoRamba,Terra,40.53000000000003,38.7944117647059,,
2021-10-07,BontoRamba,Terra,33.136467661691555,32.57305647840536,,
2021-10-09,BontoRamba,Terra,35.78363184079603,34.05000000000001,,24.29000000000002
2021-10-16,BontoRamba,Terra,40.255174129353264,38.774259259259296,,
2021-10-18,BontoRamba,Terra,33.831592039801,35.450000000000045,,
2021-10-20,BontoRamba,Terra,35.234975124378145,37.07000000000005,,27.810000000000002
2021-10-21,BontoRamba,Terra,32.11109452736323,32.51000000000005,,
2021-10-23,BontoRamba,Terra,32.899353233830894,36.33000000000004,,
2021-10-31,BontoRamba,Terra,34.110000000000014,34.43000000000001,,
2022-01-09,BontoRamba,Terra,32.99000000000001,30.310000000000002,,
2022-01-24,BontoRamba,Terra,30.041442786069656,30.710000000000036,,26.07000000000005
2022-01-25,BontoRamba,Terra,29.47417910447764,28.350000000000023,,
2022-02-16,BontoRamba,Terra,31.151293532338332,32.47000000000003,,
2022-02-28,BontoRamba,Terra,28.463432835820917,29.99000000000001,,22.470000000000027
2022-03-01,BontoRamba,Terra,27.225024875621916,28.410000000000025,,
2022-03-02,BontoRamba,Terra,,,23.147412935323423,23.03000000000003
2022-03-04,BontoRamba,Terra,29.610000000000014,34.09000000000003,,23.33000000000004
2022-03-14,BontoRamba,Terra,27.970000000000027,29.130000000000052,,
2022-03-16,BontoRamba,Terra,28.83000000000004,31.610000000000014,,
2022-03-24,BontoRamba,Terra,31.29000000000002,28.850000000000023,,
2022-04-05,BontoRamba,Terra,32.518955223880596,33.450000000000045,,
2022-04-10,BontoRamba,Terra,,32.79000000000002,23.350000000000023,23.510000000000048
2022-04-12,BontoRamba,Terra,31.64122994652411,33.417769784172684,,22.590000000000032
2022-04-21,BontoRamba,Terra,32.69437810945275,31.810000000000002,,23.690000000000055
2022-04-23,BontoRamba,Terra,32.1508556149733,32.55000000000001,,
2022-04-28,BontoRamba,Terra,34.109800995024926,33.05000000000001,,
2022-05-03,BontoRamba,Terra,32.69049751243784,31.590000000000032,,
2022-05-16,BontoRamba,Terra,,,23.54422885572144,23.650000000000034
2022-05-20,BontoRamba,Terra,34.23000000000002,33.27000000000004,,
2022-05-21,BontoRamba,Terra,32.681243781094544,31.697359307359356,,
2022-05-22,BontoRamba,Terra,,,25.037661691542315,24.010000000000048
2022-05-23,BontoRamba,Terra,33.281144278606995,33.01000000000005,,
2022-06-01,BontoRamba,Terra,32.37467661691546,31.79000000000002,,
2022-06-02,BontoRamba,Terra,31.822139303482604,31.05000000000001,,
2022-06-05,BontoRamba,Terra,27.470000000000027,27.470000000000027,,18.430000000000007
2022-06-06,BontoRamba,Terra,29.14860696517416,29.07000000000005,,
2022-06-08,BontoRamba,Terra,32.67995024875625,32.35000000000002,,
2022-06-10,BontoRamba,Terra,25.79000000000002,27.310000000000002,,25.57000000000005
2022-06-11,BontoRamba,Terra,27.870000000000005,27.410000000000025,,
2022-06-12,BontoRamba,Terra,27.99000000000001,31.730000000000018,,
2022-06-17,BontoRamba,Terra,31.782238805970156,29.99000000000001,,
2022-06-19,BontoRamba,Terra,29.350000000000023,30.850000000000023,,
2022-06-20,BontoRamba,Terra,32.19109452736321,32.05000000000001,,22.350000000000023
2022-06-22,BontoRamba,Terra,31.77000000000004,29.57000000000005,,
2022-06-26,BontoRamba,Terra,30.285522388059753,30.33000000000004,,
2022-06-28,BontoRamba,Terra,28.771791044776137,28.79452032520327,,
2022-06-29,BontoRamba,Terra,30.170000000000016,28.77000000000004,,
2022-07-04,BontoRamba,Terra,31.836965174129393,31.63691189050475,,
2022-07-05,BontoRamba,Terra,29.636268656716464,29.803101343101357,24.4515555555556,23.670000000000016
2022-07-06,BontoRamba,Terra,28.36761194029854,28.980000000000018,,
2022-07-15,BontoRamba,Terra,28.62442786069656,28.450000000000045,,
2022-07-17,BontoRamba,Terra,31.693383084577157,31.86442352941178,,
2022-07-22,BontoRamba,Terra,29.553482587064693,29.05000000000001,,22.150000000000034
2022-07-24,BontoRamba,Terra,28.86890547263686,29.510000000000048,,22.350000000000023
2022-07-27,BontoRamba,Terra,27.750000000000057,30.590000000000032,,
2022-07-28,BontoRamba,Terra,29.039751243781122,29.610000000000014,,24.370000000000005
2022-07-29,BontoRamba,Terra,31.320845771144313,31.630000000000052,,18.950000000000045
2022-08-04,BontoRamba,Terra,32.67547263681593,32.75806552262095,,24.33000000000004
2022-08-05,BontoRamba,Terra,32.859950248756256,32.59000000000003,,
2022-08-07,BontoRamba,Terra,36.48955555555558,35.01000000000005,,
2022-08-09,BontoRamba,Terra,35.75000000000006,34.77000000000004,,
2022-08-14,BontoRamba,Terra,34.58377777777781,33.41836065573773,,
2022-08-15,BontoRamba,Terra,31.97388059701493,31.670000000000016,,
2022-08-20,BontoRamba,Terra,33.793582089552274,33.950000000000045,,23.690000000000055
2022-08-23,BontoRamba,Terra,35.56014925373139,35.25000000000006,,
2022-08-27,BontoRamba,Terra,,,23.627910447761238,23.410000000000025
2022-08-29,BontoRamba,Terra,33.670000000000016,34.13000000000005,,
2022-09-01,BontoRamba,Terra,35.74950248756221,35.57692617449669,,
2022-09-10,BontoRamba,Terra,35.5051243781095,35.52000000000004,,
2022-09-12,BontoRamba,Terra,37.88572139303486,37.89933333333337,,25.910000000000025
2022-09-13,BontoRamba,Terra,29.635074626865688,28.79000000000002,,
2022-09-14,BontoRamba,Terra,35.39139303482591,36.14603246167723,,
2022-09-19,BontoRamba,Terra,35.01449197860966,36.09000000000003,,
2022-09-24,BontoRamba,Terra,38.10870646766172,37.80873076923078,,
2022-09-25,BontoRamba,Terra,,,23.090000000000032,23.53000000000003
2022-09-26,BontoRamba,Terra,38.198457711442835,38.22767790262174,,
2022-09-28,BontoRamba,Terra,36.924029850746294,37.410000000000025,,
2022-10-01,BontoRamba,Terra,32.51000000000005,32.410000000000025,,17.610000000000014
2022-10-02,BontoRamba,Terra,34.44741293532339,33.85000000000002,,
2022-10-07,BontoRamba,Terra,33.75457711442789,34.13000000000005,,
2022-11-26,BontoRamba,Terra,34.730000000000025,34.910000000000025,,
2022-12-03,BontoRamba,Terra,35.43000000000001,36.07000000000005,,
2022-12-08,BontoRamba,Terra,31.89333333333334,31.810000000000002,,25.010000000000048
2022-12-19,BontoRamba,Terra,,,24.190000000000055,22.890000000000043
2023-01-08,BontoRamba,Terra,29.82810945273632,29.150000000000034,,
2023-01-13,BontoRamba,Terra,,,22.977462686567176,23.170000000000016
2023-03-09,BontoRamba,Terra,31.870000000000005,31.390000000000043,,
2023-03-10,BontoRamba,Terra,32.8053233830846,34.81,,
2023-03-11,BontoRamba,Terra,30.0864179104478,33.39000000000004,,
2023-03-22,BontoRamba,Terra,31.038855721393062,30.150000000000034,,
2023-03-23,BontoRamba,Terra,32.985024875621896,32.89000000000004,,
2023-04-11,BontoRamba,Terra,32.89835820895526,31.570000000000046,,
2023-04-12,BontoRamba,Terra,38.13000000000005,38.13000000000005,,
2023-04-15,BontoRamba,Terra,33.63000000000005,31.590000000000032,,
2023-04-18,BontoRamba,Terra,33.26273631840798,32.190000000000055,,
2023-04-23,BontoRamba,Terra,32.492985074626915,32.450000000000045,,26.690000000000055
2023-04-24,BontoRamba,Terra,32.832786069651775,31.710000000000036,,
2023-04-28,BontoRamba,Terra,30.679751243781112,29.930000000000007,,
2023-04-30,BontoRamba,Terra,33.217860696517434,33.3626406926407,,24.170000000000016
2023-05-01,BontoRamba,Terra,30.710000000000036,30.710000000000036,,
2023-05-03,BontoRamba,Terra,32.95477611940302,32.01831973898862,,23.170000000000016
2023-05-05,BontoRamba,Terra,31.142238805970152,30.99000000000001,,25.170000000000016
2023-05-12,BontoRamba,Terra,25.512487562189076,25.390000000000043,,27.370000000000005
2023-05-15,BontoRamba,Terra,26.670000000000016,28.970000000000027,,17.310000000000002
2023-05-17,BontoRamba,Terra,,27.27000000000004,22.46600000000003,22.690000000000055
2023-05-19,BontoRamba,Terra,32.04651741293533,31.256666666666717,,24.450000000000045
2023-05-20,BontoRamba,Terra,26.873482587064693,27.310000000000002,21.308606965174135,20.57000000000005
2023-05-21,BontoRamba,Terra,,,19.350000000000023,21.750000000000057
2023-05-26,BontoRamba,Terra,32.07577114427862,31.522984869326038,,22.450000000000045
2023-05-29,BontoRamba,Terra,32.247810945273685,31.57000000000005,,
2023-06-06,BontoRamba,Terra,31.288109452736354,30.670000000000023,,
2023-06-07,BontoRamba,Terra,33.3429353233831,33.51000000000005,23.27000000000004,22.610000000000014
2023-06-12,BontoRamba,Terra,32.20532338308459,33.35000000000002,22.384328358208993,23.010000000000048
2023-06-14,BontoRamba,Terra,28.850000000000023,26.510000000000048,,
2023-06-17,BontoRamba,Terra,,31.99000000000001,23.934875621890555,24.170000000000016
2023-06-18,BontoRamba,Terra,36.05000000000001,34.650000000000034,,
2023-06-22,BontoRamba,Terra,34.396766169154255,34.93000000000001,,24.79000000000002
2023-06-30,BontoRamba,Terra,32.83000000000004,32.43000000000001,,
2023-07-09,BontoRamba,Terra,34.19358208955225,35.150000000000034,,
2023-07-14,BontoRamba,Terra,,,17.170000000000016,20.390000000000043
2023-07-21,BontoRamba,Terra,32.66890547263685,31.83000000000004,,
2023-07-22,BontoRamba,Terra,,,23.873283582089595,23.750000000000057
2023-07-23,BontoRamba,Terra,34.39636815920398,34.95000000000004,,25.310000000000002
2023-07-24,BontoRamba,Terra,32.70054726368161,33.25000000000006,,
2023-07-26,BontoRamba,Terra,33.601343283582125,32.81,,
2023-07-27,BontoRamba,Terra,31.158358208955256,31.230000000000018,23.973980099502498,23.57000000000005
2023-07-28,BontoRamba,Terra,34.6498009950249,35.41736994219655,,
2023-07-29,BontoRamba,Terra,33.03726368159208,32.210000000000036,,
2023-07-30,BontoRamba,Terra,33.55537313432836,33.076821705426404,,
2023-07-31,BontoRamba,Terra,32.983830845771166,33.55000000000001,,
2023-08-01,BontoRamba,Terra,30.150000000000034,30.930000000000007,,
2023-08-02,BontoRamba,Terra,36.53069651741298,37.29311320754719,,
2023-08-03,BontoRamba,Terra,,,23.692288557213946,23.090000000000032
2023-08-04,BontoRamba,Terra,35.56990049751248,36.36933054393305,,20.950000000000045
2023-08-05,BontoRamba,Terra,33.210000000000036,32.97000000000003,,
2023-08-06,BontoRamba,Terra,33.821542288557254,34.360000000000014,,
2023-08-07,BontoRamba,Terra,34.91288557213936,35.83000000000004,,
2023-08-08,BontoRamba,Terra,31.22343283582094,31.230000000000018,,23.750000000000057
2023-08-10,BontoRamba,Terra,29.04144385026742,29.390000000000043,,
2023-08-11,BontoRamba,Terra,36.2561691542289,36.170000000000016,,25.250000000000057
2023-08-14,BontoRamba,Terra,34.28363184079603,33.09000000000003,,
2023-08-15,BontoRamba,Terra,,,24.193283582089585,23.99000000000001
2023-08-16,BontoRamba,Terra,37.866517412935345,38.84564499484007,,24.970000000000027
2023-08-17,BontoRamba,Terra,34.398557213930346,34.39000000000004,,
2023-08-18,BontoRamba,Terra,34.30472636815924,35.27000000000004,,25.430000000000007
2023-08-19,BontoRamba,Terra,34.69507462686568,35.97000000000003,,
2023-08-20,BontoRamba,Terra,,30.03000000000003,23.05000000000001,22.79000000000002
2023-08-21,BontoRamba,Terra,37.74940298507464,38.20135618479885,,
2023-08-23,BontoRamba,Terra,34.566218905472674,35.63000000000005,,
2023-08-26,BontoRamba,Terra,38.242636815920434,38.870000000000005,,25.190000000000055
2023-08-28,BontoRamba,Terra,37.424228855721395,37.897244318181855,,22.79000000000002
2023-08-29,BontoRamba,Terra,34.38223880597018,35.7047530864198,,22.350000000000023
2023-08-30,BontoRamba,Terra,36.95049751243785,37.77668794892262,,24.690000000000055
2023-08-31,BontoRamba,Terra,37.76393034825872,38.41137254901963,,22.610000000000014
2023-09-02,BontoRamba,Terra,39.55547263681593,40.138666666666715,,24.010000000000048
2023-09-03,BontoRamba,Terra,36.11696517412936,36.08000000000004,,
2023-09-04,BontoRamba,Terra,35.120547263681615,35.33000000000004,,
2023-09-06,BontoRamba,Terra,33.052885572139324,33.57000000000005,,
2023-09-07,BontoRamba,Terra,38.54094527363186,39.337359307359336,,
2023-09-09,BontoRamba,Terra,39.457363184079625,39.308810408921936,,25.590000000000032
2023-09-10,BontoRamba,Terra,36.795870646766176,37.27500982318274,,
2023-09-12,BontoRamba,Terra,,,24.32154228855725,24.023448275862105
2023-09-13,BontoRamba,Terra,,,23.045124378109463,23.07000000000005
2023-09-14,BontoRamba,Terra,40.05388059701493,40.724782608695676,,24.230000000000018
2023-09-16,BontoRamba,Terra,38.2126865671642,38.35031872509962,,
2023-09-18,BontoRamba,Terra,,33.59000000000003,20.353111111111133,22.230000000000018
2023-09-19,BontoRamba,Terra,40.74044776119406,41.47000000000003,,
2023-09-21,BontoRamba,Terra,39.55746268656717,40.350000000000016,,23.970000000000027
2023-09-22,BontoRamba,Terra,38.379253731343304,38.23000000000002,,
2023-09-23,BontoRamba,Terra,36.7829353233831,36.650000000000034,,25.57000000000005
2023-09-24,BontoRamba,Terra,41.742338308457725,42.142230215827375,22.370000000000005,22.57000000000005
2023-09-26,BontoRamba,Terra,41.69139303482588,42.59507304116868,,
2023-09-27,BontoRamba,Terra,35.89507462686567,35.950000000000045,,
2023-09-28,BontoRamba,Terra,39.69577114427863,40.47848635235734,,25.850000000000023
2023-09-29,BontoRamba,Terra,41.977562189054744,42.25000000000006,,
2023-10-01,BontoRamba,Terra,42.72920398009952,42.39603588907019,,
2023-10-04,BontoRamba,Terra,38.33646766169154,37.49000000000001,24.393482587064714,24.310000000000002
2023-10-05,BontoRamba,Terra,40.25825870646771,40.47000000000003,,
2023-10-06,BontoRamba,Terra,42.62104477611941,42.54367311072059,,
2023-10-08,BontoRamba,Terra,41.51716417910449,42.52863829787237,,
2023-10-09,BontoRamba,Terra,36.523134328358246,36.870000000000005,,
2023-10-10,BontoRamba,Terra,39.71656716417912,40.58140845070427,,26.590000000000032
2023-10-11,BontoRamba,Terra,41.82313432835825,42.027376000000025,25.540248756218915,24.850000000000023
2023-10-12,BontoRamba,Terra,38.73577114427864,38.670000000000016,,22.630000000000052
2023-10-13,BontoRamba,Terra,44.03427860696521,44.170000000000016,,
2023-10-15,BontoRamba,Terra,43.02026737967918,43.961578947368466,,26.27000000000004
2023-10-16,BontoRamba,Terra,43.945422885572164,43.84477993858754,,
2023-10-17,BontoRamba,Terra,39.81965174129358,40.03000000000003,,25.250000000000057
2023-10-18,BontoRamba,Terra,37.480248756218934,38.110000000000014,,24.650000000000034
2023-10-20,BontoRamba,Terra,42.347611940298506,42.670000000000016,,26.350000000000023
2023-10-21,BontoRamba,Terra,38.79962566844921,38.210000000000036,,
2023-10-24,BontoRamba,Terra,35.85000000000002,35.85000000000002,25.81656716417912,25.450000000000045
2023-10-25,BontoRamba,Terra,45.2360696517413,45.5167371202114,,27.33000000000004
2023-10-27,BontoRamba,Terra,40.26532338308459,40.410000000000025,,27.230000000000018
2023-10-28,BontoRamba,Terra,44.534278606965216,44.348021201413445,24.554666666666677,24.630000000000052
2023-10-29,BontoRamba,Terra,41.28024875621894,41.690000000000055,,
2023-10-30,BontoRamba,Terra,44.86890547263685,44.858458904109604,,24.33000000000004
2023-11-01,BontoRamba,Terra,43.08104477611941,43.42015936254981,,
2023-11-04,BontoRamba,Terra,,39.150000000000034,23.993482587064683,23.850000000000023
2023-11-06,BontoRamba,Terra,44.73537313432837,44.27517818181821,,
2023-11-08,BontoRamba,Terra,41.335882352941205,41.33000000000004,,28.350000000000023
2023-11-09,BontoRamba,Terra,39.3648258706468,39.690000000000055,,
2023-11-10,BontoRamba,Terra,40.50184079601991,40.35226027397262,,25.890000000000043
2023-11-11,BontoRamba,Terra,47.9232338308458,47.40024096385546,24.092686567164204,21.870000000000005
2023-11-13,BontoRamba,Terra,45.574278606965194,45.89229166666671,,27.33000000000004
2023-11-22,BontoRamba,Terra,,36.93000000000001,25.885111111111133,24.910000000000025
2023-12-05,BontoRamba,Terra,,,25.210000000000036,25.710000000000036
2023-12-27,BontoRamba,Terra,38.44024875621894,38.77000000000004,,
2023-12-29,BontoRamba,Terra,36.83000000000004,38.610000000000014,26.062139303482613,25.170000000000016
2024-02-01,BontoRamba,Terra,31.368706467661713,31.17000000000002,,
2024-02-08,BontoRamba,Terra,28.56223880597019,28.810000000000002,,
2024-02-20,BontoRamba,Terra,31.814477611940333,32.49000000000001,,
2024-02-21,BontoRamba,Terra,30.736069651741342,30.91000000000003,,
2024-02-27,BontoRamba,Terra,,,24.069502487562197,24.390000000000043
2024-02-28,BontoRamba,Terra,30.952487562189074,31.41000000000002,,
2024-03-25,BontoRamba,Terra,30.990298507462725,31.590000000000032,,
2024-03-27,BontoRamba,Terra,30.969701492537318,31.090000000000032,,
2024-03-29,BontoRamba,Terra,27.717462686567185,26.950000000000045,,
2024-03-30,BontoRamba,Terra,28.69111111111113,31.430000000000007,,
2024-04-23,BontoRamba,Terra,31.854975124378143,32.410000000000025,,
2024-04-26,BontoRamba,Terra,32.30472636815924,32.43000000000001,,
2024-04-28,BontoRamba,Terra,30.4100995024876,30.41000000000003,,
2024-04-30,BontoRamba,Terra,32.399333333333374,32.35000000000002,,
2024-05-02,BontoRamba,Terra,29.064825870646793,26.430000000000007,,
2024-05-08,BontoRamba,Terra,32.733084577114475,31.67000000000002,,23.750000000000057
2024-05-10,BontoRamba,Terra,33.794477611940344,34.07000000000005,,26.850000000000023
2024-05-13,BontoRamba,Terra,33.53656716417911,33.49000000000001,,22.310000000000002
2024-05-14,BontoRamba,Terra,,,23.58432835820899,24.150000000000034
2024-05-15,BontoRamba,Terra,31.25049751243785,32.81,,
2024-05-19,BontoRamba,Terra,33.410000000000025,33.33000000000004,23.707114427860724,24.130000000000052
2024-05-20,BontoRamba,Terra,33.69577114427863,34.33000000000004,,24.750000000000057
2024-05-24,BontoRamba,Terra,34.33000000000004,32.910000000000025,,24.750000000000057
2024-05-25,BontoRamba,Terra,35.14532338308458,35.170000000000016,,
2024-06-01,BontoRamba,Terra,34.47000000000003,32.55000000000001,,25.230000000000018
2024-06-03,BontoRamba,Terra,23.099950248756222,25.010000000000048,,
2024-06-06,BontoRamba,Terra,33.4005472636816,33.39000000000004,23.267754010695224,23.27000000000004
2024-06-10,BontoRamba,Terra,28.61155555555557,28.410000000000025,,
2024-06-11,BontoRamba,Terra,27.950000000000045,29.350000000000023,,
2024-06-14,BontoRamba,Terra,26.49000000000001,26.310000000000002,,
2024-06-15,BontoRamba,Terra,29.590000000000032,29.430000000000007,,
2024-06-19,BontoRamba,Terra,28.79000000000002,28.470000000000027,,
2024-06-20,BontoRamba,Terra,,,22.250000000000057,22.350000000000023
2024-06-21,BontoRamba,Terra,29.27000000000004,30.410000000000025,21.750000000000057,22.150000000000034
2024-06-23,BontoRamba,Terra,32.53318407960201,33.05000000000001,,
2024-06-27,BontoRamba,Terra,29.619054726368176,28.99000000000001,,
2024-06-28,BontoRamba,Terra,33.232388059701535,33.39000000000004,,
2024-07-05,BontoRamba,Terra,,,23.224626865671674,23.190000000000055
2024-07-06,BontoRamba,Terra,26.850000000000023,27.57000000000005,,
2024-07-10,BontoRamba,Terra,,,24.29000000000002,23.910000000000025
2024-07-12,BontoRamba,Terra,30.870796019900517,31.150000000000034,,22.05000000000001
2024-07-17,BontoRamba,Terra,30.705621890547288,30.790000000000017,,25.470000000000027
2024-07-18,BontoRamba,Terra,31.846716417910493,31.950000000000045,22.189303482587114,22.130000000000052
2024-07-19,BontoRamba,Terra,29.50661691542289,30.190000000000055,,23.470000000000027
2024-07-20,BontoRamba,Terra,29.350000000000023,29.49000000000001,,22.750000000000057
2024-07-23,BontoRamba,Terra,29.764228855721417,29.590000000000032,,
2024-07-28,BontoRamba,Terra,28.348805970149293,28.310000000000002,,
2024-07-29,BontoRamba,Terra,29.298556149732658,30.250000000000057,,23.950000000000045
2024-07-30,BontoRamba,Terra,30.29000000000002,31.370000000000005,,22.150000000000034
2024-07-31,BontoRamba,Terra,28.33348258706471,28.010000000000048,,23.470000000000027
2024-08-01,BontoRamba,Terra,33.92472636815924,34.33000000000005,,
2024-08-04,BontoRamba,Terra,29.889701492537338,30.930000000000007,,22.370000000000005
2024-08-05,BontoRamba,Terra,29.46094527363188,30.130000000000052,,
2024-08-09,BontoRamba,Terra,30.50840796019904,31.47185022026434,,
2024-08-10,BontoRamba,Terra,30.52452736318412,31.210000000000036,,24.99000000000001
2024-08-11,BontoRamba,Terra,30.125935828877033,30.610000000000014,,22.590000000000032
2024-08-13,BontoRamba,Terra,33.909402985074664,34.110000000000014,,
2024-08-14,BontoRamba,Terra,32.11815920398015,32.43000000000001,,
2024-08-15,BontoRamba,Terra,31.123532338308504,31.710000000000036,,24.430000000000007
2024-08-16,BontoRamba,Terra,33.147014925373156,31.49000000000001,,
2024-08-18,BontoRamba,Terra,35.25616915422891,35.420395480226006,,
2024-08-20,BontoRamba,Terra,33.21606965174132,34.360139165009954,,24.210000000000036
2024-08-21,BontoRamba,Terra,30.968905472636827,31.610000000000014,,22.29000000000002
2024-08-23,BontoRamba,Terra,36.11338308457713,35.83000000000004,,
2024-08-28,BontoRamba,Terra,,36.26000000000005,26.045187165775417,23.970000000000027
2024-08-30,BontoRamba,Terra,35.73533333333335,36.35000000000002,,
2024-08-31,BontoRamba,Terra,37.47000000000003,37.93000000000001,,
2024-09-02,BontoRamba,Terra,36.118955223880604,36.25000000000006,,24.650000000000034
2024-09-04,BontoRamba,Terra,35.48144278606966,36.55000000000001,,
2024-09-05,BontoRamba,Terra,32.878342245989316,32.950000000000045,,
2024-09-06,BontoRamba,Terra,35.93169154228859,36.134403669724826,,25.410000000000025
2024-09-09,BontoRamba,Terra,37.684527363184095,38.05000000000001,,26.53000000000003
2024-09-11,BontoRamba,Terra,37.75616915422891,37.670000000000016,,
2024-09-12,BontoRamba,Terra,35.256069651741335,35.99,,
2024-09-13,BontoRamba,Terra,,,22.483731343283598,24.010000000000048
2024-09-14,BontoRamba,Terra,39.18194029850749,39.55000000000001,22.230199004975155,22.870000000000005
2024-09-16,BontoRamba,Terra,34.76711442786074,35.51773899848259,,25.27000000000004
2024-09-17,BontoRamba,Terra,35.64432835820898,35.419517241379324,,
2024-09-21,BontoRamba,Terra,40.620646766169195,41.29000000000002,,
2024-09-23,BontoRamba,Terra,37.68373134328363,37.368156808803306,24.859253731343323,24.730000000000018
2024-09-26,BontoRamba,Terra,39.20124378109455,39.09000000000003,,25.83000000000004
2024-09-28,BontoRamba,Terra,37.02621890547266,37.03000000000003,25.38957219251338,25.130000000000052
2024-10-01,BontoRamba,Terra,40.79248756218911,40.397088607594974,,
2024-10-03,BontoRamba,Terra,,39.59000000000003,24.65400000000005,24.430000000000007
2024-10-04,BontoRamba,Terra,37.36223880597015,36.950000000000045,,
2024-10-05,BontoRamba,Terra,,,24.29000000000002,23.99000000000001
2024-10-06,BontoRamba,Terra,40.03925373134332,39.51740849194733,,
2024-10-08,BontoRamba,Terra,40.44412935323385,40.0432898172324,25.772245989304846,25.450000000000045
2024-10-09,BontoRamba,Terra,37.22104477611943,36.08361702127664,,
2024-10-11,BontoRamba,Terra,40.36383084577117,40.01000000000005,,
2024-10-13,BontoRamba,Terra,41.01000000000004,40.39000000000004,,27.750000000000057
2024-10-16,BontoRamba,Terra,41.32203980099504,41.85000000000002,,
2024-10-17,BontoRamba,Terra,,,22.86810945273634,23.310000000000002
2024-10-18,BontoRamba,Terra,,38.870000000000005,23.947910447761235,24.010000000000048
2024-10-20,BontoRamba,Terra,40.34661691542293,39.601062906724536,,27.890000000000043
2024-10-23,BontoRamba,Terra,39.11925373134331,38.49000000000001,,
2024-10-26,BontoRamba,Terra,,31.590000000000032,23.53298507462691,23.530000000000033
2024-10-28,BontoRamba,Terra,42.38661691542289,41.97000000000002,27.310000000000002,26.750000000000057
2024-10-30,BontoRamba,Terra,43.26950248756224,42.670000000000016,,
2024-11-05,BontoRamba,Terra,,44.05000000000001,23.325820895522426,23.390000000000043
2024-11-14,BontoRamba,Terra,33.51000000000005,35.09000000000003,,
2025-01-03,BontoRamba,Terra,28.910000000000025,28.610000000000014,,
2025-01-07,BontoRamba,Terra,,,25.337462686567182,24.450000000000045
2025-02-24,BontoRamba,Terra,32.01000000000005,29.390000000000043,,
2025-02-26,BontoRamba,Terra,28.835970149253757,30.210000000000036,,
2025-03-01,BontoRamba,Terra,26.698855721393066,29.170000000000016,,
2025-03-02,BontoRamba,Terra,28.964825870646767,29.910000000000025,,
2025-03-04,BontoRamba,Terra,28.330895522388058,27.390000000000043,,
2025-03-10,BontoRamba,Terra,27.376368159204002,28.478435374149676,,
2025-04-17,BontoRamba,Terra,30.970000000000027,30.110000000000014,,
2025-04-22,BontoRamba,Terra,27.94024875621893,27.290000000000024,,
2025-04-24,BontoRamba,Terra,27.205323383084625,26.390000000000043,,
2025-04-30,BontoRamba,Terra,30.450000000000045,30.470000000000027,,
2025-05-01,BontoRamba,Terra,30.067810945273674,30.05000000000001,,
2025-05-02,BontoRamba,Terra,30.630000000000052,30.630000000000052,,
2025-05-06,BontoRamba,Terra,31.37895522388064,30.090000000000032,,
2025-05-11,BontoRamba,Terra,30.823432835820913,30.53000000000003,,
2025-05-14,BontoRamba,Terra,31.190000000000055,29.83000000000004,,
2025-05-15,BontoRamba,Terra,30.609303482587084,29.650000000000034,,
2025-05-16,BontoRamba,Terra,30.9123880597015,30.930000000000007,,
2025-05-18,BontoRamba,Terra,30.414975124378145,30.350000000000023,,
2025-05-23,BontoRamba,Terra,28.755174129353264,29.07000000000005,,
2025-05-24,BontoRamba,Terra,29.05000000000001,28.05000000000001,,
2025-05-26,BontoRamba,Terra,28.45000000000002,28.010000000000048,,
2025-05-29,BontoRamba,Terra,25.829502487562195,25.670000000000016,,
2025-06-05,BontoRamba,Terra,30.03815920398011,29.710000000000036,,22.930000000000007
2025-06-08,BontoRamba,Terra,28.364626865671664,27.950000000000042,,
2025-06-09,BontoRamba,Terra,27.609502487562217,27.430000000000007,,26.170000000000016
2025-06-10,BontoRamba,Terra,29.319253731343295,29.110000000000014,,23.610000000000014
2025-06-17,BontoRamba,Terra,27.397661691542336,28.49000000000001,,
2025-06-19,BontoRamba,Terra,28.750497512437857,27.390000000000043,,
2025-06-30,BontoRamba,Terra,23.604010695187206,25.03000000000003,,
2025-07-03,BontoRamba,Terra,31.390000000000043,31.390000000000043,,
2025-07-07,BontoRamba,Terra,28.169502487562223,28.49000000000001,22.816737967914438,23.210000000000036
2025-07-09,BontoRamba,Terra,28.136268656716428,28.370000000000005,,
2025-07-10,BontoRamba,Terra,28.45248756218908,29.650000000000034,,
2025-07-14,BontoRamba,Terra,,,22.83019900497513,22.710000000000036
2025-07-17,BontoRamba,Terra,,,19.710000000000036,19.590000000000032
2025-07-18,BontoRamba,Terra,23.010000000000048,23.730000000000018,,
2025-07-21,BontoRamba,Terra,27.395074626865675,27.930000000000007,,21.79000000000002
2025-07-24,BontoRamba,Terra,27.786915422885624,29.07000000000005,,
2025-07-25,BontoRamba,Terra,29.540447761194056,30.110000000000017,,
2025-07-29,BontoRamba,Terra,30.828009950248806,31.29526011560695,,24.670000000000016
2025-07-30,BontoRamba,Terra,29.25039800995028,28.75000000000006,20.767611940298515,20.79000000000002
2025-07-31,BontoRamba,Terra,,,23.55224598930483,23.710000000000036
2025-08-01,BontoRamba,Terra,,,23.672388059701525,23.370000000000005
2025-08-03,BontoRamba,Terra,30.2592537313433,30.730000000000018,,24.930000000000007
2025-08-04,BontoRamba,Terra,31.210895522388103,31.210000000000033,,
2025-08-06,BontoRamba,Terra,27.9874129353234,28.930000000000007,23.64422885572141,22.79000000000002
2025-08-08,BontoRamba,Terra,30.495273631840835,31.29000000000002,,23.870000000000005
2025-08-11,BontoRamba,Terra,31.581840796019947,30.890000000000043,,
2025-08-13,BontoRamba,Terra,30.83000000000004,30.697692307692357,,23.49000000000001
2025-08-14,BontoRamba,Terra,28.26890547263682,27.590000000000032,21.14810945273637,21.690000000000055
2025-08-15,BontoRamba,Terra,28.77089552238811,28.750000000000057,,
2025-08-16,BontoRamba,Terra,31.423432835820943,32.890000000000036,,
2025-08-18,BontoRamba,Terra,33.36691542288561,33.07000000000005,,
2025-08-20,BontoRamba,Terra,30.250000000000057,29.850000000000023,,
2025-08-21,BontoRamba,Terra,33.277064676616966,33.650000000000034,,
2025-08-26,BontoRamba,Terra,31.696666666666697,31.410000000000025,,
2025-08-28,BontoRamba,Terra,33.664527363184106,33.975259740259766,,25.310000000000002
2025-08-31,BontoRamba,Terra,32.05885572139308,32.03000000000003,,
2025-09-02,BontoRamba,Terra,31.910597014925393,32.410000000000025,,
2025-09-03,BontoRamba,Terra,35.34044776119407,33.85620241411329,,
2025-09-04,BontoRamba,Terra,32.63000000000005,32.35000000000002,,24.83000000000004
2025-09-05,BontoRamba,Terra,34.65288557213935,34.910000000000025,,23.49000000000001
2025-09-12,BontoRamba,Terra,35.940248756218914,35.41000000000002,,
2025-09-15,BontoRamba,Terra,36.4750746268657,36.09416149068326,,
2025-09-17,BontoRamba,Terra,36.48830845771148,36.80879194630872,,25.190000000000055
2025-09-18,BontoRamba,Terra,37.09000000000003,35.09000000000003,,
2025-09-19,BontoRamba,Terra,32.25000000000006,32.47000000000003,,
2025-09-20,BontoRamba,Terra,36.091890547263695,35.47363636363639,,
2025-09-22,BontoRamba,Terra,37.75875621890551,38.190000000000055,,
2025-09-23,BontoRamba,Terra,37.75000000000006,36.410000000000025,,
2025-09-24,BontoRamba,Terra,31.630000000000052,32.690000000000055,24.864626865671667,24.53000000000003
2025-09-27,BontoRamba,Terra,37.377263681592076,38.79462264150944,,26.05000000000001
2025-09-30,BontoRamba,Terra,36.07109452736321,34.450000000000045,23.498557213930376,23.77000000000004
2025-10-02,BontoRamba,Terra,40.14810945273636,40.267772925764234,,27.090000000000032
2025-10-05,BontoRamba,Terra,,32.93000000000001,21.210000000000036,22.77000000000004
2025-10-12,BontoRamba,Terra,33.4250248756219,33.89000000000005,,
2025-10-15,BontoRamba,Terra,38.61547263681594,38.280805084745786,,
2025-10-17,BontoRamba,Terra,39.8377611940299,40.02168503937012,,
2025-10-31,BontoRamba,Terra,,,23.438258706467707,23.410000000000025
2025-11-06,BontoRamba,Terra,,,24.509786096256715,24.57000000000005
2025-12-06,BontoRamba,Terra,30.837064676616958,30.930000000000007,,
2025-12-18,BontoRamba,Terra,32.341243781094576,32.02854625550664,,
2025-12-23,BontoRamba,Terra,30.29000000000002,29.910000000000025,,
2025-12-26,BontoRamba,Terra,32.21328358208958,31.819428950863227,,
2026-01-14,BontoRamba,Terra,27.33059701492541,27.650000000000034,,
2026-01-18,BontoRamba,Terra,25.63736318407963,26.610000000000014,,
2026-01-25,BontoRamba,Terra,29.331990049751276,28.587103960396067,,
2026-02-06,BontoRamba,Terra,26.70666666666668,26.430000000000007,,
2026-02-17,BontoRamba,Terra,27.57000000000005,30.27000000000004,,
2026-03-13,BontoRamba,Terra,28.48661691542291,28.850000000000023,,
2026-03-14,BontoRamba,Terra,27.91626865671644,28.090000000000032,,
2026-03-16,BontoRamba,Terra,26.759751243781135,28.350000000000023,,23.57000000000005
2026-03-18,BontoRamba,Terra,29.96154228855724,31.110000000000014,,
2026-03-21,BontoRamba,Terra,29.93865671641795,31.140000000000043,,
2026-03-26,BontoRamba,Terra,29.99895522388061,30.25000000000006,,23.750000000000057
2026-03-28,BontoRamba,Terra,30.10860696517414,30.582713414634192,25.431111111111136,24.370000000000005
2026-03-29,BontoRamba,Terra,29.63955223880602,30.023410852713212,,
2026-04-10,BontoRamba,Terra,30.40810945273636,30.850000000000023,,
2026-04-11,BontoRamba,Terra,26.650000000000034,31.850000000000023,,
2026-04-15,BontoRamba,Terra,31.471393034825905,31.922877419354855,,
2026-04-16,BontoRamba,Terra,27.14144278606967,27.550000000000015,,
2026-04-18,BontoRamba,Terra,30.660447761194057,31.078688245315206,,
2026-04-20,BontoRamba,Terra,32.808407960199055,32.950000000000045,,
2026-04-24,BontoRamba,Terra,,25.670000000000016,24.435373134328398,24.130000000000052
2026-04-25,BontoRamba,Terra,29.243475935828894,30.170000000000016,,
2026-04-26,BontoRamba,Terra,24.29000000000002,26.03000000000003,,
2026-04-28,BontoRamba,Terra,31.01049751243784,30.190000000000055,,
2026-04-30,BontoRamba,Terra,30.19437810945275,29.630000000000052,,
2026-05-01,BontoRamba,Terra,28.310000000000002,28.310000000000002,,
2026-05-04,BontoRamba,Terra,,,23.924029850746297,23.710000000000036
2026-05-05,BontoRamba,Terra,30.461940298507468,30.950000000000045,,25.690000000000055
2026-05-06,BontoRamba,Terra,29.099054726368188,29.03000000000003,,
2026-05-11,BontoRamba,Terra,29.010000000000048,28.33000000000004,,
2026-05-23,BontoRamba,Terra,26.141657754010723,27.610000000000014,,
2026-05-28,BontoRamba,Terra,27.335373134328393,27.690000000000055,22.518855721393063,23.07000000000005
2026-06-01,BontoRamba,Terra,27.4879104477612,27.19000000000005,23.870000000000005,23.910000000000025
2026-06-04,BontoRamba,Terra,28.120447761194043,27.77000000000004,,26.090000000000032
2026-06-05,BontoRamba,Terra,29.037363184079613,29.29000000000002,,
2026-06-06,BontoRamba,Terra,27.9271144278607,27.930000000000007,,25.310000000000002
2026-06-07,BontoRamba,Terra,28.90950248756224,29.190000000000055,,
2026-06-09,BontoRamba,Terra,28.090000000000032,28.03000000000003,,25.370000000000005
2026-06-12,BontoRamba,Terra,28.17915422885575,28.310000000000002,,
2026-06-14,BontoRamba,Terra,25.432487562189095,25.870000000000005,,22.590000000000032
2026-06-15,BontoRamba,Terra,24.68293532338312,23.51915217391308,,
2026-06-17,BontoRamba,Terra,26.430000000000007,27.110000000000014,,
2026-06-20,BontoRamba,Terra,29.241343283582122,29.190000000000058,,
2026-06-21,BontoRamba,Terra,27.710000000000036,27.79000000000002,,
2026-06-24,BontoRamba,Terra,28.82363184079605,29.130000000000056,,20.950000000000045
2026-06-25,BontoRamba,Terra,27.309203980099554,27.390000000000043,,
2026-06-27,BontoRamba,Terra,29.829104477611974,30.150000000000034,,
2026-06-28,BontoRamba,Terra,,,23.430000000000007,23.53000000000003
2026-06-29,BontoRamba,Terra,28.561442786069698,28.950000000000045,,26.130000000000052
2026-07-01,BontoRamba,Terra,,27.07000000000005,21.447114427860733,22.850000000000023
2026-07-02,BontoRamba,Terra,30.37437810945276,30.410000000000025,,22.99000000000001
2026-07-04,BontoRamba,Terra,29.72333333333338,30.190000000000055,,
2026-07-05,BontoRamba,Terra,27.849701492537314,28.550000000000015,,
2026-07-06,BontoRamba,Terra,27.29000000000002,27.590000000000032,,
2026-07-07,BontoRamba,Terra,29.9029353233831,30.010000000000044,,
2026-07-09,BontoRamba,Terra,28.601641791044788,28.791139240506347,21.150000000000034,23.750000000000057
2026-07-10,BontoRamba,Terra,26.364427860696523,26.77000000000004,,
2026-07-12,BontoRamba,Terra,29.555174129353276,30.09000000000003,,
2026-07-14,BontoRamba,Terra,29.49616915422886,29.85000000000002,,
2026-07-15,BontoRamba,Terra,29.719054726368192,29.350000000000023,,23.390000000000043
2026-07-19,BontoRamba,Terra,29.940646766169177,29.970000000000027,,25.950000000000045
2026-07-20,BontoRamba,Terra,30.336467661691547,30.330000000000044,,
2026-07-21,BontoRamba,Terra,28.899333333333377,28.410000000000025,,
2026-07-24,BontoRamba,Terra,28.956567164179106,28.310000000000002,,24.090000000000032
2026-07-25,BontoRamba,Terra,29.0432338308458,29.25255000000006,,22.870000000000005
2026-07-26,BontoRamba,Terra,27.610000000000014,26.810000000000002,,
2026-07-27,BontoRamba,Terra,30.318059701492565,30.259570552147288,,23.370000000000005
2026-07-30,BontoRamba,Terra,,25.930000000000007,23.39139303482591,23.290000000000017
2026-07-31,BontoRamba,Terra,27.53000000000003,27.55000000000001,,24.430000000000007
2026-08-03,BontoRamba,Terra,30.115771144278636,30.170000000000012,,26.150000000000034
2026-08-04,BontoRamba,Terra,30.91149253731346,30.510000000000048,21.603475935828907,22.410000000000025
2026-08-05,BontoRamba,Terra,28.27631016042781,28.310000000000002,,
2026-08-06,BontoRamba,Terra,31.590398009950263,31.550000000000015,,25.310000000000002
2026-08-08,BontoRamba,Terra,30.705721393034853,31.05000000000001,,24.910000000000025
2026-08-09,BontoRamba,Terra,31.12363184079607,30.982640692640707,,
2026-08-14,BontoRamba,Terra,33.27427860696522,33.210000000000036,21.93368159203983,22.310000000000002
2026-08-16,BontoRamba,Terra,32.12462686567166,31.97000000000003,,25.170000000000016
2026-08-18,BontoRamba,Terra,31.187412935323405,31.010000000000048,,25.130000000000052
2026-08-19,BontoRamba,Terra,32.7088059701493,33.01861486486491,,
2026-08-20,BontoRamba,Terra,29.25089552238808,29.730000000000018,,
2026-08-21,BontoRamba,Terra,32.868805970149275,32.57070484581503,,
2026-08-22,BontoRamba,Terra,27.895870646766184,29.310000000000002,,
2026-08-23,BontoRamba,Terra,30.45547263681596,30.730000000000018,,24.870000000000005
2026-08-24,BontoRamba,Terra,32.96502487562191,32.670000000000016,,23.370000000000005
2026-08-25,BontoRamba,Terra,27.250000000000057,27.450000000000045,,24.210000000000036
2026-08-26,BontoRamba,Terra,32.6940796019901,32.79000000000002,,
2026-08-27,BontoRamba,Terra,31.265820895522424,31.150000000000034,,
2026-08-28,BontoRamba,Terra,32.15169154228857,32.29501650165018,,25.970000000000027
2026-08-29,BontoRamba,Terra,34.048308457711485,33.79000000000002,,
2026-08-30,BontoRamba,Terra,31.050000000000015,31.310000000000002,,
2026-08-31,BontoRamba,Terra,33.85786069651745,33.73000000000002,,25.250000000000057
2026-09-01,BontoRamba,Terra,31.498855721393078,31.070000000000046,,
2026-09-02,BontoRamba,Terra,31.784825870646817,31.69859060402689,,25.110000000000014
2026-09-03,BontoRamba,Terra,32.832288557213936,32.29000000000002,,
2026-09-05,BontoRamba,Terra,33.068706467661706,33.05000000000001,,
2026-09-10,BontoRamba,Terra,32.880149253731375,32.75000000000006,,26.130000000000052
2026-09-15,BontoRamba,Terra,34.6050248756219,34.41358792184727,,
2026-09-16,BontoRamba,Terra,33.398358208955266,33.05000000000001,,
2026-09-17,BontoRamba,Terra,32.215472636815946,32.49000000000001,,25.410000000000025
2026-09-18,BontoRamba,Terra,35.44800995024876,35.650000000000034,,
2026-09-20,BontoRamba,Terra,35.26711442786073,35.57333333333339,,24.690000000000055
2026-09-21,BontoRamba,Terra,33.459054726368166,33.170000000000016,,
2026-09-22,BontoRamba,Terra,32.014676616915445,31.27000000000004,,
2026-09-23,BontoRamba,Terra,36.69109452736321,36.55000000000002,,
2019-01-30,BontoRamba,Aqua,32.75245989304814,31.99000000000001,,
2019-02-15,BontoRamba,Aqua,,30.970000000000027,23.376865671641834,22.210000000000036
2019-02-17,BontoRamba,Aqua,30.29000000000002,31.930000000000007,,28.05000000000001
2019-02-23,BontoRamba,Aqua,30.08529411764707,30.750000000000057,22.54820895522391,22.05000000000001
2019-02-26,BontoRamba,Aqua,31.05626865671643,31.410000000000025,,26.350000000000023
2019-02-27,BontoRamba,Aqua,32.618021390374345,35.31,,
2019-03-10,BontoRamba,Aqua,,,23.66094527363186,23.33000000000004
2019-03-18,BontoRamba,Aqua,,,23.147540106951887,23.050000000000015
2019-03-19,BontoRamba,Aqua,31.302000000000017,31.470000000000027,21.81000000000002,22.190000000000055
2019-03-21,BontoRamba,Aqua,,,22.510000000000048,22.950000000000045
2019-03-25,BontoRamba,Aqua,,,22.79000000000002,22.750000000000057
2019-04-18,BontoRamba,Aqua,37.34323383084582,38.31,,
2019-04-19,BontoRamba,Aqua,,32.870000000000005,21.232786069651763,21.290000000000024
2019-04-22,BontoRamba,Aqua,35.83000000000004,36.23000000000002,,
2019-05-06,BontoRamba,Aqua,36.190000000000055,36.650000000000034,,
2019-05-11,BontoRamba,Aqua,36.690000000000055,36.870000000000005,20.817379679144437,21.850000000000023
2019-05-15,BontoRamba,Aqua,36.05000000000001,35.79000000000002,,26.49000000000001
2019-05-18,BontoRamba,Aqua,39.21258706467665,38.920000000000016,,22.83000000000004
2019-05-20,BontoRamba,Aqua,38.94810945273634,38.46164383561647,,
2019-05-21,BontoRamba,Aqua,30.03000000000003,30.850000000000023,,
2019-05-24,BontoRamba,Aqua,37.03000000000003,36.710000000000036,,
2019-05-28,BontoRamba,Aqua,,,21.970000000000027,21.610000000000014
2019-06-05,BontoRamba,Aqua,33.539552238805996,33.518637316561886,,
2019-06-06,BontoRamba,Aqua,31.607412935323413,31.190000000000055,,22.730000000000018
2019-06-07,BontoRamba,Aqua,29.511890547263715,28.690000000000055,,
2019-06-12,BontoRamba,Aqua,32.063830845771164,34.364025000000005,,
2019-06-14,BontoRamba,Aqua,29.230000000000018,28.970000000000027,,
2019-06-15,BontoRamba,Aqua,32.86373134328359,32.6410972568579,,
2019-06-16,BontoRamba,Aqua,33.47129353233832,32.754094488189025,19.528502673796844,21.910000000000025
2019-06-17,BontoRamba,Aqua,35.35059701492539,35.13000000000005,,
2019-06-21,BontoRamba,Aqua,30.60508021390376,33.03000000000003,,23.03000000000003
2019-06-23,BontoRamba,Aqua,33.63965174129358,33.690000000000055,,
2019-06-24,BontoRamba,Aqua,32.91746268656718,32.81,22.57000000000005,22.750000000000057
2019-06-25,BontoRamba,Aqua,32.59666666666668,32.521105769230815,,23.750000000000057
2019-06-26,BontoRamba,Aqua,35.28154228855723,35.29737623762377,,
2019-06-28,BontoRamba,Aqua,37.64402985074628,37.710000000000036,,
2019-06-29,BontoRamba,Aqua,27.471990049751273,30.850000000000023,,
2019-07-04,BontoRamba,Aqua,32.783930348258735,32.79000000000002,22.179111111111162,21.83000000000004
2019-07-05,BontoRamba,Aqua,37.44761194029853,36.650000000000034,,23.730000000000018
2019-07-07,BontoRamba,Aqua,38.65696517412938,38.261038961039006,22.650000000000034,21.670000000000016
2019-07-08,BontoRamba,Aqua,31.00472636815921,30.470000000000027,22.53835820895525,22.590000000000032
2019-07-09,BontoRamba,Aqua,30.279054726368194,31.610000000000014,21.68532338308458,22.83000000000004
2019-07-10,BontoRamba,Aqua,33.27000000000004,33.950000000000045,,
2019-07-11,BontoRamba,Aqua,33.89517412935324,33.43000000000001,23.27000000000004,23.210000000000036
2019-07-14,BontoRamba,Aqua,39.52741293532339,39.450000000000045,,20.390000000000043
2019-07-16,BontoRamba,Aqua,37.81288557213933,37.450000000000045,,
2019-07-20,BontoRamba,Aqua,31.3153731343284,30.150000000000034,,24.970000000000027
2019-07-21,BontoRamba,Aqua,38.590099502487604,38.35000000000002,21.538059701492546,21.53000000000003
2019-07-23,BontoRamba,Aqua,39.723333333333386,39.39000000000004,,
2019-07-24,BontoRamba,Aqua,35.19333333333335,35.31,21.27557213930352,20.99000000000001
2019-07-25,BontoRamba,Aqua,37.97000000000003,36.48676959619954,20.647611940298518,21.750000000000057
2019-07-26,BontoRamba,Aqua,35.70671641791048,36.690000000000055,,
2019-07-27,BontoRamba,Aqua,38.20024875621893,37.93000000000001,,
2019-07-28,BontoRamba,Aqua,41.95686567164182,41.450000000000045,,
2019-07-30,BontoRamba,Aqua,42.022935323383116,41.31,22.250000000000057,22.150000000000034
2019-08-01,BontoRamba,Aqua,39.51577114427862,38.855907335907354,,
2019-08-03,BontoRamba,Aqua,38.311293532338354,37.57000000000005,,22.450000000000045
2019-08-04,BontoRamba,Aqua,38.861144278606986,38.05000000000001,,
2019-08-05,BontoRamba,Aqua,31.850000000000023,31.210000000000036,,
2019-08-06,BontoRamba,Aqua,41.51248756218909,40.190000000000055,,
2019-08-08,BontoRamba,Aqua,41.13407960199009,40.55000000000001,,
2019-08-10,BontoRamba,Aqua,39.41199004975127,38.75000000000006,,
2019-08-11,BontoRamba,Aqua,38.86253731343285,38.870000000000005,,
2019-08-13,BontoRamba,Aqua,41.32940298507467,41.190000000000055,,
2019-08-15,BontoRamba,Aqua,41.35159203980103,41.150000000000034,,
2019-08-16,BontoRamba,Aqua,,,22.28412935323388,22.55000000000001
2019-08-17,BontoRamba,Aqua,41.25995024875624,40.870000000000005,,22.610000000000014
2019-08-20,BontoRamba,Aqua,39.33000000000004,38.910000000000025,,
2019-08-21,BontoRamba,Aqua,37.47557213930351,37.31,,
2019-08-22,BontoRamba,Aqua,41.848407960199026,40.59000000000003,,
2019-08-24,BontoRamba,Aqua,41.227910447761204,40.650000000000034,,
2019-08-26,BontoRamba,Aqua,40.880547263681606,40.370000000000005,,21.410000000000025
2019-08-27,BontoRamba,Aqua,40.485920398009974,40.19664921465973,,
2019-08-28,BontoRamba,Aqua,37.966915422885585,38.03000000000003,,23.57000000000005
2019-08-29,BontoRamba,Aqua,43.75348258706469,43.47000000000003,,
2019-08-31,BontoRamba,Aqua,41.757860696517426,41.31,,
2019-09-02,BontoRamba,Aqua,42.7785572139304,42.670000000000016,,
2019-09-03,BontoRamba,Aqua,38.29437810945278,37.55000000000001,,20.510000000000048
2019-09-04,BontoRamba,Aqua,41.71019900497517,40.79000000000002,,19.930000000000007
2019-09-05,BontoRamba,Aqua,42.67855721393038,41.83000000000004,,
2019-09-06,BontoRamba,Aqua,,,23.285124378109476,23.03000000000003
2019-09-07,BontoRamba,Aqua,41.81039800995029,41.950000000000045,,
2019-09-09,BontoRamba,Aqua,46.47199004975127,45.927677642980946,,23.250000000000057
2019-09-10,BontoRamba,Aqua,40.990597014925385,40.59000000000003,,22.510000000000048
2019-09-11,BontoRamba,Aqua,46.83218905472642,46.57000000000005,,20.950000000000045
2019-09-12,BontoRamba,Aqua,41.94920398009954,42.07000000000004,,21.230000000000018
2019-09-13,BontoRamba,Aqua,39.67905472636818,39.19487353485508,,23.110000000000014
2019-09-14,BontoRamba,Aqua,43.98781094527364,44.110000000000014,,
2019-09-16,BontoRamba,Aqua,46.10940298507465,46.258538550057594,,
2019-09-18,BontoRamba,Aqua,44.39348258706471,44.110000000000014,,24.30000000000001
2019-09-19,BontoRamba,Aqua,,,19.07000000000005,17.05000000000001
2019-09-20,BontoRamba,Aqua,41.51218905472638,41.73000000000002,,22.170000000000016
2019-09-23,BontoRamba,Aqua,43.39666666666668,43.710000000000036,,
2019-09-25,BontoRamba,Aqua,45.509900497512476,45.27000000000004,,
2019-09-26,BontoRamba,Aqua,42.04266666666671,41.35000000000002,,
2019-09-27,BontoRamba,Aqua,43.9871144278607,43.670000000000016,,
2019-09-30,BontoRamba,Aqua,44.65636815920402,44.59000000000003,,
2019-10-02,BontoRamba,Aqua,46.32313432835826,46.460863309352554,,24.190000000000055
2019-10-04,BontoRamba,Aqua,46.48452736318411,46.537394540942955,,
2019-10-05,BontoRamba,Aqua,42.02442786069655,41.89000000000004,,
2019-10-07,BontoRamba,Aqua,45.23786069651744,45.41575418994416,,
2019-10-08,BontoRamba,Aqua,40.4688059701493,40.13000000000006,,23.310000000000002
2019-10-09,BontoRamba,Aqua,46.02572139303485,46.410000000000025,,
2019-10-10,BontoRamba,Aqua,,,23.067711442786088,22.430000000000007
2019-10-11,BontoRamba,Aqua,44.431990049751256,43.730000000000025,19.809701492537346,20.510000000000048
2019-10-14,BontoRamba,Aqua,44.94711442786073,44.47000000000003,19.0532835820896,19.07000000000005
2019-10-15,BontoRamba,Aqua,40.551592039801015,40.91000000000003,,
2019-10-16,BontoRamba,Aqua,43.62044776119405,43.670000000000016,,
2019-10-18,BontoRamba,Aqua,46.986517412935335,46.75994106090378,,
2019-10-20,BontoRamba,Aqua,48.165422885572184,47.93,24.36910447761198,21.950000000000045
2019-10-21,BontoRamba,Aqua,44.928109452736344,44.51677777777781,,
2019-10-22,BontoRamba,Aqua,46.79805970149258,45.99000000000001,,25.210000000000036
2019-10-23,BontoRamba,Aqua,46.30970149253735,46.370000000000005,,
2019-10-25,BontoRamba,Aqua,47.71149253731348,47.170000000000016,,
2019-10-27,BontoRamba,Aqua,48.96990049751246,48.45000000000004,,
2019-10-29,BontoRamba,Aqua,41.634676616915456,42.33000000000004,23.301144278606987,22.890000000000043
2019-11-03,BontoRamba,Aqua,49.80293532338314,49.26024602026054,,24.390000000000043
2019-11-04,BontoRamba,Aqua,,,25.29935323383088,24.190000000000055
2019-11-05,BontoRamba,Aqua,47.999651741293526,45.072269503546146,,27.53000000000003
2019-11-06,BontoRamba,Aqua,44.690000000000055,43.55000000000001,23.910000000000025,23.890000000000043
2019-11-09,BontoRamba,Aqua,,,24.650000000000034,24.83000000000004
2019-11-10,BontoRamba,Aqua,43.295775401069534,44.190000000000055,,
2019-11-14,BontoRamba,Aqua,49.245721393034884,48.55000000000001,,27.310000000000002
2019-11-15,BontoRamba,Aqua,45.41815920398011,44.77000000000004,,
2019-11-16,BontoRamba,Aqua,43.19477611940303,43.170000000000016,23.60333333333336,23.970000000000027
2019-11-17,BontoRamba,Aqua,49.41179104477613,49.1451835535977,,
2019-11-21,BontoRamba,Aqua,46.757661691542324,45.91636363636365,,
2019-11-24,BontoRamba,Aqua,47.94844444444448,48.01000000000005,,
2019-12-07,BontoRamba,Aqua,47.57288770053481,44.75000000000006,,22.610000000000014
2019-12-09,BontoRamba,Aqua,,44.33000000000004,25.103631840796066,23.730000000000018
2019-12-21,BontoRamba,Aqua,,48.75000000000006,23.55238805970152,23.970000000000027
2019-12-25,BontoRamba,Aqua,,,22.86930348258707,22.870000000000005
2020-01-22,BontoRamba,Aqua,44.234477611940335,41.650000000000034,,
2020-01-24,BontoRamba,Aqua,40.26323383084581,39.75000000000006,,
2020-01-28,BontoRamba,Aqua,,,24.042338308457722,23.470000000000027
2020-02-24,BontoRamba,Aqua,,,23.610000000000014,23.410000000000025
2020-02-29,BontoRamba,Aqua,,,24.910099502487586,24.650000000000034
2020-03-13,BontoRamba,Aqua,33.43199004975125,34.35000000000002,,
2020-03-17,BontoRamba,Aqua,,,22.264666666666706,21.910000000000025
2020-03-19,BontoRamba,Aqua,34.03786069651745,33.910000000000025,,
2020-03-26,BontoRamba,Aqua,,,22.617860696517447,22.110000000000014
2020-04-04,BontoRamba,Aqua,,,22.277263681592046,21.890000000000043
2020-04-21,BontoRamba,Aqua,29.870000000000005,29.83000000000004,,
2020-04-23,BontoRamba,Aqua,34.910000000000025,35.83000000000004,,
2020-04-27,BontoRamba,Aqua,36.481840796019945,38.85000000000002,,
2020-04-29,BontoRamba,Aqua,39.732686567164194,39.49000000000001,,
2020-04-30,BontoRamba,Aqua,37.33348258706471,36.110000000000014,,
2020-05-09,BontoRamba,Aqua,35.03915422885575,34.97659019812306,,
2020-05-10,BontoRamba,Aqua,32.11089552238809,32.83000000000004,,
2020-05-11,BontoRamba,Aqua,37.94711442786073,37.26718009478677,,
2020-05-23,BontoRamba,Aqua,30.401442786069662,30.730000000000018,,
2020-05-26,BontoRamba,Aqua,,,25.300588235294143,24.750000000000057
2020-05-29,BontoRamba,Aqua,,,17.979552238805994,18.970000000000027
2020-06-01,BontoRamba,Aqua,30.930000000000007,30.07000000000005,,
2020-06-02,BontoRamba,Aqua,32.45557213930352,32.410000000000025,,22.950000000000045
2020-06-03,BontoRamba,Aqua,33.85487562189057,33.75000000000006,,
2020-06-04,BontoRamba,Aqua,29.930696517412944,29.91000000000003,,23.370000000000005
2020-06-07,BontoRamba,Aqua,34.654776119403024,34.83000000000004,22.707213930348292,22.630000000000052
2020-06-09,BontoRamba,Aqua,33.1917777777778,32.870000000000005,,
2020-06-10,BontoRamba,Aqua,35.69676616915426,34.89000000000004,22.370000000000005,22.410000000000025
2020-06-14,BontoRamba,Aqua,32.75885572139307,32.27000000000004,,
2020-06-18,BontoRamba,Aqua,32.66910447761198,32.07000000000005,23.782039800995072,24.110000000000014
2020-06-21,BontoRamba,Aqua,31.848805970149304,31.910000000000025,,
2020-06-23,BontoRamba,Aqua,34.38134328358211,33.53000000000003,,22.710000000000036
2020-06-24,BontoRamba,Aqua,30.03059701492538,29.430000000000007,,
2020-06-25,BontoRamba,Aqua,35.59417910447764,34.53000000000003,,
2020-06-27,BontoRamba,Aqua,33.3297777777778,32.670000000000016,,19.83000000000004
2020-06-30,BontoRamba,Aqua,34.99000000000001,33.89000000000004,,
2020-07-04,BontoRamba,Aqua,35.450000000000045,34.29000000000002,,
2020-07-07,BontoRamba,Aqua,29.110000000000014,29.53000000000003,,
2020-07-12,BontoRamba,Aqua,32.69238805970151,31.55000000000001,,
2020-07-13,BontoRamba,Aqua,29.911492537313457,30.870000000000005,,
2020-07-14,BontoRamba,Aqua,34.12044776119404,33.710000000000036,,
2020-07-18,BontoRamba,Aqua,31.703532338308467,27.55000000000001,,
2020-07-19,BontoRamba,Aqua,32.298059701492576,32.07000000000005,,24.33000000000004
2020-07-20,BontoRamba,Aqua,32.380447761194034,31.75000000000006,,21.650000000000034
2020-07-23,BontoRamba,Aqua,35.54223880597016,34.690000000000055,,21.99000000000001
2020-07-27,BontoRamba,Aqua,35.37865671641794,34.97952772073924,,
2020-07-28,BontoRamba,Aqua,33.27000000000004,33.110000000000014,,
2020-07-29,BontoRamba,Aqua,,,21.45626865671646,21.55000000000001
2020-08-01,BontoRamba,Aqua,37.610000000000014,36.710000000000036,,23.010000000000048
2020-08-06,BontoRamba,Aqua,39.22800995024879,38.39000000000004,,
2020-08-07,BontoRamba,Aqua,32.062338308457754,32.09000000000003,,
2020-08-13,BontoRamba,Aqua,38.450000000000045,37.410000000000025,,
2020-08-14,BontoRamba,Aqua,35.450000000000045,35.47000000000003,,25.07000000000005
2020-08-15,BontoRamba,Aqua,40.967910447761234,40.51631683168321,,
2020-09-04,BontoRamba,Aqua,42.04661691542291,40.08000000000004,,22.470000000000027
2020-09-06,BontoRamba,Aqua,40.139950248756236,38.83000000000004,,23.710000000000036
2020-09-09,BontoRamba,Aqua,43.51268656716422,42.33000000000004,,
2020-09-10,BontoRamba,Aqua,,,17.910000000000025,18.690000000000055
2020-09-11,BontoRamba,Aqua,41.985920398009974,41.30526315789474,,
2020-09-14,BontoRamba,Aqua,,,23.370000000000005,23.49000000000001
2020-09-15,BontoRamba,Aqua,40.40791044776122,39.47000000000003,,24.55000000000001
2020-09-16,BontoRamba,Aqua,43.68641791044781,42.980240963855444,,
2020-09-18,BontoRamba,Aqua,46.10681592039804,44.75000000000006,,24.370000000000005
2020-09-25,BontoRamba,Aqua,38.77855721393036,39.75000000000006,,
2020-09-26,BontoRamba,Aqua,,,22.81248756218909,23.33000000000004
2020-09-29,BontoRamba,Aqua,44.07497512437811,44.26000000000005,,
2020-10-02,BontoRamba,Aqua,42.72303482587067,42.10291338582679,,
2020-10-11,BontoRamba,Aqua,46.22741293532342,45.150000000000034,,
2020-10-13,BontoRamba,Aqua,43.91686567164181,43.698356164383604,,
2020-10-17,BontoRamba,Aqua,,,22.894000000000027,22.950000000000045
2020-10-20,BontoRamba,Aqua,48.7966666666667,45.63000000000005,,
2020-10-22,BontoRamba,Aqua,48.8403482587065,47.170000000000016,,
2020-10-28,BontoRamba,Aqua,,,22.398358208955266,21.910000000000025
2020-11-05,BontoRamba,Aqua,46.124825870646795,44.91794788273617,,22.090000000000032
2020-11-07,BontoRamba,Aqua,49.27338308457716,47.34162592986188,,
2020-11-11,BontoRamba,Aqua,,,23.625323383084595,24.07000000000005
2020-11-12,BontoRamba,Aqua,44.44004975124381,45.49000000000001,22.58094527363187,22.93000000000001
2020-11-14,BontoRamba,Aqua,43.69835820895524,46.05000000000001,,
2020-11-15,BontoRamba,Aqua,,,23.215572139303514,22.57000000000005
2020-11-16,BontoRamba,Aqua,43.7945771144279,44.37,,
2020-11-17,BontoRamba,Aqua,45.67019900497515,44.79000000000002,,
2020-11-23,BontoRamba,Aqua,47.52373134328361,47.346625916870444,,
2020-12-07,BontoRamba,Aqua,44.238258706467676,41.950000000000045,,
2021-01-12,BontoRamba,Aqua,,,25.045621890547302,24.850000000000023
2021-02-02,BontoRamba,Aqua,30.370000000000005,32.59000000000003,,
2021-02-11,BontoRamba,Aqua,26.890000000000043,30.970000000000027,,
2021-02-16,BontoRamba,Aqua,32.486000000000026,31.99000000000001,,
2021-03-06,BontoRamba,Aqua,27.443233830845816,29.690000000000055,,
2021-04-11,BontoRamba,Aqua,29.910000000000025,32.43000000000001,,28.53000000000003
2021-04-12,BontoRamba,Aqua,35.44402985074629,36.910000000000025,,
2021-04-16,BontoRamba,Aqua,34.447412935323406,36.450000000000045,,
2021-04-26,BontoRamba,Aqua,34.910000000000025,35.450000000000045,,
2021-04-27,BontoRamba,Aqua,,31.190000000000055,21.43898395721926,22.53000000000003
2021-04-30,BontoRamba,Aqua,41.42432835820896,41.159372693726965,20.850000000000023,21.090000000000032
2021-05-02,BontoRamba,Aqua,37.797860696517446,37.53000000000002,,
2021-05-03,BontoRamba,Aqua,35.33000000000004,35.43000000000001,,23.750000000000057
2021-05-09,BontoRamba,Aqua,,27.750000000000057,21.98233830845772,21.55000000000001
2021-05-12,BontoRamba,Aqua,30.654666666666696,31.190000000000055,,23.610000000000014
2021-05-25,BontoRamba,Aqua,36.06203980099505,35.79000000000002,,23.49000000000001
2021-05-27,BontoRamba,Aqua,33.03000000000003,33.170000000000016,,25.950000000000045
2021-05-28,BontoRamba,Aqua,33.57000000000005,33.25000000000006,,
2021-05-29,BontoRamba,Aqua,33.87328358208959,33.23000000000002,,24.950000000000045
2021-06-01,BontoRamba,Aqua,37.52910447761195,35.307943925233644,,
2021-06-02,BontoRamba,Aqua,32.38600000000003,32.81,,
2021-06-03,BontoRamba,Aqua,36.52074626865674,35.92558823529413,,
2021-06-05,BontoRamba,Aqua,34.49000000000001,34.410000000000025,23.733111111111132,24.130000000000052
2021-06-06,BontoRamba,Aqua,36.854875621890564,35.950000000000045,,
2021-06-08,BontoRamba,Aqua,37.64412935323384,36.89000000000005,22.14273631840797,22.710000000000036
2021-06-10,BontoRamba,Aqua,38.12363184079606,37.09000000000003,,22.350000000000023
2021-06-11,BontoRamba,Aqua,,,22.392587064676636,22.610000000000014
2021-06-14,BontoRamba,Aqua,35.97000000000003,35.370000000000005,,
2021-06-17,BontoRamba,Aqua,34.46273631840797,34.47000000000003,,
2021-06-19,BontoRamba,Aqua,35.642935323383114,35.670000000000016,,22.590000000000032
2021-06-26,BontoRamba,Aqua,35.23179104477616,34.29000000000002,,
2021-07-05,BontoRamba,Aqua,37.38502487562192,36.190000000000055,,23.99000000000001
2021-07-19,BontoRamba,Aqua,,32.35000000000002,23.83000000000004,24.03000000000003
2021-07-23,BontoRamba,Aqua,,,22.895572139303518,23.450000000000045
2021-07-24,BontoRamba,Aqua,34.948805970149266,35.79000000000002,,
2021-07-25,BontoRamba,Aqua,33.983731343283594,33.86859090909091,,25.350000000000023
2021-07-26,BontoRamba,Aqua,39.61626865671644,39.860414201183445,,
2021-07-28,BontoRamba,Aqua,38.2680099502488,37.57000000000005,,
2021-07-29,BontoRamba,Aqua,31.004626865671653,30.970000000000027,,
2021-07-30,BontoRamba,Aqua,34.94363184079607,34.410000000000025,,
2021-08-02,BontoRamba,Aqua,34.58114427860699,37.5799606299213,,
2021-08-06,BontoRamba,Aqua,37.322513368984005,38.25000000000006,,
2021-08-08,BontoRamba,Aqua,33.97626865671644,34.27000000000003,22.226517412935348,22.430000000000007
2021-08-10,BontoRamba,Aqua,27.890000000000043,30.27000000000004,,
2021-08-11,BontoRamba,Aqua,39.55000000000001,38.870000000000005,,
2021-08-13,BontoRamba,Aqua,34.58452736318409,35.29000000000002,,
2021-08-15,BontoRamba,Aqua,39.00562189054729,38.581161178509575,,23.850000000000023
2021-08-16,BontoRamba,Aqua,40.10791044776125,38.870000000000005,,
2021-08-18,BontoRamba,Aqua,37.88791044776124,37.97000000000003,,
2021-08-20,BontoRamba,Aqua,40.120547263681615,39.79345762711866,,
2021-08-22,BontoRamba,Aqua,40.70701492537316,40.39000000000004,,
2021-08-23,BontoRamba,Aqua,34.79000000000002,35.03000000000003,,
2021-08-29,BontoRamba,Aqua,31.630000000000052,31.390000000000043,,
2021-08-30,BontoRamba,Aqua,32.370000000000005,32.25000000000006,20.726517412935344,20.890000000000043
2021-08-31,BontoRamba,Aqua,36.94781094527367,36.870000000000005,22.8872139303483,23.49000000000001
2021-09-02,BontoRamba,Aqua,37.110000000000014,35.83000000000004,,
2021-09-06,BontoRamba,Aqua,,,21.979353233830892,22.57000000000005
2021-09-08,BontoRamba,Aqua,35.59000000000003,34.79000000000002,,
2021-09-14,BontoRamba,Aqua,37.13656716417912,36.75000000000006,,23.33000000000004
2021-09-18,BontoRamba,Aqua,34.31537313432838,35.450000000000045,,25.350000000000023
2021-09-21,BontoRamba,Aqua,41.36134328358213,40.2166666666667,,
2021-09-28,BontoRamba,Aqua,41.63756218905477,41.41967611336034,,
2021-09-29,BontoRamba,Aqua,,,23.007754010695233,23.690000000000055
2021-09-30,BontoRamba,Aqua,,40.190000000000055,22.72910447761199,23.670000000000016
2021-10-05,BontoRamba,Aqua,38.65945273631844,39.410000000000025,,
2021-10-07,BontoRamba,Aqua,37.48671641791047,36.610000000000014,,
2021-10-08,BontoRamba,Aqua,,,19.350000000000023,21.390000000000043
2021-10-09,BontoRamba,Aqua,39.036069651741315,38.021528239202695,,
2021-10-20,BontoRamba,Aqua,35.89069651741297,36.01672828096122,,27.870000000000005
2021-10-23,BontoRamba,Aqua,39.15338308457714,40.010000000000055,,
2021-11-24,BontoRamba,Aqua,36.57437810945275,39.170000000000016,,
2022-01-08,BontoRamba,Aqua,32.97000000000003,31.750000000000057,,
2022-02-28,BontoRamba,Aqua,,34.690000000000055,23.256069651741335,23.410000000000025
2022-03-24,BontoRamba,Aqua,,,22.284000000000038,22.610000000000014
2022-03-25,BontoRamba,Aqua,35.96094527363185,38.85000000000002,,
2022-04-22,BontoRamba,Aqua,26.043555555555596,29.350000000000023,,
2022-04-24,BontoRamba,Aqua,34.710000000000036,34.950000000000045,,21.650000000000034
2022-05-03,BontoRamba,Aqua,37.99726368159207,36.02000000000004,,23.57000000000005
2022-05-12,BontoRamba,Aqua,,25.870000000000005,22.01925373134329,22.110000000000014
2022-05-21,BontoRamba,Aqua,30.38084577114432,31.27000000000004,,
2022-05-22,BontoRamba,Aqua,30.029402985074654,29.390000000000043,,
2022-05-23,BontoRamba,Aqua,,29.27000000000004,23.510000000000048,23.370000000000005
2022-05-31,BontoRamba,Aqua,35.17626865671643,34.73000000000002,,
2022-06-02,BontoRamba,Aqua,35.829203980099535,35.52144295302017,22.46024875621893,22.390000000000043
2022-06-04,BontoRamba,Aqua,,,22.210000000000036,21.930000000000007
2022-06-06,BontoRamba,Aqua,30.946218905472662,30.850000000000023,,23.29000000000002
2022-06-08,BontoRamba,Aqua,31.16442786069653,30.636244343891452,,
2022-06-10,BontoRamba,Aqua,,,22.381641791044817,21.870000000000005
2022-06-11,BontoRamba,Aqua,29.021641791044804,29.05000000000001,,
2022-06-16,BontoRamba,Aqua,32.83805970149255,33.01000000000005,,
2022-06-20,BontoRamba,Aqua,34.59537313432837,34.370000000000005,22.78533333333335,22.710000000000036
2022-06-25,BontoRamba,Aqua,32.095870646766215,31.310000000000002,,
2022-06-28,BontoRamba,Aqua,30.648905472636862,30.07000000000005,,
2022-07-02,BontoRamba,Aqua,33.41646766169158,33.19664921465973,,
2022-07-04,BontoRamba,Aqua,35.12293532338313,35.424245810055886,,23.170000000000016
2022-07-05,BontoRamba,Aqua,29.847910447761215,29.77000000000004,,20.83000000000004
2022-07-07,BontoRamba,Aqua,31.310000000000002,30.910000000000025,,
2022-07-11,BontoRamba,Aqua,33.649333333333374,33.920000000000016,,
2022-07-12,BontoRamba,Aqua,33.610000000000014,33.59000000000003,,
2022-07-17,BontoRamba,Aqua,30.512089552238844,30.27000000000004,,
2022-07-22,BontoRamba,Aqua,31.08512437810948,30.79000000000002,22.88600000000003,22.710000000000036
2022-07-23,BontoRamba,Aqua,29.698159203980122,29.610000000000014,,
2022-07-24,BontoRamba,Aqua,29.096467661691577,28.110000000000014,,25.210000000000036
2022-07-25,BontoRamba,Aqua,33.170000000000016,32.690000000000055,,18.49000000000001
2022-07-27,BontoRamba,Aqua,34.74552238805974,33.910000000000025,23.440945273631883,23.33000000000004
2022-07-28,BontoRamba,Aqua,29.452089552238846,29.27000000000004,,
2022-07-30,BontoRamba,Aqua,27.210000000000036,32.29000000000002,,
2022-08-01,BontoRamba,Aqua,31.870000000000005,31.710000000000036,,
2022-08-03,BontoRamba,Aqua,35.40184079601993,35.08434599156122,,
2022-08-05,BontoRamba,Aqua,36.49597014925377,35.85000000000002,20.970000000000027,21.190000000000055
2022-08-15,BontoRamba,Aqua,36.45328358208959,36.05000000000001,,
2022-08-19,BontoRamba,Aqua,38.878656716417936,37.61000000000001,,23.29000000000002
2022-08-20,BontoRamba,Aqua,33.42880597014928,33.43000000000001,,19.890000000000043
2022-08-23,BontoRamba,Aqua,35.20303482587068,34.81,,21.750000000000057
2022-08-28,BontoRamba,Aqua,39.575970149253756,38.699655172413834,,
2022-08-29,BontoRamba,Aqua,35.99398009950253,35.99000000000001,,
2022-08-31,BontoRamba,Aqua,36.98512437810946,36.77000000000004,,
2022-09-01,BontoRamba,Aqua,33.31049751243785,33.03000000000003,,22.450000000000045
2022-09-02,BontoRamba,Aqua,38.74840796019904,38.150000000000034,,
2022-09-11,BontoRamba,Aqua,41.962139303482594,41.358672985782015,,
2022-09-13,BontoRamba,Aqua,36.194477611940314,35.87,,22.83000000000004
2022-09-18,BontoRamba,Aqua,,,20.870000000000005,21.07000000000005
2022-09-25,BontoRamba,Aqua,,,21.01865671641792,19.690000000000055
2022-09-27,BontoRamba,Aqua,41.68764705882355,41.170000000000016,,
2022-10-01,BontoRamba,Aqua,,,23.3556684491979,23.130000000000052
2022-10-09,BontoRamba,Aqua,33.51000000000005,36.210000000000036,,
2022-11-26,BontoRamba,Aqua,32.27000000000004,29.390000000000043,,
2022-12-07,BontoRamba,Aqua,33.85019900497516,33.83000000000004,,25.430000000000007
2022-12-08,BontoRamba,Aqua,36.86751243781097,37.4204722792608,,
2022-12-21,BontoRamba,Aqua,28.56840796019902,27.630000000000052,,
2023-01-16,BontoRamba,Aqua,33.370000000000005,32.23000000000002,,
2023-02-19,BontoRamba,Aqua,31.024427860696548,29.810000000000002,,
2023-02-22,BontoRamba,Aqua,31.47378109452737,32.05000000000001,,
2023-02-24,BontoRamba,Aqua,32.13368159203982,32.210000000000036,,
2023-02-25,BontoRamba,Aqua,30.470000000000027,29.950000000000045,,
2023-03-10,BontoRamba,Aqua,32.63000000000005,34.410000000000025,,23.55000000000001
2023-03-11,BontoRamba,Aqua,34.13000000000005,34.190000000000055,,23.910000000000025
2023-03-12,BontoRamba,Aqua,31.150000000000034,33.27000000000004,,
2023-04-20,BontoRamba,Aqua,,,20.57000000000005,20.870000000000005
2023-04-22,BontoRamba,Aqua,32.79000000000002,31.950000000000045,,
2023-04-23,BontoRamba,Aqua,,31.250000000000057,24.278756218905478,22.310000000000002
2023-04-30,BontoRamba,Aqua,36.710000000000036,34.57000000000005,,25.970000000000027
2023-05-03,BontoRamba,Aqua,35.05208955223881,34.70866108786615,,
2023-05-05,BontoRamba,Aqua,35.86094527363184,34.89000000000004,,
2023-05-11,BontoRamba,Aqua,,,24.721641791044792,24.650000000000034
2023-05-12,BontoRamba,Aqua,33.22990049751245,32.410000000000025,,21.750000000000057
2023-05-13,BontoRamba,Aqua,28.4592537313433,30.130000000000052,23.103034825870665,22.930000000000007
2023-05-17,BontoRamba,Aqua,,,21.88860696517417,21.670000000000016
2023-05-20,BontoRamba,Aqua,,30.230000000000018,16.65388059701494,19.010000000000048
2023-05-21,BontoRamba,Aqua,31.734079601990057,29.730000000000018,,22.370000000000005
2023-05-27,BontoRamba,Aqua,,,20.516268656716463,20.53000000000003
2023-05-28,BontoRamba,Aqua,32.29587064676621,32.3580141010576,,25.79000000000002
2023-06-01,BontoRamba,Aqua,,,21.282085561497343,21.77000000000004
2023-06-06,BontoRamba,Aqua,31.331393034825908,31.210000000000036,,25.750000000000057
2023-06-07,BontoRamba,Aqua,38.10582089552241,37.93000000000001,,
2023-06-08,BontoRamba,Aqua,,,22.390000000000043,20.610000000000014
2023-06-16,BontoRamba,Aqua,36.71805970149255,36.370000000000005,19.679751243781105,20.57000000000005
2023-06-21,BontoRamba,Aqua,39.88054726368161,39.47000000000003,,
2023-07-04,BontoRamba,Aqua,,,22.114491978609642,22.130000000000052
2023-07-05,BontoRamba,Aqua,37.15686567164182,37.29000000000002,,
2023-07-09,BontoRamba,Aqua,35.09825870646769,36.05000000000001,,
2023-07-10,BontoRamba,Aqua,35.717960199005,36.870000000000005,,
2023-07-15,BontoRamba,Aqua,34.45457711442789,34.47000000000003,,
2023-07-17,BontoRamba,Aqua,35.29925373134333,34.670000000000016,,
2023-07-19,BontoRamba,Aqua,38.760248756218935,38.150000000000034,,22.350000000000023
2023-07-23,BontoRamba,Aqua,32.72326203208558,32.55000000000001,,
2023-07-24,BontoRamba,Aqua,37.370000000000005,37.83000000000004,,
2023-07-26,BontoRamba,Aqua,40.87507462686569,40.146666666666704,,
2023-07-27,BontoRamba,Aqua,34.62671641791046,34.01000000000005,,
2023-07-28,BontoRamba,Aqua,38.866318407960236,38.30333333333334,,21.870000000000005
2023-07-29,BontoRamba,Aqua,38.96572139303485,38.950000000000045,,
2023-07-31,BontoRamba,Aqua,39.03537313432837,38.55000000000001,21.083233830845813,21.130000000000052
2023-08-02,BontoRamba,Aqua,40.69497512437812,40.91000000000003,,23.07000000000005
2023-08-03,BontoRamba,Aqua,37.27000000000004,37.51000000000005,22.788606965174147,22.610000000000014
2023-08-04,BontoRamba,Aqua,,34.79000000000002,24.30004975124382,23.650000000000034
2023-08-05,BontoRamba,Aqua,38.738855721393044,38.73000000000001,,
2023-08-06,BontoRamba,Aqua,35.19626865671646,34.77000000000004,,
2023-08-07,BontoRamba,Aqua,41.635273631840825,41.55000000000001,,
2023-08-09,BontoRamba,Aqua,39.78223880597017,39.05000000000001,,
2023-08-10,BontoRamba,Aqua,38.259751243781146,37.610000000000014,,22.77000000000004
2023-08-12,BontoRamba,Aqua,37.378358208955234,37.66020304568531,,
2023-08-16,BontoRamba,Aqua,43.46611940298508,42.97000000000003,,
2023-08-17,BontoRamba,Aqua,37.71776119402989,38.23000000000002,,23.130000000000052
2023-08-18,BontoRamba,Aqua,39.562736318407985,39.49000000000001,,
2023-08-19,BontoRamba,Aqua,40.100049751243795,40.08608832807574,,
2023-08-21,BontoRamba,Aqua,41.58313432835825,41.870000000000005,,
2023-08-22,BontoRamba,Aqua,,34.85000000000002,22.27179104477614,22.53000000000003
2023-08-25,BontoRamba,Aqua,39.710000000000036,38.650000000000034,,24.33000000000004
2023-08-26,BontoRamba,Aqua,41.996368159204,41.93000000000001,,
2023-08-28,BontoRamba,Aqua,43.52870646766173,42.79759124087593,23.650000000000034,23.350000000000023
2023-08-30,BontoRamba,Aqua,42.30124378109455,42.450000000000045,,23.350000000000023
2023-08-31,BontoRamba,Aqua,40.67845771144282,41.110000000000014,,
2023-09-01,BontoRamba,Aqua,39.22950248756222,39.110000000000014,,24.930000000000007
2023-09-02,BontoRamba,Aqua,42.33786069651742,42.07000000000005,,22.090000000000032
2023-09-04,BontoRamba,Aqua,41.31179104477616,40.59000000000003,23.62164179104482,23.670000000000016
2023-09-06,BontoRamba,Aqua,39.97965174129355,39.4166492146597,,23.83000000000004
2023-09-07,BontoRamba,Aqua,42.49009950248758,41.670000000000016,,
2023-09-08,BontoRamba,Aqua,39.80641791044781,39.52881918819191,,24.630000000000052
2023-09-09,BontoRamba,Aqua,43.677164179104516,42.98025210084035,20.650000000000034,21.134830805134236
2023-09-11,BontoRamba,Aqua,41.06094527363188,40.400000000000034,,
2023-09-13,BontoRamba,Aqua,41.635273631840825,41.295714285714304,,20.870000000000005
2023-09-14,BontoRamba,Aqua,42.82004975124381,43.110000000000014,,
2023-09-15,BontoRamba,Aqua,39.47000000000003,39.53000000000003,23.54024875621892,23.410000000000025
2023-09-16,BontoRamba,Aqua,43.257562189054774,43.572896551724185,,
2023-09-17,BontoRamba,Aqua,,,22.67497512437813,23.03000000000003
2023-09-18,BontoRamba,Aqua,44.17537313432837,43.85000000000002,,
2023-09-19,BontoRamba,Aqua,39.19119402985078,38.03000000000003,23.637661691542334,23.610000000000014
2023-09-20,BontoRamba,Aqua,41.869701492537345,41.170000000000016,,24.610000000000014
2023-09-21,BontoRamba,Aqua,43.77009950248761,43.710000000000036,,
2023-09-22,BontoRamba,Aqua,40.09000000000003,39.13000000000005,,24.190000000000055
2023-09-23,BontoRamba,Aqua,46.06731343283583,45.648681318681355,17.870000000000005,18.590000000000032
2023-09-25,BontoRamba,Aqua,41.44990049751247,40.762530712530754,,
2023-09-26,BontoRamba,Aqua,44.68253731343285,44.170000000000016,23.418159203980107,23.230000000000018
2023-09-28,BontoRamba,Aqua,45.7326865671642,45.89000000000004,,
2023-09-30,BontoRamba,Aqua,46.73527363184083,46.293837209302346,,
2023-10-02,BontoRamba,Aqua,,35.57000000000005,22.713980099502507,22.53000000000003
2023-10-03,BontoRamba,Aqua,,,23.847754010695212,23.850000000000023
2023-10-05,BontoRamba,Aqua,47.74383084577115,47.27071065989851,,
2023-10-07,BontoRamba,Aqua,45.58621890547264,45.07673768308926,,
2023-10-08,BontoRamba,Aqua,41.546716417910474,40.89000000000004,,
2023-10-09,BontoRamba,Aqua,44.79805970149258,44.70039548022604,,25.57000000000005
2023-10-10,BontoRamba,Aqua,44.03945273631842,43.75609649122812,,
2023-10-11,BontoRamba,Aqua,42.769502487562235,42.490000000000016,,24.310000000000002
2023-10-12,BontoRamba,Aqua,46.28990049751245,46.39000000000004,,
2023-10-14,BontoRamba,Aqua,44.511492537313444,44.57000000000005,,
2023-10-15,BontoRamba,Aqua,43.2587562189055,43.30626423690206,,
2023-10-16,BontoRamba,Aqua,46.020646766169165,45.370000000000005,,26.710000000000036
2023-10-17,BontoRamba,Aqua,43.07159203980103,42.920000000000016,,
2023-10-18,BontoRamba,Aqua,40.73000000000002,39.950000000000045,,
2023-10-19,BontoRamba,Aqua,,45.75000000000006,21.534875621890574,21.730000000000018
2023-10-21,BontoRamba,Aqua,46.54034825870649,46.3631058020478,23.49000000000001,23.170000000000016
2023-10-24,BontoRamba,Aqua,44.52084577114431,43.75530259365999,,
2023-10-25,BontoRamba,Aqua,43.57000000000005,42.29988095238097,,25.970000000000027
2023-10-26,BontoRamba,Aqua,49.312288557213954,48.590645161290354,,
2023-10-28,BontoRamba,Aqua,49.376169154228855,48.76224489795923,,
2023-10-29,BontoRamba,Aqua,43.6032338308458,43.370000000000005,,
2023-10-31,BontoRamba,Aqua,48.5450248756219,47.91000000000002,,
2023-11-07,BontoRamba,Aqua,45.43009950248759,45.13682170542641,,
2023-11-09,BontoRamba,Aqua,44.77248756218908,44.190000000000055,,24.610000000000014
2023-11-11,BontoRamba,Aqua,47.51338308457715,46.670000000000016,,
2023-11-12,BontoRamba,Aqua,45.60631840796021,45.52442013129106,,
2023-11-13,BontoRamba,Aqua,,,25.789104477611954,26.07000000000005
2023-11-23,BontoRamba,Aqua,44.932089552238814,43.49000000000001,,
2023-12-29,BontoRamba,Aqua,43.35044444444445,44.650000000000034,,
2023-12-30,BontoRamba,Aqua,,,24.033283582089563,23.150000000000034
2024-02-16,BontoRamba,Aqua,28.694378109452757,28.870000000000005,,
2024-02-20,BontoRamba,Aqua,32.05000000000001,32.110000000000014,,
2024-02-28,BontoRamba,Aqua,25.03537313432837,26.690000000000055,,25.630000000000052
2024-03-22,BontoRamba,Aqua,32.05000000000001,34.39000000000004,,
2024-04-05,BontoRamba,Aqua,34.29736318407965,36.70036585365858,,
2024-04-15,BontoRamba,Aqua,33.05000000000001,34.33000000000004,,22.690000000000055
2024-04-18,BontoRamba,Aqua,,,22.890000000000043,22.950000000000045
2024-04-23,BontoRamba,Aqua,32.972089552238835,33.450000000000045,,25.150000000000034
2024-04-26,BontoRamba,Aqua,34.950000000000045,34.97547798066598,24.56661691542293,24.370000000000005
2024-04-27,BontoRamba,Aqua,32.13000000000005,32.450000000000045,,
2024-05-07,BontoRamba,Aqua,,,21.99000000000001,22.690000000000055
2024-05-09,BontoRamba,Aqua,,,22.311393034825876,22.27000000000004
2024-05-10,BontoRamba,Aqua,33.73000000000002,32.77000000000004,,25.630000000000052
2024-05-13,BontoRamba,Aqua,38.420845771144286,37.420000000000016,,23.230000000000018
2024-05-17,BontoRamba,Aqua,33.615572139303495,33.63000000000005,,
2024-05-25,BontoRamba,Aqua,37.41169154228856,37.390000000000036,,
2024-05-31,BontoRamba,Aqua,,,22.090000000000032,22.090000000000032
2024-06-06,BontoRamba,Aqua,33.950000000000045,34.670000000000016,,22.630000000000052
2024-06-10,BontoRamba,Aqua,,,21.670000000000016,22.55000000000001
2024-06-13,BontoRamba,Aqua,34.678983957219266,34.31000000000001,,
2024-06-14,BontoRamba,Aqua,32.57000000000005,34.29000000000002,,
2024-06-15,BontoRamba,Aqua,33.091890547263695,32.643227091633506,,25.150000000000034
2024-06-16,BontoRamba,Aqua,33.63021390374333,33.03000000000003,21.220248756218922,21.110000000000014
2024-06-18,BontoRamba,Aqua,35.55417910447766,33.410000000000025,,
2024-06-19,BontoRamba,Aqua,33.09815920398011,33.150000000000034,,
2024-06-20,BontoRamba,Aqua,,31.410000000000025,21.190000000000055,21.970000000000027
2024-06-21,BontoRamba,Aqua,32.47000000000003,32.23000000000002,,
2024-06-27,BontoRamba,Aqua,32.05417910447762,31.670000000000016,22.88666666666669,22.870000000000005
2024-06-28,BontoRamba,Aqua,36.502537313432846,36.081670480549235,,
2024-07-04,BontoRamba,Aqua,,,22.32213930348261,22.07000000000005
2024-07-05,BontoRamba,Aqua,30.400646766169157,30.973333333333358,20.37716417910449,20.49000000000001
2024-07-06,BontoRamba,Aqua,29.199839572192527,29.870000000000008,,
2024-07-10,BontoRamba,Aqua,32.79000000000002,32.33000000000004,,
2024-07-13,BontoRamba,Aqua,29.936666666666714,32.07000000000005,,
2024-07-14,BontoRamba,Aqua,27.599850746268693,28.03000000000003,,
2024-07-15,BontoRamba,Aqua,30.953315508021415,32.370000000000005,19.642835820895527,19.53000000000003
2024-07-16,BontoRamba,Aqua,,,22.748805970149277,22.150000000000034
2024-07-17,BontoRamba,Aqua,35.26363184079605,34.89000000000004,,
2024-07-18,BontoRamba,Aqua,33.097761194029886,33.31,,22.190000000000055
2024-07-19,BontoRamba,Aqua,32.208109452736366,31.89000000000004,22.0095024875622,22.230000000000018
2024-07-20,BontoRamba,Aqua,35.141044776119436,34.63000000000005,,19.510000000000048
2024-07-22,BontoRamba,Aqua,35.638358208955225,35.610000000000014,,
2024-07-23,BontoRamba,Aqua,31.2185572139304,31.07000000000005,,
2024-07-24,BontoRamba,Aqua,,,21.890000000000043,22.250000000000057
2024-07-28,BontoRamba,Aqua,22.972786069651765,23.77000000000004,,21.57000000000005
2024-08-01,BontoRamba,Aqua,36.280149253731366,36.39000000000004,,23.730000000000018
2024-08-02,BontoRamba,Aqua,,,23.559452736318455,23.150000000000034
2024-08-03,BontoRamba,Aqua,39.07228855721394,38.51000000000005,,
2024-08-04,BontoRamba,Aqua,35.57089552238807,35.210000000000036,,
2024-08-07,BontoRamba,Aqua,,,22.163555555555607,22.350000000000023
2024-08-08,BontoRamba,Aqua,35.27268656716421,34.160971786833876,,
2024-08-10,BontoRamba,Aqua,36.715273631840816,36.170000000000016,,
2024-08-11,BontoRamba,Aqua,34.912288557213984,34.950000000000045,,
2024-08-12,BontoRamba,Aqua,29.046815920398032,28.930000000000007,,24.510000000000048
2024-08-13,BontoRamba,Aqua,35.74422459893049,36.690000000000055,,20.650000000000034
2024-08-15,BontoRamba,Aqua,35.837263681592056,36.49000000000001,21.193781094527385,21.53000000000003
2024-08-16,BontoRamba,Aqua,34.610000000000014,35.410000000000025,,
2024-08-17,BontoRamba,Aqua,34.399154228855764,33.83000000000005,,24.390000000000043
2024-08-18,BontoRamba,Aqua,39.05577114427863,39.200541666666716,19.91985074626868,20.090000000000032
2024-08-19,BontoRamba,Aqua,,,22.643233830845816,22.530000000000033
2024-08-20,BontoRamba,Aqua,36.153681592039824,36.23000000000002,21.443333333333346,21.070285714285763
2024-08-23,BontoRamba,Aqua,41.977363184079614,40.76104347826092,,
2024-08-25,BontoRamba,Aqua,,36.170000000000016,23.35865671641795,23.07000000000005
2024-08-26,BontoRamba,Aqua,36.75000000000006,36.75000000000006,,20.730000000000018
2024-08-31,BontoRamba,Aqua,,,21.507412935323398,21.850000000000023
2024-09-01,BontoRamba,Aqua,41.07129353233835,39.91826086956522,,
2024-09-03,BontoRamba,Aqua,,,24.05311111111112,24.03000000000003
2024-09-04,BontoRamba,Aqua,41.76621890547265,40.76445378151264,,22.410000000000025
2024-09-09,BontoRamba,Aqua,43.8077114427861,42.75000000000006,,
2024-09-11,BontoRamba,Aqua,44.24522388059703,43.076675392670204,,23.010000000000048
2024-09-12,BontoRamba,Aqua,39.441641791044816,38.97000000000003,,
2024-09-14,BontoRamba,Aqua,42.2680099502488,42.410000000000025,,
2024-09-16,BontoRamba,Aqua,43.442935323383125,43.07000000000005,,19.210000000000036
2024-09-17,BontoRamba,Aqua,37.79786069651744,37.31,,20.79000000000002
2024-09-22,BontoRamba,Aqua,,,23.430000000000007,23.850000000000023
2024-09-26,BontoRamba,Aqua,39.9795555555556,40.150000000000034,,22.970000000000027
2024-09-29,BontoRamba,Aqua,39.77000000000004,39.39000000000004,,
2024-09-30,BontoRamba,Aqua,41.99208955223882,41.610000000000014,,
2024-10-01,BontoRamba,Aqua,45.04880597014928,44.091511111111146,,
2024-10-06,BontoRamba,Aqua,44.408308457711456,44.150000000000034,,24.650000000000034
2024-10-08,BontoRamba,Aqua,,38.53000000000003,22.38840796019903,22.750000000000057
2024-10-13,BontoRamba,Aqua,44.687810945273675,43.63000000000006,,23.750000000000057
2024-10-17,BontoRamba,Aqua,,,22.303333333333352,22.574427083333383
2024-10-23,BontoRamba,Aqua,48.15000000000004,47.413020979021006,22.249601990049776,22.33000000000004
2024-10-25,BontoRamba,Aqua,,,23.902636815920438,23.610000000000014
2024-10-28,BontoRamba,Aqua,42.42014925373138,43.48106290672453,,24.33000000000004
2025-04-22,BontoRamba,Aqua,,,24.224029850746298,23.79000000000002
2025-04-28,BontoRamba,Aqua,33.90064676616916,33.36305650102112,22.245422885572157,22.070000000000046
2025-05-11,BontoRamba,Aqua,31.9329850746269,29.750000000000057,,23.190000000000055
2025-05-18,BontoRamba,Aqua,,,22.24094527363189,22.890000000000043
2025-05-21,BontoRamba,Aqua,28.689701492537342,29.630000000000052,,
2025-05-28,BontoRamba,Aqua,33.26791044776123,32.950000000000045,,
2025-05-29,BontoRamba,Aqua,24.795671641791074,24.03000000000003,,
2025-06-05,BontoRamba,Aqua,34.14343283582091,33.150000000000034,,
2025-06-07,BontoRamba,Aqua,,,21.99000000000001,22.350000000000023
2025-06-08,BontoRamba,Aqua,31.25059701492542,31.270000000000042,,
2025-06-15,BontoRamba,Aqua,31.945721393034866,31.750000000000053,,
2025-06-16,BontoRamba,Aqua,28.82552238805972,29.010000000000044,22.144427860696553,22.33000000000004
2025-06-17,BontoRamba,Aqua,28.92044776119405,29.07000000000005,,
2025-07-01,BontoRamba,Aqua,31.585333333333363,31.890000000000043,,
2025-07-03,BontoRamba,Aqua,32.46771144278609,32.29000000000002,,
2025-07-06,BontoRamba,Aqua,28.680547263681614,28.970000000000027,,
2025-07-07,BontoRamba,Aqua,30.715870646766223,30.35967611336034,,
2025-07-10,BontoRamba,Aqua,26.620049751243815,26.53588832487312,,
2025-07-16,BontoRamba,Aqua,32.74084577114432,33.05000000000001,,
2025-07-18,BontoRamba,Aqua,31.606019900497543,32.25979919678719,,
2025-07-19,BontoRamba,Aqua,32.737860696517444,32.89000000000004,20.24582089552244,19.978306188925103
2025-07-20,BontoRamba,Aqua,32.13965174129357,32.306000000000004,,22.630000000000052
2025-07-21,BontoRamba,Aqua,28.350000000000023,27.83000000000004,19.871393034825875,20.27000000000004
2025-07-23,BontoRamba,Aqua,33.69517412935326,33.77000000000004,,24.750000000000057
2025-07-25,BontoRamba,Aqua,31.731393034825892,31.650000000000034,,25.110000000000014
2025-07-26,BontoRamba,Aqua,34.72661691542292,34.79000000000002,,
2025-07-28,BontoRamba,Aqua,35.852686567164206,35.35000000000002,,23.29000000000002
2025-08-02,BontoRamba,Aqua,34.326716417910454,34.33000000000004,,
2025-08-03,BontoRamba,Aqua,32.784427860696546,33.150000000000034,,
2025-08-04,BontoRamba,Aqua,29.547213930348274,29.650000000000034,,20.670000000000016
2025-08-05,BontoRamba,Aqua,32.81,33.53000000000003,,
2025-08-08,BontoRamba,Aqua,31.650000000000034,32.03000000000003,,
2025-08-10,BontoRamba,Aqua,35.610000000000014,34.53000000000003,,
2025-08-11,BontoRamba,Aqua,33.93437810945276,33.79000000000002,,23.150000000000034
2025-08-12,BontoRamba,Aqua,34.16721393034828,34.05000000000001,,25.010000000000048
2025-08-13,BontoRamba,Aqua,35.85199004975126,35.89000000000004,,
2025-08-15,BontoRamba,Aqua,34.37865671641794,34.20061855670108,,22.27000000000004
2025-08-19,BontoRamba,Aqua,,,22.284129353233876,22.870000000000005
2025-08-20,BontoRamba,Aqua,38.011791044776146,37.73000000000001,,
2025-08-24,BontoRamba,Aqua,,,19.263048128342263,18.970000000000027
2025-08-30,BontoRamba,Aqua,37.5161691542289,37.254852686308546,,22.430000000000007
2025-09-02,BontoRamba,Aqua,38.75358208955225,38.89000000000004,,
2025-09-07,BontoRamba,Aqua,30.430000000000007,28.950000000000045,,
2025-09-12,BontoRamba,Aqua,40.80641791044781,39.965609284332714,,
2025-09-13,BontoRamba,Aqua,36.35000000000002,36.31,,
2025-09-15,BontoRamba,Aqua,37.43646766169158,36.29000000000002,,
2025-09-17,BontoRamba,Aqua,39.32363184079607,39.696839378238394,,
2025-09-18,BontoRamba,Aqua,,37.25000000000006,21.627910447761245,22.110000000000014
2025-09-19,BontoRamba,Aqua,37.650000000000034,36.57000000000005,,
2025-09-20,BontoRamba,Aqua,39.888507462686604,38.51000000000005,19.553283582089595,20.08331585845351
2025-09-22,BontoRamba,Aqua,43.89835820895527,43.137506172839544,,
2025-09-25,BontoRamba,Aqua,41.62393034825872,41.36922222222223,,
2025-10-02,BontoRamba,Aqua,42.178258706467666,41.57000000000005,,
2025-10-03,BontoRamba,Aqua,39.38920398009955,38.910000000000025,,
2025-10-08,BontoRamba,Aqua,39.010497512437844,39.930000000000014,,
2025-10-13,BontoRamba,Aqua,41.367313432835836,40.98000000000002,,
2025-10-15,BontoRamba,Aqua,41.31567164179107,41.901797752809024,,
2025-10-16,BontoRamba,Aqua,,,23.46253731343288,23.95000000000005
2025-11-02,BontoRamba,Aqua,,,23.750000000000057,23.450000000000045
2026-01-30,BontoRamba,Aqua,30.948606965174168,30.463333333333367,,
2026-03-13,BontoRamba,Aqua,31.478358208955246,31.930000000000007,23.011194029850774,22.310000000000002
2026-03-14,BontoRamba,Aqua,29.610000000000014,30.190000000000055,,
2026-03-27,BontoRamba,Aqua,,,21.869601990049773,21.83000000000004
2026-03-28,BontoRamba,Aqua,32.51278606965178,32.97000000000003,,24.27000000000004
2026-04-02,BontoRamba,Aqua,30.882537313432838,31.07000000000005,,
2026-04-13,BontoRamba,Aqua,35.18144278606969,35.196666666666715,,
2026-04-15,BontoRamba,Aqua,31.95945273631842,30.870000000000005,,
2026-04-16,BontoRamba,Aqua,,34.610000000000014,23.16631840796025,23.330000000000037
2026-04-18,BontoRamba,Aqua,36.28920398009952,35.67000000000001,,
2026-04-23,BontoRamba,Aqua,,,20.29000000000002,20.510000000000048
2026-05-04,BontoRamba,Aqua,34.22402985074632,34.05000000000001,,
2026-05-05,BontoRamba,Aqua,,,23.748606965174183,23.71000000000004
2026-05-06,BontoRamba,Aqua,,30.870000000000005,25.40111111111112,25.53000000000003
2026-05-07,BontoRamba,Aqua,31.150000000000034,30.690000000000055,,
2026-05-08,BontoRamba,Aqua,,,21.762299465240677,22.930000000000007
2026-05-11,BontoRamba,Aqua,32.535970149253735,32.47000000000003,,
2026-05-21,BontoRamba,Aqua,32.67348258706469,32.23000000000002,23.758855721393065,23.53000000000003
2026-05-30,BontoRamba,Aqua,29.310000000000002,28.690000000000055,,
2026-05-31,BontoRamba,Aqua,,,21.758000000000028,21.750000000000057
2026-06-01,BontoRamba,Aqua,30.613383084577162,29.89000000000004,22.110000000000014,22.27000000000004
2026-06-03,BontoRamba,Aqua,28.28671641791048,28.190000000000055,,
2026-06-04,BontoRamba,Aqua,30.770398009950267,30.420000000000016,,
2026-06-05,BontoRamba,Aqua,29.39000000000004,29.010000000000048,,23.110000000000014
2026-06-06,BontoRamba,Aqua,30.846915422885576,30.430000000000007,,24.150000000000034
2026-06-07,BontoRamba,Aqua,30.57577114427862,30.170000000000016,,
2026-06-08,BontoRamba,Aqua,,,22.68154228855726,23.010000000000048
2026-06-09,BontoRamba,Aqua,28.610000000000014,28.870000000000005,,
2026-06-11,BontoRamba,Aqua,,21.210000000000036,23.575373134328387,22.99000000000001
2026-06-12,BontoRamba,Aqua,30.178159203980112,28.970000000000027,,20.310000000000002
2026-06-14,BontoRamba,Aqua,29.83915422885577,28.78819642857145,,24.77000000000004
2026-06-15,BontoRamba,Aqua,28.161443850267425,28.310000000000002,,
2026-06-17,BontoRamba,Aqua,31.779651741293563,31.470000000000027,20.710000000000036,21.010000000000048
2026-06-18,BontoRamba,Aqua,25.988805970149276,25.970000000000027,23.129004975124406,23.670000000000016
2026-06-19,BontoRamba,Aqua,30.699154228855736,30.710000000000036,,25.730000000000018
2026-06-20,BontoRamba,Aqua,31.476865671641818,31.33000000000004,,
2026-06-22,BontoRamba,Aqua,31.370000000000015,31.750000000000053,,
2026-06-23,BontoRamba,Aqua,28.850000000000023,28.930000000000007,,
2026-06-25,BontoRamba,Aqua,32.51000000000005,30.170000000000016,,21.710000000000036
2026-06-26,BontoRamba,Aqua,,,18.94343283582093,17.210000000000036
2026-06-27,BontoRamba,Aqua,31.765422885572153,32.150000000000034,,
2026-06-29,BontoRamba,Aqua,29.948109452736333,29.570000000000046,,22.750000000000057
2026-06-30,BontoRamba,Aqua,29.946815920398034,30.910000000000025,,
2026-07-01,BontoRamba,Aqua,,27.170000000000016,23.038159203980108,23.080467289719664
2026-07-02,BontoRamba,Aqua,27.987313432835847,28.870000000000005,21.179751243781112,21.630000000000052
2026-07-03,BontoRamba,Aqua,28.86333333333337,29.390000000000043,,
2026-07-05,BontoRamba,Aqua,33.18800995024877,33.17000000000002,,
2026-07-06,BontoRamba,Aqua,29.410000000000025,29.710000000000036,22.692288557213942,22.870000000000005
2026-07-07,BontoRamba,Aqua,32.489303482587076,31.99000000000001,,23.510000000000048
2026-07-08,BontoRamba,Aqua,31.310000000000002,31.79000000000002,,
2026-07-10,BontoRamba,Aqua,28.85616915422888,27.869999999999997,,20.870000000000005
2026-07-11,BontoRamba,Aqua,31.110000000000014,30.55000000000001,,
2026-07-12,BontoRamba,Aqua,31.365124378109456,31.230000000000015,,23.610000000000014
2026-07-13,BontoRamba,Aqua,34.17706467661694,33.910000000000025,,
2026-07-14,BontoRamba,Aqua,29.544626865671667,29.350000000000023,,
2026-07-15,BontoRamba,Aqua,33.19179104477615,32.75000000000006,,25.53000000000003
2026-07-16,BontoRamba,Aqua,32.419411764705885,32.910000000000025,,
2026-07-17,BontoRamba,Aqua,31.66910447761199,31.330000000000044,,
2026-07-18,BontoRamba,Aqua,33.92174129353236,33.610000000000014,,23.750000000000057
2026-07-19,BontoRamba,Aqua,29.70164179104481,29.29000000000002,22.658770053475955,22.710000000000036
2026-07-20,BontoRamba,Aqua,31.725323383084604,31.350000000000026,,25.090000000000032
2026-07-21,BontoRamba,Aqua,,,21.630895522388077,22.090000000000032
2026-07-23,BontoRamba,Aqua,32.70542288557215,32.51000000000005,,
2026-07-25,BontoRamba,Aqua,31.145820895522423,30.650000000000034,,23.090000000000032
2026-07-26,BontoRamba,Aqua,35.71009950248761,35.450000000000045,21.712786069651774,21.390000000000047
2026-07-27,BontoRamba,Aqua,,,21.82373134328362,21.430000000000007
2026-07-28,BontoRamba,Aqua,33.66860696517415,32.91000000000002,,23.99000000000001
2026-07-29,BontoRamba,Aqua,31.38134328358212,31.970000000000027,,
2026-07-30,BontoRamba,Aqua,30.544427860696523,30.110000000000014,,22.850000000000023
2026-07-31,BontoRamba,Aqua,34.70164179104482,34.47000000000003,,24.150000000000034
2026-08-01,BontoRamba,Aqua,31.835074626865676,31.710000000000036,,
2026-08-02,BontoRamba,Aqua,34.61577114427864,34.27000000000004,,24.99000000000001
2026-08-03,BontoRamba,Aqua,34.01497512437811,33.89000000000004,,
2026-08-05,BontoRamba,Aqua,35.39965174129357,35.07000000000004,,24.730000000000018
2026-08-06,BontoRamba,Aqua,,32.170000000000016,23.383777777777816,23.310000000000002
2026-08-07,BontoRamba,Aqua,35.231393034825885,34.59000000000003,,
2026-08-08,BontoRamba,Aqua,36.82552238805972,36.150000000000034,,23.310000000000002
2026-08-10,BontoRamba,Aqua,34.884527363184084,34.57000000000005,19.970000000000027,21.670000000000016
2026-08-12,BontoRamba,Aqua,26.250000000000057,27.710000000000036,,
2026-08-13,BontoRamba,Aqua,35.18134328358212,34.53000000000003,,17.810000000000002
2026-08-14,BontoRamba,Aqua,30.03000000000003,30.010000000000048,22.436737967914443,22.29000000000002
2026-08-15,BontoRamba,Aqua,33.51368159203981,33.110000000000014,,25.07000000000005
2026-08-16,BontoRamba,Aqua,36.19517412935326,35.89000000000004,,
2026-08-18,BontoRamba,Aqua,35.3671144278607,35.25000000000006,,
2026-08-19,BontoRamba,Aqua,30.913333333333377,31.010000000000048,,
2026-08-20,BontoRamba,Aqua,33.27089552238811,32.910000000000025,,23.99000000000001
2026-08-21,BontoRamba,Aqua,34.712985074626914,34.450000000000045,,
2026-08-22,BontoRamba,Aqua,,,21.250000000000057,21.578160000000043
2026-08-23,BontoRamba,Aqua,34.43039800995029,34.09000000000003,,23.010000000000048
2026-08-24,BontoRamba,Aqua,34.5308955223881,34.27000000000004,,
2026-08-25,BontoRamba,Aqua,34.42651741293534,34.25000000000006,,22.83000000000004
2026-08-26,BontoRamba,Aqua,36.156169154228884,36.137055837563494,,23.390000000000043
2026-08-28,BontoRamba,Aqua,35.89786069651742,35.49000000000001,,22.430000000000007
2026-08-29,BontoRamba,Aqua,34.401343283582094,34.25000000000006,,
2026-08-31,BontoRamba,Aqua,36.12104477611942,36.05000000000001,,24.03000000000003
2026-09-01,BontoRamba,Aqua,33.25000000000006,32.85000000000002,,
2026-09-02,BontoRamba,Aqua,34.86223880597016,34.86275568181819,,21.130000000000052
2026-09-03,BontoRamba,Aqua,35.372885572139324,35.27000000000004,,
2026-09-08,BontoRamba,Aqua,37.248706467661705,36.75000000000006,,18.590000000000032
2026-09-09,BontoRamba,Aqua,,,18.24104477611941,20.110000000000014
2026-09-10,BontoRamba,Aqua,36.998557213930376,36.77000000000004,,24.29000000000002
2026-09-13,BontoRamba,Aqua,37.927810945273635,37.524187725631805,,
2026-09-14,BontoRamba,Aqua,34.55567164179107,34.670000000000016,,
2026-09-15,BontoRamba,Aqua,36.031393034825896,35.31,,23.890000000000043
2026-09-16,BontoRamba,Aqua,36.545024875621905,36.55000000000001,,
2026-09-17,BontoRamba,Aqua,,,18.320945273631875,18.670000000000016
2026-09-18,BontoRamba,Aqua,37.14263681592041,37.081986863711045,,24.410000000000025
2026-09-20,BontoRamba,Aqua,34.838258706467684,33.73000000000002,,23.07000000000005
2026-09-21,BontoRamba,Aqua,36.68940298507464,37.01000000000005,,
