date,tpa_nama,sensor,day_tpa,day_ring,night_tpa,night_ring
2019-01-07,Mandung,Terra,29.85931937172778,30.450000000000045,,23.890000000000043
2019-01-08,Mandung,Terra,30.226649214659705,30.21000000000003,22.54465968586388,22.510000000000048
2019-01-09,Mandung,Terra,26.645078534031462,27.930000000000007,,
2019-01-10,Mandung,Terra,32.56256544502621,32.796848249027256,,
2019-01-13,Mandung,Terra,30.659633507853446,30.890000000000043,,
2019-01-14,Mandung,Terra,31.250000000000057,30.33000000000004,,
2019-01-15,Mandung,Terra,29.340261780104736,29.33000000000004,,
2019-01-26,Mandung,Terra,30.754712041884854,31.70032362459552,,
2019-02-01,Mandung,Terra,25.71701570680631,25.970000000000027,,
2019-02-02,Mandung,Terra,30.24769633507857,30.430000000000007,,
2019-02-06,Mandung,Terra,,,22.988000000000028,23.610000000000014
2019-02-07,Mandung,Terra,29.548324607329857,29.950000000000045,,
2019-02-11,Mandung,Terra,29.733455497382216,29.91000000000002,,
2019-02-14,Mandung,Terra,28.252303664921495,27.970000000000027,,
2019-02-15,Mandung,Terra,32.20911949685536,31.49000000000001,,
2019-02-16,Mandung,Terra,30.10664921465973,30.350000000000023,,
2019-02-17,Mandung,Terra,32.216329113924076,31.610000000000014,,18.99000000000001
2019-02-18,Mandung,Terra,29.310000000000002,29.350000000000023,,
2019-02-20,Mandung,Terra,29.288734177215215,29.710000000000036,,
2019-02-22,Mandung,Terra,32.952513089005244,32.64206650831358,21.603164556962067,22.07000000000005
2019-02-23,Mandung,Terra,26.488324607329876,28.79000000000002,,20.650000000000034
2019-02-24,Mandung,Terra,28.356329113924097,30.49000000000001,24.703333333333376,24.05000000000001
2019-02-25,Mandung,Terra,32.540575916230395,32.150000000000034,,
2019-03-01,Mandung,Terra,29.350000000000023,30.670000000000016,23.27680851063833,23.170000000000016
2019-03-02,Mandung,Terra,28.642460732984322,28.390000000000043,,
2019-03-10,Mandung,Terra,27.710000000000036,27.99000000000001,,
2019-03-11,Mandung,Terra,28.932617801047158,28.47000000000003,18.528534031413624,19.150000000000034
2019-03-18,Mandung,Terra,32.199109947644025,28.99000000000001,,
2019-03-24,Mandung,Terra,31.708219895287968,30.930000000000007,,
2019-03-26,Mandung,Terra,33.06769633507858,32.25000000000006,,
2019-03-27,Mandung,Terra,30.080366492146617,29.910000000000025,,
2019-03-30,Mandung,Terra,30.731256544502653,30.630000000000052,,
2019-04-02,Mandung,Terra,33.80769633507855,32.23000000000002,,
2019-04-07,Mandung,Terra,33.47125654450266,32.53000000000003,,
2019-04-08,Mandung,Terra,29.256596858638797,29.250000000000057,,
2019-04-16,Mandung,Terra,32.03439790575918,30.810000000000002,,21.210000000000036
2019-04-18,Mandung,Terra,30.9114659685864,31.33000000000004,,24.890000000000043
2019-04-19,Mandung,Terra,26.865706806282745,28.55000000000001,,
2019-04-21,Mandung,Terra,29.259738219895326,29.670000000000016,21.04036649214664,20.970000000000027
2019-04-22,Mandung,Terra,31.83000000000004,31.630000000000052,,24.77000000000004
2019-04-23,Mandung,Terra,32.56989528795817,32.23000000000002,21.07000000000005,21.53000000000003
2019-04-24,Mandung,Terra,27.16780104712046,27.590000000000032,,22.230000000000018
2019-04-25,Mandung,Terra,33.170000000000016,30.470000000000027,23.170000000000016,23.49000000000001
2019-04-30,Mandung,Terra,,,22.731047120418868,22.410000000000025
2019-05-05,Mandung,Terra,22.00333333333337,22.350000000000023,,
2019-05-06,Mandung,Terra,29.098888888888904,28.910000000000025,,
2019-05-08,Mandung,Terra,29.431884816753964,29.310000000000002,22.40358490566042,21.170000000000016
2019-05-09,Mandung,Terra,31.652931937172813,31.59446700507617,,21.370000000000005
2019-05-10,Mandung,Terra,,,22.333979057591637,22.33000000000004
2019-05-11,Mandung,Terra,30.53000000000003,29.650000000000034,,
2019-05-13,Mandung,Terra,28.06987421383651,30.650000000000034,,22.590000000000032
2019-05-14,Mandung,Terra,28.752408376963388,28.510000000000048,,
2019-05-17,Mandung,Terra,29.541308900523596,29.690000000000055,21.85617801047124,21.810000000000002
2019-05-18,Mandung,Terra,29.612827225130918,28.03000000000003,,22.850000000000023
2019-05-19,Mandung,Terra,,,21.28591623036652,21.170000000000016
2019-05-20,Mandung,Terra,30.887482517482535,30.07000000000005,23.464042553191497,22.950000000000045
2019-05-21,Mandung,Terra,27.35732984293196,26.99000000000001,,
2019-05-22,Mandung,Terra,,23.55000000000001,23.469371727748733,23.35000000000002
2019-05-23,Mandung,Terra,,,22.810000000000002,22.610000000000014
2019-05-24,Mandung,Terra,29.290732984293218,29.430000000000007,,
2019-05-25,Mandung,Terra,30.95345549738222,29.79000000000002,,21.57000000000005
2019-05-30,Mandung,Terra,24.16476439790579,25.57000000000005,,
2019-05-31,Mandung,Terra,,27.470000000000027,21.786457142857195,21.710000000000036
2019-06-01,Mandung,Terra,,23.910000000000025,21.117120418848216,20.05000000000001
2019-06-05,Mandung,Terra,,25.470000000000027,22.213455497382252,21.950000000000045
2019-06-06,Mandung,Terra,26.23209424083773,26.090000000000032,,
2019-06-07,Mandung,Terra,,,22.29460732984296,22.410000000000025
2019-06-08,Mandung,Terra,24.60434554973825,25.890000000000043,20.66581151832465,20.73000000000002
2019-06-09,Mandung,Terra,,,18.91701570680633,21.470000000000027
2019-06-10,Mandung,Terra,31.242000000000036,30.310000000000002,21.77000000000004,21.430000000000007
2019-06-12,Mandung,Terra,29.884965034965077,28.630000000000052,22.368952879581165,22.390000000000043
2019-06-15,Mandung,Terra,,22.850000000000023,21.08895287958118,20.99000000000001
2019-06-17,Mandung,Terra,,27.850000000000023,20.05000000000001,21.210000000000036
2019-06-19,Mandung,Terra,29.867068062827244,29.97091592617911,,
2019-06-20,Mandung,Terra,,,18.85198952879584,18.630000000000052
2019-06-21,Mandung,Terra,28.090000000000032,28.850000000000023,20.607801047120446,20.850000000000023
2019-06-23,Mandung,Terra,26.870000000000005,23.630000000000052,,22.170000000000016
2019-06-24,Mandung,Terra,29.129895287958135,29.33000000000004,,21.110000000000014
2019-06-25,Mandung,Terra,29.3701047120419,29.809392917369312,,22.350000000000023
2019-06-26,Mandung,Terra,29.70088607594939,29.690000000000055,20.654293193717297,19.350000000000023
2019-06-27,Mandung,Terra,,,20.93942408376964,20.99000000000001
2019-06-28,Mandung,Terra,27.65879581151836,27.27000000000004,20.90744680851066,20.29000000000002
2019-06-30,Mandung,Terra,28.005287958115222,28.79000000000002,20.29880503144655,20.53000000000003
2019-07-04,Mandung,Terra,,,19.863193717277536,20.410000000000025
2019-07-05,Mandung,Terra,,,21.958900523560217,22.230000000000018
2019-07-06,Mandung,Terra,,,19.141204188481705,18.950000000000045
2019-07-07,Mandung,Terra,30.13607329842935,31.110000000000014,,20.970000000000027
2019-07-08,Mandung,Terra,25.22560209424087,26.230000000000018,,
2019-07-10,Mandung,Terra,,,19.85000000000003,20.170000000000016
2019-07-11,Mandung,Terra,,,21.67827225130894,21.670000000000016
2019-07-13,Mandung,Terra,,,19.161832460733006,19.29000000000002
2019-07-14,Mandung,Terra,29.41732984293195,30.130000000000052,22.12370629370631,21.630000000000052
2019-07-16,Mandung,Terra,26.670942408377,28.03000000000003,20.904042553191502,20.670000000000016
2019-07-18,Mandung,Terra,,,18.526649214659717,20.090000000000032
2019-07-21,Mandung,Terra,28.33000000000004,28.970000000000027,20.55000000000001,21.190000000000055
2019-07-22,Mandung,Terra,,,17.160349650349698,17.410000000000025
2019-07-23,Mandung,Terra,27.024659685863913,27.730000000000018,,21.130000000000052
2019-07-25,Mandung,Terra,26.406000000000017,27.010000000000048,,
2019-07-28,Mandung,Terra,28.250000000000057,27.630000000000052,,20.650000000000034
2019-07-29,Mandung,Terra,,,20.259005235602125,20.230000000000018
2019-07-30,Mandung,Terra,29.19460732984297,28.850000000000023,21.240943396226434,20.710000000000036
2019-08-01,Mandung,Terra,29.191989528795844,29.64500000000004,,21.79000000000002
2019-08-02,Mandung,Terra,,23.470000000000027,19.528848167539294,19.49000000000001
2019-08-03,Mandung,Terra,23.55544502617806,25.510000000000048,19.980261780104737,20.090000000000032
2019-08-04,Mandung,Terra,26.210000000000036,26.590000000000032,,19.350000000000023
2019-08-05,Mandung,Terra,24.930000000000007,25.890000000000043,20.007486910994796,19.750000000000057
2019-08-06,Mandung,Terra,28.843926701570695,28.860059171597644,,20.670000000000016
2019-08-07,Mandung,Terra,,,19.59534031413615,19.730000000000018
2019-08-08,Mandung,Terra,28.09890052356022,29.07000000000005,,
2019-08-09,Mandung,Terra,22.274000000000033,22.49000000000001,,
2019-08-12,Mandung,Terra,28.09083769633511,28.310000000000002,,
2019-08-13,Mandung,Terra,28.072978723404297,27.53000000000003,21.124240837696362,21.31
2019-08-14,Mandung,Terra,,,21.83900523560212,22.05000000000001
2019-08-15,Mandung,Terra,30.135549738219936,30.630000000000052,,21.930000000000007
2019-08-17,Mandung,Terra,29.706020942408394,29.610000000000014,20.430000000000007,20.850000000000023
2019-08-20,Mandung,Terra,27.336666666666684,27.930000000000007,21.003089005235612,21.010000000000048
2019-08-21,Mandung,Terra,27.684136125654465,27.27000000000004,,
2019-08-24,Mandung,Terra,,,20.59502617801051,20.890000000000043
2019-08-27,Mandung,Terra,26.22926701570682,26.55000000000001,19.062146596858664,19.390000000000043
2019-08-28,Mandung,Terra,27.938167539267063,26.950000000000045,20.311675392670207,20.450000000000045
2019-08-29,Mandung,Terra,31.06476439790577,30.870000000000005,,
2019-08-31,Mandung,Terra,30.69607329842934,30.750000000000057,,
2019-09-02,Mandung,Terra,33.61062827225132,33.870000000000005,,21.730000000000018
2019-09-03,Mandung,Terra,27.092931937172814,27.150000000000034,19.440680628272293,19.890000000000043
2019-09-04,Mandung,Terra,26.07000000000005,25.410000000000025,21.122000000000025,19.650000000000034
2019-09-05,Mandung,Terra,28.006202531645588,27.27000000000004,,
2019-09-06,Mandung,Terra,,,18.007591623036674,20.27000000000004
2019-09-08,Mandung,Terra,,,20.530523560209442,20.55000000000001
2019-09-09,Mandung,Terra,30.67649214659687,31.421778290993085,,22.010000000000048
2019-09-10,Mandung,Terra,29.36685863874349,29.55000000000002,,
2019-09-11,Mandung,Terra,33.74099476439794,33.283416149068344,,20.890000000000043
2019-09-13,Mandung,Terra,26.85450261780109,25.250000000000057,18.39222222222226,18.690000000000055
2019-09-14,Mandung,Terra,,,20.467068062827256,20.53000000000003
2019-09-15,Mandung,Terra,,,20.84319148936173,20.930000000000007
2019-09-16,Mandung,Terra,30.534055944055957,31.110000000000017,21.753771428571458,21.690000000000055
2019-09-18,Mandung,Terra,30.336387434554997,29.410000000000025,,21.77000000000004
2019-09-19,Mandung,Terra,,,15.026649214659722,16.410000000000025
2019-09-20,Mandung,Terra,28.850000000000023,26.950000000000045,22.190000000000055,21.730000000000018
2019-09-21,Mandung,Terra,28.090000000000032,28.810000000000002,20.919842931937197,21.110000000000014
2019-09-23,Mandung,Terra,34.05020942408382,32.13000000000005,22.82974842767296,22.49000000000001
2019-09-24,Mandung,Terra,,,21.946125654450306,21.950000000000045
2019-09-25,Mandung,Terra,31.16382198952882,30.690000000000055,22.495957446808532,22.130000000000052
2019-09-30,Mandung,Terra,32.713396226415114,32.75000000000006,,
2019-10-02,Mandung,Terra,33.57219895287962,34.36478260869566,,22.690000000000055
2019-10-04,Mandung,Terra,36.65010471204192,37.64005917159768,,22.57000000000005
2019-10-05,Mandung,Terra,32.25324607329845,33.309999999999995,,20.57000000000005
2019-10-06,Mandung,Terra,29.99000000000001,31.010000000000048,,
2019-10-07,Mandung,Terra,31.428734177215222,30.910000000000025,,
2019-10-08,Mandung,Terra,,,22.977958115183284,22.910000000000025
2019-10-09,Mandung,Terra,34.70455497382202,36.49000000000001,,18.170000000000016
2019-10-10,Mandung,Terra,,,21.9688481675393,21.750000000000057
2019-10-11,Mandung,Terra,37.86015706806287,38.858128342246005,,18.710000000000036
2019-10-12,Mandung,Terra,29.435654450261794,28.99000000000001,,
2019-10-13,Mandung,Terra,31.730000000000018,31.110000000000014,,23.950000000000045
2019-10-14,Mandung,Terra,32.84989528795814,33.31,,
2019-10-15,Mandung,Terra,,,21.810000000000002,21.690000000000055
2019-10-16,Mandung,Terra,33.9570157068063,33.36194379391102,,
2019-10-18,Mandung,Terra,32.60151832460736,33.47000000000003,,22.07000000000005
2019-10-20,Mandung,Terra,37.268010471204214,36.71956521739133,,24.150000000000034
2019-10-21,Mandung,Terra,33.87984293193718,33.67000000000001,22.45253164556966,22.590000000000032
2019-10-22,Mandung,Terra,34.21429319371729,36.190000000000055,,24.450000000000045
2019-10-23,Mandung,Terra,31.483821989528824,31.150000000000034,,
2019-10-24,Mandung,Terra,32.20937172774874,32.29406250000002,,
2019-10-25,Mandung,Terra,33.983584905660386,34.450000000000045,,23.57000000000005
2019-10-27,Mandung,Terra,34.86899371069185,35.85000000000002,22.420994764397914,22.57000000000005
2019-10-28,Mandung,Terra,31.029267015706836,29.950000000000045,,
2019-10-29,Mandung,Terra,35.51397905759165,36.610000000000014,,24.090000000000032
2019-10-30,Mandung,Terra,30.530942408376998,30.870000000000005,,
2019-11-01,Mandung,Terra,34.9666492146597,36.58753694581284,,
2019-11-03,Mandung,Terra,,,22.30068062827228,22.230000000000018
2019-11-05,Mandung,Terra,37.29586387434557,37.964848046309726,,23.510000000000048
2019-11-06,Mandung,Terra,31.39659685863877,31.35990099009902,,
2019-11-07,Mandung,Terra,34.576701570680676,35.36046728971964,,
2019-11-08,Mandung,Terra,33.909581151832484,33.98089622641511,,17.99000000000001
2019-11-10,Mandung,Terra,35.52497382198955,35.55000000000001,18.922340425531942,19.190000000000055
2019-11-11,Mandung,Terra,,,20.454712041884864,20.850000000000023
2019-11-12,Mandung,Terra,35.773664921466,35.650000000000034,22.61955974842771,23.190000000000055
2019-11-14,Mandung,Terra,38.338376963350825,38.269318181818214,,22.890000000000043
2019-11-15,Mandung,Terra,32.324031413612595,32.252798634812336,21.970000000000027,21.630000000000052
2019-11-17,Mandung,Terra,,37.33000000000004,23.985443037974704,24.03000000000003
2019-11-18,Mandung,Terra,,29.250000000000057,17.711675392670198,18.010000000000048
2019-11-21,Mandung,Terra,35.055445026178056,35.01000000000005,23.521111111111157,22.390000000000043
2019-11-22,Mandung,Terra,,30.370000000000005,21.557643979057627,21.890000000000043
2019-11-23,Mandung,Terra,33.71000000000005,34.210000000000036,,
2019-11-24,Mandung,Terra,30.17167539267018,30.090000000000032,,
2019-11-26,Mandung,Terra,34.79617142857146,35.53000000000003,,24.110000000000014
2019-11-29,Mandung,Terra,26.69314136125657,26.590000000000032,,
2019-12-08,Mandung,Terra,31.947801047120436,32.170000000000016,,
2019-12-09,Mandung,Terra,34.820785340314174,35.170000000000016,,
2019-12-10,Mandung,Terra,34.37146596858641,34.07000000000005,,
2019-12-12,Mandung,Terra,34.42560209424088,33.83000000000004,,
2019-12-14,Mandung,Terra,36.26486910994766,35.79654545454547,,
2019-12-15,Mandung,Terra,31.324869109947684,31.170000000000016,,
2019-12-18,Mandung,Terra,25.310000000000002,25.470000000000027,,
2019-12-21,Mandung,Terra,36.270942408377,35.57000000000005,,
2019-12-23,Mandung,Terra,34.47000000000003,33.53000000000003,,
2019-12-24,Mandung,Terra,31.790837696335107,31.410000000000025,,
2019-12-25,Mandung,Terra,34.07000000000005,33.99000000000001,,
2019-12-30,Mandung,Terra,34.3304255319149,32.97000000000003,,
2020-01-02,Mandung,Terra,27.474397905759204,28.630000000000052,,
2020-01-08,Mandung,Terra,32.18333333333336,31.750000000000057,,
2020-01-10,Mandung,Terra,31.926753926701615,32.190000000000055,,
2020-01-15,Mandung,Terra,32.17460732984294,33.710000000000036,,
2020-01-16,Mandung,Terra,30.301623036649232,30.010000000000048,,
2020-01-17,Mandung,Terra,33.94801047120421,33.860340909090915,,24.07000000000005
2020-01-18,Mandung,Terra,33.81230366492149,32.99000000000001,,
2020-01-19,Mandung,Terra,,31.05000000000001,22.757341772151914,23.150000000000034
2020-01-20,Mandung,Terra,34.84706806282725,34.450000000000045,,
2020-01-21,Mandung,Terra,28.634000000000054,28.510000000000048,,
2020-01-22,Mandung,Terra,35.5115706806283,35.26000000000005,,24.29000000000002
2020-01-24,Mandung,Terra,35.211570680628306,34.77000000000004,,25.650000000000034
2020-01-25,Mandung,Terra,31.94664921465973,31.330000000000044,,
2020-01-26,Mandung,Terra,34.97000000000003,34.53000000000003,,23.83000000000004
2020-01-27,Mandung,Terra,32.490000000000045,33.13000000000005,,
2020-01-29,Mandung,Terra,34.36189873417727,34.670000000000016,,
2020-01-31,Mandung,Terra,30.57000000000005,29.77000000000004,,
2020-02-02,Mandung,Terra,33.55000000000001,33.670000000000016,,
2020-02-03,Mandung,Terra,30.788000000000014,30.03000000000003,,
2020-02-04,Mandung,Terra,30.54518324607333,30.810000000000002,,
2020-02-12,Mandung,Terra,32.54518324607335,31.630000000000052,,
2020-02-13,Mandung,Terra,32.02848101265825,30.33000000000004,,
2020-02-14,Mandung,Terra,33.710000000000036,32.81,,
2020-02-23,Mandung,Terra,31.997120418848194,32.30442586399109,,
2020-02-27,Mandung,Terra,33.02531914893622,32.01000000000005,,
2020-03-13,Mandung,Terra,28.210000000000036,28.55000000000001,,
2020-03-14,Mandung,Terra,29.430000000000007,28.57000000000005,,
2020-03-15,Mandung,Terra,30.46853403141364,31.130000000000052,,
2020-03-16,Mandung,Terra,26.707277486911018,27.750000000000057,,
2020-03-20,Mandung,Terra,28.05848167539272,28.03000000000003,,
2020-03-21,Mandung,Terra,,25.05000000000001,23.350000000000005,22.930000000000007
2020-03-22,Mandung,Terra,30.750314136125706,30.77000000000004,,
2020-03-25,Mandung,Terra,28.90790575916232,28.430000000000007,,20.170000000000016
2020-03-29,Mandung,Terra,,,20.91565445026179,21.010000000000048
2020-03-30,Mandung,Terra,28.510000000000048,30.110000000000014,,23.890000000000043
2020-03-31,Mandung,Terra,26.250000000000057,25.950000000000045,,
2020-04-01,Mandung,Terra,28.14234042553194,29.810000000000002,,
2020-04-02,Mandung,Terra,28.992784810126608,29.130000000000052,,
2020-04-04,Mandung,Terra,31.150000000000034,30.690000000000055,,
2020-04-07,Mandung,Terra,27.16015706806285,28.27000000000004,,
2020-04-09,Mandung,Terra,28.05000000000001,29.110000000000014,,23.410000000000025
2020-04-10,Mandung,Terra,28.510000000000048,28.510000000000048,22.510000000000048,22.690000000000055
2020-04-13,Mandung,Terra,32.18591623036652,32.76545903257655,,23.29000000000002
2020-04-15,Mandung,Terra,32.788010471204196,31.53000000000003,,
2020-04-16,Mandung,Terra,31.593246073298452,31.450000000000045,,
2020-04-20,Mandung,Terra,32.56382198952883,32.07715365239299,23.952222222222257,23.170000000000016
2020-04-21,Mandung,Terra,27.573560209424105,27.650000000000034,,
2020-04-22,Mandung,Terra,32.21670157068066,31.33554054054057,23.00291139240507,23.750000000000057
2020-04-23,Mandung,Terra,30.333246073298465,29.890000000000043,,24.090000000000032
2020-04-24,Mandung,Terra,30.54193717277489,30.350000000000023,,
2020-04-26,Mandung,Terra,,25.670000000000016,21.57764397905762,21.890000000000043
2020-04-27,Mandung,Terra,30.11013986013988,31.310000000000002,,23.79000000000002
2020-04-29,Mandung,Terra,33.36874345549743,32.535000000000025,,23.710000000000036
2020-05-01,Mandung,Terra,31.72417721518989,31.390000000000043,,
2020-05-03,Mandung,Terra,27.457015706806335,26.950000000000045,,
2020-05-04,Mandung,Terra,30.828952879581177,30.07000000000005,,23.55000000000001
2020-05-06,Mandung,Terra,31.359685534591247,31.230000000000018,,24.03000000000003
2020-05-07,Mandung,Terra,30.410000000000025,30.410000000000025,,
2020-05-08,Mandung,Terra,30.679361702127665,30.170000000000016,,
2020-05-09,Mandung,Terra,28.630000000000052,27.730000000000018,,
2020-05-10,Mandung,Terra,26.915130890052374,26.730000000000018,,
2020-05-11,Mandung,Terra,30.05000000000001,30.230000000000018,19.150000000000034,20.670000000000016
2020-05-13,Mandung,Terra,31.849162303664944,31.110000000000014,,
2020-05-22,Mandung,Terra,30.754712041884847,30.430000000000007,,
2020-05-25,Mandung,Terra,31.0253926701571,30.350000000000023,,
2020-05-26,Mandung,Terra,31.499005235602137,30.49000000000001,,
2020-05-31,Mandung,Terra,29.010000000000048,28.33000000000004,23.505555555555596,23.410000000000025
2020-06-02,Mandung,Terra,30.380157068062854,29.510000000000044,,
2020-06-03,Mandung,Terra,30.802984293193745,29.85064516129034,,
2020-06-04,Mandung,Terra,,24.910000000000025,21.39816753926703,20.250000000000057
2020-06-09,Mandung,Terra,27.950418848167548,27.130000000000052,,22.53000000000003
2020-06-10,Mandung,Terra,29.388429319371753,29.210000000000036,,
2020-06-11,Mandung,Terra,30.382146596858654,29.99000000000001,22.038376963350814,22.19000000000005
2020-06-12,Mandung,Terra,32.844973821989555,32.610000000000014,21.630628272251325,21.77000000000004
2020-06-16,Mandung,Terra,29.57632911392408,29.99000000000001,22.968324607329883,22.890000000000043
2020-06-20,Mandung,Terra,25.98612565445031,24.970000000000027,,
2020-06-21,Mandung,Terra,,,19.750000000000057,20.430000000000007
2020-06-23,Mandung,Terra,29.59691099476441,28.361851851851867,,
2020-06-26,Mandung,Terra,26.904000000000053,25.99000000000001,21.773664921465993,21.590000000000032
2020-06-27,Mandung,Terra,28.230000000000018,27.230000000000018,21.766230366492177,21.650000000000034
2020-06-28,Mandung,Terra,,,21.150979020979072,20.970000000000027
2020-06-29,Mandung,Terra,,24.950000000000045,22.773036649214696,22.53000000000003
2020-06-30,Mandung,Terra,,28.610000000000014,20.21600000000003,20.110000000000014
2020-07-04,Mandung,Terra,29.517958115183287,29.510000000000048,,23.150000000000034
2020-07-07,Mandung,Terra,30.784042553191526,28.730000000000018,,21.090000000000032
2020-07-08,Mandung,Terra,,,14.110000000000014,16.730000000000018
2020-07-12,Mandung,Terra,26.647446808510672,26.410000000000025,,
2020-07-16,Mandung,Terra,29.62974683544306,30.850000000000023,,22.410000000000025
2020-07-18,Mandung,Terra,,,22.170000000000016,22.33000000000004
2020-07-20,Mandung,Terra,,,20.650000000000034,18.190000000000055
2020-07-22,Mandung,Terra,26.748324607329877,26.670000000000016,,22.57000000000005
2020-07-23,Mandung,Terra,28.450000000000045,27.710000000000036,19.904554973822012,21.33000000000004
2020-07-25,Mandung,Terra,30.26005235602096,28.930000000000007,20.81600000000002,20.750000000000057
2020-07-27,Mandung,Terra,,26.870000000000005,20.32078534031418,20.470000000000027
2020-07-29,Mandung,Terra,28.424973821989568,28.350000000000023,,
2020-07-31,Mandung,Terra,,25.590000000000032,18.670000000000016,18.950000000000045
2020-08-06,Mandung,Terra,25.936178010471224,26.36500000000001,,20.99000000000001
2020-08-07,Mandung,Terra,,,18.502774869109977,18.07000000000005
2020-08-09,Mandung,Terra,,,19.399738219895337,19.53000000000003
2020-08-10,Mandung,Terra,32.25052356020946,32.195260115606985,,
2020-08-12,Mandung,Terra,,,22.580943396226445,22.150000000000034
2020-08-14,Mandung,Terra,,27.07000000000005,20.710000000000036,21.07000000000005
2020-08-16,Mandung,Terra,,,17.445183246073306,17.610000000000014
2020-08-17,Mandung,Terra,28.250000000000057,29.910000000000025,20.875445026178046,21.29000000000002
2020-08-20,Mandung,Terra,24.930000000000007,25.29000000000002,20.71230366492149,20.590000000000032
2020-08-21,Mandung,Terra,25.33784810126585,26.77000000000004,,23.170000000000016
2020-08-22,Mandung,Terra,28.702984293193754,28.710000000000036,22.47942408376966,22.250000000000057
2020-08-23,Mandung,Terra,28.503617021276636,27.950000000000045,20.08591623036652,20.250000000000057
2020-08-24,Mandung,Terra,30.845916230366505,31.25670184696575,22.37000000000004,22.79000000000002
2020-08-26,Mandung,Terra,26.156666666666695,28.750000000000057,21.19148571428575,20.590000000000032
2020-08-27,Mandung,Terra,27.302984293193756,27.810000000000002,,
2020-08-28,Mandung,Terra,29.333769633507888,29.190000000000055,,
2020-08-29,Mandung,Terra,30.476596858638764,29.970000000000027,20.8966666666667,21.03000000000003
2020-08-30,Mandung,Terra,26.682670157068102,26.29000000000002,20.453769633507882,21.07000000000005
2020-09-04,Mandung,Terra,,30.07000000000005,20.260171428571446,21.29000000000002
2020-09-05,Mandung,Terra,24.58612565445027,27.310000000000002,,
2020-09-06,Mandung,Terra,,,21.415316455696228,21.910000000000025
2020-09-07,Mandung,Terra,23.690000000000055,25.850000000000023,,
2020-09-08,Mandung,Terra,,,21.171256544502658,21.230000000000018
2020-09-09,Mandung,Terra,,28.470000000000027,21.80371727748693,21.010000000000048
2020-09-10,Mandung,Terra,,,20.979109947643995,21.01153976311342
2020-09-11,Mandung,Terra,29.840680628272278,31.33000000000004,,21.850000000000023
2020-09-13,Mandung,Terra,29.230000000000018,31.150000000000034,,
2020-09-14,Mandung,Terra,30.04549738219897,30.230000000000018,,
2020-09-15,Mandung,Terra,26.022146596858658,28.49000000000001,21.723333333333358,21.350000000000023
2020-09-17,Mandung,Terra,26.789057591623056,26.99000000000001,,
2020-09-18,Mandung,Terra,30.586000000000023,31.370000000000005,,
2020-09-23,Mandung,Terra,27.26769633507857,27.930000000000007,22.390000000000043,22.150000000000034
2020-09-27,Mandung,Terra,30.110314136125666,30.84489051094893,,18.370000000000005
2020-09-28,Mandung,Terra,24.761937172774886,25.590000000000032,,
2020-09-29,Mandung,Terra,,23.670000000000016,20.9529319371728,19.79000000000002
2020-09-30,Mandung,Terra,23.450000000000045,26.670000000000016,,
2020-10-01,Mandung,Terra,28.327801047120424,27.710000000000036,,
2020-10-03,Mandung,Terra,,,22.401727748691137,22.670000000000016
2020-10-07,Mandung,Terra,26.325078534031455,26.650000000000034,,
2020-10-13,Mandung,Terra,32.358800000000045,32.33000000000004,,
2020-10-15,Mandung,Terra,31.155031446540907,31.83000000000004,,
2020-10-16,Mandung,Terra,29.68811518324611,29.750000000000057,,
2020-10-17,Mandung,Terra,28.042146596858668,29.99000000000001,,
2020-10-20,Mandung,Terra,,,22.80895287958117,22.99000000000001
2020-10-25,Mandung,Terra,29.99000000000001,29.470000000000027,,
2020-10-27,Mandung,Terra,29.933544303797483,29.79000000000002,,
2020-11-05,Mandung,Terra,33.22916230366495,33.016986301369904,,23.610000000000014
2020-11-07,Mandung,Terra,32.74617021276599,31.450000000000045,,25.090000000000032
2020-11-08,Mandung,Terra,32.50696335078538,32.150000000000034,,22.410000000000025
2020-11-10,Mandung,Terra,25.310000000000002,29.150000000000034,,
2020-11-16,Mandung,Terra,,31.230000000000018,23.787591623036676,23.370000000000005
2020-11-19,Mandung,Terra,33.43827225130892,32.81000000000001,,
2020-11-21,Mandung,Terra,34.145287958115226,33.57000000000005,,
2020-12-25,Mandung,Terra,34.720785340314166,34.35000000000002,,
2020-12-26,Mandung,Terra,33.13952879581154,32.910000000000025,,
2021-01-01,Mandung,Terra,33.85000000000002,32.870000000000005,,
2021-01-11,Mandung,Terra,28.261518324607362,27.870000000000005,,
2021-02-02,Mandung,Terra,31.062000000000012,30.970000000000027,,
2021-02-07,Mandung,Terra,29.975130890052373,30.310000000000002,,
2021-02-16,Mandung,Terra,31.43324607329847,31.41000000000003,,
2021-03-01,Mandung,Terra,30.971989528795856,31.110000000000014,,
2021-03-02,Mandung,Terra,31.864973821989544,32.07000000000005,,
2021-03-13,Mandung,Terra,31.847905759162327,32.41136029411767,,
2021-03-15,Mandung,Terra,29.33000000000004,30.99000000000001,,
2021-03-16,Mandung,Terra,27.828429319371743,28.310000000000002,,22.130000000000052
2021-03-17,Mandung,Terra,29.983403141361283,30.310000000000002,,
2021-03-18,Mandung,Terra,30.607696335078547,31.05000000000001,,
2021-03-19,Mandung,Terra,29.355968586387466,29.33000000000004,,
2021-03-25,Mandung,Terra,31.09430379746839,31.170000000000016,,
2021-03-27,Mandung,Terra,31.370000000000005,31.310000000000002,,
2021-04-01,Mandung,Terra,26.352222222222256,26.03000000000003,,
2021-04-03,Mandung,Terra,31.090000000000032,31.49000000000001,,
2021-04-10,Mandung,Terra,31.610000000000014,31.250000000000057,,
2021-04-11,Mandung,Terra,,,20.79000000000002,21.810000000000002
2021-04-12,Mandung,Terra,30.786649214659718,32.05000000000001,,22.110000000000014
2021-04-14,Mandung,Terra,33.18863874345552,31.33000000000004,,23.07000000000005
2021-04-16,Mandung,Terra,33.43400000000004,33.091902748414405,22.301111111111148,22.27000000000004
2021-04-17,Mandung,Terra,29.332198952879615,29.670000000000016,,
2021-04-18,Mandung,Terra,29.49000000000001,28.590000000000032,,
2021-04-19,Mandung,Terra,27.722151898734214,28.77000000000004,,23.150000000000034
2021-04-20,Mandung,Terra,30.99900523560211,28.05000000000001,,22.670000000000016
2021-04-21,Mandung,Terra,32.15272251308903,30.79000000000002,,22.130000000000052
2021-04-22,Mandung,Terra,,,19.70633507853405,19.350000000000023
2021-04-23,Mandung,Terra,35.00706806282726,34.710000000000036,,23.630000000000052
2021-04-24,Mandung,Terra,29.701937172774898,30.010000000000055,,
2021-04-25,Mandung,Terra,34.17356020942412,33.80150000000001,,22.57000000000005
2021-04-26,Mandung,Terra,31.59209424083771,31.49000000000001,22.54235602094244,22.410000000000025
2021-04-27,Mandung,Terra,,,22.82937172774873,21.810000000000002
2021-04-29,Mandung,Terra,27.82319148936173,27.810000000000002,,21.77000000000004
2021-04-30,Mandung,Terra,,30.910000000000025,22.52200000000003,22.590000000000032
2021-05-03,Mandung,Terra,27.668848167539316,29.07000000000005,,
2021-05-04,Mandung,Terra,31.927172774869142,31.450000000000045,,
2021-05-10,Mandung,Terra,24.05000000000001,24.83000000000004,,
2021-05-11,Mandung,Terra,31.822146596858655,30.450000000000045,,24.110000000000014
2021-05-12,Mandung,Terra,28.762000000000047,28.670000000000016,22.259738219895326,22.470000000000027
2021-05-13,Mandung,Terra,31.170000000000016,30.170000000000016,,
2021-05-15,Mandung,Terra,,,22.59240837696337,22.670000000000016
2021-05-21,Mandung,Terra,,30.410000000000025,21.898376963350827,22.390000000000043
2021-05-23,Mandung,Terra,32.788000000000046,31.850000000000023,23.303333333333356,23.210000000000036
2021-05-25,Mandung,Terra,33.12047120418852,32.81,22.103507853403176,23.33000000000004
2021-05-30,Mandung,Terra,28.935549738219937,29.670000000000016,,
2021-05-31,Mandung,Terra,25.12333333333337,26.150000000000034,,16.510000000000048
2021-06-01,Mandung,Terra,27.921099476439828,27.58094420600862,,22.890000000000043
2021-06-03,Mandung,Terra,30.922000000000033,29.450000000000045,,22.77000000000004
2021-06-04,Mandung,Terra,26.319319371727772,26.350000000000023,17.542984293193744,17.650000000000034
2021-06-05,Mandung,Terra,29.98821989528799,27.930000000000007,,23.810000000000002
2021-06-06,Mandung,Terra,32.5867539267016,32.47000000000003,23.398376963350827,23.150000000000034
2021-06-07,Mandung,Terra,28.882774869109962,28.310000000000002,20.32633507853407,20.090000000000032
2021-06-08,Mandung,Terra,27.819361702127708,29.33000000000004,,22.79000000000002
2021-06-10,Mandung,Terra,30.942041884816785,30.57000000000005,,23.170000000000016
2021-06-11,Mandung,Terra,25.07000000000005,24.210000000000036,,
2021-06-12,Mandung,Terra,30.28528795811522,29.390000000000043,,23.430000000000007
2021-06-13,Mandung,Terra,,28.630000000000052,22.259633507853415,21.950000000000045
2021-06-14,Mandung,Terra,,26.27000000000004,22.869162303664936,22.690000000000058
2021-06-15,Mandung,Terra,28.9950261780105,28.910000000000025,,23.010000000000048
2021-06-19,Mandung,Terra,28.77000000000004,27.850000000000023,21.650418848167586,21.470000000000027
2021-06-20,Mandung,Terra,28.650000000000034,29.190000000000055,,
2021-06-21,Mandung,Terra,25.63167539267021,25.750000000000057,,
2021-06-22,Mandung,Terra,28.62600000000005,27.610000000000014,,
2021-06-29,Mandung,Terra,28.20172774869114,27.970000000000027,,22.250000000000057
2021-06-30,Mandung,Terra,28.724554973822023,28.810000000000002,,22.430000000000007
2021-07-01,Mandung,Terra,,29.110000000000014,20.7584816753927,21.210000000000036
2021-07-02,Mandung,Terra,26.05000000000001,26.130000000000052,,17.370000000000005
2021-07-05,Mandung,Terra,28.4156544502618,29.090000000000032,19.444764397905775,20.190000000000055
2021-07-06,Mandung,Terra,28.086125654450306,28.27000000000004,20.546125654450304,20.370000000000005
2021-07-07,Mandung,Terra,27.910000000000025,26.910000000000025,,
2021-07-08,Mandung,Terra,27.710000000000036,26.370000000000005,,
2021-07-10,Mandung,Terra,28.780994764397942,29.130000000000052,,20.870000000000005
2021-07-12,Mandung,Terra,32.195549738219924,30.690000000000055,,22.930000000000007
2021-07-13,Mandung,Terra,25.85115183246077,24.750000000000057,,
2021-07-14,Mandung,Terra,27.033141361256565,24.850000000000023,20.45020942408381,20.55000000000001
2021-07-15,Mandung,Terra,26.201518324607374,25.57000000000005,,
2021-07-16,Mandung,Terra,,,20.65345549738225,20.710000000000036
2021-07-17,Mandung,Terra,,,19.77000000000004,20.210000000000036
2021-07-18,Mandung,Terra,,,21.164973821989562,21.07000000000005
2021-07-21,Mandung,Terra,30.12727748691102,29.27000000000004,,
2021-07-22,Mandung,Terra,,,20.100890052356053,19.650000000000034
2021-07-24,Mandung,Terra,,27.370000000000005,21.498167539267033,21.33000000000004
2021-07-26,Mandung,Terra,30.845392670157096,30.95000000000005,,21.910000000000025
2021-07-28,Mandung,Terra,29.7370157068063,29.190000000000055,,21.810000000000002
2021-07-31,Mandung,Terra,25.889790575916287,26.79000000000002,,
2021-08-04,Mandung,Terra,,,22.20333333333335,21.99000000000001
2021-08-06,Mandung,Terra,26.644450261780136,27.710000000000036,,
2021-08-07,Mandung,Terra,25.19376963350789,26.390000000000043,,
2021-08-08,Mandung,Terra,,,22.130000000000052,23.150000000000034
2021-08-09,Mandung,Terra,28.250000000000057,27.55000000000001,22.65994764397908,22.350000000000023
2021-08-11,Mandung,Terra,27.927277486911038,28.05000000000001,,
2021-08-14,Mandung,Terra,24.590000000000032,24.53000000000003,,
2021-08-18,Mandung,Terra,26.498930817610105,27.57000000000005,,
2021-08-20,Mandung,Terra,,24.850000000000023,19.96842931937176,21.870000000000005
2021-08-22,Mandung,Terra,,,21.470000000000027,21.810000000000002
2021-08-23,Mandung,Terra,17.370000000000005,17.370000000000005,,
2021-08-24,Mandung,Terra,,,16.28333333333336,18.170000000000016
2021-08-26,Mandung,Terra,,,21.850000000000023,22.150000000000034
2021-08-27,Mandung,Terra,,26.610000000000014,21.3667539267016,21.33000000000004
2021-08-28,Mandung,Terra,,,20.446649214659725,20.110000000000014
2021-08-31,Mandung,Terra,29.960157068062856,31.370000000000005,,22.650000000000034
2021-09-01,Mandung,Terra,28.572222222222237,26.910000000000025,20.95680628272252,19.57000000000005
2021-09-02,Mandung,Terra,,,18.910000000000025,18.910000000000025
2021-09-07,Mandung,Terra,,25.310000000000002,22.416666666666707,22.970000000000027
2021-09-08,Mandung,Terra,26.728848167539287,26.410000000000025,,18.150000000000034
2021-09-17,Mandung,Terra,,,18.40602094240843,17.05000000000001
2021-09-19,Mandung,Terra,,29.55000000000001,22.587801047120447,22.730000000000018
2021-09-24,Mandung,Terra,30.217748691099498,30.190000000000055,,
2021-09-25,Mandung,Terra,29.476000000000013,28.650000000000034,,
2021-09-26,Mandung,Terra,,28.130000000000052,20.545497382198974,20.650000000000034
2021-09-27,Mandung,Terra,26.797225130890077,26.950000000000045,20.55136125654454,19.07000000000005
2021-09-28,Mandung,Terra,,,22.06979057591624,21.970000000000027
2021-09-29,Mandung,Terra,,,21.616666666666692,21.99000000000001
2021-09-30,Mandung,Terra,,,22.830851063829808,22.690000000000055
2021-10-01,Mandung,Terra,23.27000000000004,24.79000000000002,,
2021-10-02,Mandung,Terra,29.66905759162308,30.650000000000034,,
2021-10-10,Mandung,Terra,25.310000000000002,26.05000000000001,20.905392670157088,20.77000000000004
2021-10-11,Mandung,Terra,30.05000000000001,29.690000000000055,,
2021-10-12,Mandung,Terra,29.80581151832463,28.99000000000001,20.37701570680629,20.310000000000002
2021-10-18,Mandung,Terra,31.750000000000057,31.910000000000025,,22.83000000000004
2021-10-19,Mandung,Terra,28.204554973822024,27.590000000000032,,
2021-10-23,Mandung,Terra,33.702774869109966,33.29805620608901,23.25200000000002,22.650000000000034
2021-10-28,Mandung,Terra,25.268429319371776,26.610000000000014,,
2021-11-02,Mandung,Terra,29.828429319371743,29.310000000000002,,
2021-11-06,Mandung,Terra,29.410000000000025,28.930000000000007,,
2021-11-22,Mandung,Terra,32.13000000000005,31.750000000000057,,
2021-11-23,Mandung,Terra,30.708010471204243,30.710000000000036,,
2021-12-05,Mandung,Terra,32.924936708860784,32.25000000000006,,
2021-12-08,Mandung,Terra,33.81659685863878,33.410000000000025,,
2021-12-10,Mandung,Terra,31.07000000000005,31.390000000000043,,
2021-12-13,Mandung,Terra,27.29115183246075,26.690000000000055,,
2021-12-24,Mandung,Terra,31.569057591623075,31.750000000000057,,
2022-01-06,Mandung,Terra,33.47963350785342,33.49000000000001,22.510942408376998,22.57000000000005
2022-01-10,Mandung,Terra,33.85534031413615,31.77000000000004,,
2022-01-23,Mandung,Terra,29.325916230366516,29.694646464646514,,18.510000000000048
2022-01-24,Mandung,Terra,,22.57000000000005,24.32109947643982,24.350000000000023
2022-01-25,Mandung,Terra,33.00800000000005,33.870000000000005,,
2022-02-01,Mandung,Terra,28.29000000000002,27.930000000000007,,
2022-02-03,Mandung,Terra,27.596073298429356,27.79000000000002,,
2022-02-15,Mandung,Terra,27.233769633507897,27.190000000000055,,
2022-02-16,Mandung,Terra,28.690000000000055,27.55000000000001,,21.79000000000002
2022-02-17,Mandung,Terra,28.59666666666667,28.970000000000027,21.451465968586398,21.410000000000025
2022-02-18,Mandung,Terra,28.77000000000004,28.650000000000034,,
2022-02-24,Mandung,Terra,27.14895287958118,27.07000000000005,,
2022-02-28,Mandung,Terra,31.170942408376987,31.390000000000043,,
2022-03-02,Mandung,Terra,30.856666666666687,30.630000000000052,,
2022-03-05,Mandung,Terra,24.27000000000004,26.79000000000002,,
2022-03-11,Mandung,Terra,30.730000000000018,30.250000000000057,,
2022-03-12,Mandung,Terra,29.369371727748703,28.170000000000016,,
2022-03-14,Mandung,Terra,28.730000000000018,27.850000000000023,,
2022-03-22,Mandung,Terra,29.80937172774872,29.130000000000052,,
2022-03-25,Mandung,Terra,31.345916230366534,30.970000000000027,,24.010000000000048
2022-03-26,Mandung,Terra,25.464136125654495,26.210000000000036,,
2022-04-03,Mandung,Terra,32.85094240837699,31.55000000000001,23.04277486910999,22.79000000000002
2022-04-04,Mandung,Terra,26.365555555555584,27.07000000000005,,
2022-04-05,Mandung,Terra,32.04937172774872,31.0877753779698,,22.230000000000018
2022-04-10,Mandung,Terra,32.01444444444449,31.450000000000045,,
2022-04-11,Mandung,Terra,25.010000000000048,25.010000000000048,,
2022-04-12,Mandung,Terra,31.070942408377,30.750000000000057,,23.650000000000034
2022-04-13,Mandung,Terra,24.886335078534046,28.83000000000004,20.276701570680665,20.53000000000003
2022-04-14,Mandung,Terra,25.730000000000018,25.590000000000032,,
2022-04-15,Mandung,Terra,31.302146596858666,30.190000000000055,,
2022-04-16,Mandung,Terra,26.503333333333362,26.470000000000027,,
2022-04-21,Mandung,Terra,31.610000000000014,31.650000000000034,,
2022-04-24,Mandung,Terra,32.156666666666695,31.07000000000005,,23.130000000000052
2022-04-25,Mandung,Terra,,,19.955445026178023,20.470000000000027
2022-04-29,Mandung,Terra,30.447721518987354,31.03000000000003,,
2022-05-05,Mandung,Terra,28.53000000000003,28.630000000000052,,23.610000000000014
2022-05-06,Mandung,Terra,,,21.778691099476465,21.79000000000002
2022-05-07,Mandung,Terra,30.190000000000055,29.910000000000025,,23.810000000000002
2022-05-08,Mandung,Terra,29.850000000000023,30.05000000000001,,
2022-05-09,Mandung,Terra,26.00698113207551,26.970000000000027,,
2022-05-10,Mandung,Terra,29.53902857142859,29.33000000000004,,
2022-05-13,Mandung,Terra,27.390209424083782,28.07000000000005,,
2022-05-14,Mandung,Terra,29.730000000000018,29.29000000000002,23.484685314685354,23.430000000000007
2022-05-15,Mandung,Terra,25.899005235602132,27.07000000000005,,22.910000000000025
2022-05-16,Mandung,Terra,,29.77000000000004,22.90382198952882,22.57000000000005
2022-05-19,Mandung,Terra,,,22.158272251308947,22.310000000000002
2022-05-22,Mandung,Terra,28.55000000000001,26.29000000000002,21.912931937172807,22.150000000000034
2022-05-23,Mandung,Terra,31.753455497382216,31.670000000000012,,22.49000000000001
2022-05-24,Mandung,Terra,26.57910994764402,29.850000000000023,,21.090000000000032
2022-05-28,Mandung,Terra,31.471047120418884,31.730000000000015,,23.670000000000016
2022-05-30,Mandung,Terra,31.51272251308902,31.510000000000048,,23.650000000000034
2022-05-31,Mandung,Terra,30.680471204188493,30.870000000000005,,
2022-06-02,Mandung,Terra,30.530628272251327,30.470000000000027,,
2022-06-03,Mandung,Terra,22.07000000000005,22.29000000000002,,19.690000000000055
2022-06-04,Mandung,Terra,29.059319371727785,29.250000000000053,,
2022-06-06,Mandung,Terra,,29.610000000000014,22.97439790575918,23.470000000000027
2022-06-07,Mandung,Terra,29.950000000000045,29.950000000000045,,
2022-06-08,Mandung,Terra,29.921937172774886,29.390000000000043,,
2022-06-11,Mandung,Terra,25.83000000000004,28.730000000000018,,
2022-06-15,Mandung,Terra,28.994083769633555,28.730000000000018,,
2022-06-17,Mandung,Terra,24.930209424083813,24.57000000000005,,
2022-06-18,Mandung,Terra,24.57000000000005,25.850000000000023,,
2022-06-20,Mandung,Terra,29.272222222222243,28.690000000000055,,21.07000000000005
2022-07-04,Mandung,Terra,23.410000000000025,23.590000000000032,,21.79000000000002
2022-07-06,Mandung,Terra,26.607028571428586,25.230000000000018,,19.310000000000002
2022-07-08,Mandung,Terra,30.788324607329876,30.15000000000003,,21.07000000000005
2022-07-09,Mandung,Terra,24.590000000000032,25.750000000000057,,
2022-07-17,Mandung,Terra,,,19.833404255319163,20.350000000000023
2022-07-19,Mandung,Terra,27.748115183246092,27.33000000000004,,
2022-07-20,Mandung,Terra,29.98497382198955,28.55000000000001,21.619947643979085,21.610000000000014
2022-07-24,Mandung,Terra,29.27000000000004,27.970000000000027,18.558114285714318,19.930000000000007
2022-07-28,Mandung,Terra,,,22.05000000000001,22.03000000000003
2022-07-29,Mandung,Terra,29.298691099476468,28.49000000000001,,
2022-07-31,Mandung,Terra,23.690000000000055,24.29000000000002,,
2022-08-03,Mandung,Terra,28.102460732984316,27.49000000000001,,
2022-08-04,Mandung,Terra,27.87115183246078,26.77000000000004,19.09167539267018,20.690000000000055
2022-08-07,Mandung,Terra,,,17.03000000000003,18.510000000000048
2022-08-11,Mandung,Terra,,27.350000000000023,21.42790575916235,21.230000000000018
2022-08-12,Mandung,Terra,27.099214659685906,27.53000000000003,21.243333333333357,21.03000000000003
2022-08-13,Mandung,Terra,,24.910000000000025,22.510000000000048,21.950000000000045
2022-08-15,Mandung,Terra,,,21.362984293193737,21.450000000000045
2022-08-16,Mandung,Terra,32.99659685863879,31.890000000000043,,22.950000000000045
2022-08-21,Mandung,Terra,30.203089005235636,29.370000000000005,15.990000000000009,17.890000000000043
2022-08-23,Mandung,Terra,,24.170000000000016,20.630000000000052,20.29000000000002
2022-08-27,Mandung,Terra,26.704591194968575,28.230000000000018,,
2022-08-28,Mandung,Terra,,,16.550000000000043,17.730000000000018
2022-09-13,Mandung,Terra,28.961623036649243,28.250000000000057,20.07050632911394,18.670000000000016
2022-09-18,Mandung,Terra,27.243333333333357,27.370000000000005,,
2022-09-24,Mandung,Terra,,29.090000000000032,22.308481012658245,22.33000000000004
2022-09-26,Mandung,Terra,,27.590000000000032,22.788219895287998,22.29000000000002
2022-09-27,Mandung,Terra,20.075549738219916,21.910000000000025,19.32821989528799,19.350000000000023
2022-09-28,Mandung,Terra,28.580994764397943,30.83000000000004,22.170628272251346,21.470000000000027
2022-10-31,Mandung,Terra,30.210000000000015,31.890000000000043,,20.670000000000016
2022-11-01,Mandung,Terra,27.57000000000005,29.07000000000005,,
2022-11-03,Mandung,Terra,29.48099476439793,29.57000000000005,,
2022-11-10,Mandung,Terra,30.730000000000018,31.730000000000018,,
2022-11-17,Mandung,Terra,30.670000000000016,31.190000000000055,,
2022-12-05,Mandung,Terra,29.33104712041888,29.090000000000032,,
2022-12-13,Mandung,Terra,34.67073298429321,33.916666666666686,,
2022-12-15,Mandung,Terra,32.63000000000005,31.53000000000003,,
2022-12-18,Mandung,Terra,32.37471204188484,32.23000000000002,,24.07000000000005
2022-12-20,Mandung,Terra,32.17251308900527,31.80172413793104,,22.05000000000001
2023-01-04,Mandung,Terra,29.036666666666708,28.53000000000003,,
2023-01-08,Mandung,Terra,31.445744680851096,30.79000000000002,,
2023-01-09,Mandung,Terra,26.90267015706809,26.350000000000023,,
2023-01-10,Mandung,Terra,27.663193717277533,29.49000000000001,,
2023-01-21,Mandung,Terra,31.83345549738221,30.010000000000048,,
2023-01-23,Mandung,Terra,30.83827225130894,29.57000000000005,,
2023-01-24,Mandung,Terra,39.05000000000001,38.89000000000004,,
2023-02-22,Mandung,Terra,32.914050632911426,31.77000000000004,,
2023-02-24,Mandung,Terra,29.340575916230396,28.950000000000045,,
2023-03-03,Mandung,Terra,,,17.73282722513093,18.730000000000018
2023-03-04,Mandung,Terra,31.7542931937173,32.01851246775585,,23.470000000000027
2023-03-07,Mandung,Terra,28.735968586387465,28.690000000000055,,
2023-03-08,Mandung,Terra,31.82497382198957,32.07000000000005,,
2023-03-09,Mandung,Terra,32.40801047120422,32.63655033557052,,17.57000000000005
2023-03-11,Mandung,Terra,32.260366492146645,31.890000000000043,,25.27000000000004
2023-03-12,Mandung,Terra,,26.690000000000055,22.606753926701586,22.29000000000002
2023-03-13,Mandung,Terra,30.706753926701623,30.55000000000001,,
2023-03-16,Mandung,Terra,32.15429319371731,32.670000000000016,,
2023-03-17,Mandung,Terra,25.430000000000007,22.650000000000034,,
2023-03-18,Mandung,Terra,30.450000000000045,29.29000000000002,,
2023-03-23,Mandung,Terra,32.206230366492164,32.63000000000005,,23.55000000000001
2023-03-24,Mandung,Terra,28.91888888888892,28.370000000000005,,
2023-03-28,Mandung,Terra,30.502565445026207,29.850000000000023,,
2023-03-30,Mandung,Terra,30.99000000000001,30.610000000000014,,
2023-04-09,Mandung,Terra,29.514607329842967,29.730000000000018,,
2023-04-16,Mandung,Terra,30.223507853403152,31.20180064308686,,23.83000000000004
2023-04-17,Mandung,Terra,27.39503496503501,27.650000000000034,,
2023-04-18,Mandung,Terra,31.206753926701623,31.170000000000016,,
2023-04-19,Mandung,Terra,30.068848167539294,30.036765578635038,,21.07000000000005
2023-04-22,Mandung,Terra,27.721111111111146,29.430000000000007,,
2023-04-23,Mandung,Terra,31.230000000000018,31.430000000000007,,25.05000000000001
2023-04-24,Mandung,Terra,31.686544502617828,31.830000000000044,22.805287958115198,22.750000000000057
2023-04-26,Mandung,Terra,31.36717277486913,31.450000000000045,,
2023-05-07,Mandung,Terra,,28.170000000000016,22.436329113924085,22.210000000000036
2023-05-13,Mandung,Terra,29.576000000000043,28.910000000000025,,22.310000000000002
2023-05-14,Mandung,Terra,,25.130000000000052,21.896492146596895,21.710000000000036
2023-05-15,Mandung,Terra,31.23659685863877,31.02211401425182,,22.29000000000002
2023-05-18,Mandung,Terra,27.748848167539307,27.760000000000048,,
2023-05-19,Mandung,Terra,27.687905759162327,27.110000000000014,,
2023-05-22,Mandung,Terra,30.645555555555593,29.670000000000016,,22.810000000000002
2023-05-23,Mandung,Terra,26.23963350785345,27.510000000000048,21.273455497382223,21.390000000000043
2023-05-24,Mandung,Terra,31.705811518324616,31.149299905392656,20.07000000000005,21.49000000000001
2023-05-25,Mandung,Terra,29.087486910994777,28.190000000000055,,23.110000000000014
2023-05-26,Mandung,Terra,,,22.149267015706837,22.29000000000002
2023-05-27,Mandung,Terra,31.457225130890098,30.210000000000036,20.011780104712088,20.53000000000003
2023-05-29,Mandung,Terra,30.44518324607333,30.790000000000024,,22.250000000000057
2023-05-30,Mandung,Terra,,26.890000000000043,17.730000000000018,18.410000000000025
2023-06-03,Mandung,Terra,27.43125654450266,27.890000000000043,,23.310000000000002
2023-06-04,Mandung,Terra,24.750000000000057,24.79000000000002,,
2023-06-05,Mandung,Terra,28.423333333333368,28.450000000000045,20.065949367088646,21.05000000000001
2023-06-07,Mandung,Terra,,,21.390418848167567,21.470000000000027
2023-06-08,Mandung,Terra,28.315759162303674,28.610000000000014,,22.750000000000057
2023-06-10,Mandung,Terra,,29.07000000000005,21.07000000000005,22.210000000000036
2023-06-12,Mandung,Terra,,,21.990104712041905,21.910000000000025
2023-06-16,Mandung,Terra,27.55272251308904,27.850000000000023,18.264000000000035,18.07000000000005
2023-06-18,Mandung,Terra,31.056666666666693,29.77000000000004,,21.710000000000036
2023-06-19,Mandung,Terra,28.794397905759205,29.090000000000032,20.964764397905782,20.730000000000018
2023-06-20,Mandung,Terra,31.746858638743483,31.49000000000001,,22.410000000000025
2023-06-22,Mandung,Terra,29.910000000000025,29.610000000000014,,23.03000000000003
2023-06-23,Mandung,Terra,29.613455497382233,29.55000000000001,,22.870000000000005
2023-06-24,Mandung,Terra,28.8825654450262,27.890000000000043,18.20594936708863,19.27000000000004
2023-06-25,Mandung,Terra,30.658795811518342,29.970000000000027,,23.390000000000043
2023-06-27,Mandung,Terra,30.30759162303666,29.870000000000005,,21.83000000000004
2023-06-28,Mandung,Terra,27.43617801047125,26.810000000000002,,19.670000000000016
2023-06-29,Mandung,Terra,,25.930000000000007,21.505428571428606,21.33000000000004
2023-06-30,Mandung,Terra,26.89931937172776,26.701514143094894,,
2023-07-04,Mandung,Terra,26.62800000000002,26.430000000000007,,22.150000000000034
2023-07-10,Mandung,Terra,26.38151832460735,25.91000000000002,20.91617801047124,21.230000000000018
2023-07-13,Mandung,Terra,,,19.77000000000004,19.450000000000045
2023-07-18,Mandung,Terra,,,21.960052356020988,21.730000000000018
2023-07-19,Mandung,Terra,28.59010471204193,28.090000000000032,,20.730000000000018
2023-07-21,Mandung,Terra,28.8550261780105,27.05000000000001,,21.250000000000057
2023-07-22,Mandung,Terra,,23.930000000000007,19.53000000000003,19.710000000000036
2023-07-23,Mandung,Terra,,24.970000000000027,20.697539267015735,19.670000000000016
2023-07-24,Mandung,Terra,28.585811518324654,28.370000000000005,,22.450000000000045
2023-07-25,Mandung,Terra,,,18.55000000000001,21.250000000000057
2023-07-26,Mandung,Terra,28.96316455696205,28.250000000000057,,21.690000000000055
2023-07-28,Mandung,Terra,24.07000000000005,24.930000000000007,19.94200000000004,20.33000000000004
2023-07-30,Mandung,Terra,,,21.74319148936174,21.55000000000001
2023-07-31,Mandung,Terra,,26.53000000000003,21.690000000000055,21.430000000000007
2023-08-02,Mandung,Terra,29.444177215189914,29.95000000000005,,22.07000000000005
2023-08-03,Mandung,Terra,,23.970000000000027,20.172094240837733,20.950000000000045
2023-08-04,Mandung,Terra,,,19.83000000000004,20.730000000000018
2023-08-07,Mandung,Terra,31.153979057591645,30.27000000000004,,21.750000000000057
2023-08-08,Mandung,Terra,29.267591623036683,28.610000000000014,,
2023-08-09,Mandung,Terra,29.437434554973862,28.430000000000007,,21.57000000000005
2023-08-10,Mandung,Terra,28.782356020942455,27.610000000000014,,21.49000000000001
2023-08-11,Mandung,Terra,28.263924050632944,27.03000000000003,21.075549738219912,20.55000000000001
2023-08-12,Mandung,Terra,30.872222222222266,29.02005917159767,21.310000000000002,21.170000000000016
2023-08-14,Mandung,Terra,24.885471698113243,24.590000000000032,,23.210000000000036
2023-08-15,Mandung,Terra,,,19.462984293193752,19.590000000000032
2023-08-16,Mandung,Terra,,,21.271151832460767,21.470000000000027
2023-08-17,Mandung,Terra,,,20.054921465968608,20.03000000000003
2023-08-18,Mandung,Terra,,,21.336910994764416,21.210000000000036
2023-08-21,Mandung,Terra,30.810000000000002,29.450000000000045,,22.03000000000003
2023-08-22,Mandung,Terra,26.155157232704433,25.83000000000004,,
2023-08-23,Mandung,Terra,,,20.791884816753946,20.150000000000034
2023-08-24,Mandung,Terra,,28.970000000000027,21.682340425531933,21.910000000000025
2023-08-26,Mandung,Terra,25.773037974683547,27.950000000000045,,22.29000000000002
2023-08-27,Mandung,Terra,,25.33000000000004,18.507696335078567,18.470000000000027
2023-08-28,Mandung,Terra,29.451465968586405,29.930000000000007,,22.910000000000025
2023-08-29,Mandung,Terra,29.14162303664924,28.370000000000005,,21.99000000000001
2023-08-30,Mandung,Terra,25.685287958115225,25.730000000000018,19.687172774869147,19.630000000000052
2023-09-02,Mandung,Terra,32.77921465968587,31.53000000000003,20.962146596858666,21.57000000000005
2023-09-04,Mandung,Terra,,,21.630942408376985,21.650000000000034
2023-09-07,Mandung,Terra,31.895759162303687,30.110000000000017,,22.610000000000014
2023-09-08,Mandung,Terra,28.959528795811543,29.250000000000057,20.746649214659733,20.850000000000023
2023-09-09,Mandung,Terra,32.01680628272256,31.010000000000048,22.470000000000027,22.350000000000023
2023-09-10,Mandung,Terra,26.650000000000034,28.590000000000032,,
2023-09-12,Mandung,Terra,34.47083769633513,31.650000000000034,,
2023-09-14,Mandung,Terra,,,21.7203496503497,22.190000000000055
2023-09-20,Mandung,Terra,,24.99000000000001,21.35278481012662,21.55000000000001
2023-09-23,Mandung,Terra,,,21.07000000000005,21.07000000000005
2023-09-24,Mandung,Terra,33.938481675392694,30.915686900958484,,18.810000000000002
2023-09-25,Mandung,Terra,29.46413612565448,28.770000000000042,,
2023-09-26,Mandung,Terra,30.596596858638772,30.370000000000005,,23.310000000000002
2023-09-27,Mandung,Terra,30.39397905759166,30.35000000000002,,
2023-09-29,Mandung,Terra,32.71418848167543,34.75000000000006,,24.250000000000057
2023-10-01,Mandung,Terra,35.79136125654452,32.150000000000034,,22.850000000000023
2023-10-02,Mandung,Terra,26.150000000000034,28.05000000000001,19.598481675392712,19.83000000000004
2023-10-03,Mandung,Terra,,,21.375863874345587,21.090000000000032
2023-10-05,Mandung,Terra,,,23.35544502617802,23.310000000000002
2023-10-06,Mandung,Terra,34.14465968586392,30.850000000000023,,24.890000000000043
2023-10-08,Mandung,Terra,29.399308176100664,30.55000000000001,23.11354430379751,23.41000000000002
2023-10-09,Mandung,Terra,,,23.110000000000014,23.05000000000001
2023-10-10,Mandung,Terra,,,24.14759162303667,22.810000000000002
2023-10-11,Mandung,Terra,34.290942408376985,34.27000000000004,21.619214659685912,20.33000000000004
2023-10-13,Mandung,Terra,36.43324607329847,34.13000000000005,,23.850000000000023
2023-10-14,Mandung,Terra,28.943821989528804,31.99000000000001,,
2023-10-15,Mandung,Terra,33.610000000000014,34.13000000000005,21.331780104712063,21.470000000000027
2023-10-16,Mandung,Terra,,31.350000000000023,23.246439790575955,23.810000000000002
2023-10-18,Mandung,Terra,35.80842931937177,33.51000000000005,,24.77000000000004
2023-10-19,Mandung,Terra,33.49219895287961,32.29000000000002,,
2023-10-21,Mandung,Terra,34.216806282722516,34.13740926157701,22.361623036649235,21.610000000000014
2023-10-22,Mandung,Terra,29.750000000000057,27.650000000000034,22.97984293193719,23.230000000000018
2023-10-23,Mandung,Terra,32.10089005235606,32.97000000000003,,25.310000000000002
2023-10-25,Mandung,Terra,35.670000000000016,33.09000000000003,23.332127659574493,23.250000000000057
2023-10-26,Mandung,Terra,33.21492146596863,31.87,21.828743455497424,22.150000000000034
2023-10-27,Mandung,Terra,33.90905759162305,33.70400398406379,,22.750000000000057
2023-10-28,Mandung,Terra,35.887905759162344,34.79000000000002,22.55000000000001,22.510000000000048
2023-10-30,Mandung,Terra,34.93400000000003,33.910000000000025,,25.690000000000055
2023-10-31,Mandung,Terra,29.58424083769636,28.450000000000045,23.084973821989543,23.230000000000018
2023-11-06,Mandung,Terra,32.88413612565447,32.63000000000005,22.987987421383654,22.77000000000004
2023-11-07,Mandung,Terra,30.93984293193719,30.79000000000002,,
2023-11-08,Mandung,Terra,31.305497382199,31.450000000000045,,23.83000000000004
2023-11-11,Mandung,Terra,36.98057591623038,35.81,21.673350785340343,21.410000000000025
2023-11-12,Mandung,Terra,,,20.250314136125702,20.570000000000046
2023-11-13,Mandung,Terra,,,20.384869109947683,19.950000000000045
2023-11-17,Mandung,Terra,30.082041884816775,29.41499248120303,,
2023-11-18,Mandung,Terra,,,23.72130890052359,24.03000000000003
2023-11-26,Mandung,Terra,33.67670157068066,32.05000000000001,,
2023-12-06,Mandung,Terra,28.510000000000048,27.510000000000048,,
2023-12-10,Mandung,Terra,34.28560209424087,33.97666666666669,,
2023-12-11,Mandung,Terra,,,20.110000000000014,20.05000000000001
2023-12-12,Mandung,Terra,32.67450261780109,33.02333333333337,,24.590000000000032
2023-12-13,Mandung,Terra,32.558586387434595,32.23000000000002,,
2023-12-18,Mandung,Terra,31.997015706806323,31.590000000000035,,
2023-12-19,Mandung,Terra,33.525555555555584,33.03000000000003,,
2023-12-20,Mandung,Terra,31.61984293193719,32.950000000000045,,
2023-12-22,Mandung,Terra,33.190000000000055,32.55000000000001,,23.710000000000036
2023-12-23,Mandung,Terra,31.75973821989532,31.69000000000005,20.681099476439833,20.710000000000036
2023-12-27,Mandung,Terra,32.65900523560211,32.27000000000004,,
2023-12-29,Mandung,Terra,28.710000000000036,28.710000000000036,24.083507853403155,24.07000000000005
2023-12-30,Mandung,Terra,27.870000000000005,27.950000000000045,,21.27000000000004
2024-01-03,Mandung,Terra,27.950000000000045,27.730000000000018,,
2024-01-09,Mandung,Terra,30.239214659685874,29.870000000000005,,
2024-01-10,Mandung,Terra,28.109240506329126,25.370000000000005,,21.470000000000027
2024-01-11,Mandung,Terra,,,23.350000000000044,23.250000000000057
2024-01-12,Mandung,Terra,,,17.10036649214663,17.110000000000014
2024-01-17,Mandung,Terra,35.68714285714288,32.51000000000005,,
2024-01-30,Mandung,Terra,30.09666666666671,30.210000000000036,,
2024-02-01,Mandung,Terra,31.641832460733028,31.55000000000001,,
2024-02-06,Mandung,Terra,30.723403141361285,31.650000000000034,,
2024-02-08,Mandung,Terra,29.888227848101298,29.810000000000002,,
2024-02-09,Mandung,Terra,28.010000000000048,27.850000000000023,,
2024-02-14,Mandung,Terra,,,20.850000000000023,20.430000000000007
2024-02-16,Mandung,Terra,31.101099476439813,31.03000000000003,,24.870000000000005
2024-02-19,Mandung,Terra,31.544554973822006,30.870000000000005,,
2024-02-25,Mandung,Terra,29.610000000000014,29.49000000000001,,
2024-02-27,Mandung,Terra,30.838888888888896,30.690000000000055,,
2024-03-04,Mandung,Terra,29.870000000000005,30.130000000000052,,
2024-03-19,Mandung,Terra,28.21167539267019,28.710000000000033,,
2024-03-20,Mandung,Terra,29.0371204188482,29.79000000000002,23.763612565445037,22.99000000000001
2024-03-21,Mandung,Terra,30.547484276729577,30.33000000000004,19.923926701570725,21.810000000000002
2024-03-23,Mandung,Terra,29.10822784810131,30.23000000000002,,23.750000000000057
2024-03-24,Mandung,Terra,27.81722513089008,28.970000000000027,,
2024-03-30,Mandung,Terra,30.788481012658245,29.27000000000004,,23.730000000000018
2024-03-31,Mandung,Terra,27.860000000000028,28.210000000000036,,
2024-04-02,Mandung,Terra,28.983821989528828,28.83000000000004,,
2024-04-05,Mandung,Terra,30.207382198952928,30.210000000000036,,
2024-04-07,Mandung,Terra,29.630000000000052,29.250000000000057,,
2024-04-11,Mandung,Terra,30.754050632911447,29.690000000000055,,
2024-04-12,Mandung,Terra,29.010000000000048,29.150000000000034,,
2024-04-13,Mandung,Terra,26.9942931937173,26.730000000000018,,23.450000000000045
2024-04-19,Mandung,Terra,30.388534031413638,29.77000000000004,,
2024-04-27,Mandung,Terra,26.36643979057596,23.730000000000018,,
2024-04-28,Mandung,Terra,29.984345549738247,29.810000000000002,,20.730000000000018
2024-05-01,Mandung,Terra,,,22.896387434554992,22.750000000000057
2024-05-04,Mandung,Terra,22.245811518324622,26.350000000000023,21.778481675392698,21.53000000000003
2024-05-05,Mandung,Terra,24.910000000000025,24.910000000000025,18.150000000000034,19.27000000000004
2024-05-07,Mandung,Terra,,,20.15858638743459,19.950000000000045
2024-05-08,Mandung,Terra,,30.03000000000003,23.61272251308904,23.230000000000018
2024-05-10,Mandung,Terra,28.050506329113965,27.970000000000027,,23.150000000000034
2024-05-11,Mandung,Terra,29.950523560209465,28.810000000000002,,
2024-05-13,Mandung,Terra,31.585811518324636,30.590000000000032,,
2024-05-14,Mandung,Terra,29.535968586387476,28.010000000000048,,
2024-05-16,Mandung,Terra,29.599424083769648,29.470000000000027,,
2024-05-17,Mandung,Terra,,25.110000000000014,21.340890052356055,22.090000000000032
2024-05-18,Mandung,Terra,29.210000000000036,28.250000000000057,,24.150000000000034
2024-05-20,Mandung,Terra,30.411256544502653,28.49000000000001,,
2024-05-28,Mandung,Terra,29.33010471204192,28.610000000000014,22.288743455497393,22.49000000000001
2024-06-02,Mandung,Terra,26.750000000000057,26.810000000000002,22.470000000000027,22.090000000000032
2024-06-06,Mandung,Terra,24.478391608391657,28.230000000000018,,20.79000000000002
2024-06-12,Mandung,Terra,28.160366492146643,28.110000000000014,,
2024-06-13,Mandung,Terra,27.128000000000053,27.110000000000014,21.316596858638786,22.310000000000002
2024-06-14,Mandung,Terra,27.03764397905762,28.29000000000002,21.559367088607623,20.710000000000036
2024-06-15,Mandung,Terra,,,20.43062827225133,20.450000000000045
2024-06-16,Mandung,Terra,,,23.10623036649217,22.55000000000001
2024-06-19,Mandung,Terra,,28.49000000000001,21.77000000000004,21.650000000000034
2024-06-20,Mandung,Terra,,,21.93743455497386,22.05000000000001
2024-06-21,Mandung,Terra,26.464345549738237,27.950000000000045,,21.83000000000004
2024-06-25,Mandung,Terra,24.529267015706825,24.33000000000004,,
2024-06-29,Mandung,Terra,26.51712041884818,26.27000000000004,20.61324607329845,20.590000000000032
2024-07-05,Mandung,Terra,,,20.710000000000036,21.57000000000005
2024-07-08,Mandung,Terra,28.0351308900524,27.170000000000016,,
2024-07-11,Mandung,Terra,24.906230366492167,25.49000000000001,,
2024-07-12,Mandung,Terra,23.633350785340365,23.690000000000055,,21.250000000000057
2024-07-13,Mandung,Terra,26.09182857142861,25.970000000000027,19.798062827225145,20.19493033226157
2024-07-16,Mandung,Terra,25.799214659685912,26.130000000000052,21.164764397905792,21.130000000000052
2024-07-17,Mandung,Terra,28.218167539267043,28.33000000000004,,22.970000000000027
2024-07-18,Mandung,Terra,28.603821989528814,28.510000000000048,,
2024-07-19,Mandung,Terra,,,20.626020942408417,20.590000000000032
2024-07-20,Mandung,Terra,27.522658227848122,27.07000000000005,,18.430000000000007
2024-07-25,Mandung,Terra,28.82329842931942,29.130000000000052,,22.910000000000025
2024-07-28,Mandung,Terra,,,21.556582278481027,21.670000000000016
2024-08-01,Mandung,Terra,,24.090000000000032,23.181099476439808,23.070000000000046
2024-08-02,Mandung,Terra,,23.710000000000036,21.879424083769656,22.070000000000057
2024-08-09,Mandung,Terra,,,22.002565445026192,21.690000000000055
2024-08-10,Mandung,Terra,,,21.33816753926705,21.590000000000032
2024-08-11,Mandung,Terra,29.018795811518338,28.73000000000002,,20.77000000000004
2024-08-12,Mandung,Terra,24.82337142857147,24.810000000000002,,
2024-08-13,Mandung,Terra,,,22.560471204188502,22.230000000000018
2024-08-14,Mandung,Terra,27.08235602094243,26.930000000000007,21.170000000000016,21.170000000000016
2024-08-15,Mandung,Terra,,,20.730000000000032,20.750000000000057
2024-08-18,Mandung,Terra,30.26654450261782,30.23000000000002,,22.83000000000004
2024-08-19,Mandung,Terra,25.130000000000052,27.150000000000034,,20.630000000000052
2024-08-21,Mandung,Terra,,24.150000000000034,20.33575916230371,21.970000000000027
2024-08-24,Mandung,Terra,24.510000000000048,24.250000000000057,,15.03000000000003
2024-08-26,Mandung,Terra,29.768743455497404,29.970000000000027,,
2024-08-28,Mandung,Terra,,,20.736666666666718,21.110000000000014
2024-08-29,Mandung,Terra,25.923089005235628,25.910000000000025,18.38780104712046,19.190000000000055
2024-08-30,Mandung,Terra,29.192198952879608,30.09663239074553,20.562879581151872,21.870000000000008
2024-09-01,Mandung,Terra,,,17.359319371727764,18.870000000000005
2024-09-02,Mandung,Terra,30.91125654450266,30.797010954616606,22.130418848167547,20.430000000000007
2024-09-04,Mandung,Terra,26.726170212765975,27.810000000000002,,22.610000000000014
2024-09-05,Mandung,Terra,27.21785340314139,26.630000000000052,,22.390000000000043
2024-09-07,Mandung,Terra,27.010000000000048,26.83000000000004,,21.170000000000016
2024-09-09,Mandung,Terra,,,22.609790575916268,22.090000000000032
2024-09-10,Mandung,Terra,,27.07000000000005,22.164973821989552,22.170000000000016
2024-09-12,Mandung,Terra,,,22.79000000000002,20.110000000000014
2024-09-14,Mandung,Terra,30.909057591623075,29.850000000000023,,
2024-09-15,Mandung,Terra,24.79000000000002,25.410000000000025,,
2024-09-16,Mandung,Terra,,,22.150000000000034,21.730000000000018
2024-09-17,Mandung,Terra,29.16246073298432,29.630000000000052,,
2024-09-20,Mandung,Terra,27.375130890052393,26.33000000000004,,
2024-09-24,Mandung,Terra,31.326000000000032,31.210000000000036,,22.350000000000023
2024-09-26,Mandung,Terra,30.170000000000016,28.690000000000055,,
2024-09-27,Mandung,Terra,32.14267015706808,31.190000000000055,22.182670157068102,22.610000000000014
2024-09-29,Mandung,Terra,31.139319371727794,31.750000000000057,23.30400000000003,23.150000000000034
2024-10-02,Mandung,Terra,24.630000000000052,24.430000000000007,,
2024-10-06,Mandung,Terra,30.055968586387465,29.79000000000002,21.650000000000034,22.130000000000052
2024-10-08,Mandung,Terra,,,24.04911949685539,23.730000000000018
2024-10-09,Mandung,Terra,29.985811518324642,30.010000000000048,,22.210000000000036
2024-10-11,Mandung,Terra,33.5668586387435,32.264550641940126,,23.850000000000023
2024-10-12,Mandung,Terra,29.96863874345551,29.35000000000002,,
2024-10-13,Mandung,Terra,29.336492146596893,29.49000000000001,,25.370000000000005
2024-10-14,Mandung,Terra,27.05000000000001,27.370000000000005,21.161099476439833,21.510000000000048
2024-10-18,Mandung,Terra,33.27722513089009,32.76333333333338,,22.890000000000043
2024-10-20,Mandung,Terra,,,17.997234042553238,19.390000000000043
2024-10-23,Mandung,Terra,,,21.07481675392675,23.650000000000034
2024-10-24,Mandung,Terra,30.993560209424125,30.410000000000025,,
2024-10-25,Mandung,Terra,,,22.588115183246103,22.47269430051816
2024-10-26,Mandung,Terra,32.90109947643982,32.39000000000004,,23.130000000000052
2024-10-28,Mandung,Terra,34.97659685863878,34.77000000000004,,23.650000000000034
2024-10-29,Mandung,Terra,29.775968586387467,29.77000000000004,,
2024-11-03,Mandung,Terra,30.341623036649253,29.930000000000007,,
2024-11-05,Mandung,Terra,31.244554973822034,31.296197564276063,,23.05000000000001
2024-11-06,Mandung,Terra,28.885078534031443,28.710000000000036,,
2024-11-12,Mandung,Terra,30.96954285714288,30.630000000000052,,
2024-11-15,Mandung,Terra,30.223333333333358,30.150000000000034,,
2024-12-23,Mandung,Terra,30.678481675392714,30.370000000000005,,
2024-12-24,Mandung,Terra,31.11628272251314,31.010000000000048,,
2025-01-07,Mandung,Terra,29.508000000000028,29.470000000000027,,
2025-01-08,Mandung,Terra,29.09430379746838,28.750000000000057,,
2025-02-04,Mandung,Terra,31.76057591623041,32.55000000000001,,
2025-02-16,Mandung,Terra,27.751780104712058,29.430000000000007,,
2025-02-22,Mandung,Terra,28.788429319371737,29.55000000000001,,
2025-02-25,Mandung,Terra,26.947721518987365,26.77000000000004,,
2025-02-26,Mandung,Terra,27.364764397905798,27.83000000000004,,
2025-03-02,Mandung,Terra,26.133141361256584,26.250000000000057,,
2025-03-03,Mandung,Terra,29.55000000000001,28.750000000000057,,
2025-03-06,Mandung,Terra,27.04225130890056,25.470000000000027,23.13554973821991,23.150000000000034
2025-03-12,Mandung,Terra,31.859787234042578,31.510000000000048,,
2025-03-28,Mandung,Terra,29.05000000000001,28.79000000000002,,
2025-04-04,Mandung,Terra,30.09743455497384,29.350000000000023,21.03000000000003,21.430000000000007
2025-04-05,Mandung,Terra,36.60417721518989,34.110000000000014,,
2025-04-06,Mandung,Terra,31.524554973822028,31.33000000000004,,
2025-04-07,Mandung,Terra,30.149581151832482,29.138068965517284,,
2025-04-10,Mandung,Terra,36.345706806282756,31.390000000000043,,
2025-04-16,Mandung,Terra,29.639319371727765,30.110000000000014,,
2025-04-17,Mandung,Terra,27.551675392670173,27.170000000000016,,
2025-04-22,Mandung,Terra,25.666000000000015,26.090000000000032,,18.630000000000052
2025-04-23,Mandung,Terra,28.21837696335081,28.350000000000023,,
2025-04-24,Mandung,Terra,30.316178010471216,29.921442953020147,,
2025-04-26,Mandung,Terra,31.26200000000003,30.83000000000004,,
2025-04-27,Mandung,Terra,27.83366492146599,27.150000000000034,,
2025-05-01,Mandung,Terra,31.56371727748692,31.110000000000014,,
2025-05-02,Mandung,Terra,30.11513089005238,30.330000000000044,,
2025-05-04,Mandung,Terra,30.579319371727788,30.52328125000004,23.4588888888889,23.350000000000023
2025-05-06,Mandung,Terra,27.750000000000057,26.870000000000005,,
2025-05-11,Mandung,Terra,29.766439790575937,29.33000000000004,,
2025-05-13,Mandung,Terra,27.156666666666716,26.77000000000004,,
2025-05-16,Mandung,Terra,28.869371727748725,28.79000000000002,,
2025-05-28,Mandung,Terra,,,24.130000000000052,23.870000000000005
2025-06-02,Mandung,Terra,25.596000000000043,28.130000000000052,,
2025-06-03,Mandung,Terra,,,21.596666666666692,22.950000000000045
2025-06-04,Mandung,Terra,,,21.211361256544542,20.810000000000002
2025-06-06,Mandung,Terra,25.122201257861665,24.99000000000001,19.379109947644015,19.110000000000014
2025-06-11,Mandung,Terra,,21.210000000000036,21.870732984293223,21.810000000000002
2025-06-12,Mandung,Terra,28.081832460733008,28.090000000000035,,
2025-06-13,Mandung,Terra,25.470000000000027,26.130000000000052,,
2025-06-16,Mandung,Terra,22.190000000000055,22.49000000000001,,
2025-06-17,Mandung,Terra,,23.870000000000005,22.472094240837738,21.150000000000034
2025-06-18,Mandung,Terra,28.339005235602123,27.910000000000025,,20.130000000000052
2025-06-21,Mandung,Terra,26.56549738219899,26.510000000000048,,
2025-06-22,Mandung,Terra,,,21.56162303664926,20.810000000000002
2025-06-23,Mandung,Terra,,,18.32968586387438,20.33000000000004
2025-06-24,Mandung,Terra,,,17.474195804195816,14.710000000000036
2025-06-27,Mandung,Terra,25.59890052356024,25.730000000000018,,
2025-06-29,Mandung,Terra,,,21.807486910994793,21.75000000000006
2025-06-30,Mandung,Terra,,,20.256666666666714,20.610000000000014
2025-07-07,Mandung,Terra,20.741645569620275,22.57000000000005,,21.390000000000043
2025-07-10,Mandung,Terra,,25.29000000000002,22.2766666666667,21.350000000000023
2025-07-17,Mandung,Terra,25.543717277486948,25.83000000000004,,16.55000000000001
2025-07-20,Mandung,Terra,27.69136125654452,27.77000000000004,,22.170000000000016
2025-07-22,Mandung,Terra,27.561099476439804,27.710000000000033,,22.390000000000043
2025-07-23,Mandung,Terra,23.05000000000001,22.230000000000018,20.220471204188527,20.090000000000032
2025-07-24,Mandung,Terra,24.89858638743459,24.950000000000045,,
2025-07-27,Mandung,Terra,,,23.610000000000014,22.890000000000043
2025-07-28,Mandung,Terra,21.918795811518347,23.450000000000045,15.393979057591643,19.510000000000048
2025-07-30,Mandung,Terra,24.430000000000007,22.810000000000002,,
2025-08-03,Mandung,Terra,,,18.497748691099513,20.630000000000052
2025-08-04,Mandung,Terra,25.85586387434558,26.91000000000003,,22.470000000000027
2025-08-06,Mandung,Terra,27.43994764397907,27.710000000000036,,20.870000000000005
2025-08-07,Mandung,Terra,,24.390000000000043,19.752408376963402,20.250000000000057
2025-08-08,Mandung,Terra,25.56476439790577,26.210000000000036,,
2025-08-09,Mandung,Terra,,,20.778272251308923,20.950000000000045
2025-08-11,Mandung,Terra,,28.05000000000001,22.776666666666685,22.630000000000052
2025-08-12,Mandung,Terra,25.310000000000002,24.470000000000027,,
2025-08-13,Mandung,Terra,,21.610000000000014,21.79170212765961,21.83000000000004
2025-08-14,Mandung,Terra,27.0261256544503,26.210000000000036,20.05000000000001,20.350000000000023
2025-08-17,Mandung,Terra,25.45115183246077,25.150000000000034,19.73000000000004,19.930000000000007
2025-08-21,Mandung,Terra,28.40382198952883,28.55000000000001,,22.210000000000036
2025-08-22,Mandung,Terra,,21.250000000000057,22.334188481675415,22.110000000000014
2025-08-23,Mandung,Terra,28.50298429319373,28.57000000000005,,23.950000000000045
2025-08-24,Mandung,Terra,26.81104712041888,27.250000000000057,,22.850000000000023
2025-08-31,Mandung,Terra,27.33848167539269,28.02000000000004,,21.53000000000003
2025-09-01,Mandung,Terra,24.756000000000018,24.310000000000002,18.410000000000025,18.810000000000002
2025-09-02,Mandung,Terra,28.354921465968612,28.510000000000048,22.772857142857177,22.710000000000036
2025-09-05,Mandung,Terra,27.53400000000003,28.250000000000057,21.42769633507857,21.51000000000005
2025-09-11,Mandung,Terra,21.2848936170213,23.390000000000043,,20.190000000000055
2025-09-12,Mandung,Terra,25.240157068062878,25.230000000000018,,22.010000000000048
2025-09-13,Mandung,Terra,27.88566433566437,26.650000000000034,21.702879581151848,22.57000000000005
2025-09-15,Mandung,Terra,,,22.566230366492185,22.370000000000005
2025-09-17,Mandung,Terra,,,21.363193717277515,21.303200000000007
2025-09-21,Mandung,Terra,23.11800000000002,23.55000000000001,16.202774869109987,16.510000000000048
2025-09-22,Mandung,Terra,25.010000000000048,26.610000000000014,22.808297872340464,22.230000000000018
2025-09-23,Mandung,Terra,29.243298429319413,29.37,22.923193717277524,23.29000000000002
2025-09-25,Mandung,Terra,29.06200000000004,30.450000000000045,,22.690000000000055
2025-09-26,Mandung,Terra,24.99000000000001,26.83000000000004,,
2025-09-27,Mandung,Terra,,,22.080261780104752,22.150000000000034
2025-09-28,Mandung,Terra,29.556387434555003,29.010000000000044,,
2025-10-01,Mandung,Terra,29.096073298429342,28.58000000000004,,
2025-10-02,Mandung,Terra,28.585220125786197,29.170000000000016,,24.350000000000023
2025-10-03,Mandung,Terra,30.51722513089007,30.970000000000027,22.941063829787247,20.750000000000057
2025-10-05,Mandung,Terra,30.534712041884852,31.330000000000037,23.236387434555013,22.850000000000023
2025-10-06,Mandung,Terra,25.491047120418866,24.690000000000055,,
2025-10-07,Mandung,Terra,31.478900523560224,31.350548780487827,,
2025-10-08,Mandung,Terra,28.635445026178065,29.29000000000002,,23.170000000000016
2025-10-09,Mandung,Terra,,,21.155130890052405,21.710000000000036
2025-10-10,Mandung,Terra,28.81324607329847,30.522724679029995,,
2025-10-13,Mandung,Terra,,28.210000000000036,21.49000000000001,22.870000000000005
2025-10-14,Mandung,Terra,27.976596858638764,28.03000000000003,23.28162303664924,23.03000000000003
2025-10-17,Mandung,Terra,32.32340314136126,32.43000000000001,,24.79000000000002
2025-10-20,Mandung,Terra,31.63879581151835,31.170000000000016,,
2025-11-01,Mandung,Terra,26.350000000000023,27.410000000000025,,
2025-11-03,Mandung,Terra,31.252408376963363,30.49000000000001,,
2025-11-04,Mandung,Terra,28.065602094240862,28.13000000000005,,
2025-11-07,Mandung,Terra,31.89806282722515,29.810000000000002,,
2025-11-08,Mandung,Terra,29.28968586387438,28.77000000000004,,
2025-11-12,Mandung,Terra,28.670000000000016,29.010000000000048,,
2025-11-19,Mandung,Terra,29.26193717277492,30.27000000000004,,
2025-12-06,Mandung,Terra,30.150000000000034,30.470000000000027,,
2025-12-07,Mandung,Terra,27.41200000000003,28.03000000000003,,
2025-12-17,Mandung,Terra,29.610000000000014,29.610000000000014,,22.350000000000023
2025-12-18,Mandung,Terra,29.670000000000016,29.670000000000016,,
2026-01-06,Mandung,Terra,25.690000000000055,23.49000000000001,,
2026-01-16,Mandung,Terra,28.710000000000036,28.690000000000055,,
2026-01-25,Mandung,Terra,29.864450261780117,30.030000000000033,,
2026-01-30,Mandung,Terra,29.61523560209428,29.850000000000023,,
2026-02-07,Mandung,Terra,25.450000000000045,26.190000000000055,,
2026-03-06,Mandung,Terra,29.87073298429321,30.360039011703527,,
2026-03-07,Mandung,Terra,30.01628272251313,29.27000000000004,,
2026-03-14,Mandung,Terra,27.606020942408392,27.99000000000001,,
2026-03-16,Mandung,Terra,27.91931937172777,27.97000000000003,,
2026-03-17,Mandung,Terra,27.62612565445029,27.290000000000024,,
2026-03-19,Mandung,Terra,26.52801047120421,26.71000000000004,,
2026-03-21,Mandung,Terra,28.77188481675395,28.650000000000038,,
2026-03-23,Mandung,Terra,30.316835443037988,36.670000000000016,,
2026-03-28,Mandung,Terra,27.531884816753937,27.29000000000002,,
2026-03-29,Mandung,Terra,28.643089005235638,28.630000000000052,,
2026-03-31,Mandung,Terra,28.794556962025364,28.55000000000001,,
2026-04-01,Mandung,Terra,28.117643979057615,27.430000000000007,,
2026-04-02,Mandung,Terra,26.703717277486934,26.79000000000002,,
2026-04-03,Mandung,Terra,26.57000000000005,26.810000000000002,,
2026-04-08,Mandung,Terra,26.715968586387454,27.29000000000002,,
2026-04-10,Mandung,Terra,28.232303664921506,28.05000000000001,,
2026-04-12,Mandung,Terra,28.280785340314164,28.150000000000034,,
2026-04-15,Mandung,Terra,29.305916230366527,29.05000000000001,,23.190000000000055
2026-04-16,Mandung,Terra,29.61167539267018,29.650000000000034,,24.55000000000001
2026-04-17,Mandung,Terra,28.420890052356054,28.05000000000001,,25.010000000000048
2026-04-18,Mandung,Terra,,,21.590000000000032,21.750000000000057
2026-04-20,Mandung,Terra,28.45723404255321,28.230000000000018,,23.310000000000002
2026-04-22,Mandung,Terra,29.958795811518335,30.710000000000036,,
2026-04-24,Mandung,Terra,26.04162303664923,25.450000000000045,,
2026-04-25,Mandung,Terra,28.636178010471216,28.83000000000004,,24.590000000000032
2026-04-26,Mandung,Terra,27.750000000000057,28.110000000000014,,
2026-05-01,Mandung,Terra,27.076492146596895,26.410000000000025,,
2026-05-02,Mandung,Terra,,,21.38151832460734,21.65000000000003
2026-05-03,Mandung,Terra,28.519005235602123,27.870000000000005,,23.690000000000055
2026-05-04,Mandung,Terra,23.893979057591643,24.05000000000001,,
2026-05-05,Mandung,Terra,28.66189873417724,28.010000000000048,,24.890000000000043
2026-05-06,Mandung,Terra,24.875445026178028,25.190000000000055,22.910000000000025,23.05000000000001
2026-05-07,Mandung,Terra,24.11272251308903,24.410000000000025,24.385555555555566,24.170000000000016
2026-05-08,Mandung,Terra,25.80130890052359,24.850000000000023,,22.79000000000002
2026-05-11,Mandung,Terra,25.416806282722526,25.690000000000055,22.283403141361294,22.230000000000018
2026-05-12,Mandung,Terra,,,21.22451428571432,21.670000000000016
2026-05-16,Mandung,Terra,24.605319148936207,24.27000000000004,,
2026-05-20,Mandung,Terra,26.360188679245322,26.850000000000023,23.210000000000036,23.410000000000025
2026-05-21,Mandung,Terra,28.730000000000018,27.950000000000045,,
2026-05-22,Mandung,Terra,23.669476439790614,23.650000000000034,,
2026-05-23,Mandung,Terra,27.864628571428607,27.610000000000014,,24.470000000000027
2026-05-24,Mandung,Terra,25.279633507853443,24.610000000000014,,
2026-05-25,Mandung,Terra,25.470000000000027,26.110000000000014,23.616666666666713,23.670000000000016
2026-05-27,Mandung,Terra,24.690000000000055,24.350000000000023,,
2026-05-28,Mandung,Terra,27.70769633507857,27.590000000000032,,22.310000000000002
2026-05-29,Mandung,Terra,19.545524475524527,21.03000000000003,,
2026-05-30,Mandung,Terra,27.040994764397926,27.29000000000002,,21.83000000000004
2026-05-31,Mandung,Terra,28.459633507853415,28.370000000000005,21.3074869109948,21.370000000000005
2026-06-01,Mandung,Terra,24.85000000000002,24.950000000000045,,
2026-06-03,Mandung,Terra,27.206753926701612,27.13000000000005,,
2026-06-04,Mandung,Terra,27.110732984293225,26.83000000000004,,
2026-06-05,Mandung,Terra,29.01481675392674,29.05000000000001,,23.55000000000001
2026-06-06,Mandung,Terra,24.670942408376995,24.57000000000005,,22.79000000000002
2026-06-07,Mandung,Terra,27.714607329842963,27.850000000000023,23.06720279720281,23.170000000000016
2026-06-08,Mandung,Terra,28.447905759162317,28.210000000000036,21.56298429319375,21.630000000000052
2026-06-09,Mandung,Terra,26.630000000000052,26.650000000000034,22.626000000000026,21.83000000000004
2026-06-10,Mandung,Terra,27.97900523560213,27.770000000000042,,23.370000000000005
2026-06-14,Mandung,Terra,,,20.910000000000025,22.730000000000018
2026-06-15,Mandung,Terra,27.597088607594948,27.730000000000018,,23.33000000000004
2026-06-17,Mandung,Terra,27.58853403141365,27.650000000000034,,23.930000000000007
2026-06-18,Mandung,Terra,25.935549738219933,25.970000000000027,22.134816753926728,22.430000000000007
2026-06-20,Mandung,Terra,,,23.55000000000001,22.850000000000023
2026-06-21,Mandung,Terra,,,21.963333333333367,22.110000000000014
2026-06-23,Mandung,Terra,26.62308900523563,26.41000000000003,22.25010471204193,22.27000000000004
2026-06-24,Mandung,Terra,24.84000000000004,24.910000000000025,,
2026-06-25,Mandung,Terra,27.70162303664924,27.610000000000014,,
2026-06-26,Mandung,Terra,,,22.512303664921504,22.230000000000018
2026-06-27,Mandung,Terra,24.726595744680886,25.910000000000025,,23.590000000000032
2026-06-28,Mandung,Terra,,19.190000000000055,21.594502617801087,21.690000000000055
2026-06-29,Mandung,Terra,25.97136125654452,25.53000000000003,20.214050632911427,20.03000000000003
2026-07-02,Mandung,Terra,25.071361256544538,24.710000000000036,,23.03000000000003
2026-07-03,Mandung,Terra,26.756492146596898,26.750000000000053,,21.79000000000002
2026-07-04,Mandung,Terra,26.05638297872344,25.870000000000005,18.805744680851102,21.730000000000018
2026-07-05,Mandung,Terra,27.689685863874367,27.31,22.956666666666706,22.670000000000016
2026-07-06,Mandung,Terra,,,21.008743455497402,20.930000000000007
2026-07-07,Mandung,Terra,27.337643979057635,27.230000000000018,23.6477777777778,22.77000000000004
2026-07-09,Mandung,Terra,25.892513089005263,25.670000000000016,22.616666666666692,21.510000000000048
2026-07-10,Mandung,Terra,26.34256544502621,26.130000000000052,,21.930000000000007
2026-07-12,Mandung,Terra,26.363089005235626,26.170000000000016,,22.870000000000005
2026-07-13,Mandung,Terra,27.066544502617816,26.650000000000034,,21.850000000000023
2026-07-14,Mandung,Terra,25.92151832460736,25.77000000000004,,22.890000000000043
2026-07-15,Mandung,Terra,26.98811518324609,26.790000000000024,,21.79000000000002
2026-07-18,Mandung,Terra,26.527696335078563,26.450000000000045,18.430000000000007,19.630000000000052
2026-07-19,Mandung,Terra,,,19.783612565445058,20.79000000000002
2026-07-20,Mandung,Terra,22.27000000000004,23.57000000000005,,
2026-07-24,Mandung,Terra,,24.03000000000003,21.783670886075985,21.53000000000003
2026-07-27,Mandung,Terra,25.6225654450262,25.350000000000023,,
2026-07-28,Mandung,Terra,,,21.410000000000025,20.83000000000004
2026-07-29,Mandung,Terra,,,20.486753926701596,20.57000000000005
2026-08-02,Mandung,Terra,25.996387434554986,26.050000000000008,,22.390000000000043
2026-08-03,Mandung,Terra,24.5889528795812,24.610000000000014,,23.510000000000048
2026-08-04,Mandung,Terra,27.636387434555015,27.230000000000018,,23.53000000000003
2026-08-06,Mandung,Terra,24.971047120418866,24.930000000000007,,23.690000000000055
2026-08-07,Mandung,Terra,25.82403141361259,25.470000000000027,,22.370000000000005
2026-08-08,Mandung,Terra,,,21.597539267015755,21.390000000000043
2026-08-12,Mandung,Terra,25.97691099476443,26.090000000000032,22.053350785340342,21.41000000000002
2026-08-13,Mandung,Terra,26.128010471204213,25.650000000000034,,22.010000000000048
2026-08-14,Mandung,Terra,26.550314136125674,26.33000000000004,,22.110000000000014
2026-08-16,Mandung,Terra,27.02172774869113,27.09000000000003,,23.690000000000055
2026-08-17,Mandung,Terra,26.387382198952924,26.470000000000027,21.960890052356046,22.470000000000027
2026-08-18,Mandung,Terra,26.29000000000002,26.010000000000048,,
2026-08-19,Mandung,Terra,27.898795811518372,27.79000000000002,20.27502617801049,20.910000000000025
2026-08-21,Mandung,Terra,27.006649214659724,27.090000000000032,,22.05000000000001
2026-08-22,Mandung,Terra,27.025706806282745,26.93000000000001,21.356178010471243,21.090000000000032
2026-08-23,Mandung,Terra,25.173350785340332,25.250000000000057,,
2026-08-24,Mandung,Terra,27.771465968586416,27.170000000000016,,22.99000000000001
2026-08-26,Mandung,Terra,27.395863874345572,27.52000000000004,,23.250000000000057
2026-08-27,Mandung,Terra,27.035968586387465,26.980000000000018,20.447591623036697,20.410000000000025
2026-08-28,Mandung,Terra,26.53000000000003,26.450000000000045,22.070418848167577,22.090000000000032
2026-08-29,Mandung,Terra,27.845183246073343,27.79000000000002,,23.29000000000002
2026-09-01,Mandung,Terra,25.845811518324627,26.450000000000045,,22.650000000000034
2026-09-02,Mandung,Terra,25.77000000000004,26.510000000000048,,21.450000000000045
2026-09-03,Mandung,Terra,27.01743455497385,27.79000000000002,,23.07000000000005
2026-09-05,Mandung,Terra,26.339005235602105,25.930000000000007,,22.810000000000002
2026-09-10,Mandung,Terra,,25.590000000000032,23.151989528795852,22.590000000000032
2026-09-16,Mandung,Terra,27.73356020942412,26.450000000000045,,22.690000000000055
2026-09-17,Mandung,Terra,,24.29000000000002,21.298900523560246,20.57000000000005
2026-09-18,Mandung,Terra,29.33209424083772,29.700526315789514,,23.350000000000023
2026-09-20,Mandung,Terra,,24.230000000000018,20.53000000000003,22.310000000000002
2026-09-21,Mandung,Terra,27.78267015706811,28.302114014251792,22.912722513089033,22.350000000000023
2026-09-22,Mandung,Terra,27.389057591623075,27.27000000000004,23.176387434555007,23.250000000000057
2026-09-23,Mandung,Terra,28.133874345549753,27.989274809160317,,23.650000000000034
2019-01-08,Mandung,Aqua,33.5252879581152,34.81,21.668743455497427,21.77000000000004
2019-01-10,Mandung,Aqua,32.75136125654453,32.97000000000003,,23.29000000000002
2019-01-13,Mandung,Aqua,30.05000000000001,30.910000000000025,,
2019-01-26,Mandung,Aqua,33.8777486910995,34.450000000000045,,
2019-01-30,Mandung,Aqua,32.13000000000005,32.13000000000005,,
2019-02-02,Mandung,Aqua,32.77052356020945,33.25000000000006,,
2019-02-09,Mandung,Aqua,29.730000000000018,30.450000000000045,,
2019-02-11,Mandung,Aqua,29.010000000000048,29.090000000000032,,
2019-02-14,Mandung,Aqua,31.890000000000022,32.190000000000055,,
2019-02-16,Mandung,Aqua,35.32518324607332,35.025972696245766,,
2019-02-22,Mandung,Aqua,,,21.976073298429352,22.190000000000055
2019-02-23,Mandung,Aqua,34.45062827225137,34.450000000000045,,
2019-02-25,Mandung,Aqua,33.76333333333338,33.75000000000006,,
2019-02-26,Mandung,Aqua,,30.170000000000016,23.361898734177224,23.510000000000048
2019-02-27,Mandung,Aqua,30.750000000000057,29.57000000000005,,
2019-03-11,Mandung,Aqua,35.05704402515726,33.63671052631584,,
2019-03-19,Mandung,Aqua,31.289267015706844,31.03000000000003,,
2019-03-22,Mandung,Aqua,32.35052356020947,31.590000000000032,,
2019-03-27,Mandung,Aqua,34.63666666666668,33.870000000000005,,
2019-04-02,Mandung,Aqua,,28.630000000000052,22.52874345549741,22.53000000000003
2019-04-07,Mandung,Aqua,34.07400000000003,33.450000000000045,,
2019-04-18,Mandung,Aqua,32.892094240837714,32.59000000000003,,23.970000000000027
2019-04-19,Mandung,Aqua,34.9942931937173,34.29000000000002,,
2019-04-21,Mandung,Aqua,36.305078534031445,35.97861607142859,21.185078534031458,21.05000000000001
2019-04-23,Mandung,Aqua,34.77198952879585,33.03000000000003,,22.310000000000002
2019-04-26,Mandung,Aqua,,31.130000000000052,19.374921465968598,19.850000000000023
2019-04-27,Mandung,Aqua,,,23.406963350785375,23.010000000000048
2019-04-30,Mandung,Aqua,,30.970000000000027,21.303403141361265,21.29000000000002
2019-05-01,Mandung,Aqua,,,22.146202531645603,22.110000000000014
2019-05-03,Mandung,Aqua,,31.390000000000043,21.432827225130932,21.350000000000023
2019-05-04,Mandung,Aqua,,,20.356835443038,21.090000000000032
2019-05-05,Mandung,Aqua,33.33000000000004,31.810000000000002,,
2019-05-06,Mandung,Aqua,25.72308900523565,26.53000000000003,23.168638743455542,22.730000000000018
2019-05-07,Mandung,Aqua,31.470000000000027,32.670000000000016,20.796492146596883,20.690000000000055
2019-05-09,Mandung,Aqua,30.930000000000007,32.05000000000001,,
2019-05-11,Mandung,Aqua,31.668743455497417,32.170000000000016,,
2019-05-13,Mandung,Aqua,30.853664921465995,30.950000000000042,,22.750000000000057
2019-05-14,Mandung,Aqua,34.682251308900554,33.69297640653363,,
2019-05-16,Mandung,Aqua,,,19.301623036649225,20.390000000000043
2019-05-19,Mandung,Aqua,30.07000000000005,29.370000000000005,21.16047120418851,21.256021251475847
2019-05-21,Mandung,Aqua,33.17753926701573,33.15000000000003,,
2019-05-22,Mandung,Aqua,24.635235602094255,25.430000000000007,23.0694764397906,22.730000000000018
2019-05-23,Mandung,Aqua,31.03000000000003,32.49000000000001,,22.670000000000016
2019-05-24,Mandung,Aqua,,,20.933664921466004,20.750000000000057
2019-05-25,Mandung,Aqua,34.66333333333337,32.97000000000003,20.195340314136168,20.53000000000003
2019-05-27,Mandung,Aqua,,29.670000000000016,21.345392670157096,20.85000000000002
2019-05-28,Mandung,Aqua,,,21.196806282722548,20.99000000000001
2019-05-29,Mandung,Aqua,,,22.19020942408382,21.641778290993113
2019-05-30,Mandung,Aqua,26.63607329842934,28.350000000000023,,
2019-05-31,Mandung,Aqua,,,20.394114285714323,20.690000000000055
2019-06-06,Mandung,Aqua,31.654083769633544,32.07000000000005,,
2019-06-10,Mandung,Aqua,33.626439790575944,34.07896309314591,21.02518324607334,21.430000000000007
2019-06-11,Mandung,Aqua,30.950000000000045,30.630000000000052,13.7094764397906,17.27000000000004
2019-06-12,Mandung,Aqua,30.461937172774885,30.03000000000003,,
2019-06-14,Mandung,Aqua,,,21.900994764397936,21.77000000000004
2019-06-15,Mandung,Aqua,30.705949367088625,29.810000000000002,,
2019-06-17,Mandung,Aqua,32.72570680628274,32.47000000000003,,21.170000000000016
2019-06-18,Mandung,Aqua,28.8694764397906,29.53000000000003,,20.450000000000045
2019-06-19,Mandung,Aqua,30.610000000000014,28.810000000000002,,
2019-06-20,Mandung,Aqua,,,19.26696335078537,19.130000000000056
2019-06-24,Mandung,Aqua,33.87628272251312,34.798662131519286,20.510000000000048,20.890000000000043
2019-06-26,Mandung,Aqua,29.948115183246113,31.710000000000036,,
2019-06-27,Mandung,Aqua,27.618272251308944,27.83000000000004,,21.110000000000014
2019-06-28,Mandung,Aqua,31.513141361256594,32.13886956521743,,20.53000000000003
2019-06-29,Mandung,Aqua,28.31450261780109,27.430000000000007,,
2019-07-04,Mandung,Aqua,,,19.117341772151924,18.690000000000055
2019-07-05,Mandung,Aqua,29.367068062827272,30.49000000000001,21.7853142857143,21.630000000000052
2019-07-06,Mandung,Aqua,,,20.12968586387438,20.33000000000004
2019-07-07,Mandung,Aqua,29.049895287958126,29.730000000000018,20.48340314136129,20.190000000000055
2019-07-08,Mandung,Aqua,32.010000000000026,33.210000000000036,,
2019-07-09,Mandung,Aqua,,,15.610000000000014,17.590000000000032
2019-07-10,Mandung,Aqua,28.148742138364796,29.630000000000052,19.556806282722533,19.510000000000048
2019-07-12,Mandung,Aqua,30.88842931937177,31.650000000000034,19.390000000000043,19.55000000000001
2019-07-14,Mandung,Aqua,30.369685863874363,31.5865384615385,19.93261780104716,21.210000000000036
2019-07-15,Mandung,Aqua,,,19.02392670157071,19.130000000000052
2019-07-16,Mandung,Aqua,30.03115183246075,30.510000000000048,18.942765957446845,20.590000000000032
2019-07-18,Mandung,Aqua,,,20.983403141361276,21.29000000000002
2019-07-20,Mandung,Aqua,27.410000000000025,28.190000000000055,18.99691099476443,20.090000000000032
2019-07-21,Mandung,Aqua,31.084869109947686,30.670000000000012,20.83000000000004,21.450000000000045
2019-07-22,Mandung,Aqua,,,16.838691099476453,18.650000000000034
2019-07-23,Mandung,Aqua,30.37293193717281,30.57000000000005,,
2019-07-26,Mandung,Aqua,,29.150000000000034,19.64748691099479,19.870000000000005
2019-07-28,Mandung,Aqua,31.130839160839166,32.23000000000002,18.766125654450274,19.190000000000055
2019-07-29,Mandung,Aqua,,,15.125183246073322,17.730000000000018
2019-07-30,Mandung,Aqua,31.5149214659686,31.195930807248818,20.352094240837722,20.130000000000052
2019-07-31,Mandung,Aqua,28.557643979057637,32.03000000000003,16.675911949685563,18.410000000000025
2019-08-01,Mandung,Aqua,,,21.846753926701602,22.03000000000003
2019-08-02,Mandung,Aqua,32.464869109947664,33.29861607142858,,
2019-08-03,Mandung,Aqua,,,20.27691099476442,19.870000000000005
2019-08-04,Mandung,Aqua,,27.310000000000002,17.70400000000002,18.310000000000002
2019-08-05,Mandung,Aqua,,,19.28371069182395,19.750000000000057
2019-08-06,Mandung,Aqua,,30.590000000000032,19.808297872340464,20.430000000000007
2019-08-07,Mandung,Aqua,28.95418848167544,29.79000000000002,,
2019-08-08,Mandung,Aqua,28.57335078534036,28.33000000000004,,18.53000000000003
2019-08-14,Mandung,Aqua,27.635863874345592,27.470000000000027,21.117643979057615,21.410000000000025
2019-08-15,Mandung,Aqua,33.77335078534035,32.83000000000004,19.010000000000048,19.890000000000043
2019-08-17,Mandung,Aqua,27.164554973822035,27.890000000000043,19.301898734177232,19.150000000000034
2019-08-18,Mandung,Aqua,30.690000000000033,32.190000000000055,,
2019-08-20,Mandung,Aqua,34.550942408377,34.591323529411795,19.14298429319373,19.49000000000001
2019-08-22,Mandung,Aqua,,27.710000000000036,21.569895287958143,21.610000000000014
2019-08-23,Mandung,Aqua,,,12.797434554973856,12.970000000000027
2019-08-25,Mandung,Aqua,25.230000000000018,27.950000000000045,,
2019-08-27,Mandung,Aqua,,31.110000000000014,18.646963350785366,18.870000000000005
2019-08-29,Mandung,Aqua,30.590000000000032,33.05000000000001,21.440261780104745,21.49000000000001
2019-08-30,Mandung,Aqua,28.612303664921473,30.27000000000004,,
2019-08-31,Mandung,Aqua,32.88801047120421,32.29000000000002,,19.57000000000005
2019-09-01,Mandung,Aqua,,,19.291884816753974,19.470000000000027
2019-09-02,Mandung,Aqua,32.43890052356025,32.23000000000002,20.31565445026182,20.910000000000025
2019-09-03,Mandung,Aqua,36.61544502617804,36.07000000000005,,
2019-09-04,Mandung,Aqua,,,19.110104712041924,19.730000000000018
2019-09-06,Mandung,Aqua,,,20.970000000000027,20.470000000000027
2019-09-07,Mandung,Aqua,,,18.332978723404292,19.650000000000034
2019-09-09,Mandung,Aqua,33.82790575916232,33.23000000000002,,21.870000000000005
2019-09-10,Mandung,Aqua,36.02937172774872,35.42349206349208,,
2019-09-11,Mandung,Aqua,30.7494764397906,30.55000000000001,,19.750000000000057
2019-09-12,Mandung,Aqua,,,12.730000000000018,16.55000000000001
2019-09-13,Mandung,Aqua,,,20.267801047120425,20.410000000000025
2019-09-15,Mandung,Aqua,30.630000000000052,31.29000000000002,20.361518324607356,20.430000000000007
2019-09-16,Mandung,Aqua,,,17.670000000000016,18.150000000000034
2019-09-18,Mandung,Aqua,29.83000000000004,28.190000000000055,,21.55000000000001
2019-09-21,Mandung,Aqua,,30.710000000000036,17.590000000000032,17.930000000000007
2019-09-22,Mandung,Aqua,,28.710000000000036,17.551518987341797,18.370000000000005
2019-09-23,Mandung,Aqua,32.79000000000002,31.710000000000036,20.945392670157094,21.910000000000025
2019-09-24,Mandung,Aqua,35.05942408376967,34.690000000000055,17.410000000000025,17.470000000000027
2019-09-25,Mandung,Aqua,,,21.26200000000003,22.23000000000002
2019-09-26,Mandung,Aqua,34.07000000000005,34.190000000000055,,
2019-09-28,Mandung,Aqua,,28.970000000000027,19.48413612565447,20.690000000000058
2019-09-30,Mandung,Aqua,37.1921989528796,36.22314516129035,,
2019-10-03,Mandung,Aqua,34.910000000000025,35.39000000000004,,
2019-10-04,Mandung,Aqua,35.78465968586391,35.710000000000036,,21.150000000000034
2019-10-05,Mandung,Aqua,38.42675392670161,38.57000000000004,,
2019-10-07,Mandung,Aqua,34.870000000000005,36.04333333333335,17.96811518324611,16.83000000000004
2019-10-08,Mandung,Aqua,31.853664921465985,31.850000000000023,,22.230000000000018
2019-10-09,Mandung,Aqua,36.549267015706846,36.77000000000004,22.717434554973856,22.77000000000004
2019-10-10,Mandung,Aqua,,33.47000000000003,21.85041884816757,22.05000000000001
2019-10-11,Mandung,Aqua,35.7213089005236,35.69819935691322,,
2019-10-12,Mandung,Aqua,36.178000000000026,36.75000000000006,,
2019-10-13,Mandung,Aqua,28.91691099476444,28.650000000000034,22.210000000000036,22.230000000000018
2019-10-14,Mandung,Aqua,36.444764397905764,36.63000000000005,,
2019-10-15,Mandung,Aqua,,,21.716492146596906,21.710000000000036
2019-10-16,Mandung,Aqua,35.68109947643981,36.47000000000003,17.390000000000043,18.450000000000045
2019-10-19,Mandung,Aqua,34.09000000000003,35.950000000000045,20.351151832460783,20.110000000000014
2019-10-20,Mandung,Aqua,32.61115183246077,33.190000000000055,,22.970000000000027
2019-10-21,Mandung,Aqua,37.029148936170245,37.39000000000004,,
2019-10-23,Mandung,Aqua,40.05691099476442,40.1474657534247,,
2019-10-24,Mandung,Aqua,,33.51000000000005,19.23115183246076,20.520482374768125
2019-10-25,Mandung,Aqua,,,22.699109947644022,22.610000000000014
2019-10-26,Mandung,Aqua,35.19900523560213,35.610000000000014,,
2019-10-28,Mandung,Aqua,36.66151832460736,37.51000000000005,,
2019-10-29,Mandung,Aqua,,31.77000000000004,22.083333333333346,22.07000000000005
2019-10-30,Mandung,Aqua,,38.09000000000003,21.5115706806283,21.53000000000003
2019-11-01,Mandung,Aqua,36.34089005235605,36.85000000000002,,
2019-11-03,Mandung,Aqua,,,18.930000000000007,20.53000000000003
2019-11-04,Mandung,Aqua,32.99000000000001,35.05000000000001,20.99000000000001,20.79000000000002
2019-11-05,Mandung,Aqua,34.472513089005275,34.650000000000034,,22.350000000000023
2019-11-06,Mandung,Aqua,38.0661256544503,39.0155092592593,,
2019-11-08,Mandung,Aqua,36.183193717277526,36.93000000000001,21.45785340314139,21.57000000000005
2019-11-09,Mandung,Aqua,33.900471204188506,33.73000000000002,21.7342931937173,21.99000000000001
2019-11-10,Mandung,Aqua,36.21795811518327,36.89000000000004,22.20591623036653,21.850000000000023
2019-11-11,Mandung,Aqua,33.640157068062855,34.43000000000001,,
2019-11-15,Mandung,Aqua,37.67502617801052,38.650000000000034,,
2019-11-17,Mandung,Aqua,37.09282722513092,37.8045506419401,20.827872340425554,21.590000000000032
2019-11-18,Mandung,Aqua,31.53000000000003,31.710000000000036,,
2019-11-20,Mandung,Aqua,,35.78000000000003,22.226000000000024,22.370000000000005
2019-11-21,Mandung,Aqua,,,21.630000000000052,22.170000000000016
2019-11-23,Mandung,Aqua,,,22.010000000000048,21.77000000000004
2019-11-26,Mandung,Aqua,35.54643979057594,35.97000000000003,,
2019-11-27,Mandung,Aqua,31.377169811320783,32.950000000000045,,
2019-11-28,Mandung,Aqua,,33.03000000000003,23.120052356020967,23.49000000000001
2019-12-08,Mandung,Aqua,38.20528795811522,38.09000000000003,,
2019-12-10,Mandung,Aqua,37.760680628272304,37.650000000000034,,
2019-12-11,Mandung,Aqua,,,22.90162303664925,23.310000000000002
2019-12-12,Mandung,Aqua,34.19000000000002,34.29000000000002,,
2019-12-21,Mandung,Aqua,35.47073298429322,35.41560439560442,,24.850000000000023
2019-12-24,Mandung,Aqua,36.51000000000005,36.59000000000003,,
2020-01-14,Mandung,Aqua,31.21000000000005,31.210000000000036,,
2020-01-16,Mandung,Aqua,37.6432984293194,37.13000000000005,,
2020-01-17,Mandung,Aqua,33.472222222222236,31.910000000000025,,23.370000000000005
2020-01-18,Mandung,Aqua,38.740366492146634,38.39000000000004,,
2020-01-19,Mandung,Aqua,,,22.853291139240536,23.57000000000005
2020-01-20,Mandung,Aqua,37.223089005235636,37.133028286189735,,
2020-01-23,Mandung,Aqua,36.66445026178014,36.670000000000016,,
2020-01-25,Mandung,Aqua,38.37837696335084,38.39000000000004,,
2020-01-27,Mandung,Aqua,,,20.00319371727751,20.190000000000055
2020-01-29,Mandung,Aqua,34.710000000000036,32.77000000000004,,
2020-02-14,Mandung,Aqua,30.8166666666667,30.410000000000025,23.630000000000052,24.170000000000016
2020-03-15,Mandung,Aqua,34.07000000000005,33.85000000000002,,
2020-03-17,Mandung,Aqua,31.7758285714286,33.55000000000001,22.666962025316483,22.130000000000052
2020-03-20,Mandung,Aqua,32.87125654450267,32.93000000000001,,
2020-03-26,Mandung,Aqua,32.9888481675393,32.29000000000002,,
2020-03-30,Mandung,Aqua,,,21.569148936170222,22.610000000000014
2020-03-31,Mandung,Aqua,34.914397905759195,34.9265371024735,24.730000000000018,24.730000000000018
2020-04-01,Mandung,Aqua,,,22.396666666666686,22.690000000000055
2020-04-08,Mandung,Aqua,,,22.347777777777814,22.27000000000004
2020-04-09,Mandung,Aqua,32.19450261780107,33.05000000000001,22.434712041884836,22.49000000000001
2020-04-13,Mandung,Aqua,,29.470000000000027,22.399842931937183,22.410000000000025
2020-04-16,Mandung,Aqua,34.71146596858643,34.950000000000045,,
2020-04-17,Mandung,Aqua,,,21.170000000000016,21.190000000000055
2020-04-21,Mandung,Aqua,33.27219895287961,32.870000000000005,,
2020-04-23,Mandung,Aqua,35.81188481675396,35.190000000000055,22.820366492146622,23.390000000000043
2020-04-26,Mandung,Aqua,32.505811518324634,32.110000000000014,22.3632984293194,22.630000000000056
2020-04-27,Mandung,Aqua,32.090523560209434,29.710000000000036,,23.450000000000045
2020-04-29,Mandung,Aqua,30.537748691099516,29.470000000000027,,
2020-04-30,Mandung,Aqua,34.248010471204225,33.450000000000045,,
2020-05-04,Mandung,Aqua,34.2625654450262,33.81,,
2020-05-05,Mandung,Aqua,,23.77000000000004,23.45723404255321,23.430000000000007
2020-05-07,Mandung,Aqua,32.53666666666671,32.110000000000014,,
2020-05-11,Mandung,Aqua,33.75000000000006,32.33000000000004,,
2020-05-12,Mandung,Aqua,,30.57000000000005,17.25607329842935,20.510000000000048
2020-05-13,Mandung,Aqua,30.664554973822035,29.810000000000002,,
2020-05-23,Mandung,Aqua,33.43000000000001,32.51000000000005,,
2020-06-01,Mandung,Aqua,30.110942408376978,29.930000000000007,,
2020-06-04,Mandung,Aqua,,,20.203612565445045,20.310000000000002
2020-06-07,Mandung,Aqua,,,22.896701570680666,22.230000000000018
2020-06-08,Mandung,Aqua,29.87808510638301,30.110000000000014,,
2020-06-10,Mandung,Aqua,33.95376963350788,33.79326086956523,,
2020-06-12,Mandung,Aqua,33.387277486911046,32.58408502772647,21.426125654450278,21.55000000000001
2020-06-13,Mandung,Aqua,32.610000000000014,32.25000000000006,,
2020-06-15,Mandung,Aqua,29.209574468085123,30.110000000000014,,
2020-06-16,Mandung,Aqua,26.674293193717325,26.77000000000004,,22.170000000000016
2020-06-21,Mandung,Aqua,,,21.74602094240841,21.55000000000001
2020-06-22,Mandung,Aqua,,29.590000000000032,20.28036649214663,19.250000000000057
2020-06-25,Mandung,Aqua,,,21.697619047619064,21.77000000000004
2020-06-26,Mandung,Aqua,,29.710000000000036,21.526226415094374,21.450000000000045
2020-06-27,Mandung,Aqua,,,20.934188481675406,21.0849852507375
2020-07-01,Mandung,Aqua,,29.730000000000018,21.371884816753965,21.410000000000025
2020-07-02,Mandung,Aqua,30.689895287958137,30.27000000000004,,21.33000000000004
2020-07-07,Mandung,Aqua,32.19492146596862,32.33000000000004,,21.410000000000025
2020-07-08,Mandung,Aqua,,,20.319109947643987,20.37
2020-07-10,Mandung,Aqua,28.92148936170216,29.190000000000055,,
2020-07-14,Mandung,Aqua,32.990000000000045,31.350000000000023,,
2020-07-15,Mandung,Aqua,,,20.53000000000003,20.49000000000001
2020-07-16,Mandung,Aqua,32.75062827225133,32.85000000000002,,19.670000000000016
2020-07-17,Mandung,Aqua,,,19.062984293193736,19.084354644149617
2020-07-18,Mandung,Aqua,,28.350000000000023,20.710000000000036,20.890000000000043
2020-07-22,Mandung,Aqua,26.77000000000004,28.210000000000036,21.728743455497398,21.910000000000025
2020-07-23,Mandung,Aqua,31.46717277486912,30.85990099009902,19.459109947643995,20.79000000000002
2020-07-24,Mandung,Aqua,29.83020942408379,29.650000000000034,,
2020-07-26,Mandung,Aqua,31.624659685863914,31.516684073107093,,
2020-07-27,Mandung,Aqua,,26.610000000000014,21.478679245283065,21.450000000000045
2020-07-28,Mandung,Aqua,,32.51000000000005,19.71607329842934,19.79000000000002
2020-07-29,Mandung,Aqua,,,16.972000000000023,17.730000000000018
2020-08-01,Mandung,Aqua,,,18.54664335664339,18.310000000000002
2020-08-05,Mandung,Aqua,,,18.690000000000055,18.710000000000036
2020-08-06,Mandung,Aqua,33.79471204188486,33.650000000000034,19.418000000000035,19.750000000000057
2020-08-08,Mandung,Aqua,,27.090000000000032,21.376666666666704,20.310000000000002
2020-08-09,Mandung,Aqua,30.077329842931952,30.49000000000001,20.0537696335079,19.77000000000004
2020-08-13,Mandung,Aqua,,,18.461518324607358,18.610000000000014
2020-08-15,Mandung,Aqua,32.731570680628316,32.610000000000014,23.103089005235624,22.670000000000016
2020-09-04,Mandung,Aqua,31.058376963350806,31.150000000000034,,22.450000000000045
2020-09-05,Mandung,Aqua,33.003164556962055,32.75000000000006,,
2020-09-07,Mandung,Aqua,26.49666666666671,26.79000000000002,,
2020-09-08,Mandung,Aqua,,26.190000000000055,20.757958115183293,20.910000000000025
2020-09-09,Mandung,Aqua,32.17261780104717,32.85666666666668,21.662984293193755,21.870000000000005
2020-09-11,Mandung,Aqua,31.463207547169855,30.950000000000042,22.284000000000034,21.350000000000023
2020-09-12,Mandung,Aqua,34.52916230366495,35.016916890080466,,
2020-09-13,Mandung,Aqua,30.241623036649248,29.83000000000004,,
2020-09-14,Mandung,Aqua,,29.890000000000043,20.629476439790604,20.79000000000002
2020-09-17,Mandung,Aqua,,,19.638167539267045,19.810000000000002
2020-09-20,Mandung,Aqua,39.99000000000001,39.99000000000001,,
2020-09-22,Mandung,Aqua,,,22.383333333333336,22.03000000000003
2020-09-23,Mandung,Aqua,30.36664921465971,29.402018779342757,21.753246073298463,22.110000000000014
2020-09-24,Mandung,Aqua,25.410000000000025,25.130000000000052,,
2020-09-25,Mandung,Aqua,32.973246073298455,33.31000000000001,20.693979057591633,21.590000000000032
2020-09-27,Mandung,Aqua,,30.49000000000001,20.26696335078537,21.430000000000007
2020-09-28,Mandung,Aqua,31.142000000000017,29.690000000000055,,
2020-09-30,Mandung,Aqua,32.36404255319151,31.850000000000023,,
2020-10-02,Mandung,Aqua,26.976666666666688,27.910000000000025,,
2020-10-03,Mandung,Aqua,27.923333333333364,28.130000000000052,22.54151832460736,22.57000000000005
2020-10-11,Mandung,Aqua,31.815759162303696,31.13000000000005,21.72164556962029,20.590000000000032
2020-10-12,Mandung,Aqua,29.060000000000024,29.090000000000032,21.203193717277504,21.850000000000023
2020-10-13,Mandung,Aqua,25.353404255319187,25.03000000000003,,22.610000000000014
2020-10-14,Mandung,Aqua,31.090000000000032,31.650000000000034,,
2020-10-16,Mandung,Aqua,34.56298429319375,34.400000000000034,16.88069182389939,16.930000000000007
2020-10-25,Mandung,Aqua,,30.870000000000005,17.288010471204203,16.390000000000043
2020-10-29,Mandung,Aqua,27.43314136125657,25.390000000000043,22.78333333333337,23.03000000000003
2020-11-06,Mandung,Aqua,34.37869109947648,33.80193103448277,,
2020-11-07,Mandung,Aqua,30.94151832460736,31.190000000000055,,23.33000000000004
2020-11-08,Mandung,Aqua,33.997643979057614,33.55000000000001,,
2020-11-10,Mandung,Aqua,30.952264150943417,31.910000000000025,,
2020-11-16,Mandung,Aqua,,32.33000000000004,23.382356020942442,23.03000000000003
2020-11-17,Mandung,Aqua,32.56000000000005,34.370000000000005,22.011780104712066,21.03000000000003
2021-02-07,Mandung,Aqua,33.25000000000006,31.430000000000007,,
2021-02-16,Mandung,Aqua,32.81837696335082,32.670000000000016,,
2021-02-20,Mandung,Aqua,30.151256544502637,30.730000000000018,,
2021-02-21,Mandung,Aqua,33.33000000000004,33.450000000000045,,
2021-03-14,Mandung,Aqua,23.630000000000052,26.090000000000032,,
2021-03-20,Mandung,Aqua,30.998000000000015,31.57000000000005,,
2021-04-03,Mandung,Aqua,35.43073298429322,36.03154402895057,,20.430000000000007
2021-04-09,Mandung,Aqua,,,24.196666666666676,23.890000000000043
2021-04-10,Mandung,Aqua,,27.110000000000014,21.90026178010474,22.77000000000004
2021-04-12,Mandung,Aqua,23.390000000000043,28.450000000000045,,21.190000000000055
2021-04-14,Mandung,Aqua,33.76555555555556,31.450000000000045,,
2021-04-17,Mandung,Aqua,35.490571428571464,33.47000000000003,,
2021-04-19,Mandung,Aqua,37.562670157068084,36.518864628821,,22.57000000000005
2021-04-20,Mandung,Aqua,28.877643979057613,30.390000000000043,,21.430000000000007
2021-04-21,Mandung,Aqua,33.38780104712045,33.99000000000001,20.510000000000048,21.27000000000004
2021-04-22,Mandung,Aqua,33.754712041884865,33.75000000000006,,21.07000000000005
2021-04-23,Mandung,Aqua,31.61293193717279,31.690000000000055,,21.950000000000045
2021-04-24,Mandung,Aqua,34.49335078534035,34.39000000000004,,
2021-04-26,Mandung,Aqua,35.12270440251573,34.75000000000006,18.86319371727751,21.470000000000027
2021-04-28,Mandung,Aqua,,29.750000000000057,19.771006289308193,20.110000000000014
2021-04-29,Mandung,Aqua,,,21.65666666666669,21.79000000000002
2021-04-30,Mandung,Aqua,32.89691099476444,32.870000000000005,,22.190000000000055
2021-05-03,Mandung,Aqua,30.710000000000036,33.73000000000002,,
2021-05-04,Mandung,Aqua,,,22.412222222222255,22.110000000000014
2021-05-05,Mandung,Aqua,32.79000000000002,33.01000000000005,,
2021-05-07,Mandung,Aqua,33.134083769633534,33.41990099009902,,
2021-05-08,Mandung,Aqua,,33.03000000000003,20.176806282722552,21.03000000000003
2021-05-09,Mandung,Aqua,,,22.09649214659691,22.430000000000007
2021-05-10,Mandung,Aqua,33.49000000000001,32.870000000000005,,
2021-05-12,Mandung,Aqua,35.22005235602099,34.33000000000004,19.142146596858666,19.07000000000005
2021-05-14,Mandung,Aqua,29.450000000000045,29.590000000000032,,22.850000000000023
2021-05-17,Mandung,Aqua,29.29000000000002,30.110000000000014,,
2021-05-21,Mandung,Aqua,34.55943396226418,34.08333333333337,20.699214659685914,20.810000000000002
2021-05-22,Mandung,Aqua,,,19.98341772151903,19.470000000000027
2021-05-23,Mandung,Aqua,32.51094240837697,32.57000000000005,22.890000000000043,22.690000000000055
2021-05-26,Mandung,Aqua,28.753560209424112,33.01000000000005,,
2021-05-28,Mandung,Aqua,29.05000000000001,29.810000000000002,,
2021-05-30,Mandung,Aqua,33.25251308900527,33.01000000000005,,
2021-05-31,Mandung,Aqua,29.700575916230385,29.450000000000045,,
2021-06-02,Mandung,Aqua,32.80089005235606,32.150000000000034,,20.670000000000016
2021-06-06,Mandung,Aqua,35.09931937172778,34.610000000000014,19.946753926701604,19.450000000000045
2021-06-07,Mandung,Aqua,,,21.24021276595749,21.49000000000001
2021-06-08,Mandung,Aqua,21.430000000000007,27.07000000000005,,18.950000000000045
2021-06-10,Mandung,Aqua,31.496387434554997,31.650000000000034,,
2021-06-11,Mandung,Aqua,26.870000000000005,30.670000000000016,,
2021-06-13,Mandung,Aqua,,31.630000000000052,20.18968586387437,20.430000000000007
2021-06-14,Mandung,Aqua,,,22.227777777777813,22.170000000000016
2021-06-20,Mandung,Aqua,30.630000000000052,30.33000000000004,,
2021-06-22,Mandung,Aqua,31.747215189873458,31.210000000000036,,
2021-06-23,Mandung,Aqua,,,22.37303664921467,21.950000000000045
2021-06-26,Mandung,Aqua,29.375549738219927,27.950000000000045,,22.450000000000045
2021-06-27,Mandung,Aqua,30.734502617801084,29.930000000000007,,
2021-06-29,Mandung,Aqua,33.478900523560235,32.89000000000004,,
2021-06-30,Mandung,Aqua,,,22.450000000000045,22.710000000000036
2021-07-01,Mandung,Aqua,33.48675392670159,31.230000000000018,21.661099476439812,21.49000000000001
2021-07-03,Mandung,Aqua,,25.33000000000004,21.49806282722514,22.29000000000002
2021-07-04,Mandung,Aqua,29.71617801047122,29.33000000000004,20.03387434554975,19.970000000000027
2021-07-05,Mandung,Aqua,27.25837696335081,26.930000000000007,,20.33000000000004
2021-07-10,Mandung,Aqua,23.264000000000028,24.890000000000043,,19.630000000000052
2021-07-11,Mandung,Aqua,29.98884816753931,30.310000000000002,12.242000000000047,12.870000000000005
2021-07-12,Mandung,Aqua,31.325916230366524,30.170000000000016,,22.710000000000036
2021-07-13,Mandung,Aqua,34.76633507853405,33.19982035928148,,
2021-07-16,Mandung,Aqua,,,20.421392405063326,20.150000000000034
2021-07-18,Mandung,Aqua,,25.170000000000016,20.890000000000043,20.730000000000018
2021-07-19,Mandung,Aqua,,,22.050837696335098,21.99000000000001
2021-07-20,Mandung,Aqua,30.53000000000003,30.390000000000043,,
2021-07-24,Mandung,Aqua,35.04633507853405,34.25000000000006,21.1166666666667,21.110000000000014
2021-07-25,Mandung,Aqua,29.572408376963374,30.890000000000043,,19.470000000000027
2021-07-26,Mandung,Aqua,32.765078534031446,32.98000000000002,20.77000000000004,20.710000000000036
2021-07-27,Mandung,Aqua,,,18.56162303664925,18.358963093145885
2021-07-28,Mandung,Aqua,31.063986013986042,31.29000000000002,,20.83000000000004
2021-07-30,Mandung,Aqua,,,21.253797468354453,22.170000000000016
2021-07-31,Mandung,Aqua,32.870000000000005,32.57000000000005,,19.07000000000005
2021-08-01,Mandung,Aqua,,,20.629162303664938,18.310000000000002
2021-08-04,Mandung,Aqua,23.250000000000057,23.470000000000027,,
2021-08-05,Mandung,Aqua,28.190000000000055,27.130000000000052,,
2021-08-06,Mandung,Aqua,29.650000000000034,29.430000000000007,,22.470000000000027
2021-08-07,Mandung,Aqua,30.55000000000003,31.090000000000032,,
2021-08-09,Mandung,Aqua,31.669581151832496,31.870000000000005,,22.150000000000034
2021-08-10,Mandung,Aqua,,26.190000000000055,19.612000000000013,20.210000000000036
2021-08-11,Mandung,Aqua,29.889581151832495,30.517451564828654,18.444339622641536,20.83000000000004
2021-08-14,Mandung,Aqua,30.967801047120453,31.150000000000038,,
2021-08-15,Mandung,Aqua,29.118272251308927,29.450000000000045,,22.77000000000004
2021-08-16,Mandung,Aqua,33.54602094240842,33.579163090128795,19.13209424083773,18.470000000000027
2021-08-18,Mandung,Aqua,31.829162303664933,31.750000000000057,17.116073298429363,18.010000000000048
2021-08-20,Mandung,Aqua,,,20.635026178010495,20.690000000000055
2021-08-21,Mandung,Aqua,,30.590000000000032,19.684554973822024,19.690000000000055
2021-08-22,Mandung,Aqua,,,20.683507853403192,20.83000000000004
2021-08-23,Mandung,Aqua,32.470732984293214,32.31,,
2021-08-26,Mandung,Aqua,27.39816753926705,27.470000000000027,20.781888111888122,20.55000000000001
2021-08-27,Mandung,Aqua,22.930000000000007,25.57000000000005,,
2021-08-29,Mandung,Aqua,27.518376963350818,28.55000000000001,16.994000000000025,20.150000000000034
2021-08-31,Mandung,Aqua,29.836073298429334,30.77000000000004,,22.79000000000002
2021-09-01,Mandung,Aqua,33.26111111111112,33.6405579399142,17.599842931937225,19.810000000000002
2021-09-04,Mandung,Aqua,,,20.452722513089032,20.210000000000036
2021-09-08,Mandung,Aqua,33.49565445026181,32.99000000000001,,
2021-09-14,Mandung,Aqua,,,22.368490566037767,22.010000000000048
2021-09-19,Mandung,Aqua,,32.99000000000001,21.09405063291142,21.130000000000052
2021-09-22,Mandung,Aqua,35.710000000000036,34.450000000000045,,
2021-09-26,Mandung,Aqua,31.27339622641512,31.150000000000034,,18.710000000000036
2021-09-27,Mandung,Aqua,,31.350000000000023,18.06333333333337,18.350000000000023
2021-09-30,Mandung,Aqua,29.794607329842975,29.950000000000045,,22.450000000000045
2021-10-01,Mandung,Aqua,30.004177215189895,30.730000000000018,,
2021-10-06,Mandung,Aqua,,,18.857748691099488,19.150000000000034
2021-10-10,Mandung,Aqua,34.233664921466,33.86142857142858,,
2021-10-12,Mandung,Aqua,34.588952879581186,34.59000000000003,18.589371727748734,18.730000000000018
2021-10-15,Mandung,Aqua,31.50333333333337,31.090000000000032,,
2021-10-18,Mandung,Aqua,,,23.371276595744686,22.930000000000007
2021-10-21,Mandung,Aqua,31.810000000000002,30.53000000000003,,13.330000000000041
2021-10-23,Mandung,Aqua,32.90445026178014,33.01000000000005,,20.29000000000002
2021-10-30,Mandung,Aqua,,,20.364000000000036,17.57000000000005
2021-11-07,Mandung,Aqua,,,21.440680628272293,21.590000000000032
2021-12-08,Mandung,Aqua,33.81822857142861,33.51000000000005,,
2022-01-09,Mandung,Aqua,33.17800000000004,33.870000000000005,,
2022-01-23,Mandung,Aqua,34.97586387434558,35.670000000000016,,
2022-01-24,Mandung,Aqua,,,22.56675392670162,22.510000000000048
2022-02-01,Mandung,Aqua,34.82727748691102,34.39000000000004,,23.55000000000001
2022-02-08,Mandung,Aqua,34.51000000000005,34.73000000000002,,
2022-02-17,Mandung,Aqua,,,20.62685863874347,20.930000000000007
2022-02-24,Mandung,Aqua,33.24979057591626,33.33000000000004,,
2022-03-14,Mandung,Aqua,28.170000000000016,27.510000000000048,,
2022-03-23,Mandung,Aqua,29.79000000000002,29.230000000000018,,
2022-04-23,Mandung,Aqua,,,22.011780104712063,21.630000000000052
2022-05-01,Mandung,Aqua,,30.970000000000027,19.130000000000052,19.810000000000002
2022-05-03,Mandung,Aqua,,31.370000000000005,22.57356020942412,22.970000000000027
2022-05-04,Mandung,Aqua,33.23000000000002,32.57000000000005,,
2022-05-06,Mandung,Aqua,31.430000000000007,32.09000000000003,,
2022-05-10,Mandung,Aqua,29.170000000000016,29.150000000000034,,
2022-05-13,Mandung,Aqua,32.684659685863906,33.05000000000001,,
2022-05-15,Mandung,Aqua,27.410000000000025,33.910000000000025,,20.370000000000005
2022-05-16,Mandung,Aqua,29.661832460733017,29.390000000000043,,
2022-05-20,Mandung,Aqua,29.250000000000057,29.310000000000002,,
2022-05-22,Mandung,Aqua,,33.47000000000003,19.194188481675415,19.30159663865547
2022-05-24,Mandung,Aqua,,29.850000000000023,21.06717277486913,21.53000000000003
2022-05-29,Mandung,Aqua,32.5370157068063,32.670000000000016,,
2022-05-31,Mandung,Aqua,33.050314136125685,32.870000000000005,,
2022-06-02,Mandung,Aqua,31.590000000000032,32.170000000000016,20.750000000000057,20.850000000000023
2022-06-03,Mandung,Aqua,30.610000000000046,30.650000000000034,,
2022-06-05,Mandung,Aqua,25.12162303664924,28.05000000000001,,
2022-06-06,Mandung,Aqua,,,22.83000000000004,22.670000000000016
2022-06-07,Mandung,Aqua,31.531361256544542,31.803385826771663,,19.810000000000002
2022-06-14,Mandung,Aqua,,,20.840680628272295,20.650000000000034
2022-06-16,Mandung,Aqua,,,20.843717277486938,20.630000000000052
2022-06-18,Mandung,Aqua,,,21.39335078534035,21.970000000000027
2022-06-20,Mandung,Aqua,,,21.346753926701584,21.450000000000045
2022-06-21,Mandung,Aqua,31.24345911949688,31.190000000000055,,
2022-06-22,Mandung,Aqua,,,21.367696335078573,21.710000000000036
2022-06-23,Mandung,Aqua,30.56455497382201,29.810000000000002,,
2022-06-28,Mandung,Aqua,30.522670157068085,31.870000000000005,,
2022-06-29,Mandung,Aqua,,,21.951675392670175,21.99000000000001
2022-07-05,Mandung,Aqua,28.77176100628934,29.77000000000004,,
2022-07-06,Mandung,Aqua,,23.99000000000001,18.890000000000043,19.250000000000057
2022-07-07,Mandung,Aqua,29.696666666666715,29.390000000000043,18.92926701570682,19.170000000000016
2022-07-09,Mandung,Aqua,31.166000000000047,31.03000000000003,19.971151832460784,20.33000000000004
2022-07-14,Mandung,Aqua,29.473018867924555,30.05000000000001,,
2022-07-17,Mandung,Aqua,,,20.501308900523597,20.810000000000002
2022-07-18,Mandung,Aqua,,,19.57000000000005,19.310000000000002
2022-07-19,Mandung,Aqua,29.523164556962037,29.810000000000002,,
2022-07-20,Mandung,Aqua,,,18.920890052356068,20.170000000000016
2022-07-23,Mandung,Aqua,,31.33000000000004,19.09253164556966,18.910000000000025
2022-07-25,Mandung,Aqua,26.514000000000035,24.870000000000005,,
2022-07-27,Mandung,Aqua,29.07000000000005,29.130000000000052,21.882307692307705,21.930000000000007
2022-07-28,Mandung,Aqua,32.248219895287995,31.350000000000023,,
2022-07-29,Mandung,Aqua,,24.99000000000001,20.122146596858673,20.130000000000052
2022-08-02,Mandung,Aqua,,,16.607696335078565,19.250000000000057
2022-08-03,Mandung,Aqua,29.930000000000007,29.170000000000016,22.190000000000055,22.090000000000032
2022-08-04,Mandung,Aqua,33.87418848167542,32.92792618629174,20.904659685863884,20.850000000000023
2022-08-05,Mandung,Aqua,28.614188481675424,27.49000000000001,,21.870000000000005
2022-08-06,Mandung,Aqua,33.89513089005239,32.99000000000001,,
2022-08-07,Mandung,Aqua,,,22.417539267015748,19.03000000000003
2022-08-08,Mandung,Aqua,30.610000000000014,30.110000000000014,,
2022-08-10,Mandung,Aqua,,,21.53513089005239,21.310000000000002
2022-08-15,Mandung,Aqua,33.71502617801049,32.97000000000003,16.957120418848195,17.090000000000032
2022-08-17,Mandung,Aqua,,,21.296910994764428,21.190000000000055
2022-08-18,Mandung,Aqua,,,18.44350785340317,18.110000000000014
2022-08-19,Mandung,Aqua,30.609895287958125,30.190000000000055,,21.57000000000005
2022-08-20,Mandung,Aqua,32.96801047120423,32.35628853267573,,
2022-08-22,Mandung,Aqua,28.450732984293225,28.430000000000007,19.710000000000033,19.792474226804142
2022-08-23,Mandung,Aqua,,,15.350000000000023,18.370000000000005
2022-08-24,Mandung,Aqua,32.45554973821993,31.550000000000015,,
2022-08-27,Mandung,Aqua,,24.590000000000032,19.83335078534035,19.850000000000023
2022-08-28,Mandung,Aqua,,,19.970000000000027,19.090000000000032
2022-08-30,Mandung,Aqua,,,20.61157068062831,20.090000000000032
2022-08-31,Mandung,Aqua,,,16.51000000000002,16.250000000000057
2022-09-01,Mandung,Aqua,21.79000000000002,23.870000000000005,22.037088607594946,21.890000000000043
2022-09-02,Mandung,Aqua,32.001937172774895,30.99000000000001,22.510000000000048,22.29000000000002
2022-09-05,Mandung,Aqua,29.850000000000023,29.750000000000057,,
2022-09-07,Mandung,Aqua,,,21.468952879581177,20.450000000000045
2022-09-11,Mandung,Aqua,,,20.814712041884846,20.79000000000002
2022-09-13,Mandung,Aqua,29.115863874345592,27.913993174061453,21.320785340314174,23.010000000000048
2022-09-16,Mandung,Aqua,24.216666666666715,27.910000000000025,19.26623036649217,19.090000000000032
2022-09-19,Mandung,Aqua,30.309047619047647,30.110000000000014,,
2022-09-23,Mandung,Aqua,31.20706806282723,30.99000000000001,19.235863874345572,19.230000000000018
2022-09-24,Mandung,Aqua,28.583333333333375,28.310000000000002,,19.29000000000002
2022-09-26,Mandung,Aqua,29.992408376963365,30.730000000000018,,16.390000000000043
2022-09-27,Mandung,Aqua,26.261392405063322,27.29000000000002,,21.450000000000045
2022-09-28,Mandung,Aqua,31.650000000000034,31.99000000000001,,
2022-10-23,Mandung,Aqua,33.499109947644,34.25000000000006,,
2022-10-30,Mandung,Aqua,34.264554973822015,35.07000000000005,,
2022-11-30,Mandung,Aqua,,,16.121832460733007,18.870000000000005
2022-12-08,Mandung,Aqua,33.187068062827265,32.85000000000002,,
2022-12-09,Mandung,Aqua,30.613560209424104,30.33000000000004,,
2022-12-19,Mandung,Aqua,31.51146596858642,30.83000000000004,21.53000000000003,21.970000000000027
2023-01-05,Mandung,Aqua,32.59666666666671,32.370000000000005,,
2023-01-07,Mandung,Aqua,31.294083769633545,31.450000000000045,14.090000000000032,19.510000000000048
2023-01-10,Mandung,Aqua,29.79000000000002,31.05000000000001,,
2023-01-12,Mandung,Aqua,34.6273821989529,33.39000000000004,,
2023-02-18,Mandung,Aqua,34.43942408376967,33.420000000000016,,
2023-03-04,Mandung,Aqua,34.69471204188486,34.33000000000004,,
2023-03-08,Mandung,Aqua,,34.53000000000003,22.223298429319392,21.77000000000004
2023-03-09,Mandung,Aqua,33.710000000000036,34.01000000000005,,15.950000000000045
2023-03-10,Mandung,Aqua,28.028881118881163,29.470000000000027,,24.230000000000018
2023-03-11,Mandung,Aqua,36.421308900523584,36.84646315789476,,
2023-03-12,Mandung,Aqua,,,24.109581151832483,23.53000000000003
2023-03-13,Mandung,Aqua,33.16026178010473,34.09000000000003,,
2023-03-15,Mandung,Aqua,,,22.650000000000034,22.970000000000027
2023-04-08,Mandung,Aqua,31.230000000000036,30.750000000000057,,
2023-04-15,Mandung,Aqua,28.736666666666675,31.350000000000023,,
2023-04-16,Mandung,Aqua,,,21.52600000000001,22.05000000000001
2023-04-17,Mandung,Aqua,32.39104712041888,32.97000000000003,,
2023-04-18,Mandung,Aqua,,,20.53000000000003,20.850000000000023
2023-04-21,Mandung,Aqua,,,21.390000000000043,21.610000000000014
2023-04-22,Mandung,Aqua,34.03115183246076,34.83000000000004,,
2023-04-24,Mandung,Aqua,33.49408376963354,34.31,21.783612565445065,21.750000000000057
2023-05-02,Mandung,Aqua,,,22.470000000000024,22.750000000000057
2023-05-03,Mandung,Aqua,30.27000000000004,32.09000000000003,,
2023-05-08,Mandung,Aqua,32.056853146853186,28.150000000000034,,
2023-05-11,Mandung,Aqua,,20.610000000000014,22.125287958115223,22.29000000000002
2023-05-12,Mandung,Aqua,29.157088607594968,28.79000000000002,21.96811518324611,21.250000000000057
2023-05-13,Mandung,Aqua,26.650000000000034,30.850000000000023,,
2023-05-14,Mandung,Aqua,,,21.0714659685864,20.650000000000034
2023-05-15,Mandung,Aqua,32.41952879581155,32.483350785340335,21.204936708860778,21.470000000000027
2023-05-20,Mandung,Aqua,33.70949367088612,32.670000000000016,,
2023-05-22,Mandung,Aqua,,30.77000000000004,21.269790575916275,21.77000000000004
2023-05-24,Mandung,Aqua,33.97795811518328,32.63000000000005,,23.130000000000052
2023-05-25,Mandung,Aqua,32.99921465968591,31.110000000000014,19.5646596858639,20.29000000000002
2023-05-26,Mandung,Aqua,28.110000000000014,28.210000000000036,,20.190000000000055
2023-05-28,Mandung,Aqua,,,21.510000000000048,21.510000000000048
2023-05-29,Mandung,Aqua,34.88162303664924,34.150000000000034,,
2023-05-31,Mandung,Aqua,,,19.850104712041908,19.890000000000043
2023-06-03,Mandung,Aqua,33.538795811518355,32.960000000000036,,
2023-06-07,Mandung,Aqua,29.382460732984313,28.93000000000001,,23.350000000000023
2023-06-08,Mandung,Aqua,31.687382198952918,31.250000000000053,,
2023-06-09,Mandung,Aqua,31.085078534031428,30.65000000000003,18.712000000000018,19.470000000000027
2023-06-10,Mandung,Aqua,33.78200000000003,32.670000000000016,,
2023-06-11,Mandung,Aqua,,,21.763333333333357,21.970000000000027
2023-06-12,Mandung,Aqua,32.58706806282725,31.730000000000018,20.112617801047136,20.150000000000034
2023-06-14,Mandung,Aqua,31.238691099476462,31.770000000000035,,
2023-06-15,Mandung,Aqua,32.41314136125657,32.49000000000001,,
2023-06-17,Mandung,Aqua,34.40738219895291,34.51000000000005,,20.450000000000045
2023-06-19,Mandung,Aqua,34.359214659685875,34.170000000000016,20.218691099476466,21.27000000000004
2023-06-20,Mandung,Aqua,,,19.807382198952922,20.190000000000055
2023-06-21,Mandung,Aqua,31.47000000000005,31.450000000000045,,21.510000000000048
2023-06-22,Mandung,Aqua,33.14759162303669,32.31,19.66400000000003,19.630000000000052
2023-06-23,Mandung,Aqua,32.802146596858655,32.85000000000002,,22.130000000000052
2023-06-24,Mandung,Aqua,33.161937172774905,33.07000000000005,,21.390000000000043
2023-06-27,Mandung,Aqua,30.167591623036675,29.670000000000016,,16.55000000000001
2023-06-28,Mandung,Aqua,,28.53000000000003,20.678000000000022,21.190000000000055
2023-06-29,Mandung,Aqua,31.33146596858642,30.590000000000032,,
2023-07-03,Mandung,Aqua,,,20.58696202531649,21.230000000000018
2023-07-04,Mandung,Aqua,,,19.844450261780146,20.07000000000005
2023-07-10,Mandung,Aqua,31.1156544502618,31.210000000000036,,21.230000000000018
2023-07-12,Mandung,Aqua,29.18560209424086,31.230000000000018,,
2023-07-15,Mandung,Aqua,30.54120418848169,30.410000000000025,20.99827225130894,21.230000000000018
2023-07-16,Mandung,Aqua,,,19.684000000000037,20.27000000000004
2023-07-17,Mandung,Aqua,27.57000000000005,27.07000000000005,19.33000000000004,19.57000000000005
2023-07-18,Mandung,Aqua,28.948848167539314,28.83000000000004,16.618586387434572,17.510000000000044
2023-07-19,Mandung,Aqua,30.217120418848218,30.430000000000007,,20.250000000000057
2023-07-20,Mandung,Aqua,31.597329842931966,31.29000000000002,,
2023-07-22,Mandung,Aqua,32.06549738219898,32.02333333333337,19.368429319371742,19.650000000000034
2023-07-24,Mandung,Aqua,31.854921465968605,31.250000000000057,20.996329113924094,21.29000000000002
2023-07-25,Mandung,Aqua,,29.890000000000043,20.889748427672966,20.930000000000007
2023-07-26,Mandung,Aqua,,29.590000000000032,20.950000000000045,20.870000000000005
2023-07-27,Mandung,Aqua,32.88068062827227,33.170000000000016,,
2023-07-28,Mandung,Aqua,,,19.76659574468087,19.710000000000036
2023-07-29,Mandung,Aqua,31.784554973822015,30.99000000000001,18.47649214659689,18.650000000000034
2023-07-31,Mandung,Aqua,,27.010000000000048,21.630000000000052,21.710000000000036
2023-08-01,Mandung,Aqua,,,19.07000000000005,19.850000000000023
2023-08-02,Mandung,Aqua,31.242774869109965,31.05000000000001,,22.130000000000052
2023-08-04,Mandung,Aqua,,,20.99000000000001,20.77000000000004
2023-08-05,Mandung,Aqua,,,19.089162303664953,18.49000000000001
2023-08-06,Mandung,Aqua,27.98989528795816,27.99000000000001,21.084683544303832,21.010000000000048
2023-08-07,Mandung,Aqua,33.71670157068068,33.359352818371626,20.254502617801062,20.53000000000003
2023-08-08,Mandung,Aqua,32.5412041884817,32.420000000000016,19.499842931937188,18.950000000000045
2023-08-09,Mandung,Aqua,30.474397905759194,30.270000000000042,,19.970000000000027
2023-08-10,Mandung,Aqua,35.28916230366495,34.57253807106604,,
2023-08-12,Mandung,Aqua,32.15025316455697,32.49000000000001,,20.33000000000004
2023-08-14,Mandung,Aqua,27.723333333333358,31.03000000000003,,17.090000000000032
2023-08-15,Mandung,Aqua,,,19.92549738219897,20.210000000000036
2023-08-16,Mandung,Aqua,26.233350785340328,25.710000000000036,17.87041884816757,19.79000000000002
2023-08-19,Mandung,Aqua,,29.010000000000048,14.913874345549768,18.05000000000001
2023-08-20,Mandung,Aqua,,,19.141623036649243,18.930000000000007
2023-08-21,Mandung,Aqua,32.85324607329844,31.710000000000036,,18.430000000000007
2023-08-22,Mandung,Aqua,33.34329842931941,33.23000000000002,19.1805759162304,19.57000000000005
2023-08-23,Mandung,Aqua,,,19.445555555555586,19.430000000000003
2023-08-25,Mandung,Aqua,,,20.623333333333353,20.870000000000005
2023-08-27,Mandung,Aqua,,,20.874444444444457,21.230000000000018
2023-08-28,Mandung,Aqua,31.822984293193727,32.07000000000005,,21.190000000000055
2023-08-29,Mandung,Aqua,33.541623036649256,34.084873646209424,,
2023-08-30,Mandung,Aqua,28.771780104712075,29.350000000000023,21.7452879581152,22.130000000000052
2023-08-31,Mandung,Aqua,34.32581151832463,34.210000000000036,20.473455497382226,20.430000000000007
2023-09-01,Mandung,Aqua,,,20.46507853403146,20.57000000000005
2023-09-02,Mandung,Aqua,28.470000000000027,31.03000000000003,,21.03000000000003
2023-09-07,Mandung,Aqua,27.310000000000002,32.950000000000045,19.265287958115227,19.390000000000043
2023-09-09,Mandung,Aqua,33.96518324607332,35.35994082840238,20.690000000000055,20.730000000000018
2023-09-10,Mandung,Aqua,,,18.817434554973854,18.77000000000004
2023-09-11,Mandung,Aqua,30.175968586387448,31.55000000000001,,23.650000000000034
2023-09-15,Mandung,Aqua,28.190000000000055,28.190000000000055,20.575340314136152,19.850000000000023
2023-09-16,Mandung,Aqua,,29.710000000000036,16.750000000000057,19.910000000000025
2023-09-17,Mandung,Aqua,34.43000000000001,33.150000000000034,18.315340314136176,18.53000000000003
2023-09-21,Mandung,Aqua,34.237958115183275,35.370000000000005,,20.950000000000045
2023-09-23,Mandung,Aqua,,33.03000000000003,20.870000000000005,21.05000000000001
2023-09-24,Mandung,Aqua,34.32591623036653,34.76000000000005,21.170000000000016,21.370000000000008
2023-09-25,Mandung,Aqua,31.577225130890092,30.890000000000043,,21.870000000000005
2023-09-26,Mandung,Aqua,36.85994764397908,36.03000000000003,,
2023-09-27,Mandung,Aqua,,,21.110000000000014,17.690000000000055
2023-09-28,Mandung,Aqua,36.17701570680632,35.46179487179491,22.92908571428575,22.850000000000023
2023-09-29,Mandung,Aqua,29.949057591623074,31.430000000000007,21.948952879581167,22.130000000000052
2023-09-30,Mandung,Aqua,32.73387434554976,34.870000000000005,21.414000000000044,21.05000000000001
2023-10-01,Mandung,Aqua,35.72361256544507,35.63715378079869,,21.010000000000048
2023-10-03,Mandung,Aqua,,33.27000000000004,20.89502617801051,20.410000000000025
2023-10-05,Mandung,Aqua,,36.29000000000002,21.433560209424108,22.05000000000001
2023-10-06,Mandung,Aqua,27.730000000000018,27.730000000000018,,22.390000000000043
2023-10-08,Mandung,Aqua,33.870000000000005,35.98333333333335,,
2023-10-09,Mandung,Aqua,32.23000000000002,32.190000000000055,,23.77000000000004
2023-10-10,Mandung,Aqua,37.0521989528796,36.31,22.27628930817612,22.49000000000001
2023-10-11,Mandung,Aqua,,,22.955654450261807,22.730000000000018
2023-10-12,Mandung,Aqua,35.99994764397906,35.51397260273978,22.26130890052359,21.890000000000043
2023-10-13,Mandung,Aqua,,,22.350732984293224,22.310000000000002
2023-10-15,Mandung,Aqua,37.29806282722516,37.83000000000004,,
2023-10-17,Mandung,Aqua,36.52926701570684,35.33000000000004,,19.310000000000002
2023-10-19,Mandung,Aqua,37.12643979057594,36.25680000000005,,23.090000000000032
2023-10-20,Mandung,Aqua,36.91439790575918,37.370000000000005,22.676282722513136,22.410000000000025
2023-10-21,Mandung,Aqua,34.86581151832465,34.83000000000004,19.443089005235617,20.010000000000048
2023-10-22,Mandung,Aqua,35.727801047120465,35.22000000000003,,
2023-10-24,Mandung,Aqua,36.911675392670176,36.09000000000003,,
2023-10-26,Mandung,Aqua,35.64643979057593,35.51000000000005,,23.470000000000027
2023-10-28,Mandung,Aqua,28.887696335078566,30.07000000000005,,24.610000000000014
2023-10-29,Mandung,Aqua,38.74832460732986,38.01000000000005,,
2023-10-31,Mandung,Aqua,37.10654450261784,37.63000000000005,,
2023-11-04,Mandung,Aqua,26.686649214659727,27.110000000000014,,23.810000000000002
2023-11-05,Mandung,Aqua,35.88759162303668,35.43000000000001,20.598167539267045,21.07000000000005
2023-11-07,Mandung,Aqua,,34.13000000000005,14.127500000000017,17.090000000000032
2023-11-10,Mandung,Aqua,35.257643979057626,35.39000000000004,,
2023-11-17,Mandung,Aqua,36.68445026178014,36.76000000000005,,
2023-11-19,Mandung,Aqua,35.869057591623054,35.27000000000004,,
2023-11-26,Mandung,Aqua,35.32287958115186,35.23000000000002,,
2023-12-03,Mandung,Aqua,33.53000000000003,33.190000000000055,,
2023-12-15,Mandung,Aqua,31.70920000000004,31.170000000000016,,
2023-12-16,Mandung,Aqua,27.26078534031418,26.750000000000057,,
2023-12-17,Mandung,Aqua,,,18.428000000000022,19.930000000000007
2023-12-20,Mandung,Aqua,33.878376963350796,33.450000000000045,20.29000000000002,20.29000000000002
2023-12-22,Mandung,Aqua,35.45774869109952,35.11000000000001,22.435026178010474,22.250000000000057
2023-12-23,Mandung,Aqua,,,21.51607329842935,22.110000000000014
2023-12-29,Mandung,Aqua,29.57000000000005,29.430000000000007,,
2024-01-10,Mandung,Aqua,34.414293193717306,33.910000000000025,,
2024-01-13,Mandung,Aqua,33.86706806282725,34.43000000000001,,
2024-02-05,Mandung,Aqua,,,24.098586387434597,24.05000000000001
2024-02-15,Mandung,Aqua,,31.150000000000034,23.015654450261824,23.010000000000048
2024-02-16,Mandung,Aqua,,,23.2860209424084,23.650000000000034
2024-02-20,Mandung,Aqua,35.06937172774871,35.05000000000001,,
2024-03-15,Mandung,Aqua,30.296666666666685,29.79000000000002,,
2024-03-17,Mandung,Aqua,32.98287958115188,33.210000000000036,,
2024-03-19,Mandung,Aqua,33.518691099476484,33.59000000000003,,23.850000000000023
2024-03-20,Mandung,Aqua,,,19.942670157068104,19.910000000000025
2024-03-22,Mandung,Aqua,33.16403141361261,33.25000000000006,,
2024-03-24,Mandung,Aqua,,,21.698376963350814,21.590000000000032
2024-03-27,Mandung,Aqua,29.976666666666706,30.510000000000048,,
2024-03-29,Mandung,Aqua,32.7188607594937,32.93000000000001,22.120366492146626,22.210000000000036
2024-03-30,Mandung,Aqua,,,21.32842931937175,19.950000000000045
2024-04-02,Mandung,Aqua,,,24.216666666666715,23.670000000000016
2024-04-05,Mandung,Aqua,32.08089005235604,32.170000000000016,,
2024-04-12,Mandung,Aqua,25.236666666666697,28.190000000000055,,
2024-04-13,Mandung,Aqua,,,21.47607329842933,21.150000000000034
2024-04-15,Mandung,Aqua,35.471465968586415,34.85000000000002,,
2024-04-27,Mandung,Aqua,32.27083769633509,29.91861607142859,,
2024-04-29,Mandung,Aqua,,,20.583926701570704,21.690000000000055
2024-05-01,Mandung,Aqua,,28.930000000000007,22.61240837696339,24.130000000000052
2024-05-02,Mandung,Aqua,31.70947643979061,29.930000000000007,,
2024-05-04,Mandung,Aqua,34.16748691099478,33.910000000000025,20.8992146596859,20.810000000000002
2024-05-05,Mandung,Aqua,,,19.88246073298434,21.33000000000004
2024-05-06,Mandung,Aqua,31.505189873417756,31.410000000000025,,22.33000000000004
2024-05-07,Mandung,Aqua,,28.690000000000055,21.219424083769656,21.11000000000001
2024-05-11,Mandung,Aqua,34.21879581151836,33.55000000000001,23.453979057591653,23.170000000000016
2024-05-12,Mandung,Aqua,30.436073298429342,30.49000000000001,21.582774869109993,21.630000000000052
2024-05-13,Mandung,Aqua,32.135968586387484,31.79000000000002,,20.49000000000001
2024-05-14,Mandung,Aqua,34.76602094240843,34.23000000000002,,
2024-05-16,Mandung,Aqua,33.941204188481706,33.210000000000036,,11.490000000000009
2024-05-17,Mandung,Aqua,,,16.762658227848117,20.29000000000002
2024-05-18,Mandung,Aqua,30.272000000000016,30.590000000000032,20.057539267015745,22.55000000000001
2024-05-20,Mandung,Aqua,28.710000000000036,28.710000000000036,,21.810000000000002
2024-05-22,Mandung,Aqua,,,21.610000000000014,22.33000000000004
2024-05-28,Mandung,Aqua,32.61600000000003,32.01000000000005,22.04623036649216,21.750000000000057
2024-05-29,Mandung,Aqua,,,20.78235602094243,21.69000000000005
2024-06-02,Mandung,Aqua,32.02400000000003,31.58478260869569,,
2024-06-04,Mandung,Aqua,29.387172774869146,29.310000000000002,,
2024-06-05,Mandung,Aqua,30.867382198952914,30.970000000000027,,
2024-06-06,Mandung,Aqua,26.590000000000032,26.250000000000057,22.000157068062855,22.49000000000001
2024-06-11,Mandung,Aqua,,28.350000000000023,21.77000000000004,22.390000000000043
2024-06-12,Mandung,Aqua,30.707801047120466,30.630000000000052,,
2024-06-13,Mandung,Aqua,,,22.289685863874368,22.57000000000005
2024-06-14,Mandung,Aqua,,30.850000000000023,19.660890052356045,19.950000000000045
2024-06-18,Mandung,Aqua,27.673455497382214,29.710000000000036,,21.83000000000004
2024-06-21,Mandung,Aqua,30.43178010471208,31.53000000000003,21.5273426573427,21.33000000000004
2024-06-25,Mandung,Aqua,,,19.245287958115203,19.930000000000007
2024-06-26,Mandung,Aqua,,,20.076387434555,19.890000000000043
2024-06-27,Mandung,Aqua,,,21.084764397905783,21.130000000000052
2024-06-28,Mandung,Aqua,30.706649214659727,30.870000000000005,15.050000000000011,20.150000000000034
2024-06-29,Mandung,Aqua,31.150000000000055,31.010000000000048,,
2024-07-05,Mandung,Aqua,25.88895287958118,27.390000000000043,,21.05000000000001
2024-07-08,Mandung,Aqua,31.774502617801083,31.410000000000025,,
2024-07-10,Mandung,Aqua,,,18.676835443038023,20.310000000000002
2024-07-11,Mandung,Aqua,30.09429319371732,29.53000000000003,,
2024-07-12,Mandung,Aqua,26.794228571428583,26.170000000000016,,21.53000000000003
2024-07-13,Mandung,Aqua,25.997539267015757,30.79000000000002,,18.99000000000001
2024-07-14,Mandung,Aqua,27.44486910994767,28.390000000000043,,20.950000000000045
2024-07-15,Mandung,Aqua,27.210000000000036,28.210000000000036,,20.730000000000018
2024-07-16,Mandung,Aqua,30.5860209424084,30.870000000000008,21.116808510638325,21.29000000000002
2024-07-17,Mandung,Aqua,30.351884816753962,30.190000000000055,21.690000000000055,21.390000000000043
2024-07-18,Mandung,Aqua,,30.250000000000057,19.82664921465972,19.470000000000027
2024-07-20,Mandung,Aqua,30.44832460732988,31.07000000000005,16.914083769633557,18.350000000000023
2024-07-22,Mandung,Aqua,,,21.000440251572364,20.55000000000001
2024-07-23,Mandung,Aqua,29.01000000000001,29.190000000000055,,
2024-07-24,Mandung,Aqua,,,19.690000000000055,20.390000000000043
2024-07-26,Mandung,Aqua,,26.07000000000005,19.934607329842976,20.730000000000018
2024-07-27,Mandung,Aqua,,,19.88151832460737,20.53000000000003
2024-07-31,Mandung,Aqua,,,20.75666666666668,21.29000000000002
2024-08-01,Mandung,Aqua,,,21.068000000000016,21.29000000000002
2024-08-02,Mandung,Aqua,,25.510000000000048,21.653246073298465,21.79000000000002
2024-08-03,Mandung,Aqua,29.478586387434568,29.510000000000044,,21.930000000000007
2024-08-04,Mandung,Aqua,31.83000000000004,32.35000000000002,,
2024-08-05,Mandung,Aqua,,,21.357421383647836,21.730000000000018
2024-08-08,Mandung,Aqua,22.824345549738247,22.590000000000032,,21.910000000000025
2024-08-11,Mandung,Aqua,32.55816753926705,32.75000000000006,19.583333333333353,19.930000000000007
2024-08-14,Mandung,Aqua,32.41481675392674,31.750000000000057,,
2024-08-15,Mandung,Aqua,27.838167539267044,27.510000000000048,,20.03000000000003
2024-08-18,Mandung,Aqua,31.57000000000005,31.05000000000001,,21.07000000000005
2024-08-19,Mandung,Aqua,30.75450261780108,30.210000000000036,18.843612565445046,19.05000000000001
2024-08-20,Mandung,Aqua,28.210000000000036,27.650000000000034,,20.730000000000018
2024-08-23,Mandung,Aqua,,,20.766439790575948,20.79000000000002
2024-08-24,Mandung,Aqua,,,19.061832460732997,19.05000000000001
2024-08-25,Mandung,Aqua,25.72225130890056,26.130000000000052,20.210000000000036,20.110000000000014
2024-08-26,Mandung,Aqua,32.78895287958119,32.98333333333335,,
2024-08-28,Mandung,Aqua,,29.430000000000007,10.771047120418896,11.990000000000009
2024-08-29,Mandung,Aqua,,28.33000000000004,20.59743455497386,21.03000000000003
2024-08-30,Mandung,Aqua,,,19.77000000000004,19.850000000000023
2024-09-01,Mandung,Aqua,,,19.687905759162327,21.170000000000016
2024-09-02,Mandung,Aqua,33.62591623036653,33.77000000000004,19.64329842931941,19.590000000000032
2024-09-04,Mandung,Aqua,,,20.6044680851064,21.910000000000025
2024-09-05,Mandung,Aqua,29.598085106383,30.730000000000018,20.554188481675407,21.150000000000034
2024-09-06,Mandung,Aqua,28.22172774869113,28.910000000000025,21.785916230366524,21.77000000000004
2024-09-08,Mandung,Aqua,,,17.77000000000004,18.750000000000057
2024-09-09,Mandung,Aqua,32.263333333333364,31.390000000000043,21.84916230366496,21.83000000000004
2024-09-10,Mandung,Aqua,31.349685863874377,31.03000000000003,17.830628272251342,18.390000000000043
2024-09-11,Mandung,Aqua,27.89345549738222,29.79000000000002,,22.49000000000001
2024-09-12,Mandung,Aqua,33.447777777777816,32.85856502242154,,
2024-09-14,Mandung,Aqua,33.47282722513092,33.309999999999995,21.350000000000023,21.710000000000036
2024-09-16,Mandung,Aqua,,,18.91188481675395,19.310000000000002
2024-09-17,Mandung,Aqua,33.71931937172778,33.70172690763057,,
2024-09-19,Mandung,Aqua,33.460261780104744,33.80385135135136,,
2024-09-23,Mandung,Aqua,28.79000000000002,28.79000000000002,,22.730000000000018
2024-09-24,Mandung,Aqua,,,21.539842931937212,21.410000000000025
2024-09-26,Mandung,Aqua,,,21.073404255319172,21.210000000000036
2024-09-27,Mandung,Aqua,,33.07000000000005,20.406753926701594,20.410000000000025
2024-09-28,Mandung,Aqua,28.887382198952903,30.010000000000048,,24.110000000000014
2024-09-29,Mandung,Aqua,34.964554973822004,34.31,,
2024-10-05,Mandung,Aqua,,,22.622765957446845,23.07000000000005
2024-10-06,Mandung,Aqua,34.47513089005239,34.170000000000016,21.62486910994767,21.910000000000025
2024-10-07,Mandung,Aqua,,,15.320638297872392,17.410000000000025
2024-10-08,Mandung,Aqua,32.68111111111116,32.53000000000004,,22.430000000000007
2024-10-10,Mandung,Aqua,,,21.617329842931976,22.07000000000005
2024-10-11,Mandung,Aqua,36.61450261780107,35.98851179673322,20.328219895287965,20.470000000000027
2024-10-12,Mandung,Aqua,,,23.18204188481677,22.450000000000045
2024-10-13,Mandung,Aqua,29.066170212766007,30.750000000000057,,24.210000000000036
2024-10-14,Mandung,Aqua,35.94926701570684,35.610000000000014,,
2024-10-16,Mandung,Aqua,32.03000000000003,33.05000000000001,,
2024-10-18,Mandung,Aqua,,,21.011570680628285,22.170000000000012
2024-10-20,Mandung,Aqua,,27.370000000000005,21.68643979057594,21.890000000000043
2024-10-21,Mandung,Aqua,34.204000000000015,34.55000000000001,,
2024-10-23,Mandung,Aqua,,32.27000000000004,21.820680628272285,20.410000000000025
2024-10-24,Mandung,Aqua,,33.27000000000004,20.83000000000004,20.83000000000004
2024-10-26,Mandung,Aqua,35.97125654450265,35.52000000000004,20.11617801047123,20.134673178061657
2024-10-27,Mandung,Aqua,,,23.021489361702155,23.210000000000036
2024-10-28,Mandung,Aqua,34.98664921465973,35.07000000000004,22.34968586387436,23.410000000000025
2024-10-29,Mandung,Aqua,32.31,32.07000000000005,,
2024-11-02,Mandung,Aqua,29.77659685863876,28.83000000000004,22.412278481012695,22.690000000000055
2024-11-05,Mandung,Aqua,33.86421383647802,33.29000000000002,,
2024-11-12,Mandung,Aqua,,,19.68130890052358,20.510000000000048
2024-11-13,Mandung,Aqua,,30.810000000000002,22.817958115183277,23.190000000000055
2024-11-15,Mandung,Aqua,32.73544502617806,32.690000000000055,,
2024-12-24,Mandung,Aqua,32.60191489361705,33.07000000000005,,
2025-02-05,Mandung,Aqua,33.69000000000002,33.93000000000001,,
2025-02-14,Mandung,Aqua,,,22.710000000000036,23.150000000000034
2025-02-28,Mandung,Aqua,,28.99000000000001,22.40371727748695,23.03000000000003
2025-03-01,Mandung,Aqua,31.622146596858673,30.79000000000002,,23.650000000000034
2025-03-02,Mandung,Aqua,36.11062827225133,35.370000000000005,,
2025-03-06,Mandung,Aqua,33.27041884816756,31.010000000000048,,
2025-03-12,Mandung,Aqua,36.216910994764426,35.413648351648376,,
2025-04-03,Mandung,Aqua,,,22.8976595744681,23.010000000000048
2025-04-05,Mandung,Aqua,30.890000000000043,29.610000000000014,,
2025-04-11,Mandung,Aqua,,29.33000000000004,16.088324607329877,16.610000000000014
2025-04-12,Mandung,Aqua,,,22.190000000000055,22.03000000000003
2025-04-16,Mandung,Aqua,,30.910000000000025,20.696666666666708,20.49000000000001
2025-04-21,Mandung,Aqua,,,18.657853403141377,17.810000000000002
2025-04-23,Mandung,Aqua,32.00225130890057,31.710000000000036,,
2025-04-24,Mandung,Aqua,31.656282722513136,31.390000000000043,,
2025-04-26,Mandung,Aqua,34.25632911392409,33.39000000000004,21.110837696335118,22.190000000000055
2025-04-27,Mandung,Aqua,32.85973821989532,32.670000000000016,,18.27000000000004
2025-04-29,Mandung,Aqua,31.57000000000005,31.750000000000057,,
2025-05-01,Mandung,Aqua,,28.690000000000055,17.090000000000032,20.55000000000001
2025-05-05,Mandung,Aqua,,,23.589267015706834,23.710000000000036
2025-05-24,Mandung,Aqua,28.33000000000004,29.370000000000005,,
2025-05-29,Mandung,Aqua,32.970523560209465,33.14033333333337,,
2025-06-04,Mandung,Aqua,,28.610000000000014,21.926230366492188,21.870000000000005
2025-06-05,Mandung,Aqua,,29.350000000000023,21.610000000000014,21.79000000000002
2025-06-06,Mandung,Aqua,31.250000000000057,30.83000000000004,,
2025-06-13,Mandung,Aqua,26.444265734265777,25.510000000000048,22.630000000000052,22.630000000000052
2025-06-15,Mandung,Aqua,27.276178010471238,27.370000000000005,22.871256544502653,22.7632243684993
2025-06-16,Mandung,Aqua,30.410523560209445,29.42770897832819,,
2025-06-18,Mandung,Aqua,26.983403141361283,27.35000000000002,,
2025-06-21,Mandung,Aqua,29.960890052356053,30.850000000000023,,
2025-06-27,Mandung,Aqua,,,18.24654450261782,18.410000000000025
2025-06-29,Mandung,Aqua,,28.57000000000005,20.22727748691102,20.55000000000001
2025-07-01,Mandung,Aqua,28.631884816753963,29.010000000000048,,
2025-07-02,Mandung,Aqua,27.090000000000032,27.090000000000032,,
2025-07-08,Mandung,Aqua,,,21.652222222222267,21.090000000000032
2025-07-11,Mandung,Aqua,,,18.636701570680646,19.03000000000003
2025-07-12,Mandung,Aqua,,,14.990000000000009,17.930000000000007
2025-07-16,Mandung,Aqua,,28.890000000000043,19.60926701570683,19.850000000000023
2025-07-18,Mandung,Aqua,26.32015706806285,29.03000000000003,,19.630000000000052
2025-07-19,Mandung,Aqua,29.171675392670195,29.930000000000007,,
2025-07-21,Mandung,Aqua,,,18.99795811518326,19.710000000000036
2025-07-24,Mandung,Aqua,30.949746835443058,31.05000000000001,,
2025-07-25,Mandung,Aqua,,,20.890000000000043,22.03000000000003
2025-07-26,Mandung,Aqua,27.83000000000004,28.57000000000005,,19.170000000000016
2025-07-27,Mandung,Aqua,28.62600000000003,29.29000000000002,19.883403141361274,19.930000000000007
2025-08-03,Mandung,Aqua,29.89753926701573,29.57000000000005,19.777434554973865,19.670000000000016
2025-08-05,Mandung,Aqua,30.210000000000036,29.010000000000048,,18.57000000000005
2025-08-06,Mandung,Aqua,31.25827225130894,30.690000000000055,,
2025-08-07,Mandung,Aqua,28.390000000000043,27.710000000000036,20.59575916230371,20.410000000000025
2025-08-11,Mandung,Aqua,28.40235602094245,29.810000000000002,,
2025-08-12,Mandung,Aqua,,,19.924869109947675,20.07000000000005
2025-08-13,Mandung,Aqua,30.22078534031416,30.050000000000008,19.467486910994786,17.390000000000043
2025-08-14,Mandung,Aqua,25.150000000000034,25.150000000000034,,
2025-08-15,Mandung,Aqua,27.743089005235625,27.47726495726498,21.166335078534058,20.57000000000005
2025-08-16,Mandung,Aqua,30.700890052356048,30.702791878172633,,
2025-08-18,Mandung,Aqua,26.95666666666669,27.170000000000016,20.64445026178013,20.810000000000002
2025-08-20,Mandung,Aqua,,,21.421204188481703,21.910000000000025
2025-08-24,Mandung,Aqua,27.94748691099479,26.510000000000048,,
2025-08-28,Mandung,Aqua,,,18.84600000000003,19.470000000000027
2025-08-31,Mandung,Aqua,,29.350000000000023,18.52926701570683,18.750000000000057
2025-09-01,Mandung,Aqua,29.78685863874348,29.610000000000014,,17.83000000000004
2025-09-02,Mandung,Aqua,30.078272251308928,29.99000000000001,21.836596858638774,22.090000000000032
2025-09-03,Mandung,Aqua,32.0805759162304,32.13000000000005,,
2025-09-04,Mandung,Aqua,27.495968586387445,26.55000000000001,,20.55000000000001
2025-09-06,Mandung,Aqua,,,17.55000000000003,18.27000000000004
2025-09-11,Mandung,Aqua,,,17.940575916230387,17.370000000000005
2025-09-12,Mandung,Aqua,25.28737142857146,25.210000000000036,21.58654450261784,21.690000000000055
2025-09-15,Mandung,Aqua,,,13.670000000000016,17.670000000000016
2025-09-16,Mandung,Aqua,,,20.753246073298442,20.090000000000032
2025-09-21,Mandung,Aqua,27.308638743455546,28.310000000000002,21.170209424083808,21.57000000000005
2025-09-23,Mandung,Aqua,31.560890052356047,31.89000000000004,19.725497382199,18.950000000000045
2025-09-24,Mandung,Aqua,,,22.04560209424088,21.83000000000004
2025-09-25,Mandung,Aqua,,,21.096666666666692,21.710000000000036
2025-09-26,Mandung,Aqua,,,19.430000000000007,19.370000000000005
2025-09-28,Mandung,Aqua,30.570837696335087,30.530000000000026,16.513246073298465,18.810000000000002
2025-10-03,Mandung,Aqua,32.8460209424084,33.03000000000003,,20.27000000000004
2025-10-06,Mandung,Aqua,25.185916230366534,31.03000000000003,,
2025-10-07,Mandung,Aqua,,,21.302565445026218,21.630000000000052
2025-10-08,Mandung,Aqua,32.469581151832486,32.59000000000003,19.210000000000036,21.510000000000048
2025-10-09,Mandung,Aqua,,,20.171884816753973,20.03000000000003
2025-10-13,Mandung,Aqua,31.28350785340315,31.29000000000002,,21.930000000000007
2025-10-14,Mandung,Aqua,,30.33000000000004,21.340785340314174,21.57000000000005
2025-10-15,Mandung,Aqua,29.070209424083785,27.210000000000036,23.12489361702129,23.55000000000001
2025-10-16,Mandung,Aqua,34.0797872340426,33.170000000000016,,
2025-10-17,Mandung,Aqua,,,22.985555555555592,23.150000000000034
2025-10-26,Mandung,Aqua,29.567068062827243,29.510000000000048,,
2025-10-31,Mandung,Aqua,,,21.19523560209428,21.850000000000023
2025-12-03,Mandung,Aqua,,,21.53000000000003,21.53000000000003
2025-12-06,Mandung,Aqua,33.34842931937176,33.20667836257313,,
2026-02-03,Mandung,Aqua,30.64120418848171,30.670000000000016,22.370000000000005,21.650000000000034
2026-02-04,Mandung,Aqua,28.755549738219933,27.33000000000004,,
2026-03-06,Mandung,Aqua,31.823717277486946,32.13388222464563,,
2026-03-11,Mandung,Aqua,30.06141361256548,29.27000000000004,,
2026-03-20,Mandung,Aqua,,,21.29000000000002,22.610000000000014
2026-03-21,Mandung,Aqua,,,22.03366492146601,22.590000000000032
2026-03-28,Mandung,Aqua,,,22.158607594936722,22.310000000000002
2026-03-29,Mandung,Aqua,31.044031413612604,30.670000000000016,,22.350000000000023
2026-03-30,Mandung,Aqua,,,22.410837696335093,22.470000000000027
2026-03-31,Mandung,Aqua,31.721518324607363,30.810000000000002,,
2026-04-01,Mandung,Aqua,31.004893617021292,31.27000000000004,20.92643979057594,20.930000000000007
2026-04-03,Mandung,Aqua,,,21.910000000000025,22.150000000000034
2026-04-11,Mandung,Aqua,30.26486910994767,30.470000000000027,,22.710000000000036
2026-04-12,Mandung,Aqua,,,21.46434554973826,21.750000000000057
2026-04-13,Mandung,Aqua,31.070000000000036,30.30371921182267,,22.350000000000023
2026-04-14,Mandung,Aqua,32.205392670157096,32.57000000000005,,
2026-04-16,Mandung,Aqua,30.59200000000004,31.479263157894756,,23.190000000000055
2026-04-17,Mandung,Aqua,29.352408376963375,31.750000000000057,22.72974683544309,23.110000000000014
2026-04-19,Mandung,Aqua,30.9529319371728,31.03000000000003,,
2026-04-24,Mandung,Aqua,,24.850000000000023,21.141308900523594,20.090000000000032
2026-05-01,Mandung,Aqua,24.784345549738248,24.690000000000058,,23.210000000000036
2026-05-02,Mandung,Aqua,,29.930000000000007,19.723717277486934,19.710000000000036
2026-05-04,Mandung,Aqua,30.221832460733033,30.170000000000016,22.307446808510665,22.57000000000005
2026-05-05,Mandung,Aqua,29.91200000000002,29.970000000000027,,
2026-05-07,Mandung,Aqua,31.549371727748724,31.150000000000034,18.616910994764424,21.350000000000023
2026-05-08,Mandung,Aqua,,,20.945078534031424,20.890000000000043
2026-05-09,Mandung,Aqua,,,21.534444444444464,22.150000000000034
2026-05-12,Mandung,Aqua,27.33000000000004,28.950000000000045,13.130000000000052,19.450000000000045
2026-05-15,Mandung,Aqua,30.343717277486938,30.77000000000004,17.535235602094268,16.910000000000025
2026-05-19,Mandung,Aqua,,,22.53000000000003,22.55000000000001
2026-05-20,Mandung,Aqua,,,21.356596858638767,21.750000000000057
2026-05-21,Mandung,Aqua,,,18.55000000000001,19.930000000000007
2026-05-24,Mandung,Aqua,,,21.917958115183264,21.450000000000045
2026-05-25,Mandung,Aqua,,28.05000000000001,11.324683544303815,15.53000000000003
2026-05-26,Mandung,Aqua,,,21.614397905759184,21.090000000000032
2026-05-28,Mandung,Aqua,29.725078534031447,30.450000000000045,,20.190000000000055
2026-05-30,Mandung,Aqua,31.57827225130892,31.950000000000045,,19.430000000000007
2026-05-31,Mandung,Aqua,30.2653926701571,30.07000000000005,,20.630000000000052
2026-06-02,Mandung,Aqua,30.621204188481705,30.590000000000032,,19.710000000000036
2026-06-05,Mandung,Aqua,31.482984293193752,31.670000000000016,,
2026-06-06,Mandung,Aqua,,,20.61534031413615,20.350000000000023
2026-06-07,Mandung,Aqua,31.520785340314152,31.71000000000003,,21.53000000000003
2026-06-08,Mandung,Aqua,29.62099476439795,29.610000000000014,,21.470000000000027
2026-06-09,Mandung,Aqua,29.652303664921494,30.25000000000006,,21.890000000000043
2026-06-14,Mandung,Aqua,28.688848167539312,28.610000000000017,,22.630000000000052
2026-06-15,Mandung,Aqua,31.054397905759192,31.250000000000057,,21.590000000000032
2026-06-16,Mandung,Aqua,28.730000000000018,27.810000000000002,,21.670000000000016
2026-06-17,Mandung,Aqua,31.555654450261812,31.730000000000018,,21.650000000000034
2026-06-18,Mandung,Aqua,28.584450261780127,30.27000000000004,,
2026-06-20,Mandung,Aqua,29.092931937172786,29.810000000000002,,22.590000000000032
2026-06-21,Mandung,Aqua,,,20.610000000000014,21.090000000000032
2026-06-22,Mandung,Aqua,24.210000000000036,25.910000000000025,23.077015706806304,23.210000000000036
2026-06-23,Mandung,Aqua,31.32539267015709,31.420000000000016,,
2026-06-26,Mandung,Aqua,27.643403141361304,27.690000000000055,,
2026-06-27,Mandung,Aqua,24.00574468085109,26.610000000000014,19.982405063291168,21.510000000000048
2026-06-28,Mandung,Aqua,30.130000000000045,29.550000000000015,21.070425531914903,22.090000000000032
2026-06-29,Mandung,Aqua,29.14643979057596,29.150000000000034,,21.110000000000014
2026-06-30,Mandung,Aqua,31.545602094240866,30.870000000000005,20.179319371727775,20.350000000000023
2026-07-01,Mandung,Aqua,28.977748691099503,29.57000000000005,,
2026-07-02,Mandung,Aqua,27.85115183246078,27.79000000000002,,20.29000000000002
2026-07-03,Mandung,Aqua,,,18.753141361256567,18.650000000000034
2026-07-05,Mandung,Aqua,27.03000000000003,27.230000000000018,,20.27000000000004
2026-07-06,Mandung,Aqua,29.764869109947682,29.730000000000018,,
2026-07-08,Mandung,Aqua,29.27544502617805,29.479900990099026,,15.970000000000027
2026-07-09,Mandung,Aqua,29.114502617801055,28.99000000000001,16.362251308900554,16.410000000000025
2026-07-10,Mandung,Aqua,28.335654450261814,28.010000000000048,,17.55000000000001
2026-07-11,Mandung,Aqua,27.91994764397908,28.929327731092446,18.535654450261795,18.650000000000034
2026-07-13,Mandung,Aqua,31.462356020942433,31.170000000000016,,19.470000000000027
2026-07-14,Mandung,Aqua,30.819367088607628,29.950000000000045,,
2026-07-16,Mandung,Aqua,32.113036649214685,31.630000000000052,,20.970000000000027
2026-07-17,Mandung,Aqua,,,21.20780104712043,21.25671875000005
2026-07-18,Mandung,Aqua,27.871465968586406,28.810000000000002,,21.110000000000014
2026-07-19,Mandung,Aqua,28.302041884816777,28.55000000000001,,
2026-07-21,Mandung,Aqua,,,19.835863874345556,20.27000000000004
2026-07-23,Mandung,Aqua,24.627172774869145,24.27000000000004,20.07867132867137,19.950000000000045
2026-07-24,Mandung,Aqua,26.850000000000023,27.07000000000005,,15.590000000000032
2026-07-28,Mandung,Aqua,,,19.74446808510642,20.730000000000018
2026-07-29,Mandung,Aqua,27.071256544502635,27.970000000000027,18.09324607329847,18.710000000000036
2026-07-30,Mandung,Aqua,,,17.397434554973845,16.55000000000001
2026-08-03,Mandung,Aqua,31.296596858638775,31.230000000000015,21.150000000000034,21.27000000000004
2026-08-04,Mandung,Aqua,27.130000000000052,28.79000000000002,20.520890052356062,20.77000000000004
2026-08-05,Mandung,Aqua,28.675863874345566,28.91000000000003,,21.950000000000045
2026-08-06,Mandung,Aqua,30.755863874345582,30.579165562913946,,
2026-08-08,Mandung,Aqua,27.59327044025161,28.33000000000004,21.6267539267016,20.890000000000043
2026-08-09,Mandung,Aqua,27.779947643979078,27.150000000000034,,12.53000000000003
2026-08-11,Mandung,Aqua,29.910000000000025,29.09000000000003,,20.430000000000007
2026-08-12,Mandung,Aqua,29.300471204188497,28.55000000000001,,
2026-08-13,Mandung,Aqua,28.575968586387454,28.810000000000002,,21.010000000000048
2026-08-16,Mandung,Aqua,30.639319371727787,30.360000000000014,20.572222222222262,20.470000000000027
2026-08-17,Mandung,Aqua,28.876596858638766,28.950000000000045,20.607777777777805,20.55000000000001
2026-08-18,Mandung,Aqua,31.013874345549766,30.650000000000034,18.586963350785354,20.07000000000005
2026-08-19,Mandung,Aqua,29.93471204188483,29.010000000000048,,
2026-08-21,Mandung,Aqua,30.450314136125684,30.01445255474457,,20.430000000000007
2026-08-24,Mandung,Aqua,30.515759162303706,30.850000000000023,,20.57000000000005
2026-08-26,Mandung,Aqua,31.80015706806286,31.370000000000005,21.22202797202799,20.850000000000023
2026-08-27,Mandung,Aqua,30.444031413612603,30.150000000000034,,
2026-08-29,Mandung,Aqua,27.980785340314174,28.970000000000027,,20.710000000000036
2026-09-03,Mandung,Aqua,31.860890052356055,31.610000000000017,,21.110000000000014
2026-09-04,Mandung,Aqua,29.520632911392443,29.630000000000052,,17.77000000000004
2026-09-05,Mandung,Aqua,20.136806282722542,22.910000000000025,20.34600000000001,20.410000000000025
2026-09-06,Mandung,Aqua,,,14.64078534031415,16.230000000000018
2026-09-07,Mandung,Aqua,,,20.397643979057623,19.930000000000007
2026-09-10,Mandung,Aqua,,,20.166000000000036,19.930000000000007
2026-09-11,Mandung,Aqua,,28.590000000000032,19.700471204188503,19.170000000000016
2026-09-12,Mandung,Aqua,29.275968586387457,28.670000000000016,20.486544502617825,20.350000000000023
2026-09-13,Mandung,Aqua,31.50465968586391,31.310000000000006,22.850000000000023,22.83000000000004
2026-09-16,Mandung,Aqua,31.647801047120467,31.86881918819189,,
2026-09-17,Mandung,Aqua,32.108743455497425,31.690000000000055,18.658900523560238,19.370000000000005
2026-09-18,Mandung,Aqua,27.615130890052388,28.170000000000016,22.768481012658267,22.298978873239445
2026-09-19,Mandung,Aqua,31.50047120418849,31.53000000000003,21.560994764397943,21.610000000000014
2026-09-20,Mandung,Aqua,28.793769633507864,28.710000000000036,,21.730000000000018
