date,sensor,day_tpa,day_ring,night_tpa,night_ring
2019-01-02,Terra,29.557853403141387,30.77000000000004,,
2019-01-03,Terra,32.01000000000005,25.110000000000014,,
2019-01-04,Terra,29.505183246073333,30.450000000000045,,
2019-01-06,Terra,29.515759162303674,29.930000000000007,,21.77000000000004
2019-01-11,Terra,28.758586387434583,30.690000000000055,,
2019-02-03,Terra,23.99000000000001,26.99000000000001,,
2019-02-04,Terra,29.37073298429321,28.730000000000018,,
2019-02-10,Terra,30.090000000000032,29.370000000000005,,
2019-02-12,Terra,26.71785340314139,27.33000000000004,,
2019-02-14,Terra,28.981518324607364,30.759388753056278,,
2019-02-17,Terra,32.33000000000004,33.450000000000045,,
2019-02-19,Terra,26.03356020942413,28.910000000000025,,
2019-02-21,Terra,25.304450261780143,25.710000000000036,,
2019-02-22,Terra,24.470000000000027,24.510000000000048,,
2019-02-23,Terra,28.742356020942445,29.890000000000043,,
2019-02-25,Terra,31.45575916230367,31.480810810810826,,
2019-02-28,Terra,21.996387434555007,26.430000000000007,,
2019-03-13,Terra,29.982146596858655,29.670000000000016,,
2019-03-15,Terra,26.854397905759182,29.590000000000035,,
2019-03-20,Terra,28.87062827225136,30.950000000000045,,
2019-03-21,Terra,31.63659685863876,31.210000000000036,,
2019-03-25,Terra,29.727172774869143,31.30000000000001,,
2019-03-29,Terra,30.907905759162354,31.190000000000055,,
2019-04-01,Terra,28.835026178010516,29.70490049751248,,
2019-04-03,Terra,27.72968586387438,29.910000000000025,,
2019-04-06,Terra,26.144136125654494,27.090000000000032,,
2019-04-07,Terra,29.454502617801083,30.670000000000016,,
2019-04-10,Terra,25.989371727748715,27.48082802547772,,
2019-04-12,Terra,26.10570680628276,28.930000000000007,,
2019-04-17,Terra,28.440157068062852,29.630000000000052,,
2019-04-23,Terra,26.130000000000052,25.55000000000001,,
2019-04-25,Terra,28.77073298429321,29.77000000000004,,
2019-04-26,Terra,28.084973821989553,29.260039682539727,,
2019-05-03,Terra,27.31418848167542,29.850000000000023,,
2019-05-05,Terra,26.612827225130914,29.482469437652828,,
2019-05-09,Terra,28.255130890052392,28.517331288343602,,
2019-05-12,Terra,26.302356020942447,28.356901217861992,,
2019-05-13,Terra,25.44214659685867,25.810000000000002,,19.370000000000005
2019-05-16,Terra,27.948638743455525,28.85000000000002,,
2019-05-17,Terra,25.407172774869128,26.910000000000025,,
2019-05-19,Terra,28.875026178010483,29.670000000000012,,18.670000000000016
2019-05-20,Terra,26.870000000000005,26.870000000000005,20.31293193717281,20.29000000000002
2019-05-21,Terra,28.185811518324638,29.150000000000034,,
2019-05-23,Terra,25.57303664921469,27.58465517241383,,
2019-05-24,Terra,25.904973821989547,26.53000000000003,,
2019-05-25,Terra,28.93931937172779,29.47000000000003,,21.03000000000003
2019-05-26,Terra,28.78717277486915,29.590000000000032,,18.49000000000001
2019-05-27,Terra,27.298586387434604,27.63000000000005,22.250000000000057,22.370000000000005
2019-05-28,Terra,28.03586387434557,28.850000000000023,20.00570680628274,21.210000000000036
2019-05-30,Terra,26.395235602094285,27.510000000000048,,
2019-06-01,Terra,27.865078534031436,28.922491349480985,,
2019-06-04,Terra,22.205811518324637,23.350000000000023,,
2019-06-05,Terra,27.21785340314139,27.79000000000002,,22.450000000000045
2019-06-06,Terra,25.390837696335105,26.650000000000034,21.334293193717293,21.170000000000016
2019-06-09,Terra,28.461413612565465,28.91000000000003,,
2019-06-10,Terra,29.05502617801049,29.710000000000036,22.224973821989543,22.110000000000014
2019-06-11,Terra,24.23429319371733,26.77000000000004,,
2019-06-12,Terra,27.99146596858642,28.970000000000027,,
2019-06-13,Terra,28.014607329842974,29.022487804878086,17.679319371727804,20.450000000000045
2019-06-15,Terra,29.28026178010474,29.670000000000016,,22.03000000000003
2019-06-17,Terra,28.416492146596877,29.370000000000005,,
2019-06-18,Terra,28.452827225130925,28.570000000000054,21.21785340314139,20.77000000000004
2019-06-19,Terra,27.090000000000032,28.050000000000008,,
2019-06-20,Terra,22.03000000000003,23.30000000000001,20.77000000000004,20.350000000000023
2019-06-21,Terra,24.810000000000002,25.55000000000001,,
2019-06-22,Terra,25.776701570680657,26.650000000000034,,
2019-06-24,Terra,27.22235602094243,28.58000000000004,,
2019-06-25,Terra,28.892827225130915,29.170000000000016,,
2019-06-26,Terra,28.829371727748725,29.390000000000043,20.710000000000036,21.170000000000016
2019-06-27,Terra,28.61429319371732,29.450000000000045,,17.630000000000052
2019-06-29,Terra,29.155968586387484,30.130000000000052,,
2019-06-30,Terra,27.002146596858676,26.930000000000007,20.518481675392696,21.110000000000014
2019-07-01,Terra,29.760261780104724,30.77000000000004,21.179319371727804,21.090000000000032
2019-07-03,Terra,28.326544502617853,28.730000000000018,,21.890000000000043
2019-07-06,Terra,26.474188481675426,26.750000000000057,,20.350000000000023
2019-07-08,Terra,28.440052356020963,29.890000000000043,19.73230366492151,19.79000000000002
2019-07-09,Terra,,,18.670000000000016,17.350000000000023
2019-07-10,Terra,28.242251308900556,29.260888119953908,,21.630000000000052
2019-07-11,Terra,27.423507853403176,27.690000000000055,,
2019-07-12,Terra,29.377958115183272,29.868021978021986,,20.930000000000007
2019-07-13,Terra,29.1793193717278,30.050000000000015,,18.970000000000027
2019-07-14,Terra,28.00361256544505,28.450000000000045,20.31785340314138,19.70486146095722
2019-07-15,Terra,28.759319371727788,30.130000000000056,,16.010000000000048
2019-07-16,Terra,25.870000000000005,25.83000000000004,,
2019-07-17,Terra,28.724554973822013,30.30000000000001,17.03000000000003,17.29000000000002
2019-07-21,Terra,29.034293193717303,29.290447204968963,21.936492146596898,21.930000000000007
2019-07-22,Terra,29.671675392670192,30.70453961456107,,19.370000000000005
2019-07-23,Terra,28.03356020942413,28.310000000000002,,
2019-07-26,Terra,28.436073298429367,30.05000000000001,,13.430000000000007
2019-07-27,Terra,27.89858638743457,27.55000000000001,,
2019-07-28,Terra,29.688638743455535,31.02000000000004,22.7577486910995,21.210000000000036
2019-07-29,Terra,29.039947643979076,30.195872576177333,,
2019-07-30,Terra,28.610000000000014,29.360000000000014,,21.850000000000023
2019-07-31,Terra,31.35963350785343,33.09532374100722,20.105078534031446,20.27000000000004
2019-08-01,Terra,28.03712041884818,28.27000000000004,,18.890000000000043
2019-08-02,Terra,30.825916230366534,32.08095744680855,,
2019-08-04,Terra,31.558062827225154,32.76040229885062,,
2019-08-05,Terra,28.650000000000034,29.330000000000037,,
2019-08-06,Terra,29.310000000000002,30.230000000000018,,
2019-08-08,Terra,28.832827225130917,28.630000000000052,,
2019-08-09,Terra,27.987277486911022,29.53000000000003,,20.850000000000023
2019-08-11,Terra,29.63732984293197,31.57000000000005,15.330000000000041,18.930000000000007
2019-08-13,Terra,27.755130890052392,29.130000000000052,21.258481675392705,21.610000000000014
2019-08-14,Terra,29.33000000000004,30.650000000000034,19.735026178010497,19.510000000000048
2019-08-15,Terra,30.210000000000036,29.810000000000006,,
2019-08-16,Terra,28.992931937172816,30.777264957264993,,
2019-08-17,Terra,28.717120418848186,28.07000000000005,,22.110000000000014
2019-08-18,Terra,33.240890052356036,35.03000000000003,,
2019-08-20,Terra,22.360680628272277,24.470000000000027,,
2019-08-21,Terra,30.813560209424104,31.71000000000004,,
2019-08-22,Terra,,29.010000000000048,21.369371727748714,21.07000000000005
2019-08-23,Terra,31.07869109947649,32.08795454545458,,
2019-08-25,Terra,32.576701570680676,34.410000000000025,,
2019-08-27,Terra,30.528219895287982,32.64980582524275,,18.230000000000018
2019-08-29,Terra,26.670000000000016,30.890000000000043,21.07000000000005,21.310000000000002
2019-08-30,Terra,29.33848167539271,30.91000000000003,,
2019-08-31,Terra,31.747172774869128,32.33000000000004,21.026439790575928,21.110000000000014
2019-09-01,Terra,31.697225130890054,33.27000000000004,,20.310000000000002
2019-09-02,Terra,28.83000000000004,29.170000000000016,,
2019-09-03,Terra,29.150000000000034,30.890000000000043,22.110000000000014,21.470000000000027
2019-09-05,Terra,32.70151832460737,32.303098782138036,,20.57000000000005
2019-09-06,Terra,30.55000000000001,31.01000000000005,20.27638743455502,20.610000000000014
2019-09-08,Terra,33.149267015706826,34.150000000000034,21.34497382198954,21.150000000000034
2019-09-09,Terra,29.782146596858666,31.49000000000001,,19.650000000000034
2019-09-10,Terra,34.88371727748695,36.110000000000014,,
2019-09-12,Terra,36.7308376963351,38.01000000000005,18.490104712041923,20.090000000000032
2019-09-13,Terra,30.130732984293225,31.430000000000007,,
2019-09-14,Terra,32.32937172774872,33.670000000000016,17.090000000000032,16.710000000000036
2019-09-15,Terra,31.197853403141412,32.33000000000004,,17.750000000000057
2019-09-16,Terra,26.57000000000005,30.450000000000045,20.90214659685867,20.890000000000043
2019-09-17,Terra,,30.910000000000025,14.837853403141397,15.330000000000041
2019-09-18,Terra,30.55000000000001,31.110000000000014,,
2019-09-19,Terra,32.40183246073303,34.57753323485972,,
2019-09-21,Terra,35.648115183246105,36.41859060402686,,18.83000000000004
2019-09-22,Terra,33.320680628272285,33.51672823219002,19.077853403141404,18.850000000000023
2019-09-23,Terra,31.236492146596873,29.890000000000043,,
2019-09-24,Terra,33.256387434555,34.110000000000014,,22.310000000000002
2019-09-25,Terra,32.88926701570684,33.27000000000004,19.432827225130904,18.05000000000001
2019-09-26,Terra,34.97722513089008,35.480044182621526,,21.150000000000034
2019-09-29,Terra,30.33000000000004,30.310000000000002,,
2019-09-30,Terra,,,22.010000000000048,20.670000000000016
2019-10-01,Terra,33.66769633507858,34.870000000000005,,17.29000000000002
2019-10-02,Terra,33.71146596858642,34.39000000000004,,
2019-10-04,Terra,33.19858638743458,33.910000000000025,22.416387434555002,21.850000000000023
2019-10-05,Terra,38.7660209424084,40.210000000000036,,
2019-10-07,Terra,,33.170000000000016,22.172827225130916,21.263777777777822
2019-10-08,Terra,33.97000000000003,34.610000000000014,,
2019-10-09,Terra,34.76654450261785,36.08273504273508,,22.190000000000055
2019-10-14,Terra,34.57303664921469,36.650000000000034,,23.350000000000023
2019-10-17,Terra,33.32853403141367,33.89000000000004,,
2019-10-20,Terra,29.390000000000043,29.150000000000034,,21.650000000000034
2019-10-21,Terra,37.73020942408379,39.27785714285718,,
2019-10-23,Terra,35.25942408376964,35.39691056910573,,
2019-10-24,Terra,35.176178010471226,35.63000000000005,21.955759162303675,22.05000000000001
2019-10-25,Terra,35.05994764397909,36.27281879194635,21.075654450261823,22.210000000000036
2019-10-26,Terra,35.43701570680631,36.30650485436894,,
2019-10-28,Terra,31.22089005235605,34.09000000000003,,
2019-10-30,Terra,27.930000000000007,33.57000000000005,,19.390000000000043
2019-11-05,Terra,,,21.892827225130915,21.890000000000043
2019-11-06,Terra,36.28455497382201,37.5803225806452,15.910000000000025,17.430000000000007
2019-11-08,Terra,36.86151832460736,37.91038461538464,,
2019-11-09,Terra,33.599214659685906,34.47000000000003,20.97356020942413,20.810000000000002
2019-11-10,Terra,31.347277486911036,32.52147392290254,,
2019-11-11,Terra,30.244240837696378,31.730000000000018,,
2019-11-12,Terra,32.877120418848214,32.83000000000004,,
2019-11-15,Terra,34.48172774869113,36.370000000000005,,
2019-11-16,Terra,33.16926701570684,33.90005917159767,,
2019-11-18,Terra,33.09000000000003,35.72596958174907,,
2019-11-19,Terra,29.010000000000048,32.53000000000003,,
2019-11-20,Terra,30.105078534031446,34.03000000000003,,
2019-11-22,Terra,27.930000000000007,30.07000000000005,,
2019-11-24,Terra,30.890000000000043,34.54320417287632,,
2019-11-26,Terra,31.184973821989576,33.950000000000045,,
2019-11-29,Terra,22.810000000000002,34.02335078534035,,18.150000000000034
2019-12-01,Terra,30.370000000000005,32.25000000000006,,
2019-12-04,Terra,27.390000000000043,30.29000000000002,,
2019-12-08,Terra,29.38214659685867,30.970000000000027,,
2019-12-11,Terra,29.788638743455518,31.55000000000001,,
2019-12-21,Terra,30.07000000000005,31.29000000000002,,
2019-12-24,Terra,29.378900523560244,31.690000000000055,,
2019-12-26,Terra,28.970000000000027,30.650000000000034,,
2019-12-27,Terra,30.410000000000025,31.29000000000002,,
2020-01-14,Terra,28.360785340314187,29.150000000000034,20.769895287958125,20.510000000000048
2020-01-19,Terra,26.890000000000043,27.49000000000001,,
2020-01-27,Terra,28.361099476439804,29.754640582347644,,
2020-02-10,Terra,22.77000000000004,25.130000000000052,,
2020-02-15,Terra,28.731361256544538,29.730000000000018,,
2020-02-26,Terra,27.690000000000055,27.150000000000034,,
2020-03-06,Terra,30.850209424083786,31.143280632411106,,
2020-03-08,Terra,31.286544502617833,29.49000000000001,,
2020-03-10,Terra,30.473560209424136,30.77000000000004,,
2020-03-11,Terra,23.010000000000048,25.79000000000002,,
2020-03-15,Terra,30.125078534031424,30.710000000000036,,
2020-03-17,Terra,28.627172774869155,28.99000000000001,,
2020-03-24,Terra,28.870000000000005,29.83000000000004,,
2020-03-31,Terra,30.964345549738255,31.250000000000053,,
2020-04-05,Terra,28.87010471204192,29.755131195335323,,
2020-04-07,Terra,28.45167539267019,29.230000000000018,,
2020-04-09,Terra,29.77000000000004,29.57852842809369,,
2020-04-12,Terra,28.794293193717294,29.450000000000045,,
2020-04-14,Terra,28.660157068062848,29.64500000000004,,11.470000000000027
2020-04-16,Terra,,26.49000000000001,23.950000000000045,25.190000000000055
2020-04-21,Terra,,,21.590000000000032,21.710000000000036
2020-04-23,Terra,28.48225130890057,28.99000000000001,,
2020-04-26,Terra,25.727905759162347,23.750000000000057,,
2020-05-04,Terra,27.573036649214693,29.42092077087796,,
2020-05-07,Terra,27.37858638743459,29.48080508474578,,
2020-05-12,Terra,28.833560209424085,29.730000000000018,,
2020-05-14,Terra,27.792931937172806,28.430000000000007,,
2020-05-16,Terra,29.10308900523563,30.250000000000057,,
2020-05-23,Terra,29.564450261780134,30.83000000000004,,
2020-05-25,Terra,28.946544502617854,29.972433983926543,,
2020-05-30,Terra,26.928743455497397,28.981514143094856,,
2020-06-03,Terra,28.1342931937173,28.33000000000004,,
2020-06-04,Terra,28.150000000000034,28.390000000000047,,
2020-06-08,Terra,,27.130000000000052,18.310000000000002,18.510000000000048
2020-06-12,Terra,28.61795811518328,29.290000000000017,,20.910000000000025
2020-06-13,Terra,27.384973821989565,28.910000000000025,,11.490000000000009
2020-06-14,Terra,27.74287958115185,28.350000000000023,,23.210000000000036
2020-06-17,Terra,26.60036649214661,27.950000000000045,,
2020-06-21,Terra,25.162879581151866,27.4821140142518,,
2020-06-22,Terra,25.332094240837712,27.090000000000032,,
2020-06-23,Terra,,,19.007801047120466,20.210000000000036
2020-06-25,Terra,,,15.696387434555,15.650000000000034
2020-06-26,Terra,27.3964921465969,28.230000000000015,,15.79000000000002
2020-06-28,Terra,,,21.83000000000004,21.630000000000052
2020-06-29,Terra,28.106439790575966,28.530000000000026,,
2020-06-30,Terra,26.79000000000002,27.730000000000018,,19.910000000000025
2020-07-05,Terra,24.930000000000007,28.110000000000014,21.269267015706834,20.890000000000043
2020-07-06,Terra,26.710000000000036,26.670000000000016,,
2020-07-07,Terra,,,21.00497382198957,21.29000000000002
2020-07-08,Terra,27.79000000000002,28.530000000000033,,
2020-07-11,Terra,,,18.230000000000018,19.170000000000016
2020-07-12,Terra,29.31942408376964,29.83000000000004,21.730000000000018,22.190000000000055
2020-07-17,Terra,28.264659685863887,29.05000000000001,17.870000000000005,18.57000000000005
2020-07-18,Terra,28.54926701570684,28.27000000000004,,12.230000000000018
2020-07-19,Terra,28.700261780104753,29.49000000000001,,20.090000000000032
2020-07-21,Terra,29.488848167539313,29.02303341902318,,22.610000000000014
2020-07-22,Terra,27.647801047120453,27.410000000000025,20.310000000000002,20.350000000000023
2020-07-23,Terra,20.49000000000001,22.83000000000004,,21.930000000000007
2020-07-24,Terra,28.642251308900534,28.77000000000004,16.850000000000023,19.57000000000005
2020-07-25,Terra,26.05994764397909,26.01000000000005,,
2020-07-26,Terra,26.39952879581154,26.950000000000045,20.377853403141383,20.53000000000003
2020-07-29,Terra,27.389267015706835,27.807630662020912,,
2020-07-30,Terra,29.465811518324628,29.83000000000004,,
2020-08-01,Terra,28.605706806282758,28.810000000000002,17.77000000000004,19.79000000000002
2020-08-02,Terra,29.666020942408384,30.485022091310764,,19.470000000000027
2020-08-03,Terra,,27.810000000000002,19.076282722513117,19.590000000000032
2020-08-06,Terra,26.08026178010475,26.13634538152615,,
2020-08-07,Terra,29.115026178010492,29.630000000000052,,
2020-08-08,Terra,,,16.508010471204233,17.090000000000032
2020-08-09,Terra,28.401413612565467,29.970000000000027,15.430000000000007,15.350000000000023
2020-08-10,Terra,26.890000000000043,27.510000000000048,,
2020-08-15,Terra,28.90507853403146,29.370000000000008,,
2020-08-16,Terra,28.17649214659687,29.290000000000017,,
2020-08-17,Terra,28.510732984293217,28.710000000000036,21.22717277486914,20.630000000000052
2020-08-19,Terra,27.70225130890054,27.99000000000001,,20.99000000000001
2020-08-20,Terra,29.05000000000001,30.35000000000002,20.890000000000043,20.83000000000004
2020-08-22,Terra,30.66947643979061,30.417296137339076,,
2020-08-23,Terra,30.099947643979082,30.33000000000004,,16.55000000000001
2020-08-24,Terra,26.773560209424122,27.250000000000057,,
2020-08-25,Terra,30.996492146596896,32.30000000000001,,21.250000000000057
2020-08-26,Terra,30.40643979057592,31.39000000000004,21.090000000000032,21.230000000000018
2020-08-27,Terra,30.76801047120422,32.156666666666695,,20.930000000000007
2020-08-29,Terra,29.424031413612592,29.79000000000002,,19.390000000000043
2020-08-30,Terra,29.557853403141387,29.730000000000018,,
2020-08-31,Terra,31.262984293193746,31.760039370078786,,17.77000000000004
2020-09-01,Terra,26.649162303664955,27.33000000000004,,19.610000000000014
2020-09-07,Terra,31.903507853403173,33.07000000000005,,
2020-09-08,Terra,,,21.79000000000002,21.79000000000002
2020-09-10,Terra,30.77000000000004,31.53000000000003,,
2020-09-12,Terra,33.242984293193764,33.59000000000004,,22.190000000000055
2020-09-14,Terra,31.047382198952903,32.49000000000001,,
2020-09-16,Terra,27.391675392670184,29.070000000000054,18.950000000000045,19.370000000000005
2020-09-17,Terra,29.32151832460737,31.110000000000014,,14.630000000000052
2020-09-18,Terra,,,22.489267015706837,22.170000000000016
2020-09-19,Terra,32.42214659685865,34.04007905138342,,
2020-09-21,Terra,30.65586387434557,31.278355837966668,,
2020-09-23,Terra,32.817958115183266,33.28127272727276,,
2020-09-24,Terra,30.035026178010508,30.53000000000003,,
2020-09-30,Terra,32.240157068062864,33.27000000000004,,
2020-10-01,Terra,33.670000000000016,33.910000000000025,,
2020-10-03,Terra,,,12.050000000000011,12.050000000000011
2020-10-04,Terra,31.01209424083772,31.608929503916464,,
2020-10-07,Terra,32.39230366492148,33.53219858156031,,14.150000000000034
2020-10-16,Terra,29.230000000000018,33.73000000000002,,
2020-10-17,Terra,20.180052356020973,25.970000000000027,,
2020-10-29,Terra,26.910000000000025,26.350000000000023,,
2020-11-08,Terra,29.253141361256578,30.03000000000003,,
2020-11-12,Terra,25.752931937172807,25.710000000000036,,20.27000000000004
2020-11-13,Terra,29.13502617801051,30.010000000000048,,
2020-11-15,Terra,25.010000000000048,30.010000000000048,,
2020-11-17,Terra,29.647277486911012,30.370000000000005,,
2020-11-19,Terra,24.970000000000027,26.310000000000002,,
2020-12-01,Terra,28.97785340314138,30.250000000000057,,
2020-12-24,Terra,29.998691099476478,31.450000000000045,,
2021-01-08,Terra,31.936073298429367,32.57000000000005,,
2021-01-09,Terra,25.610000000000014,28.53000000000003,,
2021-02-12,Terra,27.398795811518337,30.79000000000002,,
2021-02-22,Terra,25.882146596858668,27.550000000000008,,
2021-02-23,Terra,29.564450261780134,27.350000000000023,,
2021-03-06,Terra,31.41649214659689,27.010000000000048,,
2021-03-12,Terra,24.150000000000034,28.99000000000001,,
2021-03-22,Terra,37.06706806282724,37.03000000000003,,
2021-03-23,Terra,29.757958115183268,30.230000000000018,,
2021-03-25,Terra,27.774607329842965,28.750000000000057,,
2021-03-26,Terra,34.63000000000005,33.85000000000002,,
2021-03-28,Terra,30.925706806282758,31.690000000000055,,
2021-04-08,Terra,29.26581151832464,30.862028301886806,,
2021-04-10,Terra,30.490209424083776,31.77000000000004,,
2021-04-12,Terra,30.254293193717306,30.358214285714304,,
2021-04-15,Terra,28.49366492146602,29.550000000000008,,
2021-04-16,Terra,21.130000000000052,21.110000000000014,18.352198952879604,17.090000000000032
2021-04-17,Terra,27.698691099476466,28.410000000000025,,
2021-04-19,Terra,28.82005235602096,29.83000000000004,,21.690000000000055
2021-04-20,Terra,27.82141361256546,28.87,,12.410000000000025
2021-04-21,Terra,29.606439790575966,30.450000000000045,,16.57000000000005
2021-04-22,Terra,29.35931937172778,30.77000000000004,15.24214659685868,15.450000000000045
2021-04-23,Terra,28.669267015706847,29.426459016393455,18.8158638743456,19.970000000000027
2021-04-24,Terra,30.278167539267034,31.142984869326035,19.791570680628308,20.27000000000004
2021-04-26,Terra,28.888743455497433,30.02307692307696,,19.190000000000055
2021-04-27,Terra,26.757853403141414,27.510000000000048,,
2021-05-01,Terra,26.201413612565474,27.470647773279378,,
2021-05-08,Terra,25.82434554973827,29.370000000000005,,
2021-05-09,Terra,,29.970000000000027,18.3592146596859,19.53000000000003
2021-05-10,Terra,29.438795811518354,30.480849909584105,20.235340314136174,20.230000000000018
2021-05-14,Terra,26.8467539267016,29.650000000000034,21.110000000000014,21.99000000000001
2021-05-15,Terra,27.78643979057594,28.985022091310768,,
2021-05-19,Terra,27.250000000000057,28.110000000000014,,
2021-05-22,Terra,26.42141361256548,27.05000000000001,,
2021-05-26,Terra,27.582984293193736,28.92449572649574,21.492827225130906,21.230000000000018
2021-05-27,Terra,,,22.57000000000005,21.03000000000003
2021-05-28,Terra,28.07000000000005,29.510000000000048,,
2021-05-30,Terra,27.160785340314142,28.33000000000004,,
2021-05-31,Terra,,,19.510000000000048,19.07000000000005
2021-06-02,Terra,27.046544502617824,28.630000000000052,,
2021-06-04,Terra,,26.850000000000023,22.017120418848197,22.090000000000032
2021-06-06,Terra,28.16654450261782,29.090000000000032,,
2021-06-07,Terra,27.80214659685865,28.870000000000005,,18.010000000000048
2021-06-08,Terra,28.090000000000032,28.91000000000002,,
2021-06-09,Terra,26.57534031413615,27.850000000000023,,
2021-06-13,Terra,26.810000000000002,27.610000000000014,19.77000000000004,19.53000000000003
2021-06-16,Terra,28.77000000000004,28.53000000000003,,
2021-06-18,Terra,26.822879581151856,28.230000000000018,,
2021-06-20,Terra,27.912931937172814,28.33000000000004,,
2021-06-22,Terra,24.670000000000016,25.77000000000004,,
2021-06-25,Terra,,,19.03000000000003,18.610000000000014
2021-06-27,Terra,26.635235602094276,27.796649214659702,,
2021-06-29,Terra,26.90089005235606,27.730000000000018,,
2021-07-01,Terra,,,21.462146596858673,21.49000000000001
2021-07-02,Terra,25.450000000000045,26.930000000000007,22.053560209424116,21.55000000000001
2021-07-03,Terra,26.810000000000002,26.867288135593228,,19.930000000000007
2021-07-04,Terra,28.07502617801051,29.090000000000032,,16.690000000000055
2021-07-05,Terra,27.382146596858668,27.490000000000006,20.559947643979093,21.310000000000002
2021-07-06,Terra,28.944450261780126,29.58507987220451,20.69649214659689,21.430000000000007
2021-07-08,Terra,,,21.297853403141374,21.450000000000045
2021-07-09,Terra,27.434293193717313,28.150000000000034,,
2021-07-12,Terra,24.704973821989558,24.570194174757333,,
2021-07-13,Terra,28.057958115183276,28.700000000000045,,
2021-07-15,Terra,,20.79000000000002,21.51345549738224,21.170000000000016
2021-07-17,Terra,27.520785340314152,28.290000000000024,21.292827225130917,21.05000000000001
2021-07-18,Terra,28.132198952879637,29.390000000000043,,13.970000000000027
2021-07-20,Terra,27.595759162303718,29.07000000000005,,
2021-07-25,Terra,28.1971204188482,29.170000000000016,,21.690000000000055
2021-07-26,Terra,27.66162303664926,28.210000000000036,,
2021-07-27,Terra,28.457225130890105,29.301584158415857,,
2021-07-28,Terra,27.77785340314139,28.090000000000032,21.341413612565464,20.850000000000023
2021-07-29,Terra,28.972303664921483,29.806504854368935,18.851675392670163,19.33000000000004
2021-07-31,Terra,,,18.740994764397946,19.79000000000002
2021-08-01,Terra,26.385706806282737,26.710000000000036,,
2021-08-02,Terra,28.90863874345553,29.910000000000025,21.912827225130926,17.690000000000055
2021-08-03,Terra,27.642879581151885,29.05000000000001,,16.230000000000018
2021-08-04,Terra,27.690000000000055,27.57000000000005,18.010000000000048,18.07000000000005
2021-08-07,Terra,28.533769633507895,29.110000000000014,22.130000000000052,21.630000000000052
2021-08-09,Terra,25.390000000000043,27.99000000000001,,
2021-08-10,Terra,,,21.410000000000025,21.83000000000004
2021-08-12,Terra,28.72287958115187,29.890000000000043,,
2021-08-14,Terra,27.82151832460737,28.77000000000004,,
2021-08-16,Terra,28.969371727748733,29.430000000000007,20.08696335078537,19.970000000000027
2021-08-17,Terra,29.06141361256547,29.253412969283332,,
2021-08-18,Terra,26.91910994764399,29.150000000000034,,
2021-08-20,Terra,26.62361256544505,28.49000000000001,,
2021-08-23,Terra,28.858691099476456,29.190000000000055,17.99000000000001,18.690000000000055
2021-08-25,Terra,30.58591623036652,31.130000000000052,20.713979057591672,17.190000000000055
2021-08-26,Terra,27.9356544502618,28.950000000000045,,17.630000000000052
2021-08-27,Terra,29.279319371727766,30.02209302325585,,22.350000000000023
2021-08-28,Terra,28.372198952879607,29.356211936662625,21.670000000000016,21.390000000000043
2021-08-30,Terra,30.106020942408417,30.430000000000007,,
2021-09-01,Terra,29.645183246073323,30.610000000000014,,
2021-09-02,Terra,26.677120418848222,28.350000000000023,,
2021-09-03,Terra,29.069267015706842,29.850000000000023,,
2021-09-04,Terra,29.830732984293213,30.810000000000002,,
2021-09-05,Terra,28.230732984293223,28.310000000000002,,
2021-09-08,Terra,29.376387434555003,30.690000000000055,,20.53000000000003
2021-09-10,Terra,30.97083769633511,31.152093862815914,,
2021-09-17,Terra,30.302984293193763,30.670000000000016,,21.930000000000007
2021-09-18,Terra,29.541413612565485,29.750000000000057,,
2021-09-19,Terra,29.88287958115184,30.750000000000057,19.740471204188506,18.130000000000052
2021-09-20,Terra,23.163612565445074,25.29000000000002,,20.450000000000045
2021-09-21,Terra,29.05502617801049,29.450000000000042,,
2021-09-22,Terra,27.350000000000023,29.639272727272772,,
2021-09-26,Terra,29.08015706806286,30.310000000000002,,
2021-09-27,Terra,,31.690000000000055,19.370000000000005,17.57000000000005
2021-09-29,Terra,29.109371727748716,30.45000000000005,,
2021-10-02,Terra,,,18.40214659685867,19.110000000000014
2021-10-03,Terra,30.090000000000032,32.34629392971248,,23.110000000000014
2021-10-05,Terra,27.98445026178015,28.896774193548424,,
2021-10-07,Terra,21.972827225130924,26.390000000000043,,17.930000000000007
2021-10-08,Terra,30.29293193717281,31.485723270440268,,21.430000000000007
2021-10-09,Terra,27.450000000000045,27.450000000000045,19.350000000000023,21.370000000000005
2021-10-12,Terra,34.8130366492147,35.98003937007876,,
2021-10-15,Terra,,,14.70926701570683,14.470000000000027
2021-10-17,Terra,28.031465968586406,27.630000000000052,,
2021-10-21,Terra,28.771465968586412,29.57000000000005,,
2021-10-24,Terra,28.966544502617833,30.410000000000025,,
2021-10-31,Terra,30.590000000000032,31.430000000000007,,
2021-11-02,Terra,29.497958115183273,30.419980119284308,,
2021-11-09,Terra,27.810000000000002,28.57000000000005,,
2021-12-02,Terra,30.673560209424117,31.390000000000043,,
2021-12-08,Terra,26.619319371727798,28.350000000000023,,
2021-12-11,Terra,29.017120418848197,30.230000000000018,,
2021-12-15,Terra,29.11984293193719,29.950000000000045,,
2021-12-23,Terra,19.950000000000045,25.310000000000002,,
2022-01-03,Terra,24.569162303664932,25.86082802547772,,
2022-01-04,Terra,24.350000000000023,24.210000000000036,,
2022-01-05,Terra,28.535235602094275,29.390000000000047,,
2022-01-10,Terra,24.690000000000055,29.450000000000045,,
2022-01-21,Terra,27.756387434555002,29.810000000000002,,
2022-01-29,Terra,17.066963350785386,20.130000000000052,,
2022-02-22,Terra,29.145183246073323,29.640000000000043,,
2022-03-09,Terra,30.256387434555002,31.27000000000004,,
2022-03-14,Terra,30.910104712041935,30.920000000000016,,
2022-03-24,Terra,26.41167539267017,27.49000000000001,,
2022-03-30,Terra,28.960785340314153,29.370000000000005,,
2022-03-31,Terra,28.307905759162335,29.330000000000037,,
2022-04-02,Terra,24.83000000000004,29.760000000000048,,
2022-04-06,Terra,29.67942408376966,30.30000000000001,,
2022-04-08,Terra,30.194293193717304,31.170000000000012,,
2022-04-09,Terra,28.93083769633512,28.845147478591844,,
2022-04-11,Terra,27.953664921466007,29.200000000000045,,
2022-04-13,Terra,29.611570680628297,30.350000000000023,,
2022-04-14,Terra,26.677853403141395,26.79000000000002,,
2022-04-15,Terra,27.0593193717278,28.590000000000032,,
2022-04-16,Terra,24.754293193717306,26.07000000000005,,
2022-04-20,Terra,27.547382198952903,29.290000000000024,,
2022-04-23,Terra,26.254921465968625,26.03000000000003,,
2022-04-25,Terra,28.30089005235604,29.250000000000057,,
2022-04-27,Terra,26.49000000000001,26.970000000000027,,
2022-05-03,Terra,28.260785340314165,27.692656250000052,,
2022-05-06,Terra,27.01910994764401,28.810000000000002,,
2022-05-08,Terra,28.640157068062862,29.77000000000004,,
2022-05-10,Terra,28.795759162303703,29.390000000000043,,
2022-05-13,Terra,28.872408376963374,29.980924369747918,,
2022-05-15,Terra,28.085078534031464,29.610000000000014,,
2022-05-18,Terra,28.450000000000045,29.201658767772557,,
2022-05-27,Terra,28.306439790575958,29.670000000000016,,
2022-05-31,Terra,27.20518324607332,28.418009478673007,,
2022-06-03,Terra,27.918586387434587,28.917533234859697,,
2022-06-04,Terra,25.699319371727785,26.370000000000005,,
2022-06-05,Terra,26.540052356020965,27.450000000000045,,
2022-06-07,Terra,26.26371727748695,27.355088566827714,,
2022-06-10,Terra,26.94424083769636,26.950000000000045,,
2022-06-14,Terra,26.010000000000048,28.30000000000001,,
2022-06-18,Terra,26.05000000000001,27.976666666666688,,22.07000000000005
2022-06-19,Terra,26.380052356020965,26.110000000000014,,
2022-06-20,Terra,25.010000000000048,25.450000000000045,,
2022-06-21,Terra,25.252931937172807,25.930000000000007,,
2022-06-28,Terra,22.903612565445044,23.730000000000018,12.159319371727763,12.770000000000039
2022-06-29,Terra,25.368534031413628,25.91000000000003,,11.670000000000016
2022-06-30,Terra,25.535863874345566,26.090000000000032,,21.230000000000018
2022-07-02,Terra,25.333664921465996,26.010000000000048,,21.190000000000055
2022-07-05,Terra,28.498481675392682,29.630000000000052,,
2022-07-07,Terra,28.25942408376964,29.110000000000014,,21.370000000000005
2022-07-08,Terra,27.450000000000045,27.650000000000034,20.69858638743458,19.709539170506947
2022-07-09,Terra,28.28162303664926,29.27000000000004,,
2022-07-11,Terra,27.633036649214695,28.130000000000056,,
2022-07-18,Terra,27.694397905759185,28.810000000000002,,
2022-07-19,Terra,22.69691099476444,24.35969432314412,,
2022-07-20,Terra,21.890000000000043,27.896827309236986,,19.170000000000016
2022-07-21,Terra,28.63575916230368,29.690000000000055,,20.590000000000032
2022-07-23,Terra,24.430000000000007,27.930000000000007,,
2022-07-27,Terra,26.832408376963386,27.950000000000045,,
2022-07-29,Terra,26.610000000000014,27.930000000000007,,
2022-07-30,Terra,24.090000000000032,27.470000000000027,18.99000000000001,19.390000000000043
2022-07-31,Terra,25.890000000000043,27.150000000000034,16.850000000000023,17.470000000000027
2022-08-01,Terra,28.238062827225157,29.370000000000005,18.450000000000045,19.730000000000018
2022-08-06,Terra,25.958586387434572,27.430000000000007,,
2022-08-07,Terra,,24.27000000000004,19.870000000000005,20.630000000000052
2022-08-08,Terra,29.195130890052386,30.090000000000032,,21.610000000000014
2022-08-09,Terra,27.48570680628276,27.350000000000023,20.88068062827226,21.07000000000005
2022-08-10,Terra,28.791047120418867,29.670000000000016,,
2022-08-12,Terra,27.605287958115213,28.520200000000035,,
2022-08-13,Terra,28.54287958115186,29.030000000000026,,
2022-08-14,Terra,29.534397905759192,30.13101990049756,,
2022-08-17,Terra,,26.470000000000027,21.9756544502618,22.310000000000002
2022-08-19,Terra,28.720890052356058,29.263527851458928,,
2022-08-22,Terra,28.750000000000057,29.750000000000053,,
2022-08-23,Terra,27.245078534031432,27.710000000000043,,20.210000000000036
2022-08-24,Terra,26.067905759162322,26.930000000000007,14.926544502617816,14.730000000000018
2022-08-25,Terra,26.670000000000016,26.610000000000014,,
2022-08-26,Terra,28.470000000000027,30.170000000000016,,
2022-08-30,Terra,28.230000000000018,28.759915611814392,,
2022-09-02,Terra,28.578691099476487,29.970000000000027,,
2022-09-06,Terra,,,20.556492146596902,20.91571428571431
2022-09-11,Terra,27.6431937172775,28.864773218142556,,
2022-09-14,Terra,27.78926701570685,28.730000000000018,,
2022-09-16,Terra,28.881518324607374,29.390000000000047,,
2022-09-25,Terra,28.315654450261835,30.05000000000001,,20.670000000000016
2022-09-27,Terra,30.73020942408378,31.76293628808869,17.19994764397908,17.07000000000005
2022-10-01,Terra,30.995026178010487,31.590000000000032,,
2022-10-04,Terra,29.053560209424116,31.110000000000014,,
2022-10-28,Terra,27.059947643979093,27.55000000000001,,
2022-10-29,Terra,30.18151832460735,31.02094827586211,,9.350000000000023
2022-12-16,Terra,23.870000000000005,26.450000000000045,,
2022-12-17,Terra,27.862146596858647,28.07000000000005,,
2022-12-18,Terra,29.867905759162333,29.650000000000034,,
2022-12-20,Terra,35.434293193717316,35.410000000000025,,
2023-01-06,Terra,29.575235602094274,30.33000000000004,,
2023-01-07,Terra,28.17230366492151,29.805356489945165,,
2023-01-09,Terra,29.705916230366526,30.07000000000005,,
2023-01-12,Terra,28.724240837696367,29.307288135593225,,
2023-01-14,Terra,28.68162303664924,29.670000000000016,,
2023-02-21,Terra,26.288534031413644,26.310000000000002,,
2023-03-07,Terra,30.262251308900538,30.230000000000018,,
2023-03-08,Terra,23.66005235602097,24.5893321616872,,
2023-03-13,Terra,27.264973821989564,28.010000000000048,,
2023-03-19,Terra,24.870000000000005,27.29000000000002,,
2023-04-08,Terra,27.591465968586405,28.850000000000023,,
2023-04-10,Terra,25.97659685863877,27.190000000000055,,
2023-04-12,Terra,29.555863874345572,29.63500982318276,,
2023-04-14,Terra,22.49000000000001,26.77000000000004,,
2023-04-15,Terra,22.20214659685866,28.02333333333337,,
2023-04-17,Terra,28.5515706806283,30.010000000000044,,22.710000000000036
2023-04-19,Terra,27.942146596858667,29.250000000000053,,
2023-04-22,Terra,27.69010471204191,28.730000000000018,,
2023-04-24,Terra,29.11460732984296,29.807232375979115,,
2023-04-27,Terra,24.49000000000001,28.130000000000052,,
2023-05-04,Terra,26.34371727748693,28.77000000000004,,
2023-05-13,Terra,29.06151832460738,29.310000000000002,,
2023-05-14,Terra,,,20.210000000000036,20.95000000000005
2023-05-15,Terra,27.546439790575967,27.870000000000005,,
2023-05-16,Terra,28.36015706806287,28.810000000000002,,20.230000000000018
2023-05-22,Terra,27.053560209424113,27.370000000000005,,14.370000000000005
2023-05-23,Terra,26.18790575916233,26.33000000000004,,
2023-05-25,Terra,27.24078534031418,28.090000000000032,20.146335078534076,21.850000000000023
2023-05-26,Terra,27.458586387434572,28.757122905027988,,20.350000000000023
2023-05-27,Terra,26.569267015706846,27.190000000000055,,
2023-05-28,Terra,28.03010471204194,28.950000000000045,,20.250000000000057
2023-05-29,Terra,,,15.900052356020977,18.170000000000016
2023-05-30,Terra,24.605706806282765,27.110000000000014,,
2023-05-31,Terra,27.592094240837724,28.31,,
2023-06-01,Terra,28.0150261780105,28.610000000000014,,16.870000000000005
2023-06-02,Terra,23.387486910994788,23.49000000000001,,
2023-06-03,Terra,27.042146596858657,27.27000000000004,,
2023-06-08,Terra,,,19.185811518324634,21.130000000000052
2023-06-09,Terra,27.645078534031434,28.430000000000007,19.837853403141395,20.03000000000003
2023-06-10,Terra,,,22.450000000000045,22.49000000000001
2023-06-11,Terra,28.40937172774873,29.360000000000014,,
2023-06-12,Terra,26.762146596858685,27.510000000000048,,
2023-06-13,Terra,27.63439790575918,28.63668414154657,22.595759162303718,21.33000000000004
2023-06-14,Terra,28.032931937172815,29.02000000000004,16.810000000000002,15.03000000000003
2023-06-15,Terra,26.045706806282762,26.49000000000001,,
2023-06-18,Terra,28.373874345549783,28.450000000000045,,
2023-06-20,Terra,26.258586387434583,26.690000000000055,19.83000000000004,20.850000000000023
2023-06-21,Terra,24.01062827225134,24.470000000000027,19.450000000000045,20.910000000000025
2023-06-23,Terra,26.419528795811544,27.610000000000014,21.625602094240868,19.690000000000055
2023-06-24,Terra,26.19136125654452,26.87,,
2023-06-25,Terra,26.339319371727772,26.99000000000001,,
2023-06-26,Terra,24.400680628272294,25.52246943765285,,21.450000000000045
2023-06-28,Terra,26.394397905759202,27.110000000000014,,
2023-06-30,Terra,26.882251308900546,27.410000000000025,,
2023-07-01,Terra,,25.010000000000048,18.690000000000055,17.810000000000002
2023-07-02,Terra,25.83575916230369,26.010000000000048,,
2023-07-03,Terra,,,21.110000000000014,20.29000000000002
2023-07-04,Terra,,,18.99000000000001,19.470000000000027
2023-07-05,Terra,27.536596858638774,28.130000000000052,,
2023-07-08,Terra,22.68371727748693,24.362525849335313,,
2023-07-09,Terra,30.85104712041887,31.450000000000045,,
2023-07-10,Terra,26.810942408376995,27.93000000000001,,
2023-07-12,Terra,28.72151832460735,29.29000000000002,,
2023-07-13,Terra,26.125706806282743,27.77000000000004,,
2023-07-14,Terra,26.38141361256546,26.690000000000055,,
2023-07-15,Terra,27.823089005235623,28.49000000000001,,
2023-07-17,Terra,28.28235602094243,29.090000000000032,21.350000000000023,20.630000000000052
2023-07-18,Terra,27.73356020942412,28.250000000000057,,
2023-07-19,Terra,27.258586387434583,27.810000000000002,,21.430000000000007
2023-07-20,Terra,27.267172774869145,28.49000000000001,,
2023-07-22,Terra,27.82811518324608,28.990000000000006,,
2023-07-24,Terra,27.75366492146601,28.23000000000002,,21.470000000000027
2023-07-25,Terra,24.759947643979082,26.510000000000048,,
2023-07-26,Terra,,,21.993560209424114,22.010000000000048
2023-07-27,Terra,25.517120418848194,27.610000000000014,21.510000000000048,21.450000000000045
2023-07-28,Terra,,,18.72497382198954,19.130000000000052
2023-07-29,Terra,24.91869109947646,27.07790697674423,21.90570680628275,21.750000000000057
2023-07-30,Terra,26.89356020942409,27.99000000000001,19.984240837696383,20.010000000000048
2023-07-31,Terra,26.737225130890078,27.650000000000034,20.198586387434577,20.99000000000001
2023-08-01,Terra,27.10141361256549,28.390000000000043,,
2023-08-02,Terra,,,19.583717277486944,18.610000000000014
2023-08-03,Terra,26.56863874345553,28.170000000000012,,
2023-08-05,Terra,28.177958115183284,28.950000000000045,,
2023-08-06,Terra,27.48570680628276,27.950000000000045,19.34780104712044,20.230000000000018
2023-08-07,Terra,27.683612565445056,28.050000000000015,,
2023-08-08,Terra,27.71942408376968,28.670000000000016,,14.010000000000048
2023-08-10,Terra,28.539424083769667,29.590000000000032,19.68633507853404,19.05000000000001
2023-08-11,Terra,24.724240837696367,26.77000000000004,,13.490000000000009
2023-08-12,Terra,19.930837696335125,24.190000000000055,17.86005235602098,18.730000000000018
2023-08-13,Terra,28.34298429319373,29.390000000000043,16.650000000000034,17.650000000000034
2023-08-14,Terra,27.40570680628275,27.710000000000036,,21.450000000000045
2023-08-15,Terra,29.186649214659717,30.30000000000001,,
2023-08-16,Terra,27.016387434554993,27.730000000000018,,
2023-08-17,Terra,29.839424083769682,30.590000000000032,16.630000000000052,19.77000000000004
2023-08-18,Terra,28.661413612565493,29.950000000000045,,
2023-08-19,Terra,27.48287958115186,27.49000000000001,17.930000000000007,20.510000000000048
2023-08-20,Terra,28.3116753926702,30.200039370078784,,21.370000000000005
2023-08-21,Terra,,,19.586335078534074,19.650000000000034
2023-08-22,Terra,29.23198952879584,30.49000000000001,22.610000000000014,21.870000000000005
2023-08-23,Terra,27.912827225130922,28.730000000000018,,21.170000000000016
2023-08-24,Terra,28.266439790575937,29.470000000000027,21.150000000000034,21.650000000000034
2023-08-25,Terra,29.223612565445045,30.870000000000005,,
2023-08-26,Terra,25.133560209424097,25.950000000000045,14.203612565445058,13.470000000000027
2023-08-27,Terra,29.808743455497414,31.53000000000003,18.130000000000052,18.710000000000036
2023-08-29,Terra,28.78005235602097,29.99000000000001,,20.670000000000016
2023-08-30,Terra,29.337329842931958,30.230000000000018,21.674293193717325,21.49000000000001
2023-08-31,Terra,29.630000000000052,30.352770270270288,21.283612565445043,21.203727382388465
2023-09-01,Terra,30.631047120418877,32.08718120805373,,
2023-09-02,Terra,,,20.037015706806326,19.53000000000003
2023-09-03,Terra,31.011570680628274,31.850000000000023,18.759842931937193,20.49000000000001
2023-09-05,Terra,30.440052356020967,31.230000000000015,,
2023-09-06,Terra,28.73649214659687,30.150000000000034,,
2023-09-07,Terra,26.823612565445064,27.130000000000052,,15.350000000000023
2023-09-08,Terra,30.49670157068066,31.89833333333337,21.684973821989573,22.010000000000048
2023-09-09,Terra,28.692827225130927,28.83000000000004,,
2023-09-10,Terra,30.757958115183268,31.970000000000024,20.077643979057644,20.370000000000005
2023-09-11,Terra,29.028638743455506,30.490000000000006,,21.230000000000018
2023-09-12,Terra,30.645706806282757,31.29202127659577,,21.630000000000052
2023-09-13,Terra,32.12036649214662,33.47000000000003,,
2023-09-14,Terra,,,22.070732984293223,21.79000000000002
2023-09-15,Terra,32.4597382198953,33.55000000000001,,
2023-09-16,Terra,29.58497382198955,30.730000000000018,,
2023-09-17,Terra,29.010000000000048,30.130000000000052,,
2023-09-18,Terra,30.006020942408416,32.650000000000034,,
2023-09-20,Terra,30.024345549738257,30.540920770877964,,20.850000000000023
2023-09-21,Terra,30.124973821989578,30.55000000000001,,
2023-09-22,Terra,32.9881151832461,33.450000000000045,19.26790575916231,19.450000000000045
2023-09-23,Terra,29.04926701570684,30.710000000000036,,18.870000000000005
2023-09-24,Terra,26.53000000000003,26.930000000000007,,22.610000000000014
2023-09-25,Terra,32.70874345549742,33.76807142857146,,
2023-09-27,Terra,33.738691099476455,35.29000000000002,,
2023-09-28,Terra,31.15356020942414,32.150000000000034,,21.250000000000057
2023-09-29,Terra,32.04780104712043,32.53000000000002,,
2023-10-04,Terra,32.14214659685868,33.39000000000004,21.66235602094243,20.690000000000055
2023-10-05,Terra,32.4578534031414,34.35000000000002,,
2023-10-06,Terra,31.765706806282765,32.09000000000003,,
2023-10-07,Terra,32.16445026178015,33.59000000000003,,
2023-10-11,Terra,27.8812041884817,30.970000000000027,21.781413612565494,21.450000000000045
2023-10-12,Terra,31.627905759162328,33.25000000000006,15.967068062827241,14.410000000000025
2023-10-14,Terra,31.560366492146624,33.170000000000016,,18.910000000000025
2023-10-16,Terra,31.72863874345552,33.28092077087797,,
2023-10-17,Terra,32.69146596858643,34.14060924369752,,
2023-10-18,Terra,28.669267015706847,30.25738154613471,22.153560209424136,22.27000000000004
2023-10-19,Terra,32.601204188481724,34.77000000000004,,
2023-10-21,Terra,33.910314136125706,35.23000000000002,,
2023-10-23,Terra,30.57638743455499,30.890000000000043,,
2023-10-24,Terra,29.145916230366527,30.58000000000004,,
2023-10-25,Terra,,,19.295759162303707,19.810000000000002
2023-10-26,Terra,32.71523560209428,33.57992094861664,21.75345549738225,21.92211498973308
2023-10-28,Terra,32.8550261780105,33.610000000000014,17.430000000000007,22.370000000000005
2023-10-29,Terra,31.172198952879597,32.55000000000001,,21.930000000000007
2023-10-30,Terra,31.132827225130928,31.33000000000004,,15.29000000000002
2023-10-31,Terra,32.93251308900527,34.30000000000001,,
2023-11-02,Terra,32.270314136125684,32.55000000000001,,
2023-11-05,Terra,25.710000000000036,29.310000000000002,,
2023-11-12,Terra,30.07628272251312,31.510000000000044,,
2023-11-18,Terra,,,19.04068062827228,19.150000000000034
2023-11-19,Terra,32.78445026178016,33.55000000000001,,
2023-11-20,Terra,29.11785340314139,30.33000000000004,,
2023-11-21,Terra,27.346125654450297,29.53000000000003,,
2023-11-29,Terra,28.17261780104715,30.05000000000001,,22.350000000000023
2023-12-02,Terra,29.366439790575964,30.950000000000045,,
2023-12-11,Terra,30.695235602094275,31.51666666666671,,
2023-12-13,Terra,30.03973821989531,30.55000000000001,,
2023-12-14,Terra,29.090000000000032,30.390000000000043,,
2023-12-15,Terra,,27.83000000000004,19.347277486911032,19.55000000000001
2023-12-16,Terra,30.053350785340353,30.950000000000045,,
2023-12-18,Terra,27.30685863874349,29.045664335664352,,
2023-12-20,Terra,32.1785863874346,32.610000000000014,,
2023-12-21,Terra,30.183298429319404,31.57000000000005,,
2023-12-27,Terra,31.49000000000001,31.630000000000052,,
2023-12-28,Terra,27.9976439790576,28.770000000000035,,
2023-12-31,Terra,30.857853403141377,31.150000000000034,,
2024-01-07,Terra,27.681937172774916,27.57000000000005,,
2024-01-16,Terra,26.295759162303707,27.750000000000057,,
2024-02-09,Terra,28.210418848167564,29.210000000000036,,
2024-02-11,Terra,26.590000000000032,27.49000000000001,,
2024-02-17,Terra,24.365706806282752,26.590000000000032,,
2024-02-18,Terra,27.360680628272274,27.470000000000027,,
2024-02-23,Terra,36.76926701570683,36.210000000000036,,
2024-02-26,Terra,25.690000000000055,28.950000000000045,,
2024-02-27,Terra,27.044240837696385,27.581111111111152,,
2024-03-02,Terra,29.586649214659694,29.470000000000027,,
2024-03-05,Terra,18.870000000000005,18.450000000000045,,
2024-03-18,Terra,,,15.535759162303716,15.410000000000025
2024-03-19,Terra,29.874502617801078,30.190000000000055,,
2024-03-20,Terra,28.29000000000002,29.390000000000043,,
2024-03-21,Terra,30.233664921465973,30.14941176470592,,20.610000000000014
2024-03-24,Terra,28.141518324607365,29.090000000000032,,
2024-03-26,Terra,29.695863874345594,30.07000000000005,,
2024-03-29,Terra,27.313769633507874,28.33000000000004,,21.370000000000005
2024-03-31,Terra,30.100890052356053,30.580920770877984,,
2024-04-01,Terra,25.669267015706847,27.230000000000018,,
2024-04-02,Terra,29.429267015706838,29.33000000000004,,
2024-04-05,Terra,25.890000000000043,29.230000000000018,,
2024-04-07,Terra,26.870000000000005,27.83000000000004,,
2024-04-17,Terra,29.644554973822025,30.150000000000034,,
2024-04-18,Terra,29.483612565445068,29.010000000000048,,
2024-04-22,Terra,28.24727748691101,29.41907922912207,,
2024-04-26,Terra,26.12643979057595,27.110000000000014,,
2024-04-29,Terra,,27.130000000000052,23.36989528795815,23.53000000000003
2024-05-04,Terra,29.264450261780123,30.390000000000043,,
2024-05-05,Terra,26.69282722513093,27.110000000000014,,
2024-05-06,Terra,27.78287958115187,28.710000000000036,,21.890000000000043
2024-05-07,Terra,28.020052356020983,29.199960629921307,,
2024-05-09,Terra,27.010000000000048,28.470000000000027,,22.190000000000055
2024-05-11,Terra,27.528638743455506,28.230000000000015,,
2024-05-13,Terra,20.33000000000004,21.190000000000055,19.265078534031435,20.970000000000027
2024-05-14,Terra,26.660890052356052,26.670000000000016,,
2024-05-16,Terra,28.81083769633512,29.52483870967745,,
2024-05-19,Terra,28.66654450261782,29.430000000000007,,20.99000000000001
2024-05-21,Terra,25.813664921466017,26.98232954545456,,
2024-05-28,Terra,28.298691099476457,28.930000000000007,22.616282722513102,23.03000000000003
2024-05-30,Terra,27.77858638743456,28.170000000000012,,
2024-05-31,Terra,28.45586387434559,29.367957746478883,,23.750000000000057
2024-06-04,Terra,24.6342931937173,24.810000000000002,,
2024-06-05,Terra,28.242879581151854,29.07000000000005,,
2024-06-07,Terra,28.654502617801075,29.420000000000016,,
2024-06-08,Terra,24.917853403141383,25.41986027944113,,
2024-06-10,Terra,28.005183246073337,28.730000000000018,,
2024-06-14,Terra,26.750104712041914,28.081590909090945,,21.410000000000025
2024-06-17,Terra,28.09450261780107,28.930000000000007,22.365706806282752,22.05000000000001
2024-06-19,Terra,26.464345549738255,26.514038461538508,19.77000000000004,20.870000000000005
2024-06-21,Terra,,23.710000000000036,21.788638743455518,21.510000000000048
2024-06-26,Terra,24.390000000000043,26.865331564986743,,21.370000000000005
2024-06-27,Terra,22.942984293193756,25.150000000000034,,
2024-06-29,Terra,27.571151832460753,28.310000000000002,,
2024-07-01,Terra,18.90853403141365,23.310000000000002,,
2024-07-03,Terra,26.07492146596862,26.49000000000001,22.350000000000023,22.610000000000014
2024-07-04,Terra,20.350000000000023,23.890000000000043,,
2024-07-08,Terra,26.29439790575918,26.910000000000025,,
2024-07-09,Terra,26.09795811518326,27.26298486932604,,
2024-07-11,Terra,27.462251308900566,27.450000000000045,,
2024-07-12,Terra,22.232827225130915,22.53000000000003,,
2024-07-13,Terra,26.937853403141382,27.21000000000004,,20.83000000000004
2024-07-14,Terra,26.27795811518327,27.075000000000045,,19.33000000000004
2024-07-16,Terra,27.191675392670195,27.730000000000018,,
2024-07-17,Terra,25.997853403141388,26.370000000000005,,
2024-07-18,Terra,26.430000000000007,27.110000000000014,21.92916230366495,21.99000000000001
2024-07-19,Terra,26.378586387434588,27.430000000000007,21.910000000000025,21.910000000000025
2024-07-20,Terra,25.84570680628275,26.150000000000034,,16.930000000000007
2024-07-21,Terra,27.07869109947649,27.83000000000004,20.83000000000004,21.370000000000005
2024-07-23,Terra,26.445078534031445,27.390000000000043,18.810000000000002,21.170000000000016
2024-07-24,Terra,27.587172774869135,28.730000000000015,,
2024-07-26,Terra,27.851570680628306,28.630000000000052,,21.150000000000034
2024-07-28,Terra,28.4487434554974,29.13653008962873,,21.410000000000025
2024-07-29,Terra,27.68214659685868,28.130000000000052,19.713560209424138,19.984563862928365
2024-07-30,Terra,27.27785340314139,27.510000000000048,,22.57000000000005
2024-07-31,Terra,28.327277486911022,29.090000000000035,22.049267015706842,20.850000000000023
2024-08-02,Terra,26.78654450261783,27.110000000000014,,
2024-08-04,Terra,28.447905759162317,28.55000000000001,,17.110000000000014
2024-08-05,Terra,26.956596858638754,27.630000000000056,,14.490000000000009
2024-08-06,Terra,22.24926701570683,23.850000000000023,,
2024-08-09,Terra,29.235130890052385,29.53000000000003,,
2024-08-10,Terra,28.18214659685868,28.670000000000012,,17.130000000000052
2024-08-11,Terra,28.07000000000005,28.230000000000015,,19.390000000000043
2024-08-12,Terra,27.992408376963375,28.764985250737507,19.90926701570682,20.210000000000036
2024-08-13,Terra,,,20.71785340314139,20.630000000000052
2024-08-14,Terra,29.538062827225147,29.67000000000002,,20.750000000000057
2024-08-15,Terra,27.01219895287963,28.210000000000033,16.99000000000001,17.110000000000014
2024-08-19,Terra,30.683821989528823,31.29000000000002,20.425706806282758,21.630000000000052
2024-08-20,Terra,28.412827225130922,28.470000000000027,,
2024-08-21,Terra,29.341518324607357,29.419094693028114,,
2024-08-22,Terra,25.067905759162326,26.65630602782074,,
2024-08-24,Terra,29.508115183246087,30.419960629921274,,
2024-08-25,Terra,27.824973821989563,27.750000000000057,,
2024-08-26,Terra,29.785078534031456,30.110000000000014,,
2024-08-27,Terra,24.53000000000003,25.750000000000057,,
2024-08-29,Terra,28.491361256544536,31.29000000000002,,
2024-08-31,Terra,30.505916230366502,30.920059171597646,,17.150000000000034
2024-09-01,Terra,28.25502617801048,29.05000000000001,,
2024-09-02,Terra,29.430000000000007,29.81,,22.010000000000048
2024-09-03,Terra,29.551675392670212,30.360000000000014,20.61712041884822,19.450000000000045
2024-09-05,Terra,30.50581151832465,30.630000000000052,,21.350000000000023
2024-09-06,Terra,27.765706806282765,28.170000000000016,,
2024-09-07,Terra,29.82005235602096,29.99000000000001,,
2024-09-08,Terra,28.084136125654496,30.354438040345837,,
2024-09-12,Terra,29.20717277486914,29.890000000000047,,
2024-09-13,Terra,29.735130890052382,30.27000000000004,,
2024-09-14,Terra,27.57000000000005,27.510000000000048,,
2024-09-15,Terra,30.589685863874355,31.110000000000017,,
2024-09-16,Terra,29.872827225130905,30.230000000000018,,
2024-09-17,Terra,31.675863874345573,31.730000000000018,,
2024-09-18,Terra,30.263612565445058,31.33000000000004,13.830000000000041,14.890000000000043
2024-09-20,Terra,30.24759162303669,31.05000000000001,,
2024-09-25,Terra,30.126020942408424,29.630000000000052,,
2024-09-27,Terra,30.891675392670184,31.210000000000036,,
2024-09-29,Terra,32.01000000000005,31.910000000000025,,
2024-09-30,Terra,28.188010471204237,29.07000000000005,,
2024-10-04,Terra,29.865706806282752,28.410000000000025,,
2024-10-05,Terra,25.829267015706836,25.470000000000027,,16.090000000000032
2024-10-09,Terra,31.010000000000048,31.83000000000004,23.410000000000025,22.27000000000004
2024-10-11,Terra,24.751465968586434,27.230000000000018,,21.750000000000057
2024-10-14,Terra,30.6466492146597,30.278372093023286,,
2024-10-19,Terra,27.370000000000005,30.478978873239452,,21.79000000000002
2024-10-22,Terra,29.79167539267016,31.190000000000055,,
2024-10-24,Terra,31.960366492146623,32.66370967741938,13.130000000000052,14.650000000000034
2024-10-25,Terra,28.57000000000005,29.53000000000003,,
2024-10-26,Terra,31.939947643979092,32.09000000000003,,
2024-10-27,Terra,30.10664921465973,31.210000000000036,,20.090000000000032
2024-10-28,Terra,28.300680628272275,28.53000000000003,,
2024-10-29,Terra,26.015340314136147,30.223245729303574,,22.710000000000036
2024-10-30,Terra,29.14706806282725,29.410000000000025,,
2024-11-02,Terra,32.03335078534037,32.51000000000005,,
2024-11-05,Terra,31.02497382198955,31.57000000000005,,
2024-11-17,Terra,31.850000000000023,32.150000000000034,,
2024-11-21,Terra,32.99921465968588,33.89000000000004,,
2024-12-27,Terra,25.450000000000045,27.33000000000004,,
2025-01-01,Terra,25.34026178010474,27.470000000000027,,
2025-01-06,Terra,26.32235602094245,27.95000000000005,,
2025-01-19,Terra,23.50790575916232,24.53000000000003,,
2025-01-26,Terra,23.78287958115187,24.910000000000025,,
2025-02-05,Terra,25.364554973822,25.33000000000004,,
2025-02-15,Terra,27.906649214659712,29.050000000000008,,
2025-02-27,Terra,26.92162303664925,28.301021126760574,,
2025-03-06,Terra,24.208638743455516,25.310000000000002,,
2025-03-26,Terra,28.457434554973872,29.250000000000057,,
2025-04-07,Terra,24.05000000000001,28.190000000000055,,
2025-04-08,Terra,25.26141361256546,26.33000000000004,,
2025-04-25,Terra,25.210104712041893,26.150000000000034,,
2025-04-27,Terra,27.87010471204192,28.33000000000004,17.410000000000025,21.210000000000036
2025-04-28,Terra,27.070628272251348,27.210000000000036,,
2025-04-29,Terra,23.238586387434598,24.430000000000007,17.844240837696375,19.05000000000001
2025-04-30,Terra,26.690837696335112,27.470000000000027,,21.630000000000052
2025-05-02,Terra,27.283717277486932,28.130000000000052,,
2025-05-05,Terra,24.32361256544506,26.690000000000055,19.11209424083774,19.53000000000003
2025-05-07,Terra,26.028638743455502,26.861191709844576,,
2025-05-15,Terra,25.013664921466003,27.230000000000018,,
2025-05-17,Terra,25.275759162303686,26.13919491525428,,
2025-05-19,Terra,28.67429319371732,28.642566735112975,,
2025-05-20,Terra,26.350837696335105,27.930000000000007,,
2025-05-27,Terra,24.902146596858675,25.590000000000032,,23.33000000000004
2025-05-28,Terra,27.64623036649217,27.810000000000002,,
2025-05-30,Terra,26.134293193717305,27.33000000000004,18.368534031413628,20.470000000000027
2025-06-02,Terra,23.810000000000002,25.03000000000003,,
2025-06-03,Terra,,,21.55000000000001,21.99000000000001
2025-06-04,Terra,26.659319371727765,27.470000000000027,,
2025-06-08,Terra,26.86005235602098,26.99000000000001,,
2025-06-11,Terra,24.130000000000052,25.250000000000057,,22.99000000000001
2025-06-13,Terra,16.55000000000001,17.630000000000052,,20.53000000000003
2025-06-16,Terra,25.361623036649245,26.020079051383437,,
2025-06-20,Terra,24.590732984293236,23.950000000000045,,
2025-06-24,Terra,,,20.470000000000027,20.99000000000001
2025-06-25,Terra,24.443612565445047,24.190000000000055,20.870000000000005,20.650000000000034
2025-06-26,Terra,26.033769633507895,26.570000000000054,,21.170000000000016
2025-06-30,Terra,28.110000000000014,25.890000000000043,,
2025-07-04,Terra,22.985706806282757,23.110000000000017,,
2025-07-06,Terra,25.708743455497423,25.983089430894324,,
2025-07-08,Terra,23.810000000000002,25.49000000000001,21.79659685863879,21.950000000000045
2025-07-09,Terra,25.441413612565462,26.07000000000005,21.29000000000002,21.130000000000052
2025-07-10,Terra,,,20.837853403141395,21.110000000000014
2025-07-11,Terra,25.240157068062864,25.57000000000005,,19.57000000000005
2025-07-13,Terra,26.03722513089009,26.110000000000014,,
2025-07-16,Terra,25.70434554973826,26.130000000000052,,
2025-07-18,Terra,25.30947643979062,25.93000000000001,22.26371727748695,20.850000000000023
2025-07-19,Terra,26.390000000000043,26.810000000000002,,
2025-07-21,Terra,26.212198952879618,27.190000000000055,21.243612565445055,19.610000000000014
2025-07-23,Terra,25.425916230366518,25.420039370078758,,18.310000000000002
2025-07-24,Terra,25.850000000000023,26.87,20.700680628272284,20.49000000000001
2025-07-25,Terra,26.390732984293212,26.450000000000045,,23.49000000000001
2025-07-26,Terra,26.403612565445044,27.33000000000004,21.27000000000004,22.430000000000007
2025-07-28,Terra,25.85513089005239,26.590000000000032,,21.310000000000002
2025-07-29,Terra,23.750000000000057,24.77000000000004,,
2025-07-30,Terra,27.285706806282743,27.41000000000002,,
2025-07-31,Terra,25.672198952879597,26.610000000000014,,21.250000000000057
2025-08-02,Terra,27.223821989528844,27.330000000000037,,
2025-08-03,Terra,27.18214659685868,27.430000000000003,,
2025-08-04,Terra,23.839319371727772,23.57000000000005,,
2025-08-05,Terra,24.131047120418877,24.690000000000055,,
2025-08-07,Terra,25.907905759162357,26.910000000000025,,
2025-08-08,Terra,22.524973821989555,25.27000000000004,,
2025-08-10,Terra,26.652198952879612,27.590000000000032,,
2025-08-14,Terra,,,19.434293193717316,20.150000000000034
2025-08-15,Terra,25.31293193717281,26.370000000000005,,20.99000000000001
2025-08-16,Terra,24.930000000000007,24.910000000000025,16.910000000000025,17.370000000000005
2025-08-17,Terra,26.602356020942423,27.150000000000034,,21.870000000000005
2025-08-23,Terra,26.621413612565473,27.150000000000034,,
2025-08-26,Terra,18.41356020942413,23.470000000000027,,
2025-08-29,Terra,26.802984293193763,26.83000000000004,,
2025-09-01,Terra,27.34183246073303,27.920000000000016,,
2025-09-04,Terra,26.8372251308901,28.010000000000048,,
2025-09-05,Terra,25.18078534031418,25.49000000000001,,
2025-09-06,Terra,27.056701570680662,27.710000000000036,,
2025-09-07,Terra,26.106439790575966,26.355000000000018,,
2025-09-08,Terra,29.441623036649226,29.29000000000002,,
2025-09-10,Terra,35.88434554973827,34.150000000000034,,
2025-09-21,Terra,27.814921465968627,28.17000000000002,,21.190000000000055
2025-09-23,Terra,29.6295811518325,29.416277915632772,,
2025-09-24,Terra,25.66643979057597,24.870000000000005,,
2025-09-26,Terra,,25.150000000000034,21.930000000000007,21.55000000000001
2025-09-28,Terra,28.207382198952907,28.704413580246957,,
2025-10-01,Terra,28.501727748691145,28.140658307210074,,
2025-10-03,Terra,,,21.74570680628275,21.250000000000057
2025-10-04,Terra,28.419319371727756,29.610000000000014,,
2025-10-06,Terra,26.403717277486937,27.71000000000004,,21.370000000000005
2025-10-09,Terra,27.262879581151854,27.89000000000004,,
2025-10-10,Terra,27.653560209424136,27.87,,
2025-10-11,Terra,,,21.970000000000027,21.730000000000018
2025-10-14,Terra,25.774188481675438,27.590000000000032,,
2025-10-16,Terra,27.805183246073348,28.850000000000023,,
2025-10-18,Terra,28.33376963350791,28.710000000000036,,
2025-10-23,Terra,29.96801047120421,30.13000000000005,,
2025-10-26,Terra,24.670000000000016,26.57000000000005,,
2025-10-30,Terra,28.184345549738225,27.930000000000007,,
2025-10-31,Terra,26.929476439790605,27.190000000000055,,
2025-11-03,Terra,21.519109947644015,25.190000000000055,,
2025-11-04,Terra,25.090000000000032,30.670000000000016,,
2025-11-07,Terra,27.2474869109948,28.864975369458136,,
2025-11-10,Terra,25.94801047120423,28.1387555555556,,
2025-11-17,Terra,25.866544502617813,26.53000000000003,,
2025-11-30,Terra,27.10089005235605,27.130000000000052,,
2025-12-05,Terra,27.079424083769656,28.170000000000016,,
2025-12-12,Terra,27.795340314136176,28.250000000000057,,
2025-12-28,Terra,30.406020942408393,29.950000000000045,,
2026-01-06,Terra,26.350000000000023,27.33000000000004,,
2026-01-16,Terra,24.952931937172796,25.230000000000018,,
2026-02-05,Terra,26.351675392670163,26.168508771929844,,
2026-02-06,Terra,21.9714659685864,22.930000000000007,,
2026-03-09,Terra,29.03000000000003,28.53000000000003,,
2026-03-10,Terra,24.935130890052392,26.510000000000048,,
2026-03-12,Terra,27.967277486911037,28.27000000000004,,
2026-03-13,Terra,26.80141361256548,27.850000000000023,,
2026-03-14,Terra,26.950000000000045,26.510000000000048,,
2026-03-15,Terra,25.672198952879597,26.610000000000014,,
2026-03-17,Terra,27.590837696335115,28.130000000000052,,
2026-03-18,Terra,25.170000000000016,26.093342070773296,,
2026-03-19,Terra,24.732931937172804,24.690000000000055,,
2026-03-20,Terra,25.995759162303695,27.363368283093063,,
2026-03-23,Terra,25.49000000000001,26.670000000000016,,
2026-03-28,Terra,25.078586387434576,25.890000000000043,,
2026-03-29,Terra,26.49000000000001,26.810000000000002,,
2026-04-04,Terra,23.870314136125685,25.450000000000045,,
2026-04-11,Terra,15.950000000000045,22.470000000000027,,
2026-04-12,Terra,25.307068062827252,25.850000000000023,,
2026-04-13,Terra,28.240680628272266,28.410000000000025,,
2026-04-14,Terra,25.696596858638767,27.02126712328771,,
2026-04-16,Terra,26.31450261780108,26.57000000000005,,
2026-04-20,Terra,,,18.682879581151848,18.79000000000002
2026-04-21,Terra,26.19649214659689,27.750000000000057,,
2026-04-23,Terra,,,19.810000000000002,20.77000000000004
2026-04-24,Terra,26.30078534031418,27.370000000000008,,
2026-04-26,Terra,26.72874345549741,27.670000000000016,,
2026-04-27,Terra,24.1371204188482,27.210000000000036,,
2026-05-01,Terra,27.328848167539284,27.170000000000016,,
2026-05-02,Terra,23.730000000000018,25.07000000000005,,
2026-05-03,Terra,24.690000000000055,24.310000000000002,,
2026-05-06,Terra,25.450000000000045,25.690000000000055,21.6793193717278,22.730000000000018
2026-05-07,Terra,,,21.92141361256548,21.910000000000025
2026-05-09,Terra,22.989371727748715,22.702991014120713,,
2026-05-11,Terra,26.69146596858643,27.27000000000004,,
2026-05-12,Terra,24.725706806282766,25.810000000000002,23.07000000000005,23.05000000000001
2026-05-13,Terra,,25.930000000000007,19.90172774869112,20.110000000000014
2026-05-18,Terra,26.047172774869136,26.310000000000002,,
2026-05-19,Terra,26.137329842931965,27.33000000000004,,22.650000000000034
2026-05-24,Terra,25.22225130890055,25.730000000000018,,
2026-05-26,Terra,22.12350785340316,22.210000000000036,,
2026-05-27,Terra,19.220785340314144,19.450000000000045,,
2026-05-28,Terra,24.834293193717293,24.77000000000004,,22.55000000000001
2026-05-29,Terra,25.34727748691104,25.99000000000001,,
2026-06-05,Terra,26.407172774869128,26.730000000000015,,
2026-06-06,Terra,26.162146596858662,26.350000000000023,20.802879581151853,20.930000000000007
2026-06-07,Terra,25.11785340314139,25.610000000000014,,
2026-06-08,Terra,25.660157068062848,26.230000000000018,,23.110000000000014
2026-06-10,Terra,23.79000000000002,24.710000000000036,,
2026-06-11,Terra,25.121413612565473,25.710000000000036,,22.310000000000002
2026-06-17,Terra,23.75785340314141,23.150000000000034,22.48570680628276,22.310000000000002
2026-06-18,Terra,25.34371727748693,25.910000000000025,21.931780104712058,21.79000000000002
2026-06-25,Terra,,,22.429371727748713,21.730000000000018
2026-06-26,Terra,25.27502617801052,25.81,22.054293193717317,22.350000000000023
2026-06-27,Terra,,,23.5771204188482,23.130000000000052
2026-06-28,Terra,26.653664921465992,27.264492440604794,,23.510000000000048
2026-07-01,Terra,24.66717277486914,25.350000000000026,,22.310000000000002
2026-07-02,Terra,,,22.26926701570683,22.510000000000048
2026-07-03,Terra,24.80581151832464,25.301485809682816,,
2026-07-04,Terra,24.110000000000014,24.610000000000014,,
2026-07-06,Terra,25.94937172774873,26.730000000000018,21.950000000000045,21.79000000000002
2026-07-07,Terra,24.175026178010494,24.250000000000057,,15.990000000000009
2026-07-08,Terra,25.815130890052394,26.470000000000027,,22.350000000000023
2026-07-09,Terra,26.510000000000048,26.97000000000003,,
2026-07-10,Terra,24.650104712041887,24.570000000000046,,21.950000000000045
2026-07-13,Terra,21.068010471204232,22.49000000000001,,20.55000000000001
2026-07-14,Terra,24.797853403141374,25.03000000000003,,
2026-07-15,Terra,23.83000000000004,24.29000000000002,,
2026-07-16,Terra,,,22.071361256544513,21.33000000000004
2026-07-17,Terra,,,21.83000000000004,21.730000000000018
2026-07-18,Terra,25.190000000000055,26.430000000000007,18.21293193717279,19.610000000000014
2026-07-19,Terra,24.985706806282757,25.190000000000055,,
2026-07-20,Terra,,24.970000000000027,20.55000000000001,16.210000000000036
2026-07-21,Terra,24.11209424083774,25.350000000000023,,14.750000000000057
2026-07-22,Terra,,,14.870000000000005,15.330000000000041
2026-07-23,Terra,24.806544502617808,25.85484018264842,17.05000000000001,17.170000000000016
2026-07-24,Terra,25.05502617801049,25.79000000000002,,
2026-07-25,Terra,23.670000000000016,24.610000000000014,15.670000000000016,20.870000000000005
2026-07-26,Terra,24.170000000000016,25.110000000000014,,
2026-07-27,Terra,,,19.615445026178023,20.110000000000014
2026-07-29,Terra,23.937853403141382,24.23000000000002,,
2026-08-01,Terra,,,22.890000000000043,22.930000000000007
2026-08-02,Terra,,26.470000000000027,22.4142931937173,21.630000000000052
2026-08-05,Terra,25.817225130890062,26.630000000000052,20.03000000000003,19.690000000000055
2026-08-06,Terra,,,20.150000000000034,22.090000000000032
2026-08-07,Terra,,26.55000000000001,22.390000000000043,21.49000000000001
2026-08-08,Terra,26.21136125654454,27.030000000000033,,
2026-08-09,Terra,15.470000000000027,19.750000000000057,,
2026-08-10,Terra,24.710000000000036,26.49000000000001,16.912827225130922,20.63000000000005
2026-08-11,Terra,,,18.064240837696367,18.310000000000002
2026-08-12,Terra,26.426649214659726,26.870000000000005,,
2026-08-13,Terra,26.777853403141393,27.690000000000055,,
2026-08-14,Terra,25.79000000000002,26.05000000000001,,22.29000000000002
2026-08-15,Terra,25.850000000000023,27.23000000000002,,21.670000000000016
2026-08-16,Terra,,,20.410000000000025,19.890000000000043
2026-08-17,Terra,24.79000000000002,26.310000000000002,21.130000000000052,20.650000000000034
2026-08-18,Terra,,,15.110000000000014,15.710000000000036
2026-08-19,Terra,,,16.292827225130917,17.470000000000027
2026-08-20,Terra,26.342251308900558,27.410000000000025,22.520052356020983,22.130000000000052
2026-08-21,Terra,,,21.33492146596861,21.010000000000048
2026-08-22,Terra,27.18015706806286,27.75791271347254,,
2026-08-23,Terra,26.525706806282756,27.27000000000004,19.55000000000001,19.130000000000052
2026-08-24,Terra,,26.810000000000002,22.390000000000043,22.090000000000032
2026-08-25,Terra,27.734502617801095,28.890000000000043,21.435654450261804,21.410000000000025
2026-08-27,Terra,27.18151832460735,28.07000000000005,,
2026-08-28,Terra,25.69785340314141,26.571914893617066,,
2026-08-31,Terra,,,21.797853403141374,21.510000000000048
2026-09-01,Terra,27.923089005235624,28.670000000000016,,22.010000000000048
2026-09-02,Terra,25.317853403141378,28.01000000000005,22.925706806282758,22.870000000000005
2026-09-03,Terra,26.869267015706832,27.110000000000014,,22.090000000000032
2026-09-06,Terra,25.25010471204191,25.976666666666688,,21.090000000000032
2026-09-07,Terra,27.381413612565463,28.150000000000034,,
2026-09-09,Terra,25.05000000000001,26.95000000000005,,
2026-09-11,Terra,28.210000000000036,28.470000000000024,23.369267015706832,21.750000000000057
2019-01-02,Aqua,32.65575916230372,33.39000000000004,,
2019-01-04,Aqua,31.154397905759197,31.010000000000048,,
2019-01-06,Aqua,28.232513089005277,30.55000000000001,,
2019-01-07,Aqua,31.15712041884818,32.33000000000004,,
2019-01-11,Aqua,28.670000000000016,29.79000000000002,,
2019-01-20,Aqua,29.26151832460737,29.950000000000045,,
2019-02-04,Aqua,,,21.510000000000048,22.010000000000048
2019-02-05,Aqua,26.838272251308926,29.49000000000001,,
2019-02-07,Aqua,27.167905759162345,28.690000000000055,,
2019-02-08,Aqua,26.750000000000057,33.25000000000006,,
2019-02-10,Aqua,32.23890052356022,32.63000000000005,,
2019-02-14,Aqua,30.22853403141364,32.07883333333338,,
2019-02-19,Aqua,31.035759162303716,31.850000000000023,,
2019-02-21,Aqua,26.598062827225153,28.930000000000007,,
2019-02-23,Aqua,25.97073298429323,27.350000000000023,,
2019-02-26,Aqua,28.996387434555007,29.29000000000002,,
2019-03-03,Aqua,31.630000000000052,29.970000000000027,,
2019-03-16,Aqua,27.53356020942413,27.250000000000057,,
2019-03-27,Aqua,28.90863874345553,31.250000000000057,,
2019-03-29,Aqua,29.693560209424103,31.130000000000052,,
2019-04-01,Aqua,28.33942408376968,28.630000000000052,,
2019-04-07,Aqua,31.4578534031414,31.870000000000005,,
2019-04-10,Aqua,28.979947643979074,31.350000000000023,,
2019-04-13,Aqua,30.497853403141384,31.310000000000002,,
2019-04-26,Aqua,27.83000000000004,29.99000000000001,,
2019-05-01,Aqua,30.540890052356044,30.79000000000002,,
2019-05-03,Aqua,31.06298429319375,32.27000000000004,,
2019-05-05,Aqua,25.27000000000004,29.850000000000023,,
2019-05-10,Aqua,29.462356020942437,30.630000000000052,,
2019-05-13,Aqua,23.49000000000001,24.730000000000018,16.150000000000034,17.670000000000016
2019-05-14,Aqua,,,22.099319371727763,22.470000000000027
2019-05-16,Aqua,27.404973821989543,28.870000000000005,,
2019-05-19,Aqua,29.09806282722515,30.841698113207578,,20.210000000000036
2019-05-21,Aqua,,22.890000000000043,21.774293193717313,21.670000000000016
2019-05-22,Aqua,26.36853403141363,27.33000000000004,,
2019-05-23,Aqua,22.864973821989548,27.27000000000004,,20.27000000000004
2019-05-24,Aqua,30.675863874345573,30.670000000000016,,
2019-05-26,Aqua,,30.57000000000005,19.03356020942413,19.150000000000034
2019-05-27,Aqua,,,21.83000000000004,21.99000000000001
2019-05-28,Aqua,27.55942408376965,30.090000000000032,21.422146596858653,21.79000000000002
2019-05-30,Aqua,28.620785340314175,29.83000000000004,,
2019-05-31,Aqua,28.62926701570685,29.710000000000036,21.234293193717328,21.430000000000007
2019-06-05,Aqua,,28.29000000000002,18.72958115183249,19.970000000000027
2019-06-09,Aqua,30.350000000000023,31.750000000000053,,
2019-06-10,Aqua,,26.930000000000007,21.730000000000018,21.630000000000052
2019-06-11,Aqua,31.483717277486942,32.85000000000002,,
2019-06-13,Aqua,30.630209424083816,32.05000000000001,,
2019-06-15,Aqua,,,22.16068062827229,21.930000000000007
2019-06-17,Aqua,28.999319371727797,29.830000000000044,,
2019-06-20,Aqua,30.494397905759193,31.230000000000018,21.125706806282743,21.03000000000003
2019-06-23,Aqua,30.2985863874346,30.830000000000037,20.132827225130928,20.190000000000055
2019-06-24,Aqua,26.53000000000003,29.410000000000025,,
2019-06-25,Aqua,31.44287958115184,32.520039370078784,,
2019-06-27,Aqua,33.197225130890054,34.43000000000001,,20.930000000000007
2019-06-28,Aqua,,,20.510732984293217,19.590000000000032
2019-06-29,Aqua,31.196596858638763,32.93000000000001,,
2019-06-30,Aqua,30.39356020942409,30.99000000000001,,20.870000000000005
2019-07-01,Aqua,31.299319371727773,33.05000000000001,,20.970000000000027
2019-07-02,Aqua,28.157120418848184,30.210000000000036,,
2019-07-03,Aqua,30.074293193717303,31.110000000000014,,21.670000000000016
2019-07-04,Aqua,23.170000000000016,26.930000000000007,,
2019-07-06,Aqua,28.84078534031415,30.590000000000032,,20.610000000000014
2019-07-07,Aqua,,,20.49000000000001,20.590000000000032
2019-07-08,Aqua,28.79000000000002,29.150000000000034,20.79000000000002,20.390000000000043
2019-07-09,Aqua,29.353560209424128,29.650000000000034,,
2019-07-10,Aqua,29.34937172774873,30.630000000000052,,
2019-07-11,Aqua,31.372408376963374,30.83000000000004,,
2019-07-12,Aqua,29.090000000000032,29.090000000000032,,19.99000000000001
2019-07-13,Aqua,33.30225130890056,34.73000000000002,,
2019-07-14,Aqua,,,18.190000000000055,18.33000000000004
2019-07-15,Aqua,24.470000000000027,31.61000000000001,20.657853403141388,20.590000000000032
2019-07-16,Aqua,31.72570680628277,32.01000000000005,,
2019-07-17,Aqua,30.3521989528796,32.110000000000014,,
2019-07-22,Aqua,31.796492146596876,33.77000000000004,,
2019-07-23,Aqua,32.425706806282754,32.650000000000034,,
2019-07-24,Aqua,30.962356020942437,33.03000000000003,19.680680628272267,18.890000000000043
2019-07-25,Aqua,32.298586387434604,32.92976653696499,19.237853403141393,19.010000000000048
2019-07-26,Aqua,30.210000000000036,31.430000000000007,17.109581151832483,19.090000000000032
2019-07-28,Aqua,,32.210000000000036,22.016596858638756,21.440000000000026
2019-07-29,Aqua,32.149371727748715,34.25000000000006,,
2019-07-30,Aqua,,,19.298691099476457,20.450000000000045
2019-07-31,Aqua,33.82591623036654,35.79000000000002,19.790732984293225,19.79000000000002
2019-08-01,Aqua,31.184973821989576,31.510000000000048,19.796701570680636,19.55000000000001
2019-08-02,Aqua,29.7185863874346,32.110000000000014,,
2019-08-03,Aqua,32.58643979057593,33.55000000000001,20.2385863874346,20.310000000000002
2019-08-04,Aqua,32.41293193717281,33.63000000000005,,
2019-08-05,Aqua,32.62005235602097,34.77000000000004,,
2019-08-06,Aqua,,,17.510000000000048,17.49000000000001
2019-08-09,Aqua,31.05376963350788,33.59000000000003,20.121413612565473,19.970000000000027
2019-08-10,Aqua,31.730732984293223,33.09000000000003,,
2019-08-11,Aqua,32.555759162303694,33.650000000000034,20.430000000000007,20.210000000000036
2019-08-12,Aqua,32.724973821989536,34.01000000000005,,
2019-08-13,Aqua,,29.77000000000004,19.450000000000045,20.630000000000052
2019-08-14,Aqua,32.23000000000002,34.97000000000003,16.110000000000014,16.690000000000055
2019-08-16,Aqua,33.82581151832464,35.84269076305224,,
2019-08-17,Aqua,,36.63000000000005,21.430000000000007,20.950000000000045
2019-08-18,Aqua,32.23513089005238,34.910000000000025,,
2019-08-19,Aqua,34.719319371727764,36.35000000000002,20.5178534031414,20.110000000000014
2019-08-21,Aqua,35.890837696335105,37.450000000000045,,
2019-08-23,Aqua,33.72664921465974,35.480039370078764,,19.430000000000007
2019-08-24,Aqua,31.49000000000001,30.29000000000002,20.250000000000057,20.05000000000001
2019-08-25,Aqua,34.24371727748694,35.610000000000014,,
2019-08-29,Aqua,,,20.991465968586418,21.27000000000004
2019-08-30,Aqua,36.72664921465974,38.39000000000004,,
2019-09-01,Aqua,34.46937172774873,37.041361256544526,,
2019-09-03,Aqua,,34.150000000000034,18.970000000000027,21.83000000000004
2019-09-04,Aqua,34.367172774869125,34.93000000000001,20.537853403141384,20.130000000000052
2019-09-06,Aqua,35.345916230366534,36.83000000000004,,
2019-09-08,Aqua,32.31209424083773,36.76000000000005,16.510000000000048,17.930000000000007
2019-09-09,Aqua,33.058481675392684,32.73000000000002,18.930000000000007,20.33000000000004
2019-09-10,Aqua,37.39314136125656,39.78011811023625,,
2019-09-11,Aqua,37.34434554973825,38.43000000000001,,
2019-09-12,Aqua,29.307696335078564,32.410000000000025,14.950000000000045,14.910000000000025
2019-09-13,Aqua,35.90570680628275,37.35000000000002,,
2019-09-14,Aqua,32.24214659685868,32.77369304556358,,20.55000000000001
2019-09-15,Aqua,31.08465968586388,37.36425352112678,19.39858638743457,19.310000000000002
2019-09-17,Aqua,32.070942408376986,35.53000000000003,,12.690000000000055
2019-09-18,Aqua,35.10717277486914,35.860000000000014,,18.57000000000005
2019-09-19,Aqua,32.74790575916233,33.950000000000045,20.297434554973847,20.950000000000045
2019-09-20,Aqua,,,19.044973821989558,18.950000000000045
2019-09-21,Aqua,34.665811518324624,35.13000000000005,20.965706806282753,20.390000000000043
2019-09-22,Aqua,37.94078534031417,40.07000000000005,,
2019-09-25,Aqua,31.370000000000005,31.370000000000005,21.14214659685868,21.690000000000055
2019-09-27,Aqua,,,21.114293193717323,20.590000000000032
2019-10-01,Aqua,39.24455497382199,40.042028301886816,16.450000000000045,15.590000000000032
2019-10-05,Aqua,38.04162303664925,40.53000000000003,21.132094240837723,20.470000000000027
2019-10-06,Aqua,37.785078534031456,39.451250000000044,20.110000000000014,20.010000000000048
2019-10-10,Aqua,35.170000000000016,35.910000000000025,,
2019-10-14,Aqua,35.44790575916232,37.14273504273508,,19.110000000000014
2019-10-16,Aqua,,,19.387905759162315,21.010000000000048
2019-10-17,Aqua,,38.73000000000002,22.001413612565468,21.330000000000037
2019-10-20,Aqua,36.144345549738254,37.51505231689093,,
2019-10-21,Aqua,29.99000000000001,32.98728813559324,,20.950000000000045
2019-10-22,Aqua,40.28570680628275,40.705813953488416,,
2019-10-24,Aqua,38.03513089005236,38.53000000000003,,
2019-10-27,Aqua,,,20.390000000000043,21.53000000000003
2019-10-28,Aqua,34.66277486910996,36.27000000000004,18.940785340314168,19.390000000000043
2019-10-30,Aqua,,33.81,21.83000000000004,21.79000000000002
2019-10-31,Aqua,36.77795811518327,37.15781818181821,,
2019-11-04,Aqua,31.230942408376986,33.93000000000001,,
2019-11-07,Aqua,39.387905759162315,39.85000000000002,20.755759162303683,20.630000000000052
2019-11-09,Aqua,36.450000000000045,37.03000000000003,,
2019-11-11,Aqua,35.71638743455502,37.35000000000002,,22.55000000000001
2019-11-18,Aqua,36.450000000000045,41.910000000000025,,20.05000000000001
2019-11-20,Aqua,32.610000000000014,35.610000000000014,,
2019-11-27,Aqua,,31.470000000000027,20.423507853403173,19.58317269076309
2019-11-28,Aqua,,,20.655130890052366,21.83000000000004
2020-01-14,Aqua,30.416492146596877,30.55000000000001,,11.510000000000048
2020-01-15,Aqua,,,20.390732984293216,18.010000000000048
2020-01-19,Aqua,31.667277486911033,32.81,,
2020-01-28,Aqua,31.210000000000036,31.810000000000002,,
2020-02-22,Aqua,29.578586387434573,29.610000000000014,,
2020-02-23,Aqua,,,17.457853403141403,16.83000000000004
2020-03-02,Aqua,31.86089005235604,32.05000000000001,,
2020-03-06,Aqua,26.075759162303676,26.03000000000003,,
2020-03-10,Aqua,,,21.870000000000005,21.49000000000001
2020-03-25,Aqua,29.49000000000001,29.710000000000036,,
2020-03-31,Aqua,29.590000000000032,30.33000000000004,,
2020-04-03,Aqua,31.09596858638748,31.610000000000014,,
2020-04-07,Aqua,29.562146596858675,29.99000000000001,,
2020-04-10,Aqua,,,21.370000000000005,21.370000000000005
2020-04-11,Aqua,,,20.035759162303716,19.07000000000005
2020-04-12,Aqua,27.90424083769634,30.46931137724554,,
2020-04-13,Aqua,26.07000000000005,27.090000000000032,,
2020-04-14,Aqua,27.610000000000014,29.090000000000032,22.390000000000043,22.33000000000004
2020-04-22,Aqua,26.48413612565447,28.230000000000018,,
2020-05-03,Aqua,28.265078534031435,29.590000000000032,,
2020-05-12,Aqua,30.031780104712084,31.14500000000004,,
2020-05-13,Aqua,,,21.230000000000018,21.750000000000057
2020-05-14,Aqua,21.440052356020967,28.910000000000025,,
2020-05-22,Aqua,,,15.467068062827241,20.49000000000001
2020-05-23,Aqua,29.621518324607344,31.690000000000055,,
2020-05-24,Aqua,31.03785340314138,31.48089285714287,,
2020-05-29,Aqua,,,21.690000000000055,21.930000000000007
2020-06-02,Aqua,27.53000000000003,28.57000000000005,,
2020-06-04,Aqua,27.988638743455542,28.610000000000014,,
2020-06-08,Aqua,27.486544502617814,28.150000000000034,,
2020-06-09,Aqua,29.419005235602135,30.230000000000018,,
2020-06-11,Aqua,29.122879581151846,30.110000000000014,,
2020-06-12,Aqua,28.133560209424097,28.83000000000004,21.224345549738246,20.830000000000037
2020-06-13,Aqua,29.73649214659687,30.950000000000042,,
2020-06-16,Aqua,,,22.122774869109996,22.33000000000004
2020-06-17,Aqua,26.610000000000014,28.070000000000046,,
2020-06-25,Aqua,15.352198952879602,15.250000000000057,14.18214659685868,16.610000000000014
2020-06-26,Aqua,27.247172774869128,28.150000000000034,19.191570680628285,20.850000000000023
2020-06-27,Aqua,28.350000000000023,29.07000000000005,,
2020-06-28,Aqua,,28.510000000000048,20.97010471204194,21.590000000000032
2020-06-29,Aqua,29.863821989528827,30.590000000000032,21.890000000000043,21.55000000000001
2020-07-01,Aqua,29.03649214659688,30.79000000000002,,
2020-07-05,Aqua,,30.170000000000016,20.210000000000036,20.430000000000007
2020-07-07,Aqua,,,21.133560209424097,20.99000000000001
2020-07-11,Aqua,,26.110000000000014,16.07000000000005,17.33000000000004
2020-07-12,Aqua,29.042879581151862,29.730000000000018,,20.710000000000036
2020-07-17,Aqua,28.87858638743458,31.210000000000036,15.742146596858682,18.650000000000034
2020-07-18,Aqua,28.369267015706832,28.390000000000043,16.995654450261803,18.57000000000005
2020-07-19,Aqua,27.27000000000004,29.470000000000027,20.99000000000001,21.33000000000004
2020-07-20,Aqua,,,16.309162303664944,16.258167053364318
2020-07-21,Aqua,27.010000000000048,27.130000000000052,,21.750000000000057
2020-07-24,Aqua,30.975130890052398,32.07000000000005,19.880680628272255,20.750000000000057
2020-07-25,Aqua,,,19.440680628272258,19.650000000000034
2020-07-27,Aqua,30.492827225130906,30.870000000000005,,
2020-07-28,Aqua,29.85712041884817,30.640920770877983,,19.850000000000023
2020-07-29,Aqua,27.63858638743458,28.55000000000001,,
2020-07-30,Aqua,,,18.450000000000045,19.27000000000004
2020-07-31,Aqua,30.341623036649263,30.86961240310078,,
2020-08-02,Aqua,30.2488481675393,31.810000000000002,,20.130000000000052
2020-08-06,Aqua,,,16.910000000000025,16.310000000000002
2020-08-07,Aqua,32.60790575916234,33.39000000000004,,
2020-08-09,Aqua,32.83586387434558,34.27000000000004,19.797853403141374,19.430000000000007
2020-09-05,Aqua,31.85513089005239,32.43000000000001,,20.410000000000025
2020-09-06,Aqua,,,15.938586387434588,17.27000000000004
2020-09-07,Aqua,30.00141361256546,31.590000000000032,19.994188481675405,21.390000000000043
2020-09-12,Aqua,34.13722513089005,36.03000000000003,17.85293193717281,20.41826291079814
2020-09-13,Aqua,,,12.330000000000041,13.750000000000057
2020-09-16,Aqua,20.890000000000043,21.230000000000018,13.550000000000011,21.210333333333367
2020-09-17,Aqua,36.02308900523565,37.53000000000003,,
2020-09-18,Aqua,,,20.430000000000007,20.77000000000004
2020-09-19,Aqua,35.270942408377,36.86036585365856,,
2020-09-23,Aqua,,,20.210000000000036,20.950000000000045
2020-09-24,Aqua,28.730000000000018,33.77000000000004,,
2020-10-01,Aqua,34.410000000000025,35.59000000000003,,
2020-10-03,Aqua,24.890000000000043,32.93000000000001,,
2020-10-07,Aqua,31.682251308900554,32.650000000000034,,
2020-10-21,Aqua,27.861937172774883,30.99000000000001,,
2020-11-07,Aqua,,,19.784973821989542,20.390000000000043
2020-11-11,Aqua,32.150000000000034,33.23000000000002,,
2020-11-27,Aqua,32.0529319371728,34.33007874015752,,
2021-01-23,Aqua,28.10141361256549,29.05000000000001,,
2021-03-01,Aqua,35.01000000000005,34.670000000000016,,
2021-03-05,Aqua,32.65083769633512,33.910000000000025,,
2021-03-14,Aqua,28.368848167539305,30.33000000000004,,
2021-03-15,Aqua,,,19.310000000000002,16.710000000000036
2021-03-19,Aqua,32.26371727748695,32.54000000000002,,
2021-03-26,Aqua,26.54214659685866,29.410000000000025,,
2021-04-08,Aqua,30.31806282722518,30.950000000000045,,
2021-04-09,Aqua,30.390000000000043,30.470000000000027,,
2021-04-10,Aqua,26.79000000000002,28.470000000000027,,
2021-04-16,Aqua,,25.870000000000005,20.325706806282735,20.190000000000055
2021-04-17,Aqua,27.350000000000023,28.760000000000048,,
2021-04-20,Aqua,31.118586387434597,32.07000000000005,,
2021-04-21,Aqua,,,22.555759162303698,21.750000000000057
2021-04-22,Aqua,30.52518324607332,32.110000000000014,,21.310000000000002
2021-04-23,Aqua,28.29000000000002,28.590000000000032,,21.49000000000001
2021-04-24,Aqua,29.979424083769672,32.05000000000001,,18.210000000000036
2021-04-25,Aqua,28.53000000000003,29.010000000000048,,
2021-04-27,Aqua,29.540052356020965,30.230000000000018,,
2021-04-29,Aqua,25.55000000000001,30.190000000000055,,
2021-05-02,Aqua,,,19.05000000000001,18.230000000000018
2021-05-09,Aqua,,,19.276910994764425,20.750000000000057
2021-05-10,Aqua,30.392198952879625,31.99000000000001,18.810000000000002,20.870000000000005
2021-05-14,Aqua,,27.730000000000018,22.271361256544537,21.650000000000034
2021-05-15,Aqua,30.459319371727773,32.35000000000002,,
2021-05-17,Aqua,27.259424083769638,28.310000000000002,,
2021-05-20,Aqua,29.70287958115189,30.550000000000008,,
2021-05-22,Aqua,28.80434554973823,30.05000000000001,,
2021-05-24,Aqua,28.670000000000016,30.630000000000052,,
2021-05-26,Aqua,28.0004712041885,29.910000000000025,,
2021-05-27,Aqua,,27.350000000000023,21.025706806282756,21.33000000000004
2021-05-31,Aqua,,,15.710000000000036,17.910000000000025
2021-06-02,Aqua,26.644973821989556,28.510000000000048,,
2021-06-05,Aqua,30.190732984293223,30.470000000000027,18.710000000000036,19.010000000000048
2021-06-07,Aqua,29.90005235602098,30.85621193666262,,
2021-06-09,Aqua,28.878795811518355,30.07000000000005,,
2021-06-16,Aqua,29.771465968586412,31.27000000000004,,
2021-06-25,Aqua,31.50853403141364,30.350000000000023,17.150000000000034,19.750000000000057
2021-07-02,Aqua,29.430000000000007,28.310000000000002,21.910000000000025,21.77000000000004
2021-07-04,Aqua,29.452198952879623,30.490000000000006,22.201413612565478,22.190000000000055
2021-07-05,Aqua,27.510000000000048,27.610000000000014,,
2021-07-06,Aqua,29.484345549738237,30.450000000000045,,
2021-07-07,Aqua,29.77000000000004,29.79000000000002,,
2021-07-09,Aqua,29.022251308900564,29.730000000000018,,
2021-07-15,Aqua,29.750732984293226,31.150000000000034,,22.750000000000057
2021-07-16,Aqua,30.075026178010507,30.970000000000027,,
2021-07-17,Aqua,28.03712041884818,29.310000000000002,,20.650000000000034
2021-07-18,Aqua,32.41942408376966,33.410000000000025,,16.450000000000045
2021-07-19,Aqua,,,20.075026178010507,19.870000000000005
2021-07-20,Aqua,28.688848167539298,30.510000000000048,,15.670000000000016
2021-07-23,Aqua,,,20.230000000000018,20.390000000000043
2021-07-25,Aqua,31.670837696335095,32.64411111111115,,
2021-07-27,Aqua,31.607277486911027,32.63000000000005,,17.670000000000016
2021-07-28,Aqua,29.750000000000057,30.250000000000057,20.185706806282745,19.190000000000055
2021-07-29,Aqua,29.957225130890105,31.470000000000027,19.441518324607376,18.970000000000027
2021-07-30,Aqua,29.870000000000005,30.57000000000005,16.071780104712065,17.970000000000027
2021-08-01,Aqua,29.05000000000001,31.05000000000001,,
2021-08-02,Aqua,,25.07000000000005,21.26874345549743,22.03000000000003
2021-08-06,Aqua,29.88497382198956,30.090000000000032,,
2021-08-07,Aqua,29.03000000000003,29.29000000000002,,
2021-08-10,Aqua,27.176492146596868,29.450000000000045,,
2021-08-15,Aqua,32.03628272251312,32.59000000000003,,
2021-08-17,Aqua,29.528534031413656,32.01000000000005,,
2021-08-23,Aqua,,,18.690000000000055,18.250000000000057
2021-08-25,Aqua,29.913560209424126,30.350000000000023,,
2021-08-26,Aqua,29.170000000000016,32.27000000000004,,
2021-08-28,Aqua,29.49000000000001,32.13000000000005,,18.470000000000027
2021-08-30,Aqua,27.590000000000032,29.210000000000036,,21.450000000000045
2021-09-01,Aqua,26.930000000000007,28.49000000000001,,
2021-09-02,Aqua,31.464345549738255,32.93000000000001,,
2021-09-04,Aqua,32.04298429319374,33.28512851897187,,
2021-09-08,Aqua,29.56780104712047,31.58000000000004,,
2021-09-15,Aqua,23.610000000000014,24.470000000000027,,20.99000000000001
2021-09-16,Aqua,29.075654450261823,30.610000000000014,20.52570680628276,21.03000000000003
2021-09-18,Aqua,32.36089005235604,32.170000000000016,,
2021-09-20,Aqua,27.553560209424113,29.430000000000007,,20.57000000000005
2021-09-22,Aqua,28.80434554973823,30.390000000000043,17.072931937172804,17.350000000000023
2021-09-25,Aqua,31.090000000000032,31.350000000000023,,20.090000000000032
2021-09-28,Aqua,,,20.56570680628274,20.05000000000001
2021-10-02,Aqua,,,17.715026178010515,17.750000000000057
2021-10-07,Aqua,,,18.54664921465973,19.77000000000004
2021-10-08,Aqua,31.341518324607353,33.39000000000004,,
2021-10-09,Aqua,27.850000000000023,29.510000000000048,,
2021-10-10,Aqua,23.49000000000001,28.010000000000048,,
2021-10-25,Aqua,,,20.779947643979085,20.910000000000025
2021-11-05,Aqua,26.750000000000057,27.810000000000002,,
2021-11-18,Aqua,26.648115183246105,27.29000000000002,,
2021-12-09,Aqua,28.715654450261813,30.910000000000025,,
2021-12-24,Aqua,34.90570680628275,35.07000000000005,,20.83000000000004
2021-12-27,Aqua,28.310000000000002,31.690000000000055,,
2022-01-03,Aqua,29.717225130890096,31.279079229122086,,
2022-01-07,Aqua,30.017434554973875,29.99000000000001,,
2022-01-21,Aqua,27.130000000000052,28.010000000000048,,
2022-01-23,Aqua,25.065811518324654,25.83000000000004,,
2022-02-16,Aqua,27.33000000000004,28.850000000000023,,
2022-02-20,Aqua,29.38382198952883,30.590000000000032,,
2022-02-27,Aqua,30.445811518324646,29.090000000000032,,
2022-03-02,Aqua,30.376492146596895,30.010000000000048,,
2022-03-08,Aqua,32.19450261780107,32.83000000000004,,
2022-03-16,Aqua,,,17.470000000000027,19.99000000000001
2022-03-20,Aqua,30.941413612565466,30.970000000000027,,
2022-04-23,Aqua,30.130000000000052,31.730000000000018,,
2022-04-25,Aqua,31.06874345549741,31.890000000000043,,
2022-05-06,Aqua,,25.29000000000002,22.710000000000036,22.49000000000001
2022-05-08,Aqua,31.370000000000005,32.05000000000001,,
2022-05-12,Aqua,14.92591623036652,25.130000000000052,,
2022-05-14,Aqua,29.053560209424116,29.950000000000045,,
2022-05-18,Aqua,29.88507853403144,30.130000000000056,,
2022-05-23,Aqua,16.430000000000007,23.210000000000036,,
2022-05-27,Aqua,30.743717277486933,31.990000000000006,,
2022-06-01,Aqua,30.661518324607343,31.07000000000005,,
2022-06-10,Aqua,28.921518324607355,29.73000000000002,,
2022-06-22,Aqua,23.390000000000043,26.750000000000057,,
2022-06-28,Aqua,26.459214659685887,27.750000000000057,,21.670000000000016
2022-06-29,Aqua,28.757120418848206,29.019759036144617,15.691570680628281,16.130000000000052
2022-06-30,Aqua,25.02570680628276,25.850000000000023,20.386544502617852,20.29000000000002
2022-07-01,Aqua,23.888743455497437,24.850000000000023,,
2022-07-05,Aqua,29.130000000000052,31.230000000000018,,
2022-07-07,Aqua,28.850000000000023,29.890000000000043,21.470000000000027,21.130000000000052
2022-07-08,Aqua,29.053350785340353,29.970000000000027,,
2022-07-14,Aqua,26.83712041884819,28.350000000000023,,
2022-07-18,Aqua,,,21.950000000000045,21.79000000000002
2022-07-19,Aqua,29.720785340314144,30.99000000000001,19.849267015706815,20.370000000000005
2022-07-20,Aqua,,26.890000000000043,22.137853403141406,22.110000000000014
2022-07-21,Aqua,28.43502617801048,29.710000000000036,21.410000000000025,21.630000000000052
2022-07-26,Aqua,29.46371727748694,30.450000000000045,,
2022-07-31,Aqua,29.83712041884819,30.970000000000027,,
2022-08-01,Aqua,28.110000000000014,28.110000000000014,,
2022-08-03,Aqua,,,20.469267015706823,19.27000000000004
2022-08-06,Aqua,22.384869109947658,25.450000000000045,18.43387434554979,19.650000000000034
2022-08-07,Aqua,27.470000000000027,29.950000000000045,,
2022-08-08,Aqua,29.577853403141404,30.29000000000002,21.230000000000018,21.27000000000004
2022-08-11,Aqua,29.590000000000032,31.690000000000055,,21.970000000000027
2022-08-14,Aqua,29.30570680628275,29.29000000000002,,
2022-08-16,Aqua,29.650837696335113,29.99000000000001,,
2022-08-17,Aqua,,,21.79000000000002,21.930000000000007
2022-08-18,Aqua,29.620157068062856,31.05000000000001,,
2022-08-23,Aqua,29.234921465968622,30.970000000000027,,
2022-08-24,Aqua,,25.57000000000005,18.29000000000002,15.950000000000045
2022-08-25,Aqua,28.257120418848206,29.810000000000002,,
2022-08-29,Aqua,,,21.218586387434595,21.410000000000025
2022-09-03,Aqua,28.241518324607352,29.420000000000016,,
2022-09-12,Aqua,27.49000000000001,29.710000000000036,,19.470000000000027
2022-09-17,Aqua,30.835968586387455,32.64815845824415,,
2022-09-18,Aqua,,,21.99000000000001,21.83000000000004
2022-09-19,Aqua,29.509371727748732,30.890000000000043,,
2022-09-28,Aqua,,34.09000000000003,21.870000000000005,21.83000000000004
2022-10-01,Aqua,31.811361256544526,33.170000000000016,,
2022-10-03,Aqua,28.55376963350788,29.07000000000005,,
2022-10-28,Aqua,20.170000000000016,28.150000000000034,,
2022-10-30,Aqua,,,19.120680628272265,17.390000000000043
2022-10-31,Aqua,29.932198952879613,30.390000000000043,,
2022-11-02,Aqua,29.342460732984325,30.99000000000001,,
2022-12-20,Aqua,27.16141361256549,28.170000000000016,,
2023-01-05,Aqua,27.83000000000004,29.150000000000034,,
2023-01-08,Aqua,30.48507853403144,31.597772277227747,,
2023-01-15,Aqua,31.019214659685886,33.03000000000003,,
2023-02-19,Aqua,32.39219895287963,32.59000000000003,,
2023-03-06,Aqua,35.00298429319375,34.83000000000004,,21.430000000000007
2023-03-07,Aqua,24.250000000000057,31.296412884333858,,
2023-03-09,Aqua,28.53879581151835,29.390000000000043,,
2023-04-08,Aqua,29.166439790575968,32.14500000000004,,
2023-04-09,Aqua,29.688534031413624,30.350000000000023,,
2023-04-17,Aqua,29.917120418848175,30.970000000000027,,
2023-05-06,Aqua,28.260785340314165,29.33000000000004,,
2023-05-14,Aqua,31.17356020942412,31.810000000000002,21.21785340314139,21.110000000000014
2023-05-16,Aqua,30.211465968586413,30.810000000000002,,18.430000000000007
2023-05-20,Aqua,,27.53000000000003,19.110000000000014,21.970000000000024
2023-05-23,Aqua,27.376492146596895,27.730000000000018,17.772617801047147,17.130723104056493
2023-05-25,Aqua,29.65157068062832,31.259234042553235,22.553560209424116,22.49000000000001
2023-05-26,Aqua,28.29000000000002,29.870000000000005,,22.57000000000005
2023-05-27,Aqua,28.777853403141393,29.230000000000018,,21.450000000000045
2023-05-29,Aqua,,,20.57000000000005,20.370000000000005
2023-05-30,Aqua,30.730000000000018,32.53000000000003,20.470000000000027,20.77000000000004
2023-06-01,Aqua,29.913664921465983,31.630000000000052,19.890000000000043,19.636718750000046
2023-06-02,Aqua,27.850732984293224,28.390000000000043,,
2023-06-03,Aqua,,,22.04664921465973,21.690000000000055
2023-06-04,Aqua,24.27000000000004,25.210000000000036,,
2023-06-07,Aqua,,,21.510000000000048,21.350000000000023
2023-06-09,Aqua,,,21.127801047120446,20.79000000000002
2023-06-10,Aqua,28.466753926701603,29.29000000000002,,
2023-06-11,Aqua,29.418586387434587,30.52000000000004,,
2023-06-13,Aqua,26.748010471204243,27.55000000000001,,
2023-06-15,Aqua,26.890000000000043,30.370000000000005,,
2023-06-20,Aqua,29.7130366492147,30.83000000000004,21.014921465968616,20.79000000000002
2023-06-22,Aqua,29.337958115183273,30.63671957671962,15.461832460733,17.55000000000001
2023-06-23,Aqua,,,20.577853403141404,21.190000000000055
2023-06-24,Aqua,27.350000000000023,29.930000000000007,20.416701570680644,18.03000000000003
2023-06-25,Aqua,28.78863874345552,29.850000000000023,,
2023-06-26,Aqua,28.28287958115187,28.930000000000007,20.730000000000018,21.79000000000002
2023-06-27,Aqua,27.810000000000002,30.130000000000052,,
2023-06-28,Aqua,,,20.970000000000027,21.07000000000005
2023-06-29,Aqua,28.82005235602096,29.670000000000016,19.690000000000055,18.79000000000002
2023-06-30,Aqua,,27.710000000000036,19.917225130890085,19.810000000000002
2023-07-02,Aqua,23.470000000000027,26.090000000000032,,
2023-07-03,Aqua,,,21.390000000000043,21.77000000000004
2023-07-04,Aqua,29.448743455497404,30.850000000000023,,
2023-07-05,Aqua,,,18.290628272251336,16.930000000000007
2023-07-10,Aqua,,,21.27000000000004,21.29000000000002
2023-07-12,Aqua,,,20.422146596858653,19.710000000000036
2023-07-13,Aqua,27.797958115183288,27.890000000000043,,20.55000000000001
2023-07-16,Aqua,22.197120418848204,28.79000000000002,,
2023-07-18,Aqua,30.395235602094292,31.41000000000003,20.310000000000002,19.890000000000043
2023-07-19,Aqua,,,20.207172774869136,21.110000000000014
2023-07-21,Aqua,31.797958115183285,30.690000000000055,,
2023-07-22,Aqua,,,20.651151832460773,21.390000000000043
2023-07-23,Aqua,29.97083769633511,31.150000000000034,,
2023-07-26,Aqua,,,19.09712041884818,20.570000000000054
2023-07-27,Aqua,27.329267015706836,29.910000000000025,,
2023-07-28,Aqua,29.150000000000034,30.090000000000032,,
2023-07-29,Aqua,27.190000000000055,28.57000000000005,,19.970000000000027
2023-07-30,Aqua,30.56078534031417,31.919960629921277,,
2023-08-01,Aqua,31.29732984293199,33.07753056234723,,
2023-08-02,Aqua,,,20.610000000000014,20.950000000000045
2023-08-03,Aqua,29.393664921465998,30.33000000000004,20.310000000000002,21.05000000000001
2023-08-04,Aqua,,30.890000000000043,20.413664921465983,20.410000000000025
2023-08-05,Aqua,27.730000000000018,28.410000000000025,,21.850000000000023
2023-08-06,Aqua,,,21.750000000000057,21.590000000000032
2023-08-07,Aqua,,,16.950000000000045,19.420000000000016
2023-08-08,Aqua,31.58382198952882,32.930000000000014,,16.33000000000004
2023-08-10,Aqua,32.369371727748714,33.670000000000016,,21.07000000000005
2023-08-11,Aqua,31.835759162303688,32.690000000000055,,
2023-08-12,Aqua,29.79000000000002,30.630000000000056,,
2023-08-13,Aqua,23.274921465968607,26.470000000000027,,
2023-08-15,Aqua,29.382460732984313,29.790078740157497,,
2023-08-16,Aqua,,,21.059424083769652,20.610000000000014
2023-08-17,Aqua,29.99376963350788,32.190000000000055,,
2023-08-18,Aqua,30.58654450261784,30.890000000000043,,
2023-08-19,Aqua,30.857853403141377,31.703135935397082,17.57000000000005,21.450000000000045
2023-08-20,Aqua,,33.15756097560978,21.121413612565473,21.210000000000036
2023-08-22,Aqua,,31.79000000000002,21.013664921466006,21.010000000000048
2023-08-24,Aqua,28.150000000000034,31.170000000000016,,
2023-08-27,Aqua,32.25450261780107,34.20500000000004,15.850000000000023,15.670000000000016
2023-08-29,Aqua,32.09010471204191,33.854419551934846,14.590000000000032,13.79000000000002
2023-08-30,Aqua,30.944973821989567,30.850000000000023,,
2023-08-31,Aqua,31.589267015706827,33.190000000000055,,
2023-09-01,Aqua,33.885811518324644,35.07000000000005,,
2023-09-02,Aqua,30.630000000000052,29.410000000000025,20.873036649214704,20.370000000000005
2023-09-03,Aqua,33.73596858638747,35.170000000000016,15.322041884816777,16.07000000000005
2023-09-05,Aqua,33.42005235602099,35.51000000000005,,18.090000000000032
2023-09-06,Aqua,33.09356020942413,34.75000000000006,,17.470000000000027
2023-09-07,Aqua,,29.870000000000005,21.07000000000005,20.230000000000018
2023-09-08,Aqua,29.889371727748724,32.710000000000036,,
2023-09-10,Aqua,32.504345549738254,33.953495145631116,20.313560209424107,20.350000000000023
2023-09-11,Aqua,,,21.150000000000034,20.83000000000004
2023-09-12,Aqua,33.9923036649215,35.51000000000005,,19.83000000000004
2023-09-13,Aqua,34.06361256544505,35.670000000000016,20.34926701570682,20.03000000000003
2023-09-15,Aqua,33.75303664921469,35.31,,
2023-09-17,Aqua,,,20.950000000000045,19.170000000000016
2023-09-20,Aqua,32.916387434555,34.078513513513556,19.222041884816786,18.730000000000018
2023-09-21,Aqua,30.934607329842958,33.49000000000001,,
2023-09-22,Aqua,36.93858638743459,39.150000000000034,19.630000000000052,18.99000000000001
2023-09-23,Aqua,,,21.074293193717303,20.730000000000018
2023-09-24,Aqua,34.113560209424115,37.360116550116565,,20.29000000000002
2023-09-26,Aqua,34.50937172774873,36.910000000000025,,
2023-09-27,Aqua,36.158586387434596,37.43000000000001,,
2023-09-28,Aqua,34.685078534031426,36.07000000000005,,
2023-09-29,Aqua,37.22382198952884,39.650000000000034,,18.850000000000023
2023-09-30,Aqua,,,20.77000000000004,20.590000000000032
2023-10-04,Aqua,36.41366492146598,37.75000000000006,,
2023-10-05,Aqua,31.119214659685888,33.97000000000003,,
2023-10-07,Aqua,,,21.887905759162315,20.79000000000002
2023-10-08,Aqua,,,21.67785340314139,21.77000000000004
2023-10-16,Aqua,36.32926701570684,37.27000000000004,22.56214659685868,22.390000000000043
2023-10-17,Aqua,,,21.549371727748717,21.610000000000014
2023-10-18,Aqua,34.22581151832462,35.420920770877956,,
2023-10-20,Aqua,33.81,36.410000000000025,,
2023-10-23,Aqua,33.59638743455501,34.73000000000002,,
2023-10-27,Aqua,34.507486910994785,35.89000000000004,,
2023-10-28,Aqua,36.555759162303694,37.91000000000002,,
2023-10-30,Aqua,34.34141361256547,35.370000000000005,,
2023-11-01,Aqua,,,22.090000000000032,21.930000000000007
2023-11-06,Aqua,33.01000000000005,33.83000000000004,,
2023-11-12,Aqua,,,21.630000000000052,21.310000000000002
2023-11-15,Aqua,32.683089005235615,33.797245409015034,21.062146596858675,21.05000000000001
2023-11-18,Aqua,30.89209424083771,32.89000000000004,,
2023-11-19,Aqua,29.073036649214693,29.76232954545459,,
2023-11-29,Aqua,29.952931937172796,31.170000000000016,,
2023-12-07,Aqua,31.27000000000004,31.49000000000001,,
2023-12-11,Aqua,32.51083769633511,33.950000000000045,,
2023-12-12,Aqua,,,21.630000000000052,21.49000000000001
2023-12-13,Aqua,32.504973821989566,33.83000000000004,,
2023-12-14,Aqua,33.681518324607346,35.13000000000005,,
2023-12-16,Aqua,32.4923036649215,33.792265193370184,,
2023-12-18,Aqua,30.472303664921487,32.55000000000001,,21.970000000000027
2023-12-20,Aqua,33.23146596858639,34.69000000000006,,
2023-12-21,Aqua,33.56727748691103,34.91805785123969,,
2023-12-23,Aqua,25.470000000000027,27.77000000000004,,
2023-12-30,Aqua,29.564345549738256,30.390000000000043,,
2024-01-06,Aqua,25.650000000000034,28.750000000000057,,
2024-01-20,Aqua,26.41303664921469,27.410000000000025,,20.53000000000003
2024-01-25,Aqua,31.575235602094267,33.53000000000003,,
2024-02-08,Aqua,28.522146596858676,30.410000000000025,,
2024-02-09,Aqua,31.60434554973824,31.410000000000025,,
2024-02-11,Aqua,,,21.785706806282747,21.930000000000007
2024-02-12,Aqua,,,22.527801047120445,22.470000000000027
2024-02-14,Aqua,,,21.695130890052386,21.48003937007876
2024-02-18,Aqua,30.15931937172776,32.170000000000016,,
2024-02-20,Aqua,28.684240837696365,30.510000000000048,,
2024-02-21,Aqua,33.14434554973826,32.870000000000005,,
2024-03-18,Aqua,29.212094240837704,31.71161016949156,21.64643979057593,21.450000000000045
2024-03-20,Aqua,32.96099476439792,34.08243902439028,,
2024-03-21,Aqua,,,21.036387434555007,20.750000000000057
2024-04-11,Aqua,22.630000000000052,29.230000000000018,,
2024-04-13,Aqua,28.150000000000034,31.09042723631511,,
2024-04-15,Aqua,,27.79000000000002,20.752198952879603,21.610000000000014
2024-04-18,Aqua,28.72780104712044,31.750000000000057,,
2024-04-21,Aqua,28.862146596858647,29.390000000000043,,
2024-05-02,Aqua,19.846020942408387,26.250000000000057,,23.470000000000027
2024-05-05,Aqua,27.45565445026182,30.670000000000016,,
2024-05-06,Aqua,,,21.970000000000027,21.170000000000016
2024-05-07,Aqua,29.910104712041935,31.510000000000048,20.57000000000005,21.13125000000005
2024-05-09,Aqua,28.5178534031414,29.83000000000004,,
2024-05-10,Aqua,28.33000000000004,29.05000000000001,,
2024-05-12,Aqua,26.153560209424136,28.430000000000007,,
2024-05-13,Aqua,,,20.050837696335094,20.970000000000027
2024-05-15,Aqua,29.018586387434574,30.27000000000004,,
2024-05-17,Aqua,28.74790575916233,29.690000000000055,,
2024-05-19,Aqua,,21.610000000000014,19.937853403141382,20.250000000000057
2024-05-27,Aqua,28.930732984293208,29.57000000000005,22.159319371727765,22.27000000000004
2024-05-28,Aqua,26.590000000000032,28.230000000000018,,
2024-05-29,Aqua,29.210314136125678,31.410000000000025,,19.950000000000045
2024-05-31,Aqua,30.250000000000057,32.254379785604954,21.306439790575954,19.310000000000002
2024-06-05,Aqua,31.07513089005238,32.07000000000005,20.310000000000002,20.630000000000052
2024-06-06,Aqua,,,21.246439790575955,20.950000000000045
2024-06-07,Aqua,30.243612565445055,31.584889867841447,,20.410000000000025
2024-06-08,Aqua,30.122146596858673,30.866245954692562,,
2024-06-09,Aqua,,,20.810000000000002,21.29000000000002
2024-06-13,Aqua,,,20.930000000000007,21.930000000000007
2024-06-14,Aqua,27.499947643979095,28.470000000000027,,
2024-06-15,Aqua,29.993560209424107,31.070000000000046,,
2024-06-16,Aqua,,,21.977329842931937,21.610000000000014
2024-06-17,Aqua,28.923612565445058,30.796005665722397,,22.110000000000014
2024-06-18,Aqua,,,20.58141361256547,20.810000000000002
2024-06-19,Aqua,29.343612565445046,30.130000000000052,,
2024-06-20,Aqua,30.395759162303694,30.970000000000027,,
2024-06-21,Aqua,28.805706806282746,29.482245199409174,22.210000000000036,21.03000000000003
2024-06-22,Aqua,28.230000000000018,30.05000000000001,,
2024-06-24,Aqua,27.731465968586395,28.690000000000055,,
2024-06-26,Aqua,25.944973821989567,28.49000000000001,,22.53000000000003
2024-06-27,Aqua,29.776492146596894,30.700000000000045,,
2024-07-03,Aqua,,,21.090000000000032,20.910000000000025
2024-07-07,Aqua,24.170000000000016,28.71000000000004,,
2024-07-09,Aqua,24.170000000000016,24.110000000000014,16.650000000000034,16.650000000000034
2024-07-11,Aqua,30.613664921465972,31.670000000000016,,
2024-07-12,Aqua,29.101413612565487,29.510000000000048,,
2024-07-13,Aqua,29.316387434555004,30.360143540669867,,
2024-07-14,Aqua,29.70654450261785,30.63753056234723,,
2024-07-15,Aqua,,,19.774293193717313,19.890000000000043
2024-07-16,Aqua,27.926125654450285,30.450000000000045,20.429267015706834,20.03000000000003
2024-07-19,Aqua,30.27858638743456,31.49000000000001,,
2024-07-20,Aqua,30.07000000000005,30.80086021505377,,
2024-07-21,Aqua,31.660890052356052,33.29666666666668,19.41544502617803,17.230000000000018
2024-07-22,Aqua,29.370000000000005,29.210000000000036,17.46361256544505,17.910000000000025
2024-07-23,Aqua,28.090000000000032,30.610000000000014,,15.57000000000005
2024-07-26,Aqua,31.080890052356068,32.27000000000004,,20.53000000000003
2024-07-28,Aqua,31.419424083769666,33.09000000000003,,
2024-07-29,Aqua,30.38643979057594,31.090000000000032,21.090628272251326,20.81
2024-07-30,Aqua,28.53000000000003,29.690000000000055,,
2024-07-31,Aqua,31.875130890052393,33.190000000000055,,
2024-08-03,Aqua,,,17.29000000000002,18.49000000000001
2024-08-04,Aqua,30.280052356020974,31.370000000000005,20.590000000000032,21.090000000000032
2024-08-05,Aqua,30.777853403141393,31.078298279158748,,
2024-08-06,Aqua,29.932094240837735,30.670000000000016,21.250000000000057,20.930000000000007
2024-08-09,Aqua,30.675759162303706,31.53000000000003,19.80706806282725,19.650000000000034
2024-08-10,Aqua,30.510000000000048,31.350000000000023,18.915549738219944,18.810000000000002
2024-08-12,Aqua,31.052408376963378,32.690000000000055,,
2024-08-14,Aqua,32.28654450261783,33.51000000000005,,20.010000000000048
2024-08-15,Aqua,32.613560209424115,32.70592326139093,,
2024-08-16,Aqua,31.010000000000048,31.77000000000004,,
2024-08-19,Aqua,33.19963350785343,34.15038461538465,,20.890000000000043
2024-08-20,Aqua,,,20.90926701570682,21.610000000000014
2024-08-24,Aqua,32.32434554973827,33.710000000000036,,
2024-08-26,Aqua,,25.27000000000004,19.522146596858676,19.870000000000005
2024-08-31,Aqua,32.05952879581156,34.07000000000005,,22.130000000000052
2024-09-01,Aqua,31.57000000000005,31.310000000000002,20.32507853403144,18.33000000000004
2024-09-02,Aqua,31.585706806282758,32.43000000000001,,
2024-09-04,Aqua,,,21.690000000000055,21.05000000000001
2024-09-07,Aqua,32.0557591623037,33.28945815773633,,
2024-09-12,Aqua,31.44937172774873,32.57000000000005,,
2024-09-13,Aqua,31.29000000000002,32.09000000000003,,
2024-09-14,Aqua,,23.130000000000052,20.170000000000016,20.390000000000043
2024-09-15,Aqua,33.43942408376965,35.43000000000001,,
2024-09-17,Aqua,31.903717277486937,33.26062906724517,,
2024-09-18,Aqua,30.998795811518356,31.859102564102574,,19.05000000000001
2024-09-19,Aqua,32.48937172774871,33.23000000000002,,
2024-09-20,Aqua,34.38811518324608,36.53000000000003,,
2024-09-27,Aqua,28.49000000000001,31.630000000000052,21.650000000000034,21.370000000000005
2024-09-30,Aqua,32.615759162303696,33.07000000000005,,
2024-10-04,Aqua,,,22.310000000000002,21.79000000000002
2024-10-07,Aqua,31.06371727748693,33.09000000000003,,
2024-10-09,Aqua,28.150000000000034,29.850000000000023,,20.53000000000003
2024-10-10,Aqua,29.110000000000014,30.55000000000001,,
2024-10-11,Aqua,,,21.120680628272265,21.130000000000052
2024-10-17,Aqua,33.11722513089008,34.55000000000001,,
2024-10-19,Aqua,31.671465968586425,33.13000000000005,,
2024-10-21,Aqua,31.777120418848188,32.53000000000003,,
2024-10-22,Aqua,35.89879581151834,36.58000000000004,,
2024-10-24,Aqua,,,14.479947643979074,14.370000000000005
2024-10-26,Aqua,32.81293193717281,33.910000000000025,21.170000000000016,21.890000000000043
2024-10-29,Aqua,34.29450261780109,34.07000000000005,,
2024-10-31,Aqua,,,22.132827225130924,21.55000000000001
2024-11-08,Aqua,,27.310000000000002,20.746439790575955,18.730000000000018
2024-11-13,Aqua,23.997225130890072,26.250000000000057,,
2025-01-03,Aqua,28.439319371727795,29.690000000000055,,
2025-02-13,Aqua,33.75523560209428,34.950000000000045,,
2025-03-05,Aqua,,23.410000000000025,18.338586387434564,18.630000000000052
2025-03-23,Aqua,28.890000000000043,30.690000000000055,,
2025-03-24,Aqua,,,22.074293193717303,21.33000000000004
2025-04-04,Aqua,27.647277486911015,28.250000000000057,,
2025-04-16,Aqua,21.510000000000048,22.850000000000023,,
2025-04-24,Aqua,,,20.462146596858673,21.370000000000005
2025-04-27,Aqua,24.27000000000004,27.79000000000002,21.430000000000007,21.190000000000055
2025-04-29,Aqua,27.98801047120419,28.590000000000032,20.970000000000027,21.210000000000036
2025-04-30,Aqua,28.49000000000001,28.79000000000002,,
2025-05-02,Aqua,29.82298429319375,31.170000000000016,,
2025-05-14,Aqua,25.737120418848203,27.750000000000057,,20.83000000000004
2025-05-27,Aqua,25.79000000000002,29.950000000000045,,
2025-05-28,Aqua,29.17785340314139,30.05000000000001,,
2025-05-29,Aqua,27.504973821989566,29.110000000000014,,
2025-05-30,Aqua,28.032094240837722,29.690000000000055,,
2025-06-02,Aqua,28.970000000000027,29.55000000000001,,
2025-06-04,Aqua,29.509371727748732,30.77000000000004,,
2025-06-08,Aqua,24.845811518324627,27.454172661870544,,
2025-06-09,Aqua,27.47743455497385,28.53000000000003,,
2025-06-13,Aqua,,29.730000000000018,21.720680628272284,20.690000000000055
2025-06-16,Aqua,28.56057591623041,27.730000000000018,,
2025-06-25,Aqua,,,21.337120418848187,21.29000000000002
2025-06-26,Aqua,27.326963350785377,28.03000000000003,,21.77000000000004
2025-06-30,Aqua,28.090000000000032,28.470000000000027,,
2025-07-09,Aqua,29.162146596858662,29.793706070287556,20.307905759162335,20.910000000000025
2025-07-10,Aqua,27.90570680628275,28.07000000000005,,16.99000000000001
2025-07-11,Aqua,26.48570680628276,26.930000000000007,,18.57000000000005
2025-07-14,Aqua,,,20.201413612565478,19.870000000000005
2025-07-19,Aqua,29.056492146596902,30.07000000000005,16.590000000000032,18.470039138943275
2025-07-20,Aqua,30.05795811518328,30.250000000000057,,
2025-07-21,Aqua,28.186335078534043,28.79000000000002,,
2025-07-22,Aqua,28.036701570680652,29.084516129032295,,
2025-07-23,Aqua,27.509267015706843,27.890000000000043,21.485706806282757,21.53000000000003
2025-07-24,Aqua,27.910000000000025,29.390000000000043,,
2025-07-25,Aqua,30.02361256544505,30.590000000000032,,
2025-07-27,Aqua,29.579319371727777,30.650000000000034,,
2025-08-01,Aqua,30.73094240837699,31.640920770877983,,
2025-08-06,Aqua,,30.83000000000004,20.350000000000023,21.55000000000001
2025-08-07,Aqua,29.064973821989568,29.470000000000027,,
2025-08-14,Aqua,,,19.018586387434574,19.690000000000055
2025-08-16,Aqua,28.090000000000032,30.079079229122094,,20.33000000000004
2025-08-17,Aqua,29.010000000000048,29.210000000000036,,
2025-08-18,Aqua,24.310000000000002,26.210000000000036,,
2025-08-21,Aqua,23.709267015706832,27.310000000000002,,
2025-08-23,Aqua,,28.970000000000027,20.323193717277512,21.835714285714324
2025-08-26,Aqua,30.03931937172776,31.31,,18.55000000000001
2025-09-03,Aqua,29.505078534031448,30.390000000000043,,
2025-09-08,Aqua,30.83450261780108,29.710000000000036,,
2025-09-21,Aqua,28.954607329842972,30.410000000000025,,
2025-09-22,Aqua,,,21.40350785340317,22.150000000000034
2025-10-09,Aqua,30.579319371727777,31.99000000000001,,
2025-10-11,Aqua,,,21.853560209424128,21.630000000000052
2025-10-14,Aqua,29.183507853403164,29.85000000000002,,
2025-10-16,Aqua,28.326439790575936,29.730000000000018,,
2025-10-17,Aqua,23.950000000000045,23.850000000000023,,
2025-11-26,Aqua,27.522984293193733,28.55000000000001,,
2025-11-30,Aqua,,,21.249267015706828,21.190000000000055
2026-03-11,Aqua,29.741413612565474,30.630000000000052,,
2026-03-12,Aqua,28.750000000000057,30.110000000000014,,
2026-03-14,Aqua,28.095759162303718,29.475000000000023,,
2026-03-17,Aqua,26.891570680628305,28.370000000000005,,
2026-03-27,Aqua,,,21.517853403141405,21.49000000000001
2026-04-06,Aqua,29.273560209424115,29.970000000000027,,21.05000000000001
2026-04-07,Aqua,28.81083769633512,29.130000000000052,,
2026-04-13,Aqua,,,17.480052356020963,19.55000000000001
2026-04-23,Aqua,,,16.250000000000057,16.410000000000025
2026-04-27,Aqua,23.730000000000018,27.930000000000007,,
2026-05-13,Aqua,27.250837696335115,28.530000000000026,20.09890052356023,22.170000000000016
2026-05-18,Aqua,28.03000000000003,29.57000000000005,,
2026-05-19,Aqua,,,21.362251308900564,20.230000000000018
2026-05-21,Aqua,26.470000000000027,26.110000000000014,,
2026-05-23,Aqua,,,21.544973821989554,21.950000000000042
2026-05-26,Aqua,28.440890052356025,28.83000000000004,,22.690000000000055
2026-05-27,Aqua,,,21.234293193717328,21.270000000000035
2026-05-29,Aqua,28.03000000000003,29.150000000000034,,
2026-05-30,Aqua,,,20.870000000000005,21.350000000000023
2026-06-07,Aqua,28.470000000000027,29.130000000000052,,
2026-06-08,Aqua,28.34225130890056,29.99000000000001,,
2026-06-09,Aqua,27.033560209424135,27.53000000000003,21.230000000000018,20.750000000000057
2026-06-10,Aqua,27.190000000000055,29.230000000000018,,
2026-06-11,Aqua,27.970000000000027,29.57000000000005,,
2026-06-18,Aqua,27.53000000000003,29.670000000000016,,
2026-06-19,Aqua,28.53000000000003,29.170000000000016,16.658586387434593,20.190000000000055
2026-06-20,Aqua,,28.230000000000018,19.813560209424107,21.390000000000043
2026-06-22,Aqua,,,20.225706806282766,21.07000000000005
2026-06-25,Aqua,,,19.79000000000002,21.190000000000055
2026-06-26,Aqua,27.03000000000003,28.610000000000014,,
2026-06-28,Aqua,28.00570680628274,28.77000000000004,,
2026-07-01,Aqua,29.998795811518352,31.05000000000001,18.342879581151873,18.99000000000001
2026-07-02,Aqua,28.495654450261807,29.510000000000048,19.29000000000002,20.370000000000005
2026-07-03,Aqua,28.410000000000025,29.450000000000045,,
2026-07-04,Aqua,27.53000000000003,28.99000000000001,20.08780104712045,21.250000000000057
2026-07-06,Aqua,29.129371727748698,30.370000000000005,,
2026-07-08,Aqua,29.037853403141387,29.630000000000052,,19.470000000000027
2026-07-09,Aqua,30.487277486911026,31.91000000000003,,
2026-07-10,Aqua,28.52141361256547,28.890000000000043,20.4578534031414,20.190000000000055
2026-07-11,Aqua,28.078586387434573,29.199577464788774,,17.77000000000004
2026-07-14,Aqua,29.73439790575918,31.090000000000032,,
2026-07-15,Aqua,28.650000000000034,29.450000000000045,,
2026-07-16,Aqua,29.047172774869136,30.210000000000036,,
2026-07-17,Aqua,,31.430000000000007,20.628638743455532,20.77000000000004
2026-07-18,Aqua,,,18.66727748691103,20.430000000000007
2026-07-19,Aqua,29.35931937172778,30.83000000000004,20.810000000000002,21.090000000000032
2026-07-20,Aqua,28.410000000000025,29.510000000000048,,
2026-07-21,Aqua,,,20.690732984293227,21.110000000000014
2026-07-23,Aqua,,,17.622146596858673,16.910000000000025
2026-07-24,Aqua,30.173560209424117,31.610000000000014,,20.650000000000034
2026-07-25,Aqua,30.32225130890054,31.290000000000024,,
2026-07-27,Aqua,29.823089005235623,31.03000000000003,,
2026-07-28,Aqua,,,20.29000000000002,20.350000000000023
2026-07-29,Aqua,27.890000000000043,29.090000000000032,,21.210000000000036
2026-07-30,Aqua,,,20.43502617801049,20.29000000000002
2026-08-01,Aqua,29.82287958115186,31.170000000000016,21.600052356020967,21.810000000000002
2026-08-02,Aqua,29.350000000000023,30.55000000000001,,
2026-08-05,Aqua,,,19.910000000000025,20.230000000000018
2026-08-06,Aqua,28.850000000000023,31.83000000000004,,
2026-08-07,Aqua,28.390732984293212,29.510000000000048,,
2026-08-09,Aqua,29.4915706806283,31.082975206611607,,15.230000000000018
2026-08-11,Aqua,30.68570680628275,31.805748427672963,,22.55000000000001
2026-08-12,Aqua,,30.33000000000004,20.43356020942411,20.610000000000014
2026-08-14,Aqua,32.169371727748725,33.05000000000001,,21.870000000000005
2026-08-17,Aqua,33.09000000000003,32.14338068181822,20.92497382198955,20.250000000000057
2026-08-20,Aqua,28.150000000000034,29.03000000000003,,
2026-08-21,Aqua,,,17.710000000000036,17.810000000000002
2026-08-22,Aqua,31.83376963350791,33.203374613003135,20.210000000000036,19.890000000000043
2026-08-23,Aqua,,,19.241413612565477,18.79000000000002
2026-08-24,Aqua,30.747905759162332,32.07000000000005,,22.110000000000014
2026-08-25,Aqua,31.286544502617833,32.65007874015751,,14.53000000000003
2026-08-26,Aqua,,,22.337853403141395,22.33000000000004
2026-08-28,Aqua,28.853560209424128,29.03000000000003,18.53000000000003,18.870000000000005
2026-08-29,Aqua,29.71219895287962,30.33746938775513,20.150000000000034,20.07000000000005
2026-08-30,Aqua,31.831151832460776,32.39000000000004,20.890000000000043,21.27000000000004
2026-09-01,Aqua,,32.910000000000025,18.796387434555,21.420880000000015
2026-09-02,Aqua,30.21502617801051,30.350000000000023,,
2026-09-04,Aqua,32.08026178010475,32.796649214659695,,
2026-09-06,Aqua,32.14141361256547,33.39000000000004,20.82570680628273,20.250000000000057
2026-09-07,Aqua,32.69010471204191,34.47000000000003,,
2026-09-10,Aqua,,,20.950000000000045,20.79000000000002
2026-09-11,Aqua,,,18.904031413612575,21.23000000000002
2026-09-12,Aqua,26.83000000000004,29.510000000000048,,
2026-09-14,Aqua,31.352198952879604,32.81,18.590000000000032,18.33000000000004
