date,tpa_nama,sensor,day_tpa,day_ring,night_tpa,night_ring
2019-02-14,Plosojenar,Terra,31.090000000000032,29.910000000000025,,
2019-03-13,Plosojenar,Terra,30.182142857142896,31.130000000000052,,
2019-03-24,Plosojenar,Terra,,,24.39727272727276,24.370000000000005
2019-03-29,Plosojenar,Terra,32.074081632653105,32.750000000000064,,24.53000000000003
2019-03-31,Plosojenar,Terra,33.669489795918395,34.05000000000001,,
2019-04-05,Plosojenar,Terra,31.870000000000005,31.590000000000032,,
2019-04-07,Plosojenar,Terra,33.40744897959186,33.473949645948096,,
2019-04-18,Plosojenar,Terra,30.07816326530615,30.27000000000004,,
2019-04-19,Plosojenar,Terra,30.502959183673482,30.53000000000003,,
2019-04-21,Plosojenar,Terra,33.06989795918371,32.43000000000001,,
2019-04-23,Plosojenar,Terra,31.43387096774196,31.05000000000001,,
2019-04-25,Plosojenar,Terra,31.46326530612247,31.170000000000016,24.670000000000016,24.750000000000057
2019-04-26,Plosojenar,Terra,32.210000000000036,31.450000000000045,,
2019-04-30,Plosojenar,Terra,30.633367346938808,29.890000000000043,,
2019-05-04,Plosojenar,Terra,30.838163265306147,30.43000000000001,24.787346938775542,24.410000000000025
2019-05-05,Plosojenar,Terra,30.189285714285766,30.350000000000023,,
2019-05-06,Plosojenar,Terra,28.960408163265356,28.850000000000023,23.890000000000043,24.470000000000027
2019-05-07,Plosojenar,Terra,30.150000000000034,30.170000000000016,,
2019-05-09,Plosojenar,Terra,30.553163265306143,30.83000000000004,,
2019-05-11,Plosojenar,Terra,28.853877551020446,29.390000000000047,,
2019-05-13,Plosojenar,Terra,29.791836734693902,29.83000000000004,,24.110000000000014
2019-05-18,Plosojenar,Terra,23.952959183673492,24.83000000000004,22.920909090909106,23.170000000000016
2019-05-19,Plosojenar,Terra,27.870918367346956,28.03000000000003,,
2019-05-20,Plosojenar,Terra,29.367142857142888,29.47711340206188,,
2019-05-21,Plosojenar,Terra,31.751632653061254,32.110000000000014,,
2019-05-22,Plosojenar,Terra,29.671224489795947,30.01000000000005,23.35893617021279,23.730000000000018
2019-05-23,Plosojenar,Terra,32.087142857142894,32.47809523809526,,
2019-05-24,Plosojenar,Terra,,,22.60397959183676,22.590000000000032
2019-05-25,Plosojenar,Terra,31.866734693877568,31.950000000000045,22.544081632653096,22.610000000000014
2019-05-27,Plosojenar,Terra,31.590000000000032,31.010000000000048,,25.79000000000002
2019-05-28,Plosojenar,Terra,30.350000000000023,27.610000000000014,,22.33000000000004
2019-05-29,Plosojenar,Terra,29.583775510204095,29.55000000000001,,
2019-05-31,Plosojenar,Terra,27.83000000000004,28.07000000000005,21.870000000000005,22.350000000000023
2019-06-01,Plosojenar,Terra,31.779795918367387,32.150000000000034,,22.650000000000034
2019-06-05,Plosojenar,Terra,30.921530612244933,31.150000000000038,,23.03000000000003
2019-06-07,Plosojenar,Terra,,,18.99000000000001,18.99000000000001
2019-06-08,Plosojenar,Terra,31.06636363636365,31.430000000000007,,
2019-06-10,Plosojenar,Terra,35.060510204081645,35.110000000000014,,
2019-06-12,Plosojenar,Terra,33.92091836734698,34.25000000000006,,
2019-06-15,Plosojenar,Terra,34.0844897959184,35.25000000000006,,21.77000000000004
2019-06-16,Plosojenar,Terra,,27.950000000000045,19.730000000000018,21.370000000000005
2019-06-17,Plosojenar,Terra,33.41530612244903,33.080099009901026,,24.03000000000003
2019-06-18,Plosojenar,Terra,,,22.27459183673473,22.510000000000048
2019-06-19,Plosojenar,Terra,34.0114285714286,33.75000000000006,,
2019-06-21,Plosojenar,Terra,32.170000000000016,32.73000000000002,,20.370000000000005
2019-06-22,Plosojenar,Terra,,,21.250000000000057,21.55000000000001
2019-06-24,Plosojenar,Terra,36.7445918367347,36.52548986486491,,23.130000000000052
2019-06-26,Plosojenar,Terra,35.790918367346954,35.75075757575763,,23.870000000000005
2019-06-28,Plosojenar,Terra,34.23173469387756,34.370000000000005,,20.79000000000002
2019-06-29,Plosojenar,Terra,35.91632653061227,35.93000000000001,20.93714285714289,21.03000000000003
2019-06-30,Plosojenar,Terra,31.765918367346973,31.950000000000045,21.282142857142897,21.170000000000016
2019-07-01,Plosojenar,Terra,35.54938775510205,35.5821496815287,,19.250000000000057
2019-07-03,Plosojenar,Terra,36.43451612903228,35.49000000000001,,
2019-07-05,Plosojenar,Terra,30.986000000000047,29.670000000000016,,
2019-07-08,Plosojenar,Terra,33.654489795918415,33.638571428571474,21.586836734693907,21.450000000000045
2019-07-09,Plosojenar,Terra,31.951632653061267,32.29000000000002,20.864893617021288,21.470000000000027
2019-07-10,Plosojenar,Terra,36.55693877551024,36.43000000000001,,21.410000000000025
2019-07-12,Plosojenar,Terra,36.297346938775526,36.19000000000006,21.226122448979613,22.55000000000001
2019-07-13,Plosojenar,Terra,35.47755102040819,35.450000000000045,,
2019-07-14,Plosojenar,Terra,35.423673469387786,35.05000000000001,,23.210000000000036
2019-07-15,Plosojenar,Terra,36.28285714285718,36.11000000000002,,19.27000000000004
2019-07-16,Plosojenar,Terra,33.044081632653096,33.05000000000001,,22.430000000000007
2019-07-17,Plosojenar,Terra,37.69163265306127,37.73000000000002,22.155612244897984,22.610000000000014
2019-07-18,Plosojenar,Terra,,,21.970000000000027,21.970000000000027
2019-07-21,Plosojenar,Terra,36.74581632653065,36.702927756654034,,24.210000000000036
2019-07-22,Plosojenar,Terra,38.131428571428586,37.670000000000016,,
2019-07-24,Plosojenar,Terra,38.11612244897962,37.89000000000004,21.49000000000001,21.890000000000043
2019-07-26,Plosojenar,Terra,38.63193877551023,38.59000000000003,,
2019-07-28,Plosojenar,Terra,40.11061224489798,39.78000000000003,22.249693877551035,22.190000000000055
2019-07-29,Plosojenar,Terra,36.97530612244902,36.01000000000005,,
2019-07-30,Plosojenar,Terra,33.29387755102042,34.64816764132558,,22.450000000000045
2019-07-31,Plosojenar,Terra,38.54979591836737,38.07974358974363,18.037142857142886,18.79000000000002
2019-08-01,Plosojenar,Terra,35.76142857142862,35.49,,24.03000000000003
2019-08-02,Plosojenar,Terra,37.40918367346943,37.33000000000004,,
2019-08-03,Plosojenar,Terra,32.83867346938778,33.09000000000003,,
2019-08-04,Plosojenar,Terra,38.259897959183704,38.23000000000002,,22.430000000000007
2019-08-05,Plosojenar,Terra,,,15.427653061224541,16.430000000000007
2019-08-06,Plosojenar,Terra,37.66244897959185,37.690000000000055,,17.77000000000004
2019-08-07,Plosojenar,Terra,33.84459183673473,34.258196078431425,,
2019-08-08,Plosojenar,Terra,34.650000000000034,34.610000000000014,,22.07000000000005
2019-08-09,Plosojenar,Terra,37.365612244898,37.05000000000001,,
2019-08-10,Plosojenar,Terra,34.22387755102044,34.27000000000004,,
2019-08-11,Plosojenar,Terra,35.09734693877554,35.210000000000036,,23.170000000000016
2019-08-13,Plosojenar,Terra,36.05591836734698,35.41000000000002,,
2019-08-15,Plosojenar,Terra,37.290816326530646,37.670000000000016,,
2019-08-16,Plosojenar,Terra,,40.210000000000036,21.06969387755107,20.910000000000025
2019-08-17,Plosojenar,Terra,36.20204081632656,36.19000000000006,,
2019-08-18,Plosojenar,Terra,40.76510204081637,40.64077757685358,,20.910000000000025
2019-08-20,Plosojenar,Terra,40.48336734693879,40.140736842105305,,24.350000000000023
2019-08-24,Plosojenar,Terra,37.18908163265311,37.13679029957209,,
2019-08-26,Plosojenar,Terra,,,17.287142857142896,17.110000000000014
2019-08-27,Plosojenar,Terra,39.65867346938777,39.987885462555084,18.950000000000045,20.710000000000036
2019-08-29,Plosojenar,Terra,38.23026315789479,39.58332460732988,,21.370000000000005
2019-08-31,Plosojenar,Terra,38.63622448979596,38.690000000000055,,22.870000000000005
2019-09-01,Plosojenar,Terra,37.944183673469425,38.53000000000003,19.910000000000025,19.910000000000025
2019-09-02,Plosojenar,Terra,39.07306122448985,38.6431369661267,,
2019-09-03,Plosojenar,Terra,34.643548387096814,36.710000000000036,,
2019-09-04,Plosojenar,Terra,36.06153061224491,35.85000000000002,,
2019-09-05,Plosojenar,Terra,37.03846938775512,37.49000000000001,,
2019-09-07,Plosojenar,Terra,42.05071428571432,41.93000000000001,,22.230000000000018
2019-09-08,Plosojenar,Terra,41.70612244897961,41.95000000000005,,
2019-09-09,Plosojenar,Terra,41.12887755102044,41.03000000000003,,
2019-09-10,Plosojenar,Terra,42.888469387755116,43.36202830188681,,22.390000000000043
2019-09-11,Plosojenar,Terra,39.13857142857148,39.370000000000005,18.29000000000002,20.55000000000001
2019-09-12,Plosojenar,Terra,36.69632653061229,36.706223776223815,,
2019-09-14,Plosojenar,Terra,43.08795918367349,42.51000000000005,,24.630000000000052
2019-09-16,Plosojenar,Terra,40.8914285714286,39.75000000000006,,24.170000000000016
2019-09-18,Plosojenar,Terra,32.27000000000004,33.43000000000001,,21.310000000000002
2019-09-20,Plosojenar,Terra,38.48367346938777,38.64436363636368,,
2019-09-21,Plosojenar,Terra,44.16122448979595,44.190000000000055,,23.83000000000004
2019-09-23,Plosojenar,Terra,40.47000000000003,40.52861591695505,,23.110000000000014
2019-09-24,Plosojenar,Terra,39.904387755102064,39.910000000000025,,
2019-09-25,Plosojenar,Terra,42.361224489795944,42.650000000000034,,26.110000000000014
2019-09-26,Plosojenar,Terra,39.94509933774837,39.950000000000045,,20.910000000000025
2019-09-27,Plosojenar,Terra,38.64224489795921,38.190000000000055,,
2019-09-30,Plosojenar,Terra,46.09163265306125,45.85000000000002,,
2019-10-02,Plosojenar,Terra,43.3164285714286,44.22333333333336,,
2019-10-03,Plosojenar,Terra,38.09520408163269,38.610000000000014,,
2019-10-04,Plosojenar,Terra,42.046224489795954,42.57000000000006,,
2019-10-05,Plosojenar,Terra,46.377244897959216,46.51000000000005,,23.77000000000004
2019-10-07,Plosojenar,Terra,44.221836734693916,43.359751434034436,24.75857142857145,24.530000000000033
2019-10-10,Plosojenar,Terra,41.41214285714287,41.55000000000001,,
2019-10-11,Plosojenar,Terra,42.401734693877586,42.450000000000045,,
2019-10-12,Plosojenar,Terra,42.81275510204083,43.15000000000004,,
2019-10-14,Plosojenar,Terra,46.52234693877551,46.77178571428575,,
2019-10-16,Plosojenar,Terra,45.121326530612286,44.210000000000036,,
2019-10-18,Plosojenar,Terra,46.934897959183694,47.05000000000001,,
2019-10-21,Plosojenar,Terra,45.61897959183675,46.07000000000005,,24.850000000000023
2019-10-22,Plosojenar,Terra,40.82316326530616,40.43000000000001,,25.610000000000014
2019-10-23,Plosojenar,Terra,45.681632653061236,45.73000000000002,,
2019-10-25,Plosojenar,Terra,45.079693877551044,46.84321243523318,,26.29000000000002
2019-10-28,Plosojenar,Terra,41.32867346938777,41.93000000000001,,
2019-10-29,Plosojenar,Terra,40.527142857142884,40.57000000000006,,
2019-10-30,Plosojenar,Terra,48.21765306122454,47.89975143403445,20.85785714285718,20.670000000000016
2019-11-01,Plosojenar,Terra,44.59000000000003,44.31,,
2019-11-03,Plosojenar,Terra,41.68581632653066,41.870000000000005,,
2019-11-05,Plosojenar,Terra,,,17.99000000000001,23.510000000000048
2019-11-06,Plosojenar,Terra,42.17959183673474,41.63000000000005,,
2019-11-07,Plosojenar,Terra,37.29316326530613,36.210000000000036,23.14551020408165,23.636666666666713
2019-11-08,Plosojenar,Terra,45.27285714285716,44.950000000000045,,24.670000000000016
2019-11-10,Plosojenar,Terra,37.328061224489815,37.01000000000005,,
2019-11-11,Plosojenar,Terra,37.09000000000003,37.31,,
2019-11-12,Plosojenar,Terra,39.54806122448983,37.55000000000001,,22.390000000000043
2019-11-15,Plosojenar,Terra,45.48612244897964,44.73000000000002,25.03408163265309,24.83000000000004
2019-11-16,Plosojenar,Terra,,,23.510000000000048,23.83000000000004
2019-11-17,Plosojenar,Terra,41.07290322580649,40.210000000000036,,
2019-11-23,Plosojenar,Terra,,,25.027142857142884,24.862906815020875
2019-11-24,Plosojenar,Terra,45.79800000000004,45.05000000000001,24.66714285714288,24.950000000000045
2019-11-26,Plosojenar,Terra,33.58483870967746,34.31,,
2019-11-28,Plosojenar,Terra,37.18928571428576,36.97000000000003,,
2019-12-08,Plosojenar,Terra,37.80028571428574,35.51000000000005,,
2019-12-10,Plosojenar,Terra,41.95397959183676,38.870000000000005,,
2020-01-17,Plosojenar,Terra,29.459285714285734,30.01000000000005,,
2020-01-18,Plosojenar,Terra,32.97510204081634,33.57000000000005,,
2020-01-22,Plosojenar,Terra,32.594897959183704,32.55000000000001,,25.190000000000055
2020-02-14,Plosojenar,Terra,30.515714285714324,31.26424581005591,,
2020-03-13,Plosojenar,Terra,31.956326530612294,31.27000000000004,,
2020-03-22,Plosojenar,Terra,32.12010204081636,33.110000000000014,,
2020-04-09,Plosojenar,Terra,29.958775510204134,30.195131195335332,,
2020-04-13,Plosojenar,Terra,29.09181818181822,28.810000000000002,,
2020-04-23,Plosojenar,Terra,,25.910000000000025,23.482244897959223,23.95000000000005
2020-04-27,Plosojenar,Terra,,29.710000000000036,24.52272727272729,24.450000000000045
2020-05-04,Plosojenar,Terra,30.081734693877575,30.730000000000018,,24.590000000000032
2020-05-07,Plosojenar,Terra,30.98040816326535,30.83000000000004,,
2020-05-13,Plosojenar,Terra,30.451456953642435,29.49000000000001,,25.03000000000003
2020-05-16,Plosojenar,Terra,30.97571428571433,31.49000000000001,,
2020-05-20,Plosojenar,Terra,29.82877551020411,30.010000000000048,,
2020-05-22,Plosojenar,Terra,28.925918367346963,29.130000000000052,,
2020-05-23,Plosojenar,Terra,29.010000000000048,29.190000000000055,22.373571428571445,22.79000000000002
2020-05-24,Plosojenar,Terra,28.091020408163278,27.930000000000007,23.235142857142883,23.690000000000055
2020-05-27,Plosojenar,Terra,28.722000000000047,29.85903225806453,,
2020-06-05,Plosojenar,Terra,30.40316326530616,30.910000000000032,,24.370000000000005
2020-06-08,Plosojenar,Terra,,,15.79000000000002,17.370000000000005
2020-06-09,Plosojenar,Terra,25.410000000000025,25.410000000000025,,
2020-06-10,Plosojenar,Terra,26.372653061224504,27.590000000000032,23.026571428571458,22.730000000000018
2020-06-12,Plosojenar,Terra,29.60397959183676,30.083563829787266,23.06702127659579,22.610000000000014
2020-06-13,Plosojenar,Terra,30.55724489795921,30.29000000000002,,
2020-06-17,Plosojenar,Terra,30.863673469387784,30.690000000000058,,
2020-06-23,Plosojenar,Terra,30.895408163265326,30.590000000000032,,
2020-06-25,Plosojenar,Terra,,28.170000000000016,21.130000000000052,21.250000000000057
2020-06-26,Plosojenar,Terra,32.07591836734698,32.309921875,,22.470000000000027
2020-06-28,Plosojenar,Terra,33.75306122448985,33.89000000000004,,22.630000000000052
2020-06-30,Plosojenar,Terra,33.14928571428577,32.75000000000005,,22.910000000000025
2020-07-02,Plosojenar,Terra,32.13000000000005,31.150000000000034,,
2020-07-04,Plosojenar,Terra,,,22.970000000000027,22.690000000000055
2020-07-05,Plosojenar,Terra,34.9021428571429,33.98776247848538,,21.750000000000057
2020-07-10,Plosojenar,Terra,33.171326530612276,33.190000000000055,,
2020-07-12,Plosojenar,Terra,34.559897959183694,34.13000000000005,,
2020-07-14,Plosojenar,Terra,34.922448979591884,34.13000000000005,,24.430000000000007
2020-07-18,Plosojenar,Terra,31.348857142857167,30.99000000000001,,
2020-07-19,Plosojenar,Terra,35.85857142857144,35.13000000000005,,
2020-07-21,Plosojenar,Terra,31.12571428571433,31.450000000000042,,22.510000000000048
2020-07-25,Plosojenar,Terra,30.10397959183677,29.870000000000005,,
2020-07-27,Plosojenar,Terra,,,20.465102040816348,20.27000000000004
2020-07-28,Plosojenar,Terra,33.47969387755103,33.170000000000016,21.50816326530615,22.130000000000052
2020-07-30,Plosojenar,Terra,34.4291836734694,34.05000000000001,,22.730000000000018
2020-07-31,Plosojenar,Terra,31.759387755102082,31.950000000000045,,
2020-08-01,Plosojenar,Terra,33.39857142857144,32.917558799675604,23.59800000000004,23.430000000000007
2020-08-02,Plosojenar,Terra,32.95774193548389,32.73000000000002,,
2020-08-08,Plosojenar,Terra,33.2807142857143,33.48000000000002,,20.750000000000057
2020-08-13,Plosojenar,Terra,,27.250000000000057,23.010000000000048,22.49000000000001
2020-08-15,Plosojenar,Terra,,32.73000000000002,21.50693877551022,21.470000000000027
2020-08-17,Plosojenar,Terra,33.98622448979596,34.39000000000004,23.690000000000055,23.910000000000025
2020-08-18,Plosojenar,Terra,34.47795918367349,34.650000000000034,,
2020-08-19,Plosojenar,Terra,33.47479591836738,33.77000000000003,,23.79000000000002
2020-08-20,Plosojenar,Terra,36.742857142857176,36.64000000000004,,
2020-08-22,Plosojenar,Terra,36.930714285714316,37.51000000000005,,23.930000000000007
2020-08-24,Plosojenar,Terra,37.37306122448981,38.196666666666715,,25.350000000000023
2020-08-25,Plosojenar,Terra,35.68051020408166,36.51000000000005,,
2020-08-26,Plosojenar,Terra,35.8541836734694,36.610000000000014,,22.690000000000055
2020-08-27,Plosojenar,Terra,34.66857142857146,35.640515463917566,,
2020-08-29,Plosojenar,Terra,38.15173469387759,38.93000000000001,,19.010000000000048
2020-08-31,Plosojenar,Terra,37.837040816326564,37.86650485436894,,
2020-09-05,Plosojenar,Terra,38.6726530612245,38.479032258064535,,22.970000000000027
2020-09-07,Plosojenar,Terra,38.54448979591839,38.902798216276516,,20.07000000000005
2020-09-09,Plosojenar,Terra,40.06938775510205,40.264457831325345,,
2020-09-11,Plosojenar,Terra,39.075612244898004,39.33000000000004,,
2020-09-12,Plosojenar,Terra,39.5248979591837,39.79926315789474,,17.79000000000002
2020-09-16,Plosojenar,Terra,39.58693877551023,39.579748633879824,,
2020-09-17,Plosojenar,Terra,37.450000000000045,37.190000000000055,,
2020-09-18,Plosojenar,Terra,40.298265306122495,39.40942073170735,,23.190000000000055
2020-09-19,Plosojenar,Terra,40.533979591836754,41.110000000000014,,
2020-09-21,Plosojenar,Terra,38.61693877551025,37.75000000000006,,
2020-09-23,Plosojenar,Terra,38.03500000000003,36.30634408602151,,
2020-09-26,Plosojenar,Terra,40.384081632653064,38.31,,
2020-09-27,Plosojenar,Terra,40.696734693877595,40.670000000000016,,
2020-09-29,Plosojenar,Terra,38.71765306122453,38.695464052287626,,23.07000000000005
2020-09-30,Plosojenar,Terra,42.67622448979594,41.79000000000002,,
2020-10-02,Plosojenar,Terra,41.97051020408168,42.150000000000034,,
2020-10-07,Plosojenar,Terra,40.8782119205298,41.51000000000005,,
2020-10-14,Plosojenar,Terra,43.20081632653063,42.466410256410285,,
2020-11-07,Plosojenar,Terra,38.727142857142894,38.23000000000002,,27.390000000000043
2020-11-10,Plosojenar,Terra,40.66500000000003,41.89000000000004,,
2021-02-27,Plosojenar,Terra,33.06326530612247,32.93000000000001,,
2021-03-15,Plosojenar,Terra,,,23.630000000000052,24.29000000000002
2021-04-03,Plosojenar,Terra,32.810571428571464,33.99000000000001,,
2021-04-08,Plosojenar,Terra,31.46877551020411,31.230000000000018,,
2021-04-10,Plosojenar,Terra,31.62908163265308,32.110000000000014,,
2021-04-12,Plosojenar,Terra,31.265306122449005,31.79000000000002,,
2021-04-16,Plosojenar,Terra,29.396224489795948,29.53000000000003,,
2021-04-17,Plosojenar,Terra,31.846122448979614,32.450000000000045,,
2021-04-19,Plosojenar,Terra,31.889897959183706,32.29491124260357,,
2021-04-21,Plosojenar,Terra,32.630306122449014,33.150000000000034,,
2021-04-22,Plosojenar,Terra,31.40755102040819,31.97000000000003,,
2021-04-23,Plosojenar,Terra,30.67744897959187,31.35903225806453,,
2021-04-24,Plosojenar,Terra,30.997346938775525,31.610000000000017,,
2021-04-26,Plosojenar,Terra,32.161428571428594,32.670000000000016,,
2021-04-30,Plosojenar,Terra,28.350000000000023,29.03000000000003,,
2021-05-02,Plosojenar,Terra,29.77000000000004,29.77000000000004,,
2021-05-07,Plosojenar,Terra,28.26765306122451,29.130000000000052,,24.250000000000057
2021-05-09,Plosojenar,Terra,29.284693877551074,29.810000000000002,,
2021-05-10,Plosojenar,Terra,,,22.83806122448982,22.910000000000025
2021-05-11,Plosojenar,Terra,29.384897959183693,29.650000000000034,22.82081632653064,23.150000000000034
2021-05-14,Plosojenar,Terra,30.741224489795947,32.31,,23.970000000000027
2021-05-16,Plosojenar,Terra,31.717346938775535,32.199975308642024,,24.110000000000014
2021-05-21,Plosojenar,Terra,31.740714285714326,31.29000000000002,,
2021-05-23,Plosojenar,Terra,,,23.781632653061244,23.99000000000001
2021-05-26,Plosojenar,Terra,,,22.190000000000055,22.03000000000003
2021-05-27,Plosojenar,Terra,,,23.222040816326533,23.130000000000052
2021-06-02,Plosojenar,Terra,,,20.463548387096807,20.77000000000004
2021-06-06,Plosojenar,Terra,33.74551020408167,34.150000000000034,22.844489795918395,22.99000000000001
2021-06-11,Plosojenar,Terra,,,18.316451612903244,18.410000000000025
2021-06-13,Plosojenar,Terra,29.890000000000043,31.03000000000003,,21.99000000000001
2021-06-22,Plosojenar,Terra,32.93969387755103,32.23000000000002,,
2021-06-27,Plosojenar,Terra,29.994680851063862,29.910000000000025,,
2021-06-28,Plosojenar,Terra,,,22.83000000000004,22.810000000000002
2021-06-29,Plosojenar,Terra,30.23612903225809,30.55000000000001,,
2021-07-01,Plosojenar,Terra,,28.470000000000027,22.522258064516166,22.670000000000016
2021-07-04,Plosojenar,Terra,31.99438775510208,31.99000000000001,,
2021-07-05,Plosojenar,Terra,30.85938775510208,30.950000000000045,,24.410000000000025
2021-07-06,Plosojenar,Terra,32.412755102040826,32.55000000000001,,21.810000000000002
2021-07-07,Plosojenar,Terra,28.056224489795945,28.99000000000001,,
2021-07-11,Plosojenar,Terra,28.81989795918372,28.010000000000048,,
2021-07-12,Plosojenar,Terra,,,22.46272727272729,22.510000000000048
2021-07-13,Plosojenar,Terra,32.72520408163267,32.870000000000005,,
2021-07-15,Plosojenar,Terra,27.269183673469406,29.510000000000048,,
2021-07-19,Plosojenar,Terra,33.101326530612276,33.110000000000014,,23.77000000000004
2021-07-20,Plosojenar,Terra,31.578367346938798,31.57000000000005,,
2021-07-24,Plosojenar,Terra,35.00010204081635,35.05000000000001,,23.930000000000007
2021-07-25,Plosojenar,Terra,,,21.858469387755125,22.110000000000014
2021-07-26,Plosojenar,Terra,35.41020408163267,35.31,,23.670000000000016
2021-07-27,Plosojenar,Terra,34.697346938775546,34.690000000000055,,
2021-07-28,Plosojenar,Terra,33.54306122448984,33.650000000000034,,23.630000000000052
2021-07-29,Plosojenar,Terra,35.42877551020412,35.07000000000005,21.414795918367385,21.210000000000036
2021-07-30,Plosojenar,Terra,31.963673469387764,32.09000000000003,22.293775510204107,21.850000000000023
2021-08-04,Plosojenar,Terra,32.682653061224514,32.09000000000003,,23.630000000000052
2021-08-06,Plosojenar,Terra,,,22.930000000000007,23.03000000000003
2021-08-07,Plosojenar,Terra,,32.93000000000001,21.750000000000057,22.07000000000005
2021-08-09,Plosojenar,Terra,30.863548387096813,33.43000000000001,21.810000000000002,23.670000000000016
2021-08-11,Plosojenar,Terra,36.783877551020424,36.39000000000004,,23.750000000000057
2021-08-14,Plosojenar,Terra,35.29173469387758,34.91646298472387,,
2021-08-15,Plosojenar,Terra,34.035483870967774,33.170000000000016,,24.510000000000048
2021-08-16,Plosojenar,Terra,35.69806122448982,34.82669394435354,20.370000000000005,21.430000000000007
2021-08-18,Plosojenar,Terra,36.38857142857147,36.47666666666669,,
2021-08-24,Plosojenar,Terra,30.250000000000057,30.250000000000057,,
2021-08-25,Plosojenar,Terra,35.20663265306126,34.75000000000006,,
2021-08-27,Plosojenar,Terra,39.26489795918372,38.370000000000005,,24.150000000000034
2021-09-01,Plosojenar,Terra,40.3971428571429,39.89000000000004,20.901428571428607,20.170000000000016
2021-09-03,Plosojenar,Terra,,,23.199139072847732,23.590000000000032
2021-09-07,Plosojenar,Terra,35.77000000000004,36.03000000000003,,
2021-09-08,Plosojenar,Terra,34.326938775510236,34.57000000000005,,
2021-09-10,Plosojenar,Terra,40.428061224489795,39.97000000000003,,
2021-09-17,Plosojenar,Terra,42.91877551020412,42.04333333333335,,
2021-09-19,Plosojenar,Terra,37.10734693877554,40.190000000000055,,
2021-09-28,Plosojenar,Terra,36.0698979591837,36.31,,23.690000000000055
2021-09-29,Plosojenar,Terra,35.78663265306126,35.670000000000016,,
2021-09-30,Plosojenar,Terra,38.74540816326534,39.26099137931039,,
2021-10-03,Plosojenar,Terra,41.90520408163269,41.910000000000025,,
2021-10-05,Plosojenar,Terra,43.005102040816354,42.52000000000004,,
2021-10-08,Plosojenar,Terra,41.16255102040818,41.410000000000025,,20.390000000000043
2021-10-09,Plosojenar,Terra,38.27520408163269,38.0282337662338,,
2021-10-10,Plosojenar,Terra,42.790918367346954,42.710000000000036,,
2021-10-12,Plosojenar,Terra,43.90428571428573,44.05000000000001,,23.710000000000036
2021-10-21,Plosojenar,Terra,40.35887755102044,40.28409836065577,,
2021-10-25,Plosojenar,Terra,36.43000000000001,33.83000000000004,,
2021-11-04,Plosojenar,Terra,40.621938775510245,40.83000000000004,,
2022-01-05,Plosojenar,Terra,,,14.170000000000016,17.79000000000002
2022-02-19,Plosojenar,Terra,29.914489795918385,30.13954918032791,,
2022-02-22,Plosojenar,Terra,,,22.34928571428573,22.110000000000014
2022-03-14,Plosojenar,Terra,31.510000000000048,31.390000000000043,,
2022-03-30,Plosojenar,Terra,32.14734693877553,32.57000000000005,,25.670000000000016
2022-04-02,Plosojenar,Terra,32.816451612903236,33.190000000000055,,
2022-04-04,Plosojenar,Terra,29.784545454545494,31.370000000000005,,
2022-04-05,Plosojenar,Terra,29.378367346938802,31.03000000000003,,
2022-04-08,Plosojenar,Terra,26.51545454545459,26.810000000000002,,
2022-04-10,Plosojenar,Terra,,,23.561020408163287,23.95000000000005
2022-04-11,Plosojenar,Terra,31.471836734693916,31.49000000000001,,
2022-04-12,Plosojenar,Terra,28.76744897959188,29.090000000000032,,
2022-04-15,Plosojenar,Terra,31.747551020408196,32.55000000000001,23.784591836734727,23.890000000000043
2022-04-17,Plosojenar,Terra,29.090000000000032,29.250000000000057,,26.33000000000004
2022-04-22,Plosojenar,Terra,27.17000000000004,27.55000000000001,,
2022-05-03,Plosojenar,Terra,29.84704081632655,30.190000000000055,,
2022-05-06,Plosojenar,Terra,30.43685714285716,31.090000000000032,,
2022-05-12,Plosojenar,Terra,,,24.03153061224491,24.190000000000055
2022-06-02,Plosojenar,Terra,32.18591836734698,32.210000000000036,,
2022-06-11,Plosojenar,Terra,28.459090909090936,28.650000000000034,,
2022-06-18,Plosojenar,Terra,32.21795918367351,32.25000000000006,,
2022-06-20,Plosojenar,Terra,32.3518367346939,32.29000000000002,,
2022-06-22,Plosojenar,Terra,30.18418367346944,29.610000000000014,,
2022-06-27,Plosojenar,Terra,28.111326530612274,27.750000000000053,,
2022-06-29,Plosojenar,Terra,28.456938775510228,28.265000000000043,,22.670000000000016
2022-07-02,Plosojenar,Terra,32.04714285714288,31.690000000000055,,
2022-07-07,Plosojenar,Terra,28.45897959183676,28.41000000000002,19.57000000000005,19.190000000000055
2022-07-08,Plosojenar,Terra,29.482244897959216,29.31,21.562857142857172,22.590000000000032
2022-07-09,Plosojenar,Terra,30.82510204081636,30.55000000000001,,20.130000000000052
2022-07-18,Plosojenar,Terra,29.952755102040857,29.87,,
2022-07-20,Plosojenar,Terra,31.024489795918395,31.330000000000037,,25.49000000000001
2022-07-22,Plosojenar,Terra,30.256428571428604,30.27000000000004,,
2022-07-23,Plosojenar,Terra,28.83918367346943,28.970000000000027,,
2022-07-24,Plosojenar,Terra,28.145408163265323,27.650000000000034,22.208265306122478,22.130000000000052
2022-07-25,Plosojenar,Terra,28.819693877551053,28.090000000000032,,
2022-07-26,Plosojenar,Terra,27.524545454545496,26.910000000000025,,
2022-07-27,Plosojenar,Terra,32.4710204081633,32.31,,23.77000000000004
2022-07-29,Plosojenar,Terra,32.345102040816336,31.990000000000013,,
2022-07-30,Plosojenar,Terra,30.142551020408177,30.03000000000003,,
2022-07-31,Plosojenar,Terra,30.70010204081635,30.77000000000004,,24.190000000000055
2022-08-03,Plosojenar,Terra,,,21.69000000000003,22.33000000000004
2022-08-05,Plosojenar,Terra,32.09887755102043,32.23000000000002,,24.690000000000055
2022-08-07,Plosojenar,Terra,32.40885714285718,32.03000000000003,23.198367346938806,23.190000000000055
2022-08-08,Plosojenar,Terra,32.06836734693882,32.31,,
2022-08-09,Plosojenar,Terra,31.130000000000052,31.77000000000004,,23.99000000000001
2022-08-11,Plosojenar,Terra,,,23.150000000000034,23.250000000000057
2022-08-14,Plosojenar,Terra,30.461530612244935,29.910000000000025,,
2022-08-16,Plosojenar,Terra,31.11500000000004,31.450000000000045,,
2022-08-17,Plosojenar,Terra,32.561632653061245,31.99000000000001,,
2022-08-19,Plosojenar,Terra,35.28163265306124,34.19882352941181,20.690000000000055,20.49000000000001
2022-08-23,Plosojenar,Terra,34.59877551020412,33.57000000000005,23.363469387755146,23.170000000000016
2022-08-24,Plosojenar,Terra,34.09969387755105,33.05000000000001,,20.77000000000004
2022-08-28,Plosojenar,Terra,,,23.156122448979612,23.090000000000032
2022-09-02,Plosojenar,Terra,35.91938775510207,36.08093750000004,,
2022-09-06,Plosojenar,Terra,36.516285714285736,33.670000000000016,,
2022-09-13,Plosojenar,Terra,39.25020408163269,37.01000000000005,,
2022-09-15,Plosojenar,Terra,40.64306122448982,39.55000000000001,,
2022-09-18,Plosojenar,Terra,40.42510204081635,40.369557069846685,,
2022-09-22,Plosojenar,Terra,39.85010204081635,39.90661016949155,,23.850000000000023
2022-09-25,Plosojenar,Terra,37.370000000000005,36.13000000000005,22.07000000000005,21.950000000000045
2022-09-28,Plosojenar,Terra,32.45387755102041,32.59000000000003,,
2022-09-29,Plosojenar,Terra,41.26418367346943,41.13917266187055,,
2022-10-01,Plosojenar,Terra,38.57357142857146,41.57000000000005,,
2022-12-09,Plosojenar,Terra,32.766734693877574,32.690000000000055,,
2022-12-18,Plosojenar,Terra,31.74622448979594,31.97955056179777,,
2022-12-20,Plosojenar,Terra,29.740612244897992,30.230000000000018,,
2023-01-07,Plosojenar,Terra,30.510000000000048,30.610000000000014,,
2023-01-09,Plosojenar,Terra,27.2740816326531,27.730000000000018,,
2023-01-13,Plosojenar,Terra,31.64193877551023,31.420592592592605,,
2023-03-09,Plosojenar,Terra,31.61122448979595,30.810000000000002,,24.930000000000007
2023-03-12,Plosojenar,Terra,30.57163265306126,29.890000000000043,,
2023-03-18,Plosojenar,Terra,28.750000000000057,28.29000000000002,,
2023-03-24,Plosojenar,Terra,31.114285714285728,31.410000000000025,,
2023-04-05,Plosojenar,Terra,27.7644897959184,27.390000000000043,,
2023-04-12,Plosojenar,Terra,29.38224489795923,30.63429158110888,,
2023-04-19,Plosojenar,Terra,31.269897959183712,31.52009708737868,,25.850000000000023
2023-04-20,Plosojenar,Terra,25.03000000000003,25.670000000000016,,
2023-05-01,Plosojenar,Terra,30.889183673469425,31.150000000000034,,
2023-05-06,Plosojenar,Terra,29.950000000000045,30.230000000000018,,
2023-05-13,Plosojenar,Terra,30.072959183673493,30.58619047619051,,22.510000000000048
2023-05-15,Plosojenar,Terra,30.72724489795922,30.77000000000004,,19.090000000000032
2023-05-16,Plosojenar,Terra,30.725612244897988,30.950000000000045,,20.77000000000004
2023-05-18,Plosojenar,Terra,30.880510204081673,31.359676113360337,,
2023-05-20,Plosojenar,Terra,31.856530612244942,31.730000000000018,,23.27000000000004
2023-05-22,Plosojenar,Terra,31.644387755102088,31.57000000000005,,24.590000000000032
2023-05-23,Plosojenar,Terra,32.315408163265346,31.84411764705885,,23.610000000000014
2023-05-25,Plosojenar,Terra,33.08561224489798,33.01509528585761,,21.650000000000034
2023-05-27,Plosojenar,Terra,32.68500000000004,32.57629921259847,23.891818181818202,23.930000000000007
2023-05-28,Plosojenar,Terra,32.765306122449,32.269916317991665,,
2023-05-30,Plosojenar,Terra,,,22.249489795918393,21.670000000000016
2023-06-03,Plosojenar,Terra,32.62591836734697,32.370000000000005,24.579387755102058,24.210000000000036
2023-06-04,Plosojenar,Terra,34.370000000000005,33.13000000000005,,
2023-06-06,Plosojenar,Terra,32.55000000000001,33.690000000000055,,
2023-06-09,Plosojenar,Terra,31.60459183673475,31.350000000000023,22.250000000000057,22.190000000000055
2023-06-10,Plosojenar,Terra,32.07112244897962,31.39000000000005,23.462727272727278,23.210000000000036
2023-06-11,Plosojenar,Terra,34.72755102040819,34.05000000000001,,
2023-06-13,Plosojenar,Terra,33.39000000000004,32.89000000000004,,
2023-06-20,Plosojenar,Terra,,29.190000000000055,23.61561224489798,24.110000000000014
2023-06-21,Plosojenar,Terra,,32.03000000000003,21.311428571428586,21.390000000000043
2023-06-22,Plosojenar,Terra,,,21.88510204081636,22.850000000000023
2023-06-23,Plosojenar,Terra,33.25306122448983,31.970000000000027,23.597653061224513,23.470000000000027
2023-06-24,Plosojenar,Terra,,,22.710000000000036,21.77000000000004
2023-06-25,Plosojenar,Terra,33.71581632653065,32.76244444444449,,
2023-06-27,Plosojenar,Terra,29.170000000000016,28.890000000000043,,
2023-06-28,Plosojenar,Terra,32.29724489795921,31.930000000000007,,17.710000000000036
2023-06-30,Plosojenar,Terra,34.659183673469414,33.73000000000002,,
2023-07-03,Plosojenar,Terra,,,21.690000000000055,21.03000000000003
2023-07-05,Plosojenar,Terra,32.97867346938779,31.703746630727803,,
2023-07-09,Plosojenar,Terra,,30.05000000000001,23.02275510204083,23.05000000000001
2023-07-10,Plosojenar,Terra,33.79418367346942,32.77000000000004,,22.57000000000005
2023-07-11,Plosojenar,Terra,27.670000000000016,27.99000000000001,15.670000000000016,15.190000000000055
2023-07-12,Plosojenar,Terra,33.99673469387756,32.650000000000034,,21.250000000000057
2023-07-15,Plosojenar,Terra,31.25632653061226,31.691869158878553,,
2023-07-17,Plosojenar,Terra,34.34000000000002,33.515934065934104,,23.690000000000055
2023-07-19,Plosojenar,Terra,32.82010204081636,32.08305929919141,,22.250000000000057
2023-07-20,Plosojenar,Terra,32.8071428571429,32.190000000000055,,
2023-07-21,Plosojenar,Terra,31.45163265306125,30.810000000000002,,22.510000000000048
2023-07-22,Plosojenar,Terra,33.43020408163269,32.76001964636547,,20.430000000000007
2023-07-24,Plosojenar,Terra,34.18153061224491,33.55000000000001,23.795454545454568,23.57000000000005
2023-07-26,Plosojenar,Terra,34.04510204081636,33.25000000000006,,23.970000000000027
2023-07-27,Plosojenar,Terra,34.798265306122474,34.29000000000002,,20.510000000000048
2023-07-29,Plosojenar,Terra,35.00663265306127,34.516864064603006,22.30483870967746,22.630000000000052
2023-07-31,Plosojenar,Terra,35.76255102040821,35.110000000000014,,
2023-08-04,Plosojenar,Terra,,29.370000000000005,24.127714285714312,23.810000000000002
2023-08-05,Plosojenar,Terra,36.98132653061227,36.610000000000014,,22.610000000000014
2023-08-07,Plosojenar,Terra,35.28928571428576,34.89000000000005,25.044897959183718,24.210000000000036
2023-08-08,Plosojenar,Terra,36.22234693877552,36.05000000000002,22.598979591836766,22.250000000000057
2023-08-09,Plosojenar,Terra,31.631020408163298,31.230000000000018,22.850000000000023,22.970000000000027
2023-08-10,Plosojenar,Terra,37.29040816326533,36.910000000000025,,24.890000000000043
2023-08-13,Plosojenar,Terra,35.276122448979635,35.110000000000014,,22.350000000000023
2023-08-14,Plosojenar,Terra,33.51000000000005,33.31,18.615714285714315,19.33000000000004
2023-08-15,Plosojenar,Terra,36.71397959183676,36.13594594594599,,
2023-08-17,Plosojenar,Terra,37.267551020408206,36.89000000000004,23.710000000000036,21.07000000000005
2023-08-19,Plosojenar,Terra,36.73336734693881,36.52619047619051,,
2023-08-20,Plosojenar,Terra,37.16561224489797,37.33000000000004,23.130000000000052,22.970000000000027
2023-08-22,Plosojenar,Terra,37.363673469387805,37.33000000000004,,23.49000000000001
2023-08-24,Plosojenar,Terra,36.48091836734695,36.53000000000003,,24.630000000000052
2023-08-25,Plosojenar,Terra,37.561836734693905,37.610000000000014,,
2023-08-27,Plosojenar,Terra,39.61204081632654,39.35000000000002,23.890000000000043,22.650000000000038
2023-08-28,Plosojenar,Terra,,31.970000000000027,20.49342857142858,20.850000000000023
2023-08-29,Plosojenar,Terra,40.00530612244902,39.30291666666668,,24.650000000000034
2023-08-30,Plosojenar,Terra,35.02836734693881,34.8469435215947,,
2023-08-31,Plosojenar,Terra,37.56234693877554,37.19965197215782,24.892959183673472,24.150000000000034
2023-09-01,Plosojenar,Terra,38.34438775510206,38.47000000000003,22.80322580645164,23.110000000000014
2023-09-02,Plosojenar,Terra,34.21867346938779,34.02065610859732,14.990000000000009,17.010000000000048
2023-09-03,Plosojenar,Terra,39.546836734693905,39.83000000000004,18.30818181818186,19.57000000000005
2023-09-05,Plosojenar,Terra,38.67153061224492,38.57000000000005,,23.470000000000027
2023-09-06,Plosojenar,Terra,37.30704081632658,36.950000000000045,,
2023-09-07,Plosojenar,Terra,34.73765306122452,35.110000000000014,,
2023-09-08,Plosojenar,Terra,,35.01000000000005,22.95122448979593,23.05000000000001
2023-09-09,Plosojenar,Terra,,,18.230000000000018,16.890000000000043
2023-09-10,Plosojenar,Terra,40.52428571428574,40.610000000000014,25.52085714285717,25.29000000000002
2023-09-11,Plosojenar,Terra,36.74214285714288,37.13000000000005,,
2023-09-12,Plosojenar,Terra,38.849693877551054,38.97797169811323,,
2023-09-13,Plosojenar,Terra,39.866632653061245,39.690000000000055,,20.670000000000016
2023-09-15,Plosojenar,Terra,38.97704081632655,38.03000000000003,,24.470000000000027
2023-09-17,Plosojenar,Terra,40.69622448979594,40.70343629343634,,
2023-09-19,Plosojenar,Terra,34.89938775510205,34.77000000000004,,20.450000000000045
2023-09-20,Plosojenar,Terra,40.123163265306154,39.85802992518705,,
2023-09-21,Plosojenar,Terra,,,24.151938775510217,24.079686609686647
2023-09-22,Plosojenar,Terra,41.281224489795946,41.01794392523369,,
2023-09-24,Plosojenar,Terra,41.57275510204083,41.14003937007878,,24.810000000000002
2023-09-25,Plosojenar,Terra,40.93142857142858,41.260547667342856,,24.090000000000032
2023-09-26,Plosojenar,Terra,38.801326530612265,38.650000000000034,,24.57000000000005
2023-09-27,Plosojenar,Terra,43.4368367346939,43.110000000000014,,
2023-09-29,Plosojenar,Terra,42.41785714285719,42.03000000000003,,24.510000000000048
2023-10-01,Plosojenar,Terra,37.71571428571432,37.48469740634007,,
2023-10-02,Plosojenar,Terra,40.88122448979593,40.85000000000002,,
2023-10-04,Plosojenar,Terra,43.899591836734714,43.31,,
2023-10-06,Plosojenar,Terra,41.69969387755107,42.01000000000005,,
2023-10-07,Plosojenar,Terra,39.840102040816376,39.950000000000045,,
2023-10-08,Plosojenar,Terra,38.04683673469392,37.73000000000002,,24.650000000000034
2023-10-09,Plosojenar,Terra,43.93734693877554,43.97000000000003,,25.310000000000002
2023-10-11,Plosojenar,Terra,41.116122448979624,41.53000000000003,,
2023-10-12,Plosojenar,Terra,41.22622448979597,40.69548850574718,,
2023-10-13,Plosojenar,Terra,39.90887755102043,40.078330341113144,,
2023-10-14,Plosojenar,Terra,43.06887755102043,42.89000000000004,25.736632653061257,25.250000000000057
2023-10-16,Plosojenar,Terra,43.79438775510208,43.870000000000005,,26.730000000000018
2023-10-17,Plosojenar,Terra,39.869285714285745,40.73000000000002,,
2023-10-18,Plosojenar,Terra,42.63193877551024,42.39000000000004,,24.010000000000048
2023-10-21,Plosojenar,Terra,41.30653061224492,41.25000000000006,,
2023-10-23,Plosojenar,Terra,,41.73000000000002,24.750000000000057,25.210000000000036
2023-10-26,Plosojenar,Terra,43.85183673469391,43.83000000000004,,25.33000000000004
2023-10-28,Plosojenar,Terra,44.749387755102056,44.650000000000034,,26.210000000000036
2023-10-29,Plosojenar,Terra,44.15959183673471,44.140991379310385,,
2023-10-30,Plosojenar,Terra,39.31622448979596,39.77000000000004,,
2023-11-02,Plosojenar,Terra,42.47887755102044,43.409281663516104,,25.650000000000034
2023-11-07,Plosojenar,Terra,,,23.19040816326534,22.53000000000003
2023-11-08,Plosojenar,Terra,,,23.470000000000027,24.190000000000055
2023-11-09,Plosojenar,Terra,38.419183673469426,38.92749539594844,,
2023-11-12,Plosojenar,Terra,,,20.02829787234047,19.810000000000002
2023-11-17,Plosojenar,Terra,,,22.758367346938815,22.450000000000045
2023-11-18,Plosojenar,Terra,32.64928571428573,32.150000000000034,,
2023-11-19,Plosojenar,Terra,37.33969387755106,36.170000000000016,,
2023-11-21,Plosojenar,Terra,32.30744897959185,32.33000000000004,,25.010000000000048
2023-11-26,Plosojenar,Terra,36.20132653061228,35.66709090909093,,
2023-12-08,Plosojenar,Terra,32.642142857142886,32.610000000000014,,
2023-12-17,Plosojenar,Terra,31.090918367346948,31.110000000000014,,
2023-12-18,Plosojenar,Terra,31.40826530612247,30.390000000000043,,
2023-12-21,Plosojenar,Terra,35.00530612244899,34.47000000000003,,
2023-12-22,Plosojenar,Terra,35.0237755102041,34.73000000000002,20.05520408163267,19.99000000000001
2023-12-23,Plosojenar,Terra,37.13377551020412,36.29228571428573,,
2023-12-30,Plosojenar,Terra,31.485510204081667,31.310000000000002,,
2024-01-30,Plosojenar,Terra,29.852755102040845,29.670000000000016,,
2024-02-09,Plosojenar,Terra,30.333571428571453,30.423266666666674,,
2024-02-16,Plosojenar,Terra,31.071020408163292,31.77000000000004,,
2024-03-18,Plosojenar,Terra,,,22.390000000000043,23.79000000000002
2024-03-26,Plosojenar,Terra,31.850000000000023,31.690000000000055,,
2024-04-02,Plosojenar,Terra,30.019285714285726,30.550000000000015,,
2024-04-12,Plosojenar,Terra,31.286122448979604,30.930000000000007,,
2024-04-14,Plosojenar,Terra,30.49000000000003,30.630000000000052,,
2024-04-15,Plosojenar,Terra,,,17.905744680851107,18.910000000000025
2024-04-16,Plosojenar,Terra,28.552346938775532,28.29000000000002,,
2024-04-29,Plosojenar,Terra,28.241938775510246,28.110000000000014,,
2024-05-02,Plosojenar,Terra,29.275000000000034,29.47000000000003,,
2024-05-04,Plosojenar,Terra,30.519489795918403,30.870000000000005,,
2024-05-06,Plosojenar,Terra,30.59551020408167,31.110000000000014,,26.190000000000055
2024-05-07,Plosojenar,Terra,29.39591836734697,29.470000000000027,,
2024-05-08,Plosojenar,Terra,30.064081632653103,29.630000000000052,,
2024-05-09,Plosojenar,Terra,29.703775510204107,29.650000000000034,22.41514285714289,21.670000000000016
2024-05-11,Plosojenar,Terra,30.626556291390767,30.810000000000002,,
2024-05-13,Plosojenar,Terra,,,23.843367346938795,23.870000000000005
2024-05-14,Plosojenar,Terra,29.63163265306126,29.310000000000006,,
2024-05-16,Plosojenar,Terra,32.019693877551056,32.43000000000001,,23.350000000000023
2024-05-18,Plosojenar,Terra,31.27081632653064,31.610000000000014,,
2024-05-20,Plosojenar,Terra,,,21.83051020408167,23.650000000000034
2024-05-21,Plosojenar,Terra,31.824183673469427,32.25000000000006,,15.950000000000045
2024-05-28,Plosojenar,Terra,32.39571428571431,32.610000000000014,,24.83000000000004
2024-05-30,Plosojenar,Terra,32.11316326530615,32.07000000000005,,
2024-06-04,Plosojenar,Terra,,,23.36818181818186,23.510000000000048
2024-06-05,Plosojenar,Terra,32.04081632653065,31.99000000000001,,
2024-06-07,Plosojenar,Terra,32.48612244897962,32.43000000000001,,
2024-06-14,Plosojenar,Terra,31.1657142857143,30.470000000000027,,23.590000000000032
2024-06-17,Plosojenar,Terra,31.885918367346967,31.010000000000048,,
2024-06-19,Plosojenar,Terra,30.380816326530624,30.450000000000042,,22.03000000000003
2024-06-21,Plosojenar,Terra,32.69959183673472,32.670000000000016,,20.690000000000055
2024-06-26,Plosojenar,Terra,30.113469387755117,30.650000000000034,,
2024-06-30,Plosojenar,Terra,,,22.995454545454564,22.970000000000027
2024-07-01,Plosojenar,Terra,,,23.599693877551033,23.810000000000002
2024-07-11,Plosojenar,Terra,34.50051020408165,34.450000000000045,,21.890000000000043
2024-07-13,Plosojenar,Terra,33.883163265306145,33.73000000000002,,
2024-07-14,Plosojenar,Terra,31.178163265306146,30.930000000000007,,21.230000000000018
2024-07-15,Plosojenar,Terra,,,23.16306122448983,23.390000000000047
2024-07-16,Plosojenar,Terra,34.50510204081634,34.73000000000002,23.019693877551067,23.190000000000058
2024-07-18,Plosojenar,Terra,34.05204081632657,34.29000000000002,,25.29000000000002
2024-07-19,Plosojenar,Terra,31.447755102040844,31.730000000000015,,
2024-07-20,Plosojenar,Terra,32.14357142857147,32.73000000000002,,
2024-07-21,Plosojenar,Terra,34.88581632653063,35.14034482758625,,
2024-07-23,Plosojenar,Terra,34.77744897959185,34.75000000000006,17.900909090909103,19.33000000000004
2024-07-25,Plosojenar,Terra,33.25755102040821,33.450000000000045,,
2024-07-26,Plosojenar,Terra,33.49367346938778,33.950000000000045,22.80795918367351,22.310000000000002
2024-07-28,Plosojenar,Terra,35.940816326530644,36.31,17.95061224489799,20.190000000000055
2024-07-30,Plosojenar,Terra,34.96204081632657,35.35929695697798,,
2024-07-31,Plosojenar,Terra,,,20.150000000000034,19.99000000000001
2024-08-04,Plosojenar,Terra,34.58561224489798,35.01000000000005,23.56540816326532,25.010000000000048
2024-08-05,Plosojenar,Terra,34.00081632653064,34.33000000000004,,
2024-08-06,Plosojenar,Terra,33.75153061224495,34.15000000000004,,
2024-08-09,Plosojenar,Terra,35.71173469387759,35.51000000000005,,24.590000000000032
2024-08-11,Plosojenar,Terra,33.84316326530616,34.05000000000001,,
2024-08-12,Plosojenar,Terra,34.71571428571431,35.21000000000003,,
2024-08-14,Plosojenar,Terra,36.43591836734698,36.57000000000005,,24.650000000000034
2024-08-16,Plosojenar,Terra,34.38714285714288,34.77000000000004,,
2024-08-17,Plosojenar,Terra,36.11744444444448,36.92018830525274,,21.870000000000005
2024-08-18,Plosojenar,Terra,33.74673469387759,33.950000000000045,23.288571428571448,22.390000000000043
2024-08-19,Plosojenar,Terra,37.38612244897963,37.51000000000005,23.280918367346942,23.430000000000007
2024-08-21,Plosojenar,Terra,36.03255102040817,36.47809523809526,,25.55000000000001
2024-08-24,Plosojenar,Terra,37.799897959183724,38.25579387186635,,
2024-08-26,Plosojenar,Terra,37.55877551020412,37.64132653061228,25.143469387755143,24.430000000000007
2024-08-29,Plosojenar,Terra,37.684183673469434,37.670000000000016,,
2024-08-31,Plosojenar,Terra,38.51122448979596,38.80000000000001,,
2024-09-02,Plosojenar,Terra,36.389081632653095,36.70081081081085,,26.130000000000052
2024-09-03,Plosojenar,Terra,38.14275510204085,38.47569424964939,,
2024-09-05,Plosojenar,Terra,40.10765306122451,40.33000000000004,,
2024-09-07,Plosojenar,Terra,38.21795918367349,38.51000000000005,25.350000000000023,25.57000000000005
2024-09-12,Plosojenar,Terra,35.983877551020434,36.23000000000002,,
2024-09-13,Plosojenar,Terra,37.65693877551025,37.798175298804786,,16.57000000000005
2024-09-14,Plosojenar,Terra,36.91765306122453,36.73000000000002,,
2024-09-15,Plosojenar,Terra,37.600408163265335,38.03000000000003,,
2024-09-17,Plosojenar,Terra,39.37285714285719,39.47615199034984,,
2024-09-18,Plosojenar,Terra,37.728877551020446,37.14767969735187,,
2024-09-20,Plosojenar,Terra,38.25693877551024,39.050000000000004,,23.05000000000001
2024-09-27,Plosojenar,Terra,31.761734693877592,31.730000000000015,,
2024-09-29,Plosojenar,Terra,36.357142857142904,35.370000000000005,23.82276595744683,23.930000000000007
2024-09-30,Plosojenar,Terra,37.110000000000014,37.210000000000036,,
2024-10-02,Plosojenar,Terra,37.83870967741937,36.650000000000034,,
2024-10-06,Plosojenar,Terra,35.924591836734706,35.410000000000025,,
2024-10-07,Plosojenar,Terra,38.799183673469415,37.89000000000004,,
2024-10-09,Plosojenar,Terra,39.64734693877555,38.370000000000005,,27.07000000000005
2024-10-18,Plosojenar,Terra,,38.51000000000005,18.390000000000043,18.390000000000043
2024-10-24,Plosojenar,Terra,38.56877551020412,38.4757100149477,,
2024-10-26,Plosojenar,Terra,39.60122448979595,39.01000000000005,26.690000000000055,26.090000000000032
2024-10-27,Plosojenar,Terra,36.95081632653063,36.07740053050402,,
2024-10-28,Plosojenar,Terra,35.30275510204086,35.23000000000002,,
2024-10-29,Plosojenar,Terra,37.144693877551035,39.359151873767274,,
2024-11-05,Plosojenar,Terra,37.85122448979594,36.81,,
2024-11-07,Plosojenar,Terra,,,22.07000000000005,25.110000000000014
2024-12-19,Plosojenar,Terra,29.155102040816335,28.99000000000001,,
2025-01-03,Plosojenar,Terra,29.485408163265348,29.650000000000034,,
2025-01-18,Plosojenar,Terra,27.62020408163267,27.55000000000001,,
2025-03-01,Plosojenar,Terra,29.905306122448987,29.830000000000044,,
2025-03-03,Plosojenar,Terra,29.430000000000007,29.05000000000001,,
2025-03-08,Plosojenar,Terra,29.87673469387758,29.59000000000004,,
2025-03-13,Plosojenar,Terra,29.718163265306146,29.750000000000057,,
2025-04-02,Plosojenar,Terra,29.1905263157895,30.190000000000055,,
2025-04-04,Plosojenar,Terra,29.01459183673471,28.710000000000036,,
2025-04-07,Plosojenar,Terra,29.644795918367393,30.200000000000045,,
2025-04-09,Plosojenar,Terra,,,24.507483443708622,24.670000000000016
2025-04-22,Plosojenar,Terra,28.67857142857146,28.479425675675692,,
2025-04-25,Plosojenar,Terra,,,17.370000000000005,17.370000000000005
2025-04-29,Plosojenar,Terra,28.461122448979634,29.110000000000014,,
2025-05-04,Plosojenar,Terra,29.87255102040818,30.310000000000002,,23.710000000000036
2025-05-05,Plosojenar,Terra,29.077448979591882,29.050000000000008,,
2025-05-07,Plosojenar,Terra,30.449897959183723,30.93000000000001,,
2025-05-30,Plosojenar,Terra,31.66785714285719,31.010000000000044,,
2025-06-03,Plosojenar,Terra,,,24.29258064516131,23.79000000000002
2025-06-06,Plosojenar,Terra,30.95551020408164,30.650000000000034,,20.410000000000025
2025-06-12,Plosojenar,Terra,,25.890000000000043,24.288673469387803,23.930000000000007
2025-06-16,Plosojenar,Terra,29.32918367346942,28.810000000000002,,
2025-06-21,Plosojenar,Terra,29.317142857142894,29.07000000000005,,
2025-06-23,Plosojenar,Terra,28.369693877551036,28.590000000000032,24.350000000000023,23.190000000000055
2025-06-24,Plosojenar,Terra,23.873163265306133,24.090000000000032,,
2025-06-26,Plosojenar,Terra,28.90714285714288,29.57000000000005,,
2025-06-28,Plosojenar,Terra,22.060909090909103,26.250000000000057,,
2025-07-08,Plosojenar,Terra,28.666315789473718,28.730000000000018,,23.55000000000001
2025-07-10,Plosojenar,Terra,27.83744897959185,27.870000000000005,,24.650000000000034
2025-07-13,Plosojenar,Terra,29.24010204081635,29.04290681502088,,
2025-07-16,Plosojenar,Terra,27.059387755102083,26.890000000000043,,
2025-07-18,Plosojenar,Terra,29.77510204081636,29.69000000000005,,
2025-07-20,Plosojenar,Terra,28.313367346938822,28.350000000000023,,23.230000000000018
2025-07-21,Plosojenar,Terra,29.11061224489798,29.230000000000015,,
2025-07-22,Plosojenar,Terra,26.57000000000005,26.170000000000016,,
2025-07-23,Plosojenar,Terra,,,20.783870967741972,21.850000000000023
2025-07-25,Plosojenar,Terra,28.959032258064557,29.350000000000023,,25.110000000000014
2025-07-26,Plosojenar,Terra,28.960306122449023,28.99000000000001,22.77000000000004,22.750000000000057
2025-07-27,Plosojenar,Terra,,,22.94520408163268,22.930000000000007
2025-07-28,Plosojenar,Terra,28.87102040816328,28.710000000000033,,21.890000000000043
2025-07-30,Plosojenar,Terra,28.796122448979624,28.79000000000002,,
2025-07-31,Plosojenar,Terra,29.441836734693908,29.510000000000048,22.887142857142894,22.83000000000004
2025-08-01,Plosojenar,Terra,29.505918367346972,29.630000000000056,,
2025-08-02,Plosojenar,Terra,31.85479591836738,31.57000000000005,,23.430000000000007
2025-08-04,Plosojenar,Terra,28.514183673469418,28.350000000000023,,
2025-08-06,Plosojenar,Terra,26.170000000000016,26.630000000000052,23.530000000000044,23.450000000000045
2025-08-07,Plosojenar,Terra,28.890000000000043,29.390000000000043,,22.690000000000055
2025-08-09,Plosojenar,Terra,,,23.34736842105265,23.310000000000006
2025-08-12,Plosojenar,Terra,27.872959183673498,28.090000000000032,,
2025-08-14,Plosojenar,Terra,29.000510204081646,28.570000000000054,,23.150000000000034
2025-08-15,Plosojenar,Terra,29.059897959183697,28.670000000000016,15.670000000000016,15.670000000000016
2025-08-16,Plosojenar,Terra,28.42806122448983,28.39000000000004,,21.810000000000002
2025-08-17,Plosojenar,Terra,32.836938775510234,32.43000000000001,,
2025-08-22,Plosojenar,Terra,,,22.630000000000052,22.865366795366803
2025-08-24,Plosojenar,Terra,32.02489795918368,31.03000000000003,,
2025-08-26,Plosojenar,Terra,30.700612244898007,30.53000000000003,,
2025-08-31,Plosojenar,Terra,28.433673469387788,30.58000000000004,,
2025-09-01,Plosojenar,Terra,31.63459183673474,31.79000000000002,,
2025-09-03,Plosojenar,Terra,33.173673469387786,33.363636363636374,,
2025-09-04,Plosojenar,Terra,31.83000000000004,31.110000000000014,,
2025-09-05,Plosojenar,Terra,31.731938775510237,31.430000000000003,,22.150000000000034
2025-09-22,Plosojenar,Terra,28.49000000000001,28.49000000000001,,
2025-09-23,Plosojenar,Terra,34.773775510204125,34.57060836501906,,
2025-09-25,Plosojenar,Terra,29.741530612244933,30.99000000000001,,25.07000000000005
2025-09-26,Plosojenar,Terra,30.190000000000033,30.690000000000055,,
2025-09-28,Plosojenar,Terra,32.570612244898,32.89000000000004,,24.03000000000003
2025-10-01,Plosojenar,Terra,29.590000000000032,29.710000000000036,,
2025-10-03,Plosojenar,Terra,35.258571428571464,34.589145299145336,,25.29000000000002
2025-10-05,Plosojenar,Terra,35.47000000000003,35.47000000000003,,
2025-10-07,Plosojenar,Terra,,25.170000000000016,25.25297872340431,25.130000000000052
2025-10-08,Plosojenar,Terra,35.05663265306125,34.77000000000004,,
2025-10-10,Plosojenar,Terra,34.36295918367348,34.309921875,,
2025-10-11,Plosojenar,Terra,,,23.821632653061258,24.070000000000054
2025-10-13,Plosojenar,Terra,35.678061224489824,35.370000000000005,,
2025-10-15,Plosojenar,Terra,36.062959183673506,35.93000000000001,,
2025-10-16,Plosojenar,Terra,36.36387755102042,35.706190476190514,,
2025-10-18,Plosojenar,Terra,36.30602040816329,36.910000000000025,26.046734693877582,25.690000000000055
2025-12-10,Plosojenar,Terra,28.77727272727276,28.890000000000043,,
2025-12-16,Plosojenar,Terra,,,22.659090909090953,23.650000000000034
2025-12-17,Plosojenar,Terra,30.407755102040838,30.4848202959831,23.733163265306146,23.990000000000006
2025-12-24,Plosojenar,Terra,26.979183673469414,27.577456140350918,,
2026-01-29,Plosojenar,Terra,27.495816326530626,27.750000000000057,,
2026-01-31,Plosojenar,Terra,27.84454545454547,28.130000000000052,,23.190000000000055
2026-03-12,Plosojenar,Terra,29.295510204081662,29.310000000000006,,
2026-03-14,Plosojenar,Terra,29.1914285714286,29.150000000000034,,26.150000000000034
2026-03-17,Plosojenar,Terra,28.815510204081672,28.450000000000045,,
2026-04-01,Plosojenar,Terra,28.853673469387775,28.970000000000027,24.791938775510246,24.81
2026-04-04,Plosojenar,Terra,27.295510204081644,28.33000000000004,,
2026-04-08,Plosojenar,Terra,28.347755102040857,28.250000000000057,,
2026-04-11,Plosojenar,Terra,26.80734693877555,27.190000000000055,,
2026-04-14,Plosojenar,Terra,28.382244897959218,28.210000000000036,,
2026-04-16,Plosojenar,Terra,28.662653061224532,29.130000000000052,,25.950000000000045
2026-04-20,Plosojenar,Terra,,,24.14085714285718,24.370000000000005
2026-04-21,Plosojenar,Terra,27.849795918367377,28.030000000000033,,
2026-04-23,Plosojenar,Terra,27.465714285714323,27.710000000000033,,25.390000000000043
2026-04-24,Plosojenar,Terra,28.351122448979613,28.130000000000052,,23.870000000000005
2026-04-26,Plosojenar,Terra,29.544591836734746,29.35000000000002,,
2026-04-29,Plosojenar,Terra,28.789591836734704,28.470000000000027,,
2026-05-06,Plosojenar,Terra,28.68908163265311,28.650000000000034,,25.850000000000023
2026-05-08,Plosojenar,Terra,28.49000000000001,28.630000000000052,24.58428571428573,23.79000000000002
2026-05-11,Plosojenar,Terra,27.543979591836756,27.390000000000043,,22.590000000000032
2026-05-18,Plosojenar,Terra,27.3379591836735,27.51000000000005,,26.310000000000002
2026-05-19,Plosojenar,Terra,27.823775510204108,27.870000000000005,,
2026-05-26,Plosojenar,Terra,27.814183673469408,27.79000000000002,,24.370000000000005
2026-05-29,Plosojenar,Terra,23.271326530612292,22.730000000000018,,
2026-05-31,Plosojenar,Terra,28.279897959183696,28.090000000000032,,13.710000000000036
2026-06-03,Plosojenar,Terra,28.18897959183674,28.150000000000034,,23.53000000000003
2026-06-05,Plosojenar,Terra,29.277653061224537,29.35000000000002,,
2026-06-08,Plosojenar,Terra,29.0621428571429,28.77000000000004,,24.29000000000002
2026-06-10,Plosojenar,Terra,28.09622448979593,28.07000000000005,,25.03000000000003
2026-06-11,Plosojenar,Terra,28.984387755102055,28.970000000000027,,
2026-06-15,Plosojenar,Terra,28.483673469387796,28.430000000000007,23.250510204081667,22.890000000000043
2026-06-16,Plosojenar,Terra,26.333673469387787,26.570000000000054,,
2026-06-18,Plosojenar,Terra,30.015816326530633,29.39000000000004,23.817653061224505,23.75000000000006
2026-06-19,Plosojenar,Terra,,,23.980714285714303,24.07000000000005
2026-06-20,Plosojenar,Terra,29.449591836734708,29.230000000000015,,20.970000000000027
2026-06-21,Plosojenar,Terra,26.511326530612287,26.39000000000004,,
2026-06-23,Plosojenar,Terra,29.31357142857145,28.710000000000036,,
2026-06-24,Plosojenar,Terra,,,23.86571428571429,23.950000000000045
2026-06-25,Plosojenar,Terra,29.592857142857184,29.15000000000003,,
2026-06-26,Plosojenar,Terra,27.63336734693881,27.310000000000002,,
2026-06-27,Plosojenar,Terra,,28.27000000000004,24.97816326530615,24.970000000000027
2026-06-28,Plosojenar,Terra,29.509795918367363,29.230000000000015,22.655714285714296,23.430000000000007
2026-07-01,Plosojenar,Terra,30.0922448979592,29.470000000000027,,
2026-07-03,Plosojenar,Terra,29.91846938775511,29.53000000000003,,20.670000000000016
2026-07-05,Plosojenar,Terra,29.91714285714289,29.230000000000018,,23.610000000000014
2026-07-06,Plosojenar,Terra,28.360909090909114,28.250000000000057,,
2026-07-08,Plosojenar,Terra,30.469591836734736,29.950000000000045,,23.870000000000005
2026-07-10,Plosojenar,Terra,29.05469387755104,28.310000000000006,,23.590000000000032
2026-07-11,Plosojenar,Terra,26.477234042553235,26.29000000000002,,
2026-07-13,Plosojenar,Terra,29.137040816326575,28.83000000000004,,24.03000000000003
2026-07-15,Plosojenar,Terra,29.881224489795958,29.050000000000008,,24.83000000000004
2026-07-18,Plosojenar,Terra,29.869795918367355,29.430000000000007,,23.53000000000003
2026-07-20,Plosojenar,Terra,29.63887755102043,29.350000000000023,23.282244897959195,23.55000000000001
2026-07-21,Plosojenar,Terra,26.226836734693926,25.690000000000055,,21.710000000000036
2026-07-23,Plosojenar,Terra,28.377653061224517,27.370000000000005,,
2026-07-25,Plosojenar,Terra,28.787346938775546,28.57000000000005,,23.470000000000027
2026-07-26,Plosojenar,Terra,30.58826530612248,30.410000000000025,23.07000000000005,22.970000000000027
2026-07-28,Plosojenar,Terra,30.322346938775528,29.170000000000016,,22.49000000000001
2026-07-30,Plosojenar,Terra,29.090000000000032,28.250000000000057,,22.930000000000007
2026-08-02,Plosojenar,Terra,29.96290322580649,29.510000000000048,23.91727272727276,24.010000000000048
2026-08-03,Plosojenar,Terra,,,24.57000000000005,24.010000000000048
2026-08-04,Plosojenar,Terra,29.876326530612253,29.670000000000016,22.124897959183702,23.19970317297855
2026-08-05,Plosojenar,Terra,30.0794897959184,29.910000000000025,,
2026-08-07,Plosojenar,Terra,30.461938775510244,30.29000000000002,,24.83000000000004
2026-08-09,Plosojenar,Terra,29.862448979591868,29.570000000000054,23.850000000000023,24.230000000000018
2026-08-10,Plosojenar,Terra,29.9929591836735,30.110000000000007,21.890000000000043,21.510000000000048
2026-08-12,Plosojenar,Terra,31.02122448979596,30.83000000000004,,24.850000000000023
2026-08-14,Plosojenar,Terra,29.466734693877594,29.29000000000002,,25.150000000000034
2026-08-15,Plosojenar,Terra,28.425408163265317,27.510000000000048,,
2026-08-17,Plosojenar,Terra,,,19.57000000000005,20.77000000000004
2026-08-18,Plosojenar,Terra,,,23.615957446808526,23.590000000000032
2026-08-19,Plosojenar,Terra,30.13693877551024,29.870000000000005,,19.57000000000005
2026-08-20,Plosojenar,Terra,29.373673469387796,30.07000000000005,,
2026-08-22,Plosojenar,Terra,30.586632653061262,30.41938888888891,,25.07000000000005
2026-08-24,Plosojenar,Terra,30.41081632653062,30.350000000000023,,25.470000000000027
2026-08-25,Plosojenar,Terra,31.310204081632676,31.150000000000034,,
2026-08-27,Plosojenar,Terra,31.23275510204086,31.170000000000016,24.84096774193552,24.05000000000001
2026-08-29,Plosojenar,Terra,31.12704081632658,31.05000000000001,,
2026-08-30,Plosojenar,Terra,30.354081632653074,29.83000000000004,,
2026-09-01,Plosojenar,Terra,32.941326530612265,33.05000000000001,,23.83000000000004
2026-09-03,Plosojenar,Terra,31.94153061224494,31.950000000000045,,26.210000000000036
2026-09-05,Plosojenar,Terra,30.236632653061253,30.170000000000016,,24.590000000000032
2026-09-06,Plosojenar,Terra,28.217244897959215,28.52333333333337,,
2026-09-10,Plosojenar,Terra,,,22.19897959183675,21.510000000000048
2026-09-11,Plosojenar,Terra,32.81061224489798,32.650000000000034,,
2026-09-14,Plosojenar,Terra,33.83316326530614,33.93000000000001,,24.130000000000052
2026-09-15,Plosojenar,Terra,,30.370000000000005,25.240638297872387,25.33000000000004
2026-09-16,Plosojenar,Terra,33.833061224489825,33.93000000000001,25.110000000000014,24.870000000000005
2026-09-18,Plosojenar,Terra,,,26.38046357615897,25.970000000000027
2026-09-19,Plosojenar,Terra,31.878163265306153,31.710000000000036,,
2026-09-20,Plosojenar,Terra,,,24.46336734693878,24.730000000000018
2026-09-21,Plosojenar,Terra,32.22602040816331,32.69847769028876,,24.77000000000004
2026-09-23,Plosojenar,Terra,32.56887755102045,32.650000000000034,21.00986754966889,21.77000000000004
2019-01-06,Plosojenar,Aqua,40.13938775510206,39.21841225626744,,
2019-02-16,Plosojenar,Aqua,32.94306122448982,33.13000000000005,,
2019-02-18,Plosojenar,Aqua,27.334387755102078,29.730000000000018,,
2019-02-23,Plosojenar,Aqua,34.13000000000005,33.47000000000003,,
2019-02-26,Plosojenar,Aqua,32.64071428571432,33.73000000000002,,
2019-03-05,Plosojenar,Aqua,33.34744897959187,33.51000000000005,,
2019-03-29,Plosojenar,Aqua,34.32591836734696,35.30000000000001,24.962346938775525,24.83000000000004
2019-04-03,Plosojenar,Aqua,33.29000000000002,32.99000000000001,,
2019-04-05,Plosojenar,Aqua,34.77918367346941,34.650000000000034,23.505714285714298,23.750000000000057
2019-04-12,Plosojenar,Aqua,34.45591836734697,34.97666666666669,,
2019-04-21,Plosojenar,Aqua,34.026836734693916,34.34685076380731,,
2019-04-26,Plosojenar,Aqua,32.89693877551023,32.859682337992396,,8.670000000000016
2019-05-01,Plosojenar,Aqua,28.1487755102041,28.940000000000026,,
2019-05-03,Plosojenar,Aqua,32.43683673469389,33.05000000000002,,
2019-05-04,Plosojenar,Aqua,28.203877551020422,29.27000000000004,,23.890000000000043
2019-05-05,Plosojenar,Aqua,32.65322580645162,33.03000000000003,21.53663265306125,21.29000000000002
2019-05-07,Plosojenar,Aqua,30.99913907284772,33.31,,
2019-05-09,Plosojenar,Aqua,29.55000000000001,29.930000000000007,22.410000000000025,22.310000000000002
2019-05-12,Plosojenar,Aqua,29.691836734693926,28.710000000000036,,
2019-05-17,Plosojenar,Aqua,30.259285714285753,30.79055459272099,,21.610000000000014
2019-05-18,Plosojenar,Aqua,29.821224489795952,30.53000000000003,,
2019-05-19,Plosojenar,Aqua,30.959795918367387,32.170000000000016,,
2019-05-20,Plosojenar,Aqua,,26.590000000000032,21.685510204081666,21.750000000000057
2019-05-21,Plosojenar,Aqua,33.04132653061225,33.73000000000002,22.795612244897974,22.870000000000005
2019-05-23,Plosojenar,Aqua,31.85193877551025,32.93000000000001,,
2019-05-24,Plosojenar,Aqua,30.589285714285737,31.090000000000032,,
2019-05-25,Plosojenar,Aqua,32.624897959183706,33.53000000000003,21.62000000000004,21.730000000000018
2019-05-28,Plosojenar,Aqua,33.01000000000005,34.01000000000005,,
2019-05-30,Plosojenar,Aqua,32.825000000000024,32.83000000000004,,
2019-05-31,Plosojenar,Aqua,,,20.077096774193574,20.370000000000005
2019-06-01,Plosojenar,Aqua,31.57000000000005,32.85000000000002,,
2019-06-05,Plosojenar,Aqua,26.910000000000025,27.77000000000004,23.27000000000004,23.33000000000004
2019-06-06,Plosojenar,Aqua,34.8498979591837,35.210000000000036,,
2019-06-08,Plosojenar,Aqua,36.01724489795923,36.110000000000014,,21.190000000000055
2019-06-10,Plosojenar,Aqua,36.03000000000003,36.450000000000045,,23.210000000000036
2019-06-15,Plosojenar,Aqua,,32.27000000000004,19.969693877551055,20.351665250637236
2019-06-18,Plosojenar,Aqua,35.520714285714334,35.690000000000055,19.83887755102045,20.450000000000045
2019-06-20,Plosojenar,Aqua,38.06989795918372,38.450000000000045,,
2019-06-22,Plosojenar,Aqua,,,21.603684210526353,21.49000000000001
2019-06-24,Plosojenar,Aqua,37.39571428571433,37.370000000000005,,21.730000000000018
2019-06-25,Plosojenar,Aqua,36.28090909090912,36.150000000000034,21.51418367346943,21.670000000000016
2019-06-26,Plosojenar,Aqua,35.910000000000025,35.03000000000003,22.377244897959198,22.010000000000048
2019-06-28,Plosojenar,Aqua,37.28081632653065,36.76000000000005,,21.010000000000048
2019-06-29,Plosojenar,Aqua,38.09214285714286,37.97699588477368,,20.190000000000055
2019-07-01,Plosojenar,Aqua,39.58142857142859,39.43000000000001,18.72489361702131,18.850000000000023
2019-07-03,Plosojenar,Aqua,38.82636363636369,38.910000000000025,,22.430000000000007
2019-07-05,Plosojenar,Aqua,,,21.910000000000025,21.83000000000004
2019-07-08,Plosojenar,Aqua,37.003163265306156,36.31,,20.83000000000004
2019-07-09,Plosojenar,Aqua,,,20.156122448979612,20.510000000000044
2019-07-10,Plosojenar,Aqua,36.75530612244901,37.07000000000005,,21.810000000000002
2019-07-11,Plosojenar,Aqua,,34.05000000000001,21.0018367346939,20.910000000000025
2019-07-12,Plosojenar,Aqua,38.661632653061254,37.93000000000001,,21.370000000000005
2019-07-13,Plosojenar,Aqua,41.54244897959186,41.170000000000016,,
2019-07-14,Plosojenar,Aqua,38.190000000000055,37.91623471882642,,20.83000000000004
2019-07-15,Plosojenar,Aqua,39.073877551020445,37.81,19.966530612244927,20.010000000000048
2019-07-16,Plosojenar,Aqua,,,20.343571428571465,20.510000000000048
2019-07-17,Plosojenar,Aqua,40.822040816326584,40.797152875175335,,17.470000000000027
2019-07-20,Plosojenar,Aqua,,,19.750000000000057,19.79000000000002
2019-07-22,Plosojenar,Aqua,42.37091836734696,41.916666666666686,,
2019-07-24,Plosojenar,Aqua,41.152857142857165,40.55000000000001,,21.05000000000001
2019-07-25,Plosojenar,Aqua,,,21.95255102040819,19.99000000000001
2019-07-26,Plosojenar,Aqua,38.96387755102044,38.83000000000004,22.416857142857168,22.430000000000007
2019-07-28,Plosojenar,Aqua,40.32704081632655,39.81,,20.79000000000002
2019-07-29,Plosojenar,Aqua,40.39418367346942,39.450000000000045,,
2019-07-31,Plosojenar,Aqua,40.908877551020424,40.4690773067332,17.1822448979592,18.730000000000018
2019-08-01,Plosojenar,Aqua,,,19.721734693877575,20.750000000000057
2019-08-02,Plosojenar,Aqua,40.67734693877552,40.63567415730341,20.960463576158965,20.83000000000004
2019-08-04,Plosojenar,Aqua,44.38346938775515,43.450000000000045,,20.870000000000005
2019-08-05,Plosojenar,Aqua,38.359142857142906,37.13000000000005,,19.230000000000018
2019-08-06,Plosojenar,Aqua,39.446428571428605,38.85000000000002,,
2019-08-07,Plosojenar,Aqua,37.08801324503313,36.77000000000004,,
2019-08-09,Plosojenar,Aqua,39.98561224489799,41.07000000000005,,21.99000000000001
2019-08-13,Plosojenar,Aqua,39.628469387755146,38.150000000000034,,24.170000000000016
2019-08-14,Plosojenar,Aqua,39.56867346938779,38.81,,
2019-08-16,Plosojenar,Aqua,41.837272727272776,40.33000000000004,,
2019-08-18,Plosojenar,Aqua,42.97234693877554,42.39000000000004,,21.57000000000005
2019-08-19,Plosojenar,Aqua,,,19.79000000000002,19.910000000000025
2019-08-21,Plosojenar,Aqua,38.18081632653063,38.01000000000005,,
2019-08-23,Plosojenar,Aqua,41.200816326530656,40.46142053445855,,
2019-08-25,Plosojenar,Aqua,40.528469387755116,40.450000000000045,,
2019-08-27,Plosojenar,Aqua,42.27938775510206,41.63000000000005,,
2019-08-30,Plosojenar,Aqua,41.249591836734744,40.83797169811324,,
2019-09-01,Plosojenar,Aqua,41.87663265306125,41.670000000000016,20.230000000000018,20.230000000000018
2019-09-03,Plosojenar,Aqua,38.648469387755135,38.09000000000003,20.840204081632685,19.930000000000007
2019-09-04,Plosojenar,Aqua,37.07428571428574,36.610000000000014,19.850000000000023,19.910000000000025
2019-09-05,Plosojenar,Aqua,42.65632653061228,42.31,,19.410000000000025
2019-09-06,Plosojenar,Aqua,42.602244897959224,41.55000000000001,,21.33000000000004
2019-09-07,Plosojenar,Aqua,42.13316326530617,41.25000000000006,,23.370000000000005
2019-09-08,Plosojenar,Aqua,44.39806122448982,44.31,,
2019-09-10,Plosojenar,Aqua,46.05285714285718,46.03607594936711,,21.090000000000032
2019-09-12,Plosojenar,Aqua,43.42418367346942,43.481451942740314,,
2019-09-13,Plosojenar,Aqua,40.1144897959184,39.870000000000005,21.373979591836754,20.65001569858716
2019-09-14,Plosojenar,Aqua,41.985714285714316,41.48333333333335,,23.350000000000023
2019-09-15,Plosojenar,Aqua,40.84132653061228,40.700452674897164,,
2019-09-16,Plosojenar,Aqua,39.82755102040817,39.47000000000003,,
2019-09-17,Plosojenar,Aqua,37.870000000000005,39.83000000000004,,22.250000000000057
2019-09-19,Plosojenar,Aqua,44.17489795918372,44.170000000000016,,22.630000000000052
2019-09-20,Plosojenar,Aqua,37.819795918367376,37.670000000000016,,
2019-09-21,Plosojenar,Aqua,42.26448979591839,41.85000000000002,,21.670000000000016
2019-09-24,Plosojenar,Aqua,42.29132653061226,41.870000000000005,,
2019-09-26,Plosojenar,Aqua,43.60081632653063,43.839440993788855,,
2019-09-28,Plosojenar,Aqua,44.45000000000005,44.210000000000036,,17.470000000000027
2019-09-30,Plosojenar,Aqua,40.01000000000002,39.43000000000001,,
2019-10-01,Plosojenar,Aqua,41.73234693877555,42.05000000000001,,
2019-10-03,Plosojenar,Aqua,45.22234693877553,45.370000000000005,,
2019-10-05,Plosojenar,Aqua,46.29265306122451,45.78126736111114,21.481938775510226,21.610000000000014
2019-10-07,Plosojenar,Aqua,42.8368085106383,42.710000000000036,23.986363636363667,24.110000000000014
2019-10-10,Plosojenar,Aqua,42.80867346938781,42.357283333333356,,
2019-10-11,Plosojenar,Aqua,39.441836734693894,39.210000000000036,,
2019-10-12,Plosojenar,Aqua,44.84387755102043,44.110000000000014,,
2019-10-14,Plosojenar,Aqua,45.101224489795975,45.17000000000001,,22.010000000000048
2019-10-18,Plosojenar,Aqua,42.50918367346941,41.98432584269665,24.03520408163269,24.05000000000001
2019-10-19,Plosojenar,Aqua,43.00530612244902,42.49000000000001,,
2019-10-21,Plosojenar,Aqua,47.95918367346942,47.64000000000004,,23.410000000000025
2019-10-22,Plosojenar,Aqua,40.15979591836737,39.98507808292947,,24.230000000000018
2019-10-23,Plosojenar,Aqua,45.402857142857165,44.77863013698634,,22.83000000000004
2019-10-25,Plosojenar,Aqua,41.48010204081634,41.33000000000004,,25.55000000000001
2019-10-26,Plosojenar,Aqua,44.726734693877575,44.602218844984826,,
2019-10-28,Plosojenar,Aqua,39.11545454545455,41.535760286225425,,
2019-10-30,Plosojenar,Aqua,46.742653061224516,46.52318181818185,22.368064516129053,23.710000000000036
2019-10-31,Plosojenar,Aqua,,37.950000000000045,18.33000000000004,18.03000000000003
2019-11-04,Plosojenar,Aqua,36.77000000000004,37.870000000000005,,
2019-11-06,Plosojenar,Aqua,47.68173469387759,47.020483042137755,,
2019-11-07,Plosojenar,Aqua,,37.47000000000003,22.438367346938783,22.670000000000016
2019-11-08,Plosojenar,Aqua,45.258469387755135,44.33000000000004,23.85132653061226,23.850000000000023
2019-11-11,Plosojenar,Aqua,41.90795918367348,41.02333333333337,,
2019-11-15,Plosojenar,Aqua,49.548163265306144,49.23000000000002,,21.390000000000043
2019-11-17,Plosojenar,Aqua,,,25.3448979591837,25.27000000000004
2019-11-19,Plosojenar,Aqua,,,24.993421052631597,25.350000000000023
2019-11-20,Plosojenar,Aqua,43.25663265306126,42.93000000000001,,
2019-11-22,Plosojenar,Aqua,45.653673469387776,44.86983333333334,,
2019-11-24,Plosojenar,Aqua,44.37071428571431,43.870000000000005,,25.750000000000057
2019-11-29,Plosojenar,Aqua,42.479795918367394,41.410000000000025,,
2019-12-06,Plosojenar,Aqua,39.5479591836735,40.57000000000005,,
2020-01-22,Plosojenar,Aqua,,32.85000000000002,24.859081632653094,24.79000000000002
2020-01-29,Plosojenar,Aqua,20.27596026490069,19.83000000000004,,
2020-03-20,Plosojenar,Aqua,33.39959183673472,34.610000000000014,,
2020-04-12,Plosojenar,Aqua,34.52384615384617,34.05000000000001,,
2020-04-21,Plosojenar,Aqua,29.39928571428574,31.710000000000036,,
2020-05-07,Plosojenar,Aqua,32.1026530612245,32.97000000000003,,
2020-05-16,Plosojenar,Aqua,31.31561224489799,32.13000000000005,,
2020-05-25,Plosojenar,Aqua,32.543571428571475,32.52000000000004,,
2020-05-29,Plosojenar,Aqua,,,24.07877551020412,23.890000000000043
2020-05-30,Plosojenar,Aqua,31.0441836734694,31.77000000000004,,
2020-06-05,Plosojenar,Aqua,29.335957446808546,29.310000000000002,,
2020-06-10,Plosojenar,Aqua,27.750000000000057,28.630000000000052,22.190000000000055,22.450000000000045
2020-06-11,Plosojenar,Aqua,30.02192052980135,30.55000000000001,22.468979591836757,22.450000000000045
2020-06-16,Plosojenar,Aqua,,,21.795000000000027,22.010000000000048
2020-06-17,Plosojenar,Aqua,31.707244897959203,31.390000000000043,,
2020-06-18,Plosojenar,Aqua,,,22.069183673469407,22.03000000000003
2020-06-23,Plosojenar,Aqua,,,20.087021276595777,20.27000000000004
2020-06-28,Plosojenar,Aqua,,35.910000000000025,22.19500000000003,22.210000000000036
2020-07-03,Plosojenar,Aqua,,35.450000000000045,20.617741935483895,20.930000000000007
2020-07-08,Plosojenar,Aqua,35.05714285714288,33.29000000000002,,
2020-07-10,Plosojenar,Aqua,35.57663265306124,35.73000000000002,,16.690000000000055
2020-07-11,Plosojenar,Aqua,,,21.566688741721865,21.750000000000057
2020-07-12,Plosojenar,Aqua,,,22.820408163265345,22.710000000000036
2020-07-17,Plosojenar,Aqua,36.78122448979593,36.33000000000004,,17.850000000000023
2020-07-19,Plosojenar,Aqua,38.72612244897961,38.410000000000025,,
2020-07-21,Plosojenar,Aqua,32.21438775510205,32.450000000000045,,22.710000000000036
2020-07-22,Plosojenar,Aqua,,32.07000000000005,18.99000000000001,19.110000000000014
2020-07-26,Plosojenar,Aqua,,,17.624489795918407,17.57000000000005
2020-07-27,Plosojenar,Aqua,,,20.170000000000016,20.150000000000034
2020-07-28,Plosojenar,Aqua,33.85000000000002,35.33000000000004,21.055000000000025,21.350000000000023
2020-07-30,Plosojenar,Aqua,37.832653061224526,37.51000000000005,,18.410000000000025
2020-08-02,Plosojenar,Aqua,34.96549668874172,36.27000000000004,,
2020-08-09,Plosojenar,Aqua,36.49204081632657,36.52103448275866,,
2020-08-13,Plosojenar,Aqua,,32.610000000000014,21.960322580645176,22.350000000000023
2020-08-14,Plosojenar,Aqua,,,21.295306122449,21.470000000000027
2020-08-16,Plosojenar,Aqua,33.278571428571446,33.370000000000005,,
2020-09-05,Plosojenar,Aqua,41.41928571428573,41.55000000000001,,21.310000000000002
2020-09-07,Plosojenar,Aqua,36.87727272727274,37.870000000000005,,21.150000000000034
2020-09-10,Plosojenar,Aqua,40.5887755102041,40.644166666666706,,
2020-09-12,Plosojenar,Aqua,43.130306122449,43.57000000000005,20.4591836734694,19.53000000000003
2020-09-14,Plosojenar,Aqua,38.571836734693896,38.910000000000025,,17.210000000000036
2020-09-15,Plosojenar,Aqua,38.802551020408195,38.29000000000002,,21.630000000000052
2020-09-16,Plosojenar,Aqua,40.670000000000016,40.03000000000003,,
2020-09-17,Plosojenar,Aqua,39.49122448979595,39.13000000000005,,
2020-09-19,Plosojenar,Aqua,43.76591836734697,43.75724233983292,,
2020-09-23,Plosojenar,Aqua,,,22.613163265306135,23.83000000000004
2020-09-24,Plosojenar,Aqua,40.930306122449025,40.450000000000045,,
2020-09-26,Plosojenar,Aqua,41.82500000000002,41.39000000000004,,
2020-09-28,Plosojenar,Aqua,41.17363636363639,44.49000000000001,21.23734693877555,20.930000000000007
2020-09-29,Plosojenar,Aqua,,,21.605102040816362,21.27000000000004
2020-10-02,Plosojenar,Aqua,41.74510204081636,41.63288224956069,,24.170000000000016
2020-10-03,Plosojenar,Aqua,42.25193877551024,41.98498525073748,,
2020-10-14,Plosojenar,Aqua,42.36459183673473,43.23000000000002,,
2020-10-23,Plosojenar,Aqua,36.690000000000055,37.59000000000003,,
2020-11-08,Plosojenar,Aqua,40.77285714285717,40.07000000000005,,
2020-11-13,Plosojenar,Aqua,43.71510204081636,42.450000000000045,,
2020-11-18,Plosojenar,Aqua,,,17.850000000000023,18.510000000000048
2021-03-14,Plosojenar,Aqua,32.75663265306125,33.07000000000005,,
2021-04-08,Plosojenar,Aqua,30.635454545454596,32.190000000000055,,
2021-04-15,Plosojenar,Aqua,32.13265306122451,33.23000000000001,,
2021-04-16,Plosojenar,Aqua,,,23.99000000000001,23.99000000000001
2021-04-17,Plosojenar,Aqua,26.77000000000004,26.77000000000004,,22.890000000000043
2021-04-19,Plosojenar,Aqua,32.07948979591839,32.710000000000036,15.626363636363644,20.210000000000036
2021-04-20,Plosojenar,Aqua,33.81,31.450000000000045,20.29000000000002,20.53000000000003
2021-04-21,Plosojenar,Aqua,29.74326530612248,31.260019646365468,,23.310000000000002
2021-04-22,Plosojenar,Aqua,33.47673469387758,34.77000000000004,,
2021-04-23,Plosojenar,Aqua,29.90454545454548,29.450000000000045,,
2021-04-24,Plosojenar,Aqua,32.97918367346942,34.29000000000002,,
2021-04-25,Plosojenar,Aqua,,,21.97808510638299,21.910000000000025
2021-04-26,Plosojenar,Aqua,33.503367346938795,34.48034482758622,,23.950000000000045
2021-05-10,Plosojenar,Aqua,33.21244897959186,34.190000000000055,,19.510000000000048
2021-05-12,Plosojenar,Aqua,,,21.150000000000034,21.410000000000025
2021-05-14,Plosojenar,Aqua,31.460918367346963,32.360892857142865,22.99000000000001,23.210000000000036
2021-05-15,Plosojenar,Aqua,30.751530612244935,30.970000000000027,,
2021-05-16,Plosojenar,Aqua,30.113877551020437,30.890000000000043,,23.950000000000045
2021-05-21,Plosojenar,Aqua,33.25918367346943,32.01000000000005,,
2021-05-23,Plosojenar,Aqua,,,23.68102040816329,23.650000000000034
2021-05-26,Plosojenar,Aqua,33.8522448979592,34.710000000000036,,
2021-05-30,Plosojenar,Aqua,31.797448979591856,32.09000000000003,22.890000000000043,22.310000000000002
2021-06-02,Plosojenar,Aqua,,,21.890000000000043,21.710000000000036
2021-06-04,Plosojenar,Aqua,33.097142857142885,34.81,,23.890000000000043
2021-06-05,Plosojenar,Aqua,33.748709677419406,33.73000000000002,,19.010000000000048
2021-06-11,Plosojenar,Aqua,33.143775510204115,33.79000000000002,,
2021-06-13,Plosojenar,Aqua,29.917653061224513,31.310000000000002,,
2021-06-27,Plosojenar,Aqua,33.12642857142861,33.26418636995832,,
2021-07-04,Plosojenar,Aqua,35.34775510204084,36.05000000000001,20.364966887417243,21.130000000000052
2021-07-05,Plosojenar,Aqua,,,20.811818181818197,21.610000000000014
2021-07-11,Plosojenar,Aqua,33.02887755102045,33.14333333333337,,
2021-07-12,Plosojenar,Aqua,,,21.3713245033113,21.33000000000004
2021-07-13,Plosojenar,Aqua,35.720408163265354,35.86246676514033,,
2021-07-15,Plosojenar,Aqua,36.37479591836738,36.43000000000001,20.837096774193565,20.950000000000045
2021-07-19,Plosojenar,Aqua,,,23.44218543046359,23.210000000000036
2021-07-20,Plosojenar,Aqua,35.09122448979595,35.93000000000001,,
2021-07-23,Plosojenar,Aqua,,,21.52948979591838,21.650000000000034
2021-07-24,Plosojenar,Aqua,36.45887755102042,36.860000000000014,,21.870000000000005
2021-07-25,Plosojenar,Aqua,37.54020408163268,38.110000000000014,,20.99000000000001
2021-07-26,Plosojenar,Aqua,37.09918367346942,37.31,,22.470000000000027
2021-07-27,Plosojenar,Aqua,38.14387755102045,38.55000000000001,,
2021-07-29,Plosojenar,Aqua,37.302959183673494,37.42866666666667,,
2021-07-31,Plosojenar,Aqua,35.90173469387758,35.93000000000001,,21.750000000000057
2021-08-01,Plosojenar,Aqua,,,18.910000000000025,19.350000000000023
2021-08-04,Plosojenar,Aqua,,,23.16000000000005,23.150000000000034
2021-08-05,Plosojenar,Aqua,36.660408163265345,36.30000000000001,,
2021-08-06,Plosojenar,Aqua,,,22.310000000000002,22.33000000000004
2021-08-07,Plosojenar,Aqua,37.23704081632657,36.97668407310707,21.79336734693879,21.950000000000045
2021-08-08,Plosojenar,Aqua,,,22.357142857142865,22.630000000000052
2021-08-11,Plosojenar,Aqua,30.170000000000016,34.870000000000005,,21.05000000000001
2021-08-14,Plosojenar,Aqua,39.18979591836738,38.190000000000055,,
2021-08-16,Plosojenar,Aqua,37.46030612244902,37.39000000000004,,
2021-08-26,Plosojenar,Aqua,,,20.650000000000034,20.55000000000001
2021-08-28,Plosojenar,Aqua,42.95457142857145,42.190000000000055,,
2021-09-01,Plosojenar,Aqua,41.13979591836737,40.76292775665404,17.010000000000048,17.29000000000002
2021-09-06,Plosojenar,Aqua,,39.77000000000004,19.661836734693907,18.79000000000002
2021-09-15,Plosojenar,Aqua,42.82959183673474,42.03000000000003,22.45632653061225,22.430000000000007
2021-09-17,Plosojenar,Aqua,,,23.090000000000032,23.29000000000002
2021-09-18,Plosojenar,Aqua,,,22.324545454545483,22.190000000000055
2021-09-30,Plosojenar,Aqua,,,24.53000000000003,24.850000000000023
2021-10-01,Plosojenar,Aqua,42.28612244897961,41.25000000000006,,
2021-10-02,Plosojenar,Aqua,,,19.200909090909143,21.05000000000001
2021-10-07,Plosojenar,Aqua,,,22.51908163265309,22.870000000000005
2021-10-08,Plosojenar,Aqua,41.20032258064519,42.27000000000004,,19.630000000000052
2021-10-10,Plosojenar,Aqua,44.7514285714286,42.89000000000004,,
2021-10-12,Plosojenar,Aqua,46.24663265306123,44.49000000000001,,
2021-10-15,Plosojenar,Aqua,43.460510204081665,43.23000000000002,,
2021-10-22,Plosojenar,Aqua,38.57742857142861,38.73000000000002,,
2021-10-30,Plosojenar,Aqua,,,24.296052631578995,24.07000000000005
2021-11-03,Plosojenar,Aqua,,,19.789285714285732,20.250000000000057
2022-03-04,Plosojenar,Aqua,32.97000000000003,32.97000000000003,,
2022-03-17,Plosojenar,Aqua,34.72744897959186,35.05000000000001,,
2022-03-24,Plosojenar,Aqua,30.730000000000018,29.010000000000048,,
2022-03-25,Plosojenar,Aqua,,,23.843571428571433,24.33000000000004
2022-03-26,Plosojenar,Aqua,32.963877551020424,33.203506944444484,,
2022-03-30,Plosojenar,Aqua,32.47897959183676,33.57000000000005,,
2022-04-17,Plosojenar,Aqua,29.229591836734716,29.610000000000014,23.150000000000034,24.196603475513477
2022-04-25,Plosojenar,Aqua,31.13918367346941,30.950000000000045,,
2022-05-12,Plosojenar,Aqua,,,23.30979591836737,23.57000000000005
2022-05-27,Plosojenar,Aqua,32.25382978723405,32.53000000000003,,
2022-05-28,Plosojenar,Aqua,,,23.096357615894068,22.99000000000001
2022-05-30,Plosojenar,Aqua,31.055263157894757,31.350000000000023,,21.950000000000045
2022-06-07,Plosojenar,Aqua,,32.77000000000004,21.600408163265335,22.77000000000004
2022-06-19,Plosojenar,Aqua,28.9951428571429,30.350000000000023,,
2022-06-21,Plosojenar,Aqua,,33.77000000000004,22.535454545454588,22.510000000000048
2022-06-28,Plosojenar,Aqua,32.335306122449,32.210000000000036,,
2022-06-29,Plosojenar,Aqua,,,20.83382978723405,21.07000000000005
2022-06-30,Plosojenar,Aqua,30.512448979591863,31.230000000000018,,
2022-07-02,Plosojenar,Aqua,,,22.89653061224493,23.130000000000052
2022-07-04,Plosojenar,Aqua,31.210000000000036,31.49000000000001,,24.07000000000005
2022-07-05,Plosojenar,Aqua,33.63346938775513,34.03000000000003,,
2022-07-07,Plosojenar,Aqua,32.56161290322586,32.25000000000006,,22.590000000000032
2022-07-09,Plosojenar,Aqua,32.51448979591841,33.02060998151575,21.44510204081636,21.610000000000014
2022-07-19,Plosojenar,Aqua,33.72591836734698,34.43000000000001,,
2022-07-25,Plosojenar,Aqua,30.701632653061274,30.99000000000001,,
2022-07-26,Plosojenar,Aqua,34.592755102040854,34.99000000000001,,
2022-07-28,Plosojenar,Aqua,34.92663265306125,35.16281407035178,,
2022-07-30,Plosojenar,Aqua,31.53091836734695,32.05000000000001,,
2022-08-01,Plosojenar,Aqua,34.622959183673494,34.97000000000003,,
2022-08-04,Plosojenar,Aqua,33.6629591836735,36.190000000000055,,
2022-08-06,Plosojenar,Aqua,,29.110000000000014,20.65346938775513,20.83000000000004
2022-08-07,Plosojenar,Aqua,,,20.262040816326554,21.090000000000032
2022-08-08,Plosojenar,Aqua,32.95275510204086,32.81,,22.150000000000034
2022-08-11,Plosojenar,Aqua,35.7295918367347,35.190000000000055,,
2022-08-13,Plosojenar,Aqua,35.220909090909124,35.35000000000002,,
2022-08-15,Plosojenar,Aqua,,32.870000000000005,22.246363636363654,22.69000000000005
2022-08-17,Plosojenar,Aqua,,32.93000000000001,22.089897959183723,22.130000000000052
2022-08-19,Plosojenar,Aqua,,,22.364545454545468,22.53000000000003
2022-08-20,Plosojenar,Aqua,37.29326530612249,36.85000000000002,20.0621428571429,20.07000000000005
2022-08-22,Plosojenar,Aqua,34.70419354838712,34.51000000000005,,
2022-08-24,Plosojenar,Aqua,35.93000000000001,35.75000000000006,,21.670000000000016
2022-08-27,Plosojenar,Aqua,40.18908163265307,39.575950991832016,,18.150000000000034
2022-08-29,Plosojenar,Aqua,37.89969387755106,38.77000000000004,21.00948979591841,21.010000000000048
2022-08-31,Plosojenar,Aqua,,,22.190612244898002,22.130000000000052
2022-09-12,Plosojenar,Aqua,41.71877551020412,41.09000000000003,,20.78000000000003
2022-09-14,Plosojenar,Aqua,39.07887755102045,38.97000000000003,,
2022-09-19,Plosojenar,Aqua,41.10367346938777,39.950000000000045,,
2022-09-28,Plosojenar,Aqua,42.08602040816327,40.170000000000016,21.60224489795922,21.510000000000048
2022-10-02,Plosojenar,Aqua,33.09081632653065,32.99000000000001,,
2022-11-08,Plosojenar,Aqua,31.53000000000003,31.03000000000003,,
2022-12-13,Plosojenar,Aqua,31.72090909090912,31.430000000000007,,
2022-12-17,Plosojenar,Aqua,30.090000000000032,30.77000000000004,,
2022-12-20,Plosojenar,Aqua,34.08826530612249,32.81,,
2023-01-05,Plosojenar,Aqua,30.64785714285719,30.330000000000037,,
2023-01-07,Plosojenar,Aqua,31.99244897959186,32.05000000000001,,
2023-01-12,Plosojenar,Aqua,31.494255319148976,32.610000000000014,,
2023-03-09,Plosojenar,Aqua,34.16051020408166,34.170000000000016,,
2023-03-11,Plosojenar,Aqua,32.889081632653074,33.603907284768226,,
2023-03-18,Plosojenar,Aqua,33.56081632653066,33.784618585298226,,
2023-03-23,Plosojenar,Aqua,34.226632653061266,34.83000000000004,,
2023-04-10,Plosojenar,Aqua,30.355714285714324,30.577971698113252,,
2023-04-19,Plosojenar,Aqua,30.85561224489798,31.330000000000037,,22.710000000000036
2023-04-22,Plosojenar,Aqua,32.14571428571432,32.370000000000005,,
2023-04-24,Plosojenar,Aqua,30.61936170212769,30.53000000000003,,
2023-05-06,Plosojenar,Aqua,33.3594897959184,33.99000000000001,,
2023-05-12,Plosojenar,Aqua,,,23.370000000000005,23.29000000000002
2023-05-13,Plosojenar,Aqua,33.610000000000014,33.25957915831668,20.507959183673496,20.79000000000002
2023-05-15,Plosojenar,Aqua,33.8186734693878,34.420000000000016,19.659081632653102,21.07558479532168
2023-05-22,Plosojenar,Aqua,32.29000000000002,34.170000000000016,,
2023-05-25,Plosojenar,Aqua,34.76408163265308,34.863220779220796,,
2023-05-27,Plosojenar,Aqua,36.691326530612294,36.110000000000014,20.697551020408206,21.010000000000048
2023-05-29,Plosojenar,Aqua,,,21.295454545454596,21.79000000000002
2023-06-03,Plosojenar,Aqua,35.73520408163269,36.49000000000001,23.041530612244916,22.930000000000007
2023-06-05,Plosojenar,Aqua,,,23.013877551020435,22.690000000000055
2023-06-07,Plosojenar,Aqua,,,22.637019867549697,22.930000000000007
2023-06-08,Plosojenar,Aqua,36.36265306122453,36.31,,
2023-06-10,Plosojenar,Aqua,37.32500000000003,37.07000000000005,,22.010000000000048
2023-06-17,Plosojenar,Aqua,35.6414285714286,35.27000000000004,,
2023-06-22,Plosojenar,Aqua,38.53765306122451,37.2595981087471,,19.430000000000007
2023-06-23,Plosojenar,Aqua,,,23.628775510204104,23.230000000000018
2023-06-24,Plosojenar,Aqua,37.98306122448984,37.23000000000002,,19.230000000000018
2023-06-29,Plosojenar,Aqua,36.55741721854308,33.870000000000005,,19.630000000000052
2023-06-30,Plosojenar,Aqua,,,22.169285714285742,21.694358974359023
2023-07-01,Plosojenar,Aqua,37.24571428571431,36.85000000000002,,
2023-07-03,Plosojenar,Aqua,,,21.160638297872357,20.810000000000002
2023-07-06,Plosojenar,Aqua,33.89457142857145,33.08000000000004,18.670000000000016,18.670000000000016
2023-07-11,Plosojenar,Aqua,35.00591836734695,34.170000000000016,,
2023-07-14,Plosojenar,Aqua,,,18.817272727272748,19.110000000000014
2023-07-17,Plosojenar,Aqua,37.969591836734715,36.80000000000001,,21.450000000000045
2023-07-18,Plosojenar,Aqua,37.80020408163269,37.09000000000003,,
2023-07-20,Plosojenar,Aqua,38.236632653061235,37.410000000000025,18.655612244898006,18.890000000000043
2023-07-21,Plosojenar,Aqua,,,18.350000000000023,18.910000000000025
2023-07-22,Plosojenar,Aqua,37.45438775510206,36.49000000000001,17.87081632653064,19.49000000000001
2023-07-23,Plosojenar,Aqua,,,21.7798979591837,21.730000000000018
2023-07-24,Plosojenar,Aqua,,,22.350510204081672,23.250000000000057
2023-07-25,Plosojenar,Aqua,35.89653061224491,35.81000000000001,,
2023-07-27,Plosojenar,Aqua,38.38428571428574,36.73000000000002,20.25530612244901,20.310000000000002
2023-07-28,Plosojenar,Aqua,,,20.739795918367395,20.950000000000045
2023-07-29,Plosojenar,Aqua,38.71081632653065,37.39000000000004,21.28139072847686,20.49000000000001
2023-07-30,Plosojenar,Aqua,,35.07000000000005,17.81785714285716,17.970000000000027
2023-08-01,Plosojenar,Aqua,38.9636734693878,38.49000000000001,,
2023-08-03,Plosojenar,Aqua,36.644081632653084,37.190000000000055,20.583673469387776,20.55000000000001
2023-08-05,Plosojenar,Aqua,39.95775510204086,39.07000000000005,,
2023-08-06,Plosojenar,Aqua,,33.73000000000002,20.08290322580649,20.310000000000002
2023-08-08,Plosojenar,Aqua,37.01755102040818,36.63624775583487,,
2023-08-10,Plosojenar,Aqua,41.32602040816328,41.08211734693882,,20.07000000000005
2023-08-11,Plosojenar,Aqua,,,18.62846153846155,18.730000000000018
2023-08-12,Plosojenar,Aqua,39.5687755102041,39.52914110429452,,
2023-08-13,Plosojenar,Aqua,38.51234693877553,38.110000000000014,,21.03000000000003
2023-08-15,Plosojenar,Aqua,40.7133673469388,39.97000000000003,17.95653061224494,19.490000000000006
2023-08-17,Plosojenar,Aqua,43.22622448979594,41.57000000000005,20.075161290322605,20.33000000000004
2023-08-19,Plosojenar,Aqua,40.36561224489798,39.63666666666671,,23.130000000000052
2023-08-22,Plosojenar,Aqua,40.40663265306125,39.39000000000004,18.522653061224513,18.41000000000002
2023-08-23,Plosojenar,Aqua,,,21.310000000000002,21.47000000000003
2023-08-24,Plosojenar,Aqua,40.106122448979626,40.55000000000001,21.940204081632682,22.010000000000048
2023-08-26,Plosojenar,Aqua,40.299387755102074,39.61000000000002,,23.810000000000002
2023-08-27,Plosojenar,Aqua,40.89571428571431,40.51000000000005,,
2023-08-28,Plosojenar,Aqua,36.8187755102041,36.57000000000005,,23.010000000000048
2023-08-29,Plosojenar,Aqua,43.519081632653084,42.73000000000002,21.02153061224491,20.450000000000045
2023-08-31,Plosojenar,Aqua,42.69387755102045,41.59000000000003,,18.890000000000043
2023-09-01,Plosojenar,Aqua,40.14959183673472,38.91704419889504,,22.190000000000055
2023-09-02,Plosojenar,Aqua,40.601020408163315,39.64806451612907,21.590000000000032,21.710000000000036
2023-09-03,Plosojenar,Aqua,42.96040816326532,42.490000000000016,,
2023-09-04,Plosojenar,Aqua,,36.150000000000034,20.233367346938792,21.55000000000001
2023-09-05,Plosojenar,Aqua,43.81551020408165,43.139676113360366,,18.910000000000025
2023-09-06,Plosojenar,Aqua,,,21.970000000000027,21.690000000000055
2023-09-07,Plosojenar,Aqua,43.18255102040821,41.910000000000025,,22.230000000000018
2023-09-08,Plosojenar,Aqua,,,21.803548387096782,21.870000000000005
2023-09-09,Plosojenar,Aqua,43.89612244897963,43.35715287517534,,22.810000000000002
2023-09-10,Plosojenar,Aqua,43.820510204081664,43.47000000000003,,
2023-09-12,Plosojenar,Aqua,42.68295918367352,42.43000000000001,,21.99000000000001
2023-09-14,Plosojenar,Aqua,40.99834437086095,40.710000000000036,,22.630000000000052
2023-09-15,Plosojenar,Aqua,,,20.474489795918387,20.370000000000005
2023-09-16,Plosojenar,Aqua,40.68795918367349,39.950000000000045,,22.170000000000016
2023-09-17,Plosojenar,Aqua,42.11306122448981,42.05000000000001,,
2023-09-19,Plosojenar,Aqua,42.31224489795923,41.47000000000003,22.248571428571466,21.930000000000007
2023-09-20,Plosojenar,Aqua,,35.23000000000002,23.46178807947022,23.390000000000043
2023-09-21,Plosojenar,Aqua,46.0686734693878,44.400000000000034,,21.370000000000005
2023-09-22,Plosojenar,Aqua,45.497040816326546,44.450000000000045,,
2023-09-24,Plosojenar,Aqua,43.94959183673472,43.53000000000003,22.093163265306153,22.190000000000055
2023-09-26,Plosojenar,Aqua,45.5545918367347,45.25378378378384,,22.99000000000001
2023-09-28,Plosojenar,Aqua,43.50989795918369,42.79769230769232,,23.710000000000036
2023-09-29,Plosojenar,Aqua,41.51897959183676,41.170000000000016,,
2023-09-30,Plosojenar,Aqua,39.362959183673496,38.670000000000016,,24.410000000000025
2023-10-01,Plosojenar,Aqua,45.233979591836764,44.39000000000004,,
2023-10-03,Plosojenar,Aqua,40.96948979591839,40.650000000000034,23.07000000000005,21.33000000000004
2023-10-04,Plosojenar,Aqua,,38.33000000000004,21.87459183673473,22.010000000000048
2023-10-05,Plosojenar,Aqua,42.618877551020454,42.210000000000036,,25.83000000000004
2023-10-06,Plosojenar,Aqua,43.50040816326531,42.980323886639695,,
2023-10-08,Plosojenar,Aqua,43.56857142857145,42.89000000000004,,22.33000000000004
2023-10-09,Plosojenar,Aqua,,,22.50744897959187,22.49000000000001
2023-10-10,Plosojenar,Aqua,42.94387755102045,42.150000000000034,,
2023-10-12,Plosojenar,Aqua,,,22.550306122449,22.390000000000043
2023-10-13,Plosojenar,Aqua,43.70714285714288,43.39000000000004,,
2023-10-14,Plosojenar,Aqua,,,23.321530612244914,22.870000000000005
2023-10-15,Plosojenar,Aqua,44.41255102040817,43.52902985074629,,
2023-10-17,Plosojenar,Aqua,43.153571428571446,41.870000000000005,,21.55000000000001
2023-10-18,Plosojenar,Aqua,40.34244897959187,40.43000000000001,,22.410000000000025
2023-10-20,Plosojenar,Aqua,45.52020408163266,43.29000000000002,,
2023-10-22,Plosojenar,Aqua,39.36632653061228,41.110000000000014,,
2023-10-24,Plosojenar,Aqua,41.376734693877594,41.13718592964828,,
2023-10-25,Plosojenar,Aqua,41.660816326530615,40.98334203655354,,
2023-10-27,Plosojenar,Aqua,46.51724489795921,45.64106621773292,,
2023-10-29,Plosojenar,Aqua,46.789183673469395,46.48360000000001,,24.190000000000055
2023-10-31,Plosojenar,Aqua,40.92489795918368,40.360048780487816,,
2023-11-03,Plosojenar,Aqua,41.150000000000034,40.710000000000036,,
2023-11-05,Plosojenar,Aqua,40.12867346938779,41.210000000000036,,
2023-11-10,Plosojenar,Aqua,35.70765306122452,35.83000000000004,,
2023-11-11,Plosojenar,Aqua,,,23.666224489795958,23.810000000000002
2023-11-17,Plosojenar,Aqua,,33.77000000000004,23.090000000000032,22.510000000000048
2023-11-19,Plosojenar,Aqua,,35.81,21.074193548387132,21.27000000000004
2023-12-13,Plosojenar,Aqua,39.49724489795923,39.29000000000002,,
2023-12-20,Plosojenar,Aqua,37.791224489795944,40.370000000000005,22.230000000000018,22.29000000000002
2023-12-22,Plosojenar,Aqua,,,25.282346938775536,24.950000000000045
2024-02-08,Plosojenar,Aqua,,,22.110408163265333,22.450000000000045
2024-02-13,Plosojenar,Aqua,31.326363636363638,31.350000000000023,,
2024-02-15,Plosojenar,Aqua,32.48153061224494,32.53000000000003,,
2024-02-20,Plosojenar,Aqua,33.162346938775535,33.190000000000055,,
2024-03-22,Plosojenar,Aqua,33.66877551020412,34.150000000000034,,
2024-04-27,Plosojenar,Aqua,30.55346938775514,32.23000000000002,,
2024-05-02,Plosojenar,Aqua,30.617346938775526,30.57000000000005,21.750000000000057,21.750000000000057
2024-05-04,Plosojenar,Aqua,33.26704081632654,33.950000000000045,21.293046357615943,21.57000000000005
2024-05-07,Plosojenar,Aqua,31.973163265306138,33.63000000000005,,
2024-05-08,Plosojenar,Aqua,,,22.916836734693913,22.970000000000027
2024-05-09,Plosojenar,Aqua,31.419387755102054,32.51000000000005,,22.83000000000004
2024-05-14,Plosojenar,Aqua,31.935306122449,33.01954918032791,,19.79000000000002
2024-05-16,Plosojenar,Aqua,33.04326530612247,33.49000000000001,,23.79000000000002
2024-05-19,Plosojenar,Aqua,30.03000000000003,32.27000000000004,,
2024-05-21,Plosojenar,Aqua,34.1186734693878,35.23000000000002,,
2024-05-26,Plosojenar,Aqua,,32.63000000000005,21.586836734693907,21.630000000000052
2024-05-27,Plosojenar,Aqua,,,23.130000000000052,23.27000000000004
2024-06-19,Plosojenar,Aqua,38.92479591836737,39.01000000000005,,
2024-06-20,Plosojenar,Aqua,,33.83000000000004,21.43142857142859,21.350000000000023
2024-06-21,Plosojenar,Aqua,37.69818181818185,36.370000000000005,,
2024-06-22,Plosojenar,Aqua,37.78897959183678,35.190000000000055,,
2024-06-29,Plosojenar,Aqua,37.210000000000036,36.83000000000004,,
2024-06-30,Plosojenar,Aqua,,,21.73918367346942,21.470000000000027
2024-07-08,Plosojenar,Aqua,,33.89000000000004,21.83867346938779,21.99000000000001
2024-07-09,Plosojenar,Aqua,35.72897959183677,35.39000000000004,,
2024-07-11,Plosojenar,Aqua,38.314693877551036,37.89000000000004,,
2024-07-12,Plosojenar,Aqua,,,17.84265306122453,18.83000000000004
2024-07-13,Plosojenar,Aqua,39.77275510204084,40.370000000000005,,20.05000000000001
2024-07-14,Plosojenar,Aqua,36.721938775510246,36.80333333333334,18.298571428571464,17.970000000000027
2024-07-16,Plosojenar,Aqua,36.47581632653063,37.01000000000005,,20.970000000000027
2024-07-17,Plosojenar,Aqua,,,21.68428571428574,22.110000000000014
2024-07-18,Plosojenar,Aqua,37.86887755102044,37.85000000000002,,20.77000000000004
2024-07-19,Plosojenar,Aqua,,,19.7060204081633,19.930000000000007
2024-07-20,Plosojenar,Aqua,35.066363636363654,35.31,,
2024-07-21,Plosojenar,Aqua,37.906326530612255,38.26014134275623,,
2024-07-22,Plosojenar,Aqua,,,21.860909090909097,22.170000000000016
2024-07-23,Plosojenar,Aqua,36.95204081632657,37.690000000000055,,
2024-07-25,Plosojenar,Aqua,37.777040816326576,38.01000000000005,,
2024-07-26,Plosojenar,Aqua,37.04272727272729,36.33000000000004,,
2024-07-27,Plosojenar,Aqua,35.94090909090913,36.25000000000006,,22.49000000000001
2024-07-28,Plosojenar,Aqua,38.23887755102042,38.690000000000055,,21.890000000000043
2024-07-30,Plosojenar,Aqua,39.455816326530616,39.85710306406688,,
2024-07-31,Plosojenar,Aqua,,,18.610000000000014,19.250000000000057
2024-08-04,Plosojenar,Aqua,39.96928571428574,38.73000000000002,,
2024-08-09,Plosojenar,Aqua,38.32173469387757,38.51000000000005,21.573367346938795,21.470000000000024
2024-08-11,Plosojenar,Aqua,36.66612244897961,38.210000000000036,,20.650000000000034
2024-08-12,Plosojenar,Aqua,38.955306122449024,38.85720403022672,,
2024-08-14,Plosojenar,Aqua,38.93673469387758,38.700000000000045,,
2024-08-15,Plosojenar,Aqua,,,19.56357142857146,19.810000000000002
2024-08-16,Plosojenar,Aqua,41.401938775510246,41.35000000000002,,21.710000000000036
2024-08-17,Plosojenar,Aqua,,,20.07265306122451,20.130000000000052
2024-08-18,Plosojenar,Aqua,38.765204081632675,38.42221498371337,,21.630000000000052
2024-08-19,Plosojenar,Aqua,40.04642857142861,40.200000000000045,,
2024-08-21,Plosojenar,Aqua,40.91224489795919,40.861904761904775,,
2024-08-23,Plosojenar,Aqua,38.47836734693879,38.73000000000002,,22.77000000000004
2024-08-24,Plosojenar,Aqua,39.62602040816331,37.79000000000002,,
2024-08-26,Plosojenar,Aqua,41.77836734693879,41.85000000000002,,
2024-08-31,Plosojenar,Aqua,43.699183673469406,42.11000000000001,17.443548387096808,17.210000000000036
2024-09-01,Plosojenar,Aqua,,,19.296326530612287,19.710000000000036
2024-09-02,Plosojenar,Aqua,40.97387755102042,40.76000000000005,22.790102040816343,22.250000000000057
2024-09-05,Plosojenar,Aqua,42.849387755102086,42.77000000000004,,
2024-09-07,Plosojenar,Aqua,40.557857142857166,40.29000000000002,,23.110000000000014
2024-09-12,Plosojenar,Aqua,40.68897959183677,40.89652061855674,20.170000000000016,20.250000000000057
2024-09-14,Plosojenar,Aqua,40.92479591836737,40.428031496063,,
2024-09-15,Plosojenar,Aqua,40.91295918367351,40.870000000000005,,
2024-09-17,Plosojenar,Aqua,44.43806122448983,43.73000000000002,,
2024-09-19,Plosojenar,Aqua,43.95020408163267,43.41797169811323,,
2024-09-20,Plosojenar,Aqua,40.862258064516155,40.110000000000014,,
2024-09-29,Plosojenar,Aqua,39.30255102040821,38.29000000000002,,
2024-10-04,Plosojenar,Aqua,41.611122448979636,40.39000000000004,,
2024-10-05,Plosojenar,Aqua,,,22.886326530612273,22.910000000000025
2024-10-07,Plosojenar,Aqua,39.410000000000025,38.75000000000006,,
2024-10-09,Plosojenar,Aqua,42.608877551020434,41.450000000000045,,
2024-10-16,Plosojenar,Aqua,44.697448979591854,42.29956521739131,,
2024-10-21,Plosojenar,Aqua,42.71602040816329,42.07000000000005,,
2024-10-24,Plosojenar,Aqua,40.231224489795935,40.690000000000026,,
2024-10-26,Plosojenar,Aqua,43.69683673469392,42.31,,24.33000000000004
2024-10-28,Plosojenar,Aqua,39.97181818181819,38.610000000000014,23.796734693877582,24.53000000000003
2024-10-29,Plosojenar,Aqua,36.23000000000002,40.85000000000002,,
2024-10-31,Plosojenar,Aqua,41.715298013245054,41.75000000000006,,
2024-11-07,Plosojenar,Aqua,,,23.85727272727276,23.850000000000023
2025-02-15,Plosojenar,Aqua,,,23.370000000000005,23.070000000000046
2025-02-25,Plosojenar,Aqua,29.07000000000005,32.31,,
2025-03-02,Plosojenar,Aqua,32.91326530612246,32.670000000000016,,
2025-03-05,Plosojenar,Aqua,31.220857142857195,31.850000000000023,,
2025-04-24,Plosojenar,Aqua,28.09928571428573,29.390000000000043,11.780102040816368,18.590000000000032
2025-04-26,Plosojenar,Aqua,30.874489795918407,31.250000000000057,,
2025-04-29,Plosojenar,Aqua,31.780816326530633,32.514012539184996,22.15744897959185,22.310000000000002
2025-05-01,Plosojenar,Aqua,29.410000000000025,30.200000000000045,,
2025-05-04,Plosojenar,Aqua,31.39346938775512,32.43000000000001,22.941020408163293,23.03000000000003
2025-05-05,Plosojenar,Aqua,,,22.62683673469389,22.930000000000007
2025-05-10,Plosojenar,Aqua,30.457741935483885,30.470000000000027,,
2025-05-29,Plosojenar,Aqua,32.86255102040819,33.35000000000002,,
2025-06-03,Plosojenar,Aqua,32.135612244898006,32.370000000000005,,
2025-06-05,Plosojenar,Aqua,,,22.55000000000001,22.410000000000025
2025-06-06,Plosojenar,Aqua,33.274081632653086,33.11000000000002,,22.730000000000018
2025-06-11,Plosojenar,Aqua,,,22.277857142857194,22.230000000000018
2025-06-13,Plosojenar,Aqua,,,23.326428571428597,23.07000000000005
2025-06-16,Plosojenar,Aqua,30.562000000000033,30.370000000000005,,
2025-06-21,Plosojenar,Aqua,32.24959183673474,32.55000000000001,,
2025-06-23,Plosojenar,Aqua,30.49000000000001,30.49000000000001,,22.99000000000001
2025-06-29,Plosojenar,Aqua,31.43469387755104,31.580912250217246,,
2025-07-01,Plosojenar,Aqua,,31.390000000000043,22.384893617021284,22.53000000000003
2025-07-04,Plosojenar,Aqua,31.548877551020425,31.989465648854974,,
2025-07-09,Plosojenar,Aqua,33.04081632653064,33.29595441595443,,20.430000000000007
2025-07-10,Plosojenar,Aqua,31.53000000000003,31.53000000000003,,
2025-07-11,Plosojenar,Aqua,29.42857142857147,29.870000000000005,,
2025-07-14,Plosojenar,Aqua,32.04290322580649,32.13000000000005,,
2025-07-15,Plosojenar,Aqua,,,18.750000000000057,18.730000000000018
2025-07-16,Plosojenar,Aqua,,,19.715454545454566,19.650000000000034
2025-07-18,Plosojenar,Aqua,,,21.99285714285717,20.870000000000005
2025-07-20,Plosojenar,Aqua,,,20.148265306122475,20.110000000000014
2025-07-21,Plosojenar,Aqua,34.55510204081636,34.35000000000002,,21.79000000000002
2025-07-22,Plosojenar,Aqua,33.74908163265307,33.67000000000002,,
2025-07-24,Plosojenar,Aqua,33.67591836734696,33.79223255813955,,20.710000000000036
2025-07-25,Plosojenar,Aqua,,30.53000000000003,22.630000000000052,22.77000000000004
2025-07-27,Plosojenar,Aqua,32.8644897959184,32.89000000000004,,
2025-07-28,Plosojenar,Aqua,,,21.98775510204085,22.230000000000018
2025-07-29,Plosojenar,Aqua,32.5472448979592,32.03000000000003,,
2025-07-31,Plosojenar,Aqua,31.61459183673472,31.57000000000005,,22.710000000000036
2025-08-01,Plosojenar,Aqua,36.190102040816356,36.110000000000014,,20.750000000000057
2025-08-02,Plosojenar,Aqua,,,22.36142857142861,22.55000000000001
2025-08-03,Plosojenar,Aqua,34.06346938775511,33.61000000000002,,
2025-08-06,Plosojenar,Aqua,33.81826530612247,33.98744075829385,20.601632653061255,20.610000000000014
2025-08-08,Plosojenar,Aqua,33.00367346938777,32.93000000000001,20.050612244897973,21.290000000000024
2025-08-10,Plosojenar,Aqua,,,22.292448979591846,22.350000000000026
2025-08-11,Plosojenar,Aqua,34.650000000000034,34.190000000000055,,
2025-08-15,Plosojenar,Aqua,,31.29000000000002,20.94193877551023,21.590000000000032
2025-08-16,Plosojenar,Aqua,33.45377551020411,33.29000000000002,20.53000000000003,20.630000000000052
2025-08-24,Plosojenar,Aqua,35.02367346938779,34.41000000000003,,
2025-08-25,Plosojenar,Aqua,,,20.450000000000045,20.510000000000048
2025-08-26,Plosojenar,Aqua,36.83000000000002,36.250000000000064,,20.210000000000036
2025-08-30,Plosojenar,Aqua,,,19.476122448979634,19.930000000000007
2025-08-31,Plosojenar,Aqua,35.05418367346941,35.13457142857148,20.690000000000055,21.010000000000048
2025-09-02,Plosojenar,Aqua,33.81,33.450000000000045,,22.190000000000055
2025-09-03,Plosojenar,Aqua,37.14673469387758,36.915762711864424,20.83867346938778,20.79000000000002
2025-09-05,Plosojenar,Aqua,37.10448979591841,36.698571428571476,,
2025-09-12,Plosojenar,Aqua,,,20.77000000000004,20.950000000000045
2025-09-13,Plosojenar,Aqua,38.40857142857147,37.57666666666671,19.338163265306143,21.05000000000001
2025-09-21,Plosojenar,Aqua,33.38693877551024,34.084206128133744,,
2025-09-23,Plosojenar,Aqua,36.90081632653064,36.77000000000004,22.415306122449003,22.810000000000002
2025-09-24,Plosojenar,Aqua,,,18.301632653061258,19.49000000000001
2025-09-25,Plosojenar,Aqua,30.950000000000045,31.03000000000003,22.82632653061227,22.970000000000027
2025-09-26,Plosojenar,Aqua,33.79112244897963,34.43000000000001,,
2025-09-28,Plosojenar,Aqua,33.21683673469389,33.51786570743409,,23.630000000000052
2025-10-01,Plosojenar,Aqua,34.820408163265334,34.47000000000003,,
2025-10-06,Plosojenar,Aqua,38.40734693877554,37.79000000000002,23.685408163265347,23.710000000000036
2025-10-07,Plosojenar,Aqua,,32.870000000000005,23.27727272727276,22.850000000000023
2025-10-08,Plosojenar,Aqua,36.7725510204082,37.52000000000004,22.515306122449,22.870000000000005
2025-10-09,Plosojenar,Aqua,37.30826530612248,36.76808510638302,,
2025-10-10,Plosojenar,Aqua,,,23.692857142857168,23.53000000000003
2025-10-11,Plosojenar,Aqua,39.09653061224491,38.110000000000014,,
2025-10-12,Plosojenar,Aqua,,,22.910000000000025,22.870000000000005
2025-10-14,Plosojenar,Aqua,38.93000000000004,38.210000000000036,,
2025-10-16,Plosojenar,Aqua,37.4472448979592,36.69948453608253,,
2025-10-19,Plosojenar,Aqua,39.92806122448983,39.710000000000036,,
2025-11-10,Plosojenar,Aqua,5.710000000000036,7.130000000000052,,
2025-11-18,Plosojenar,Aqua,27.652755102040853,27.430000000000007,,
2025-12-17,Plosojenar,Aqua,30.650510204081655,31.370000000000005,,
2025-12-22,Plosojenar,Aqua,31.390000000000043,31.55000000000001,,
2026-02-06,Plosojenar,Aqua,30.78933774834442,31.150000000000034,,
2026-03-09,Plosojenar,Aqua,33.40397959183675,33.641847133758,,
2026-03-14,Plosojenar,Aqua,31.924387755102067,32.27000000000004,,
2026-03-29,Plosojenar,Aqua,32.02316326530614,32.31,,
2026-03-31,Plosojenar,Aqua,,,23.302368421052645,23.29000000000002
2026-04-08,Plosojenar,Aqua,28.390000000000043,28.390000000000043,,
2026-04-13,Plosojenar,Aqua,,,21.77000000000004,21.850000000000023
2026-04-14,Plosojenar,Aqua,29.25340425531915,29.870000000000005,,
2026-04-15,Plosojenar,Aqua,,,19.117653061224523,18.730000000000018
2026-04-17,Plosojenar,Aqua,29.557448979591886,29.910000000000025,,
2026-04-23,Plosojenar,Aqua,,,23.243571428571485,23.110000000000014
2026-04-24,Plosojenar,Aqua,31.15000000000003,31.49000000000001,24.34367346938779,24.33000000000004
2026-05-02,Plosojenar,Aqua,29.726734693877603,29.650000000000034,,
2026-05-05,Plosojenar,Aqua,27.735204081632666,27.950000000000045,,
2026-05-06,Plosojenar,Aqua,,,22.168775510204114,22.370000000000005
2026-05-07,Plosojenar,Aqua,31.5444897959184,31.630000000000052,,
2026-05-10,Plosojenar,Aqua,30.638775510204106,30.701672131147586,,
2026-05-12,Plosojenar,Aqua,31.676734693877602,31.370000000000005,,23.910000000000025
2026-05-17,Plosojenar,Aqua,26.011938775510213,27.55000000000001,,
2026-05-19,Plosojenar,Aqua,,,23.205816326530652,23.110000000000017
2026-05-25,Plosojenar,Aqua,30.586020408163282,29.860000000000014,,
2026-05-28,Plosojenar,Aqua,30.654516129032288,30.950000000000045,,
2026-06-04,Plosojenar,Aqua,29.883775510204128,30.150000000000034,,23.230000000000018
2026-06-07,Plosojenar,Aqua,32.53908163265309,32.55000000000001,,21.890000000000043
2026-06-08,Plosojenar,Aqua,31.770000000000035,31.750000000000057,,
2026-06-10,Plosojenar,Aqua,32.427551020408195,32.190000000000055,,21.890000000000043
2026-06-15,Plosojenar,Aqua,32.50581632653066,32.27000000000004,,21.450000000000045
2026-06-16,Plosojenar,Aqua,,,20.158979591836776,21.07000000000005
2026-06-18,Plosojenar,Aqua,32.292959183673474,31.990000000000006,22.463571428571456,22.470000000000027
2026-06-20,Plosojenar,Aqua,,31.07000000000005,22.508709677419365,22.79000000000002
2026-06-22,Plosojenar,Aqua,,,23.215714285714306,22.890000000000043
2026-06-25,Plosojenar,Aqua,29.263061224489817,29.950000000000045,,22.100000000000023
2026-06-28,Plosojenar,Aqua,34.492959183673506,34.01000000000005,,22.57000000000005
2026-06-30,Plosojenar,Aqua,33.73775510204085,33.17000000000001,,20.83000000000004
2026-07-01,Plosojenar,Aqua,33.64693877551023,33.09000000000003,,20.870000000000005
2026-07-03,Plosojenar,Aqua,32.58346938775514,31.970000000000027,19.7868367346939,19.970000000000027
2026-07-05,Plosojenar,Aqua,30.136122448979627,30.230000000000018,,22.49000000000001
2026-07-06,Plosojenar,Aqua,33.85000000000002,32.610000000000014,,21.890000000000043
2026-07-08,Plosojenar,Aqua,34.88500000000003,34.170000000000016,,20.730000000000018
2026-07-09,Plosojenar,Aqua,34.15306122448983,33.43000000000001,,
2026-07-10,Plosojenar,Aqua,,,20.142244897959216,19.450000000000045
2026-07-12,Plosojenar,Aqua,,30.010000000000048,18.92010204081635,19.077930720145897
2026-07-13,Plosojenar,Aqua,32.8579591836735,32.25000000000006,19.90897959183674,21.950000000000045
2026-07-14,Plosojenar,Aqua,33.416428571428604,32.81,,
2026-07-16,Plosojenar,Aqua,33.94806122448981,33.39000000000004,,22.79000000000002
2026-07-18,Plosojenar,Aqua,32.221632653061256,31.510000000000048,,22.310000000000002
2026-07-19,Plosojenar,Aqua,34.77387755102043,34.37,,21.77000000000004
2026-07-20,Plosojenar,Aqua,,29.730000000000018,21.15122448979596,21.390000000000043
2026-07-22,Plosojenar,Aqua,31.382903225806462,31.03000000000003,,
2026-07-23,Plosojenar,Aqua,,,19.727755102040856,19.510000000000048
2026-07-24,Plosojenar,Aqua,32.194516129032294,33.09000000000003,17.350000000000026,17.910000000000025
2026-07-26,Plosojenar,Aqua,35.22948979591839,34.55000000000002,,20.410000000000025
2026-07-27,Plosojenar,Aqua,34.84908163265308,34.23000000000002,,
2026-07-29,Plosojenar,Aqua,33.66142857142862,32.610000000000014,,20.630000000000052
2026-07-31,Plosojenar,Aqua,,,21.41428571428573,21.350000000000023
2026-08-01,Plosojenar,Aqua,,31.650000000000034,21.43948979591841,21.41000000000003
2026-08-03,Plosojenar,Aqua,34.1244897959184,33.41000000000002,,23.730000000000018
2026-08-06,Plosojenar,Aqua,35.57857142857146,34.89000000000004,,22.55000000000001
2026-08-08,Plosojenar,Aqua,34.963265306122466,34.55000000000001,,21.55000000000001
2026-08-11,Plosojenar,Aqua,35.575612244898,35.03000000000003,22.136938775510245,22.01944099378886
2026-08-12,Plosojenar,Aqua,33.430612244897986,33.27000000000004,,
2026-08-13,Plosojenar,Aqua,32.83132653061228,32.57000000000006,,22.650000000000034
2026-08-14,Plosojenar,Aqua,35.05285714285718,34.73000000000002,,
2026-08-16,Plosojenar,Aqua,34.390714285714296,33.99000000000001,24.279795918367373,23.370000000000005
2026-08-18,Plosojenar,Aqua,,,21.268709677419377,21.03000000000003
2026-08-20,Plosojenar,Aqua,,29.950000000000045,21.41800000000005,21.350000000000023
2026-08-21,Plosojenar,Aqua,33.81775510204085,33.230000000000025,,22.210000000000036
2026-08-22,Plosojenar,Aqua,34.45765306122451,33.97000000000003,20.89183673469389,20.810000000000002
2026-08-24,Plosojenar,Aqua,35.75775510204083,35.41439024390245,,21.650000000000034
2026-08-26,Plosojenar,Aqua,32.04357142857147,31.630000000000052,,23.03000000000003
2026-08-27,Plosojenar,Aqua,35.55020408163267,35.370000000000005,20.37693877551021,20.450000000000045
2026-08-28,Plosojenar,Aqua,,30.510000000000048,21.60795918367348,21.430000000000007
2026-08-29,Plosojenar,Aqua,35.51663265306125,35.41558459422286,,22.390000000000043
2026-09-01,Plosojenar,Aqua,35.68591836734695,35.51113744075834,,21.130000000000052
2026-09-03,Plosojenar,Aqua,35.087040816326535,34.79000000000002,,21.450000000000045
2026-09-04,Plosojenar,Aqua,36.80969387755105,36.64075771749302,,
2026-09-06,Plosojenar,Aqua,37.3080612244898,37.07000000000005,18.650000000000034,19.090000000000032
2026-09-07,Plosojenar,Aqua,,31.410000000000025,20.545918367346985,20.33000000000004
2026-09-09,Plosojenar,Aqua,35.494489795918405,35.25000000000005,20.08234693877555,20.250000000000057
2026-09-10,Plosojenar,Aqua,,,18.29000000000002,20.730000000000018
2026-09-12,Plosojenar,Aqua,35.53989795918371,35.350000000000016,,
2026-09-13,Plosojenar,Aqua,33.79397959183675,33.610000000000014,,21.33000000000004
2026-09-14,Plosojenar,Aqua,35.54081632653066,35.170000000000016,,21.190000000000055
2026-09-16,Plosojenar,Aqua,36.43744897959188,35.670000000000016,,
2026-09-19,Plosojenar,Aqua,,32.27000000000004,22.228181818181863,22.230000000000018
2026-09-21,Plosojenar,Aqua,32.28510204081634,32.13000000000005,,23.03000000000003
