date,tpa_nama,sensor,day_tpa,day_ring,night_tpa,night_ring
2019-01-06,Kopiluhur,Terra,30.07000000000005,30.930000000000007,,
2019-02-14,Kopiluhur,Terra,30.693384615384623,30.53000000000003,,
2019-02-22,Kopiluhur,Terra,30.386808510638335,31.170000000000016,,
2019-02-23,Kopiluhur,Terra,31.46015384615385,32.33000000000004,,
2019-02-25,Kopiluhur,Terra,32.634307692307736,32.150000000000034,,
2019-02-26,Kopiluhur,Terra,27.670000000000016,27.590000000000032,,
2019-03-04,Kopiluhur,Terra,24.408085106382998,29.07000000000005,,
2019-03-15,Kopiluhur,Terra,34.10712820512821,32.07000000000005,,
2019-03-20,Kopiluhur,Terra,29.810000000000002,30.170000000000016,,
2019-03-29,Kopiluhur,Terra,33.80784615384618,32.98847826086958,,
2019-04-03,Kopiluhur,Terra,26.979361702127697,27.870000000000005,,
2019-04-07,Kopiluhur,Terra,30.37148148148148,31.610000000000014,,
2019-04-12,Kopiluhur,Terra,32.0328717948718,31.799565217391315,,
2019-04-23,Kopiluhur,Terra,32.31592592592593,32.09000000000003,,
2019-04-25,Kopiluhur,Terra,32.080000000000005,32.05000000000001,,
2019-04-26,Kopiluhur,Terra,28.58271794871796,31.610000000000014,,
2019-05-03,Kopiluhur,Terra,30.35379487179491,30.910000000000025,,
2019-05-04,Kopiluhur,Terra,28.89041025641026,29.750000000000057,,
2019-05-05,Kopiluhur,Terra,31.668051282051316,31.590000000000032,,
2019-05-07,Kopiluhur,Terra,32.42138461538464,33.23000000000002,,
2019-05-09,Kopiluhur,Terra,33.06743589743591,33.29000000000002,,
2019-05-10,Kopiluhur,Terra,29.610512820512866,29.57000000000005,,
2019-05-11,Kopiluhur,Terra,30.414000000000005,30.630000000000052,,
2019-05-12,Kopiluhur,Terra,29.24866666666672,27.890000000000043,22.34651282051283,22.130000000000052
2019-05-13,Kopiluhur,Terra,30.33328205128205,30.110000000000014,,
2019-05-17,Kopiluhur,Terra,24.315846153846174,23.07000000000005,,
2019-05-19,Kopiluhur,Terra,31.780461538461573,32.03000000000003,,24.730000000000018
2019-05-20,Kopiluhur,Terra,31.04097435897439,31.33000000000004,,
2019-05-21,Kopiluhur,Terra,32.93830769230772,33.05000000000001,,25.470000000000027
2019-05-23,Kopiluhur,Terra,34.788256410256444,34.23000000000002,,
2019-05-25,Kopiluhur,Terra,32.69307692307694,32.610000000000014,,23.57000000000005
2019-05-26,Kopiluhur,Terra,29.839025641025692,31.05000000000001,,
2019-05-27,Kopiluhur,Terra,,,23.79000000000002,24.010000000000048
2019-05-28,Kopiluhur,Terra,32.17994871794875,32.25000000000006,22.79000000000002,22.870000000000005
2019-05-30,Kopiluhur,Terra,30.665794871794883,28.650000000000034,,
2019-06-01,Kopiluhur,Terra,32.0837435897436,31.650000000000034,,
2019-06-05,Kopiluhur,Terra,30.42446153846158,29.77000000000004,,25.110000000000014
2019-06-06,Kopiluhur,Terra,31.822512820512838,31.77000000000004,23.733692307692326,23.250000000000057
2019-06-10,Kopiluhur,Terra,33.78384615384619,33.33000000000004,,
2019-06-11,Kopiluhur,Terra,32.117794871794885,32.25000000000006,,
2019-06-12,Kopiluhur,Terra,32.1917435897436,30.810000000000002,,
2019-06-13,Kopiluhur,Terra,33.7360512820513,33.33000000000004,,
2019-06-15,Kopiluhur,Terra,34.51328205128206,33.710000000000036,,
2019-06-16,Kopiluhur,Terra,,,24.109692307692356,23.510000000000048
2019-06-17,Kopiluhur,Terra,33.357692307692325,31.980000000000018,,22.730000000000018
2019-06-19,Kopiluhur,Terra,30.295743589743644,28.650000000000034,,
2019-06-20,Kopiluhur,Terra,31.660256410256423,30.850000000000026,23.21482051282053,22.470000000000027
2019-06-21,Kopiluhur,Terra,30.489076923076947,28.05000000000001,,19.590000000000032
2019-06-22,Kopiluhur,Terra,33.418307692307735,32.59000000000003,,
2019-06-24,Kopiluhur,Terra,34.36066666666669,33.170000000000016,,23.29000000000002
2019-06-26,Kopiluhur,Terra,33.298717948717986,32.20189189189193,,24.350000000000023
2019-06-27,Kopiluhur,Terra,31.837487179487198,31.89000000000004,,
2019-06-28,Kopiluhur,Terra,31.824153846153862,31.49000000000001,,24.610000000000014
2019-06-29,Kopiluhur,Terra,34.3200512820513,33.47000000000003,,22.970000000000027
2019-06-30,Kopiluhur,Terra,30.10292307692309,28.510000000000048,23.286923076923124,22.450000000000045
2019-07-01,Kopiluhur,Terra,32.43082051282054,32.07000000000005,,
2019-07-03,Kopiluhur,Terra,33.966923076923116,32.73000000000002,22.67092307692311,21.77000000000004
2019-07-07,Kopiluhur,Terra,29.844074074074076,29.33000000000004,,23.130000000000052
2019-07-08,Kopiluhur,Terra,34.333897435897455,33.51000000000005,,22.650000000000034
2019-07-09,Kopiluhur,Terra,,,23.09964102564106,23.05000000000001
2019-07-10,Kopiluhur,Terra,35.44815384615386,33.79000000000002,,23.53000000000003
2019-07-12,Kopiluhur,Terra,34.092256410256454,32.77000000000004,22.484256410256418,21.710000000000036
2019-07-13,Kopiluhur,Terra,32.722307692307744,31.750000000000057,,23.710000000000036
2019-07-14,Kopiluhur,Terra,33.82282051282052,32.47000000000003,,24.05000000000001
2019-07-15,Kopiluhur,Terra,34.32866666666672,33.89000000000004,,22.730000000000018
2019-07-16,Kopiluhur,Terra,30.4309230769231,29.950000000000045,,22.49000000000001
2019-07-17,Kopiluhur,Terra,35.94138461538462,34.210000000000036,19.726102564102618,18.450000000000045
2019-07-21,Kopiluhur,Terra,33.49307692307695,32.35000000000002,21.675925925925977,21.350000000000023
2019-07-22,Kopiluhur,Terra,35.84107692307694,35.190000000000055,22.38066666666671,22.590000000000032
2019-07-23,Kopiluhur,Terra,34.12702564102568,33.27000000000004,,
2019-07-24,Kopiluhur,Terra,35.90958974358975,34.59000000000003,,
2019-07-28,Kopiluhur,Terra,36.18938461538465,35.39000000000004,,23.450000000000045
2019-07-29,Kopiluhur,Terra,34.48005128205132,34.33000000000004,,
2019-07-30,Kopiluhur,Terra,33.65964102564104,33.83000000000004,,24.390000000000043
2019-07-31,Kopiluhur,Terra,35.64794871794873,34.641068301225964,,23.610000000000014
2019-08-01,Kopiluhur,Terra,31.065692307692355,29.930000000000007,23.07000000000005,22.970000000000027
2019-08-02,Kopiluhur,Terra,36.76261538461544,35.29703448275863,,24.590000000000032
2019-08-03,Kopiluhur,Terra,,,23.05000000000001,22.890000000000043
2019-08-04,Kopiluhur,Terra,35.576461538461565,34.87000000000001,,23.390000000000043
2019-08-05,Kopiluhur,Terra,33.77041025641027,32.910000000000025,,
2019-08-06,Kopiluhur,Terra,36.3434358974359,35.25000000000006,20.501487179487228,20.890000000000043
2019-08-07,Kopiluhur,Terra,28.211538461538478,27.390000000000043,21.39748717948722,21.230000000000018
2019-08-09,Kopiluhur,Terra,34.42138461538465,33.13000000000005,,19.33000000000004
2019-08-11,Kopiluhur,Terra,32.450000000000045,33.450000000000045,,24.370000000000005
2019-08-13,Kopiluhur,Terra,36.306307692307726,35.11000000000002,,24.370000000000005
2019-08-14,Kopiluhur,Terra,33.600461538461566,33.59000000000003,22.87728205128206,22.870000000000005
2019-08-16,Kopiluhur,Terra,37.48538461538466,36.210000000000036,23.41592592592595,23.190000000000055
2019-08-17,Kopiluhur,Terra,32.971435897435924,31.99000000000001,,24.210000000000036
2019-08-18,Kopiluhur,Terra,38.12312820512823,37.09994082840239,,23.670000000000016
2019-08-20,Kopiluhur,Terra,36.45820512820514,35.53000000000003,,23.710000000000036
2019-08-21,Kopiluhur,Terra,36.02015384615385,34.670000000000016,,
2019-08-23,Kopiluhur,Terra,34.423435897435915,33.49000000000001,,20.53000000000003
2019-08-24,Kopiluhur,Terra,34.42517948717951,33.79000000000002,,
2019-08-25,Kopiluhur,Terra,37.6957435897436,36.710000000000036,,
2019-08-27,Kopiluhur,Terra,38.527128205128236,36.75000000000006,,
2019-08-29,Kopiluhur,Terra,35.150000000000034,35.89000000000004,,23.27000000000004
2019-08-30,Kopiluhur,Terra,35.29984615384617,35.0807922912206,,22.79000000000002
2019-08-31,Kopiluhur,Terra,36.855128205128246,35.98167048054921,,
2019-09-01,Kopiluhur,Terra,37.688461538461546,37.210000000000036,,24.170000000000016
2019-09-02,Kopiluhur,Terra,31.810000000000002,32.190000000000055,,
2019-09-03,Kopiluhur,Terra,39.567025641025666,38.480075187969945,19.705076923076938,21.870000000000005
2019-09-05,Kopiluhur,Terra,42.55041025641029,40.89000000000004,,22.27000000000004
2019-09-06,Kopiluhur,Terra,38.29912820512823,36.33000000000004,,
2019-09-07,Kopiluhur,Terra,40.01000000000005,37.950000000000045,,22.210000000000036
2019-09-08,Kopiluhur,Terra,38.125897435897464,35.17000000000002,,
2019-09-09,Kopiluhur,Terra,36.92743589743592,36.150000000000034,,25.03000000000003
2019-09-10,Kopiluhur,Terra,42.20712820512822,41.05000000000001,,24.690000000000055
2019-09-11,Kopiluhur,Terra,,,23.166595744680883,23.810000000000002
2019-09-12,Kopiluhur,Terra,41.03317948717953,39.64048991354471,,21.130000000000052
2019-09-13,Kopiluhur,Terra,31.470000000000027,31.470000000000027,,
2019-09-14,Kopiluhur,Terra,40.322512820512856,39.35000000000002,,24.210000000000036
2019-09-15,Kopiluhur,Terra,35.35871794871795,34.83000000000004,,20.610000000000014
2019-09-16,Kopiluhur,Terra,36.27000000000004,32.170000000000016,22.506820512820557,22.150000000000034
2019-09-18,Kopiluhur,Terra,33.76548717948722,33.75000000000006,,23.33000000000004
2019-09-19,Kopiluhur,Terra,39.628666666666696,38.870000000000005,,24.510000000000048
2019-09-21,Kopiluhur,Terra,38.330205128205165,36.710000000000036,,25.05000000000001
2019-09-22,Kopiluhur,Terra,38.28917948717954,37.29000000000002,,
2019-09-23,Kopiluhur,Terra,36.35820512820513,35.370000000000005,,25.250000000000057
2019-09-24,Kopiluhur,Terra,34.09000000000003,32.31,,
2019-09-25,Kopiluhur,Terra,36.16251282051283,35.83000000000004,,19.650000000000034
2019-09-26,Kopiluhur,Terra,39.618410256410264,39.23000000000002,,
2019-09-28,Kopiluhur,Terra,40.69933333333335,39.46748691099479,16.110000000000014,20.410000000000025
2019-10-01,Kopiluhur,Terra,43.27153846153852,42.29000000000002,,
2019-10-02,Kopiluhur,Terra,41.18589743589745,40.51000000000005,,
2019-10-03,Kopiluhur,Terra,39.64302564102567,38.89000000000004,,24.010000000000048
2019-10-04,Kopiluhur,Terra,40.480256410256416,39.57986083499009,,25.130000000000052
2019-10-05,Kopiluhur,Terra,42.22220512820518,41.110000000000014,,25.53000000000003
2019-10-06,Kopiluhur,Terra,,,20.027846153846202,19.55000000000001
2019-10-07,Kopiluhur,Terra,,,24.350000000000023,23.650000000000034
2019-10-09,Kopiluhur,Terra,39.73564102564106,39.51000000000004,,26.190000000000055
2019-10-10,Kopiluhur,Terra,,34.47000000000003,17.468564102564127,20.210000000000036
2019-10-12,Kopiluhur,Terra,40.102717948717995,38.370000000000005,,
2019-10-14,Kopiluhur,Terra,43.94774358974362,43.354162895927615,25.250000000000057,25.090000000000032
2019-10-16,Kopiluhur,Terra,41.54517948717953,40.39000000000004,23.29000000000002,23.470000000000027
2019-10-18,Kopiluhur,Terra,41.27984615384619,39.910000000000025,23.059787234042602,23.170000000000016
2019-10-19,Kopiluhur,Terra,40.73625641025646,40.29666666666668,,
2019-10-20,Kopiluhur,Terra,38.5977948717949,37.57000000000005,,26.090000000000032
2019-10-21,Kopiluhur,Terra,40.88497435897438,39.212857142857175,,26.090000000000032
2019-10-22,Kopiluhur,Terra,,,24.23625641025645,24.190000000000055
2019-10-23,Kopiluhur,Terra,40.160256410256466,39.45219895287963,,
2019-10-24,Kopiluhur,Terra,40.39215384615387,38.690000000000055,,
2019-10-25,Kopiluhur,Terra,43.13584615384616,42.47000000000002,,26.33000000000004
2019-10-26,Kopiluhur,Terra,40.64353846153851,39.79000000000002,,
2019-10-28,Kopiluhur,Terra,37.093384615384664,36.95000000000004,,
2019-10-30,Kopiluhur,Terra,40.62251282051284,39.35000000000002,,26.590000000000032
2019-11-03,Kopiluhur,Terra,,,24.836564102564104,24.910000000000025
2019-11-06,Kopiluhur,Terra,46.411230769230805,45.659860834990084,17.350000000000023,21.210000000000036
2019-11-07,Kopiluhur,Terra,,,24.57000000000005,23.250000000000057
2019-11-08,Kopiluhur,Terra,46.0906153846154,45.26000000000005,,26.630000000000052
2019-11-09,Kopiluhur,Terra,42.20558974358979,41.650000000000034,,
2019-11-10,Kopiluhur,Terra,44.30466666666672,43.09000000000003,,25.810000000000002
2019-11-12,Kopiluhur,Terra,,35.05000000000001,21.442717948717988,22.150000000000034
2019-11-15,Kopiluhur,Terra,44.505487179487204,43.52129568106316,,
2019-11-17,Kopiluhur,Terra,43.654615384615425,43.170000000000016,,27.230000000000018
2019-11-22,Kopiluhur,Terra,37.06846153846154,38.77000000000004,,
2019-11-29,Kopiluhur,Terra,39.81574358974359,38.63000000000005,,
2019-12-01,Kopiluhur,Terra,40.82876923076927,40.690000000000055,,
2019-12-08,Kopiluhur,Terra,37.738820512820546,38.210000000000036,,
2020-01-20,Kopiluhur,Terra,27.090000000000032,26.950000000000045,,
2020-02-01,Kopiluhur,Terra,31.325076923076942,31.310000000000002,,
2020-02-03,Kopiluhur,Terra,29.41666666666667,28.79000000000002,,
2020-02-10,Kopiluhur,Terra,29.093897435897464,30.77000000000004,,
2020-02-12,Kopiluhur,Terra,31.410000000000025,32.29000000000002,,
2020-03-06,Kopiluhur,Terra,30.723743589743624,30.330289855072504,,
2020-04-03,Kopiluhur,Terra,32.75000000000006,25.890000000000043,,
2020-04-07,Kopiluhur,Terra,31.18548717948723,30.29000000000002,,
2020-04-09,Kopiluhur,Terra,31.78805128205132,31.710000000000036,,
2020-04-11,Kopiluhur,Terra,31.958615384615424,31.55000000000001,,
2020-04-12,Kopiluhur,Terra,29.52333333333338,31.49000000000001,,
2020-04-13,Kopiluhur,Terra,28.468358974359017,28.050000000000015,,
2020-04-14,Kopiluhur,Terra,30.909076923076963,30.696178861788667,,
2020-04-29,Kopiluhur,Terra,34.51000000000005,34.690000000000055,,
2020-05-07,Kopiluhur,Terra,31.86312820512821,31.57370247933889,,
2020-05-12,Kopiluhur,Terra,28.541897435897447,30.27000000000004,,
2020-05-16,Kopiluhur,Terra,33.645589743589774,34.23000000000002,,
2020-05-23,Kopiluhur,Terra,30.62610256410259,31.150000000000034,,
2020-06-05,Kopiluhur,Terra,27.474000000000046,27.370000000000005,,
2020-06-08,Kopiluhur,Terra,30.667025641025653,30.430000000000007,,22.930000000000007
2020-06-10,Kopiluhur,Terra,29.70353846153851,28.710000000000036,,
2020-06-11,Kopiluhur,Terra,26.219846153846188,26.53000000000003,,
2020-06-12,Kopiluhur,Terra,31.713692307692362,31.750000000000057,,24.390000000000043
2020-06-13,Kopiluhur,Terra,31.148256410256458,30.650000000000034,,
2020-06-17,Kopiluhur,Terra,31.158205128205175,31.450000000000045,,
2020-06-20,Kopiluhur,Terra,28.194615384615435,30.950000000000045,,
2020-06-21,Kopiluhur,Terra,32.50784615384617,31.470000000000027,,
2020-06-26,Kopiluhur,Terra,30.27164102564108,30.130000000000052,,24.130000000000052
2020-06-28,Kopiluhur,Terra,31.421384615384657,31.250000000000057,,20.610000000000014
2020-06-29,Kopiluhur,Terra,31.162410256410304,31.07000000000005,,
2020-07-01,Kopiluhur,Terra,32.03338461538462,32.190000000000055,,
2020-07-05,Kopiluhur,Terra,31.516666666666673,31.57000000000005,,
2020-07-06,Kopiluhur,Terra,24.238102564102594,23.07000000000005,,
2020-07-07,Kopiluhur,Terra,30.574307692307737,30.630093896713667,,23.77000000000004
2020-07-08,Kopiluhur,Terra,32.361487179487206,31.33000000000004,,
2020-07-10,Kopiluhur,Terra,,,21.992051282051307,22.590000000000032
2020-07-12,Kopiluhur,Terra,32.4557435897436,31.630000000000052,,23.850000000000023
2020-07-14,Kopiluhur,Terra,32.80569230769235,31.99000000000001,,
2020-07-17,Kopiluhur,Terra,30.131641025641034,30.730000000000018,22.29307692307694,23.210000000000036
2020-07-18,Kopiluhur,Terra,29.07000000000005,28.610000000000014,,
2020-07-19,Kopiluhur,Terra,32.7821025641026,32.58000000000004,,24.010000000000048
2020-07-22,Kopiluhur,Terra,30.33400000000002,28.390000000000043,,
2020-07-24,Kopiluhur,Terra,31.959230769230793,31.131521739130488,23.910000000000025,23.350000000000023
2020-07-25,Kopiluhur,Terra,27.5877435897436,27.510000000000048,,
2020-07-28,Kopiluhur,Terra,33.84641025641028,31.630000000000052,,24.190000000000055
2020-07-30,Kopiluhur,Terra,28.39605128205132,27.250000000000057,,
2020-07-31,Kopiluhur,Terra,32.67697435897439,32.05000000000001,,
2020-08-01,Kopiluhur,Terra,33.545179487179496,33.450000000000045,,24.27000000000004
2020-08-02,Kopiluhur,Terra,30.78733333333335,29.190000000000055,22.168518518518535,21.79000000000002
2020-08-06,Kopiluhur,Terra,32.84251282051286,31.07253638253643,,23.250000000000057
2020-08-09,Kopiluhur,Terra,33.528666666666695,33.610000000000014,,
2020-08-10,Kopiluhur,Terra,31.0878461538462,30.190000000000055,,
2020-08-20,Kopiluhur,Terra,35.04641025641027,34.93000000000001,19.615333333333357,22.710000000000033
2020-08-22,Kopiluhur,Terra,36.34507692307696,36.210000000000036,,24.630000000000052
2020-08-23,Kopiluhur,Terra,34.177794871794916,34.14194379391105,,
2020-08-25,Kopiluhur,Terra,37.46600000000002,36.77000000000004,24.32815384615389,23.93000000000001
2020-08-26,Kopiluhur,Terra,34.667333333333346,34.370000000000005,,18.010000000000048
2020-08-27,Kopiluhur,Terra,38.01389743589747,37.309999999999995,22.620358974358993,22.230000000000018
2020-08-29,Kopiluhur,Terra,36.14302564102567,35.919382716049405,,25.650000000000034
2020-08-31,Kopiluhur,Terra,38.34907692307692,37.670000000000016,,24.690000000000055
2020-09-04,Kopiluhur,Terra,,,16.336153846153866,19.370000000000005
2020-09-05,Kopiluhur,Terra,36.74333333333335,35.51000000000005,,25.130000000000052
2020-09-07,Kopiluhur,Terra,39.49307692307695,37.92315436241611,,23.590000000000032
2020-09-08,Kopiluhur,Terra,34.96866666666667,35.710000000000036,,
2020-09-12,Kopiluhur,Terra,37.44743589743594,35.98000000000002,,25.130000000000052
2020-09-14,Kopiluhur,Terra,39.726000000000035,38.077153652392994,,24.650000000000034
2020-09-16,Kopiluhur,Terra,34.08794871794876,32.31,24.857872340425534,24.310000000000002
2020-09-18,Kopiluhur,Terra,36.78425641025646,36.59000000000003,23.35518518518521,22.970000000000027
2020-09-19,Kopiluhur,Terra,40.328666666666685,40.07000000000005,,
2020-09-21,Kopiluhur,Terra,36.29379487179489,35.63000000000005,,
2020-09-23,Kopiluhur,Terra,37.25153846153851,37.190000000000055,,25.150000000000034
2020-09-24,Kopiluhur,Terra,34.48938461538466,34.870000000000005,,
2020-09-25,Kopiluhur,Terra,37.65923076923082,36.85000000000002,,
2020-09-26,Kopiluhur,Terra,36.63502564102565,36.7726666666667,,
2020-09-28,Kopiluhur,Terra,36.86282051282055,37.03000000000003,25.50200000000004,24.710000000000036
2020-09-30,Kopiluhur,Terra,39.8866153846154,40.53000000000003,,
2020-10-02,Kopiluhur,Terra,40.893897435897436,41.170000000000016,,
2020-10-07,Kopiluhur,Terra,38.92456410256412,39.31,21.44969230769233,21.230000000000018
2020-10-11,Kopiluhur,Terra,,,21.49000000000001,23.05000000000001
2020-10-16,Kopiluhur,Terra,39.71765957446812,42.89000000000004,,
2020-11-10,Kopiluhur,Terra,36.704769230769244,36.43000000000001,,
2020-11-11,Kopiluhur,Terra,34.70753846153851,35.01000000000005,,
2020-11-13,Kopiluhur,Terra,27.82548717948722,31.710000000000036,,
2020-11-15,Kopiluhur,Terra,35.94917948717953,37.25000000000006,,
2020-11-20,Kopiluhur,Terra,33.93564102564103,34.97000000000003,,
2020-11-28,Kopiluhur,Terra,29.523641025641055,33.610000000000014,,
2020-12-08,Kopiluhur,Terra,27.280000000000047,31.430000000000007,,
2020-12-23,Kopiluhur,Terra,29.563641025641036,29.850000000000023,,
2020-12-25,Kopiluhur,Terra,30.630000000000052,27.150000000000034,,
2020-12-28,Kopiluhur,Terra,30.209794871794923,31.03000000000003,,
2021-01-25,Kopiluhur,Terra,30.99222222222223,30.250000000000057,,
2021-02-12,Kopiluhur,Terra,31.83482051282053,31.910000000000025,,
2021-02-27,Kopiluhur,Terra,29.910000000000025,30.210000000000036,,
2021-03-11,Kopiluhur,Terra,27.670000000000016,30.05000000000001,,
2021-03-18,Kopiluhur,Terra,31.57000000000005,33.29000000000002,,
2021-04-06,Kopiluhur,Terra,31.29625641025643,32.29000000000002,,
2021-04-08,Kopiluhur,Terra,33.22117948717952,32.97000000000003,,
2021-04-10,Kopiluhur,Terra,30.39225641025641,31.210000000000036,,
2021-04-15,Kopiluhur,Terra,31.110000000000014,31.910000000000025,,
2021-04-17,Kopiluhur,Terra,32.830820512820516,33.170000000000016,,23.170000000000016
2021-04-19,Kopiluhur,Terra,32.31287179487181,32.303736842105266,,
2021-04-20,Kopiluhur,Terra,25.52969230769231,25.890000000000043,,
2021-04-21,Kopiluhur,Terra,33.7166666666667,34.35000000000002,,25.590000000000032
2021-04-22,Kopiluhur,Terra,32.25882051282055,32.79159090909093,,
2021-04-23,Kopiluhur,Terra,32.25933333333339,31.33000000000004,,
2021-04-24,Kopiluhur,Terra,33.30384615384619,33.52721854304639,,
2021-04-26,Kopiluhur,Terra,32.259128205128256,32.59000000000003,,24.010000000000048
2021-05-10,Kopiluhur,Terra,34.29430769230771,34.43000000000001,,25.410000000000025
2021-05-11,Kopiluhur,Terra,,,24.05000000000001,24.05000000000001
2021-05-14,Kopiluhur,Terra,32.59625641025642,32.89000000000004,,
2021-05-16,Kopiluhur,Terra,31.74220512820518,31.670000000000016,,17.29000000000002
2021-05-22,Kopiluhur,Terra,31.904871794871834,31.33000000000004,,
2021-05-25,Kopiluhur,Terra,,,23.645487179487212,23.61000000000001
2021-05-26,Kopiluhur,Terra,29.844074074074122,29.010000000000048,,
2021-05-27,Kopiluhur,Terra,,,23.242102564102602,22.910000000000025
2021-05-28,Kopiluhur,Terra,30.916871794871835,31.730000000000018,,
2021-05-30,Kopiluhur,Terra,29.612974358974405,28.390000000000043,,23.350000000000023
2021-06-01,Kopiluhur,Terra,,,18.847538461538463,22.510000000000048
2021-06-02,Kopiluhur,Terra,30.74610256410258,29.07000000000005,,
2021-06-04,Kopiluhur,Terra,31.586923076923128,31.710000000000036,23.850000000000023,24.350000000000023
2021-06-07,Kopiluhur,Terra,30.96620512820517,30.53000000000003,,
2021-06-08,Kopiluhur,Terra,31.587435897435924,31.750000000000053,,
2021-06-09,Kopiluhur,Terra,,,15.210000000000036,15.710000000000036
2021-06-10,Kopiluhur,Terra,30.990717948717993,31.650000000000034,,
2021-06-11,Kopiluhur,Terra,30.43748717948719,29.370000000000005,23.208769230769263,23.05000000000001
2021-06-18,Kopiluhur,Terra,31.0952307692308,30.170000000000016,,
2021-06-27,Kopiluhur,Terra,29.86989743589744,30.230000000000018,,
2021-06-29,Kopiluhur,Terra,31.25276923076928,30.73000000000002,,
2021-07-02,Kopiluhur,Terra,,,23.150000000000034,23.03000000000003
2021-07-03,Kopiluhur,Terra,30.71471794871796,31.02324675324679,22.446820512820523,21.83000000000004
2021-07-04,Kopiluhur,Terra,31.766205128205147,31.870000000000005,21.85092307692308,22.650000000000034
2021-07-05,Kopiluhur,Terra,30.404666666666667,29.99000000000001,,25.53000000000003
2021-07-06,Kopiluhur,Terra,32.99553846153849,32.49000000000001,,22.79000000000002
2021-07-07,Kopiluhur,Terra,,,22.21676923076925,21.930000000000007
2021-07-08,Kopiluhur,Terra,30.072974358974392,28.950000000000045,,21.390000000000043
2021-07-11,Kopiluhur,Terra,26.94481481481484,27.950000000000045,14.310000000000002,16.27000000000004
2021-07-12,Kopiluhur,Terra,27.171538461538496,28.33000000000004,,
2021-07-13,Kopiluhur,Terra,32.24179487179491,31.730000000000018,,
2021-07-15,Kopiluhur,Terra,31.90251282051286,31.390000000000043,,24.150000000000034
2021-07-17,Kopiluhur,Terra,33.04333333333336,32.639940828402416,,21.870000000000005
2021-07-18,Kopiluhur,Terra,31.990000000000023,32.17000000000001,,
2021-07-24,Kopiluhur,Terra,33.26456410256416,32.699880952381,,24.57000000000005
2021-07-25,Kopiluhur,Terra,34.891538461538495,34.57000000000005,,
2021-07-26,Kopiluhur,Terra,33.77482051282057,33.580059171597675,,24.29000000000002
2021-07-27,Kopiluhur,Terra,35.61707692307697,35.197153652393,,23.890000000000043
2021-07-28,Kopiluhur,Terra,33.17451282051285,32.29000000000002,,25.130000000000052
2021-07-29,Kopiluhur,Terra,34.86569230769233,34.25000000000006,,23.03000000000003
2021-07-31,Kopiluhur,Terra,33.89000000000004,33.35000000000002,,
2021-08-02,Kopiluhur,Terra,35.34251282051285,34.59000000000003,,25.430000000000007
2021-08-03,Kopiluhur,Terra,33.478102564102606,32.33000000000004,,
2021-08-04,Kopiluhur,Terra,32.27738461538463,31.970000000000027,,22.83000000000004
2021-08-07,Kopiluhur,Terra,29.712051282051334,31.470000000000027,,25.210000000000036
2021-08-08,Kopiluhur,Terra,,,19.630000000000052,19.190000000000055
2021-08-11,Kopiluhur,Terra,33.279948717948734,33.57000000000005,,24.970000000000027
2021-08-12,Kopiluhur,Terra,33.63974358974362,34.25702290076341,,
2021-08-13,Kopiluhur,Terra,,,24.308666666666706,23.730000000000018
2021-08-14,Kopiluhur,Terra,35.390307692307715,35.39000000000004,,
2021-08-16,Kopiluhur,Terra,33.92261538461542,34.35000000000002,,24.010000000000048
2021-08-18,Kopiluhur,Terra,34.8075384615385,34.110000000000014,,
2021-08-19,Kopiluhur,Terra,32.39444444444447,32.05000000000001,,
2021-08-23,Kopiluhur,Terra,31.829897435897472,32.33000000000004,,
2021-08-25,Kopiluhur,Terra,35.26241025641028,34.53526011560696,,
2021-08-26,Kopiluhur,Terra,32.8146153846154,32.97000000000003,,
2021-08-27,Kopiluhur,Terra,35.36548717948722,35.170000000000016,,23.910000000000025
2021-08-28,Kopiluhur,Terra,34.71153846153852,33.97000000000003,,
2021-08-30,Kopiluhur,Terra,35.4128717948718,35.150000000000034,,
2021-09-01,Kopiluhur,Terra,37.38456410256413,37.022630057803504,,
2021-09-03,Kopiluhur,Terra,,,20.53000000000003,22.310000000000002
2021-09-04,Kopiluhur,Terra,33.97964102564103,33.29000000000002,,
2021-09-06,Kopiluhur,Terra,35.35420512820513,36.35000000000002,,
2021-09-08,Kopiluhur,Terra,,,19.490820512820523,18.99000000000001
2021-09-09,Kopiluhur,Terra,,,23.574102564102613,23.310000000000002
2021-09-10,Kopiluhur,Terra,38.675230769230815,37.33000000000004,,
2021-09-17,Kopiluhur,Terra,36.90620512820513,36.650000000000034,,
2021-09-19,Kopiluhur,Terra,35.51030769230772,34.83000000000004,24.933076923076964,24.110000000000014
2021-09-22,Kopiluhur,Terra,35.10835897435902,34.610000000000014,,
2021-09-24,Kopiluhur,Terra,32.07461538461539,30.49000000000001,,
2021-09-29,Kopiluhur,Terra,35.056769230769255,34.910000000000025,,
2021-09-30,Kopiluhur,Terra,34.22958974358978,34.05000000000001,19.140974358974372,21.55000000000001
2021-10-03,Kopiluhur,Terra,37.98276595744684,36.370000000000005,,
2021-10-06,Kopiluhur,Terra,,,17.384358974359017,17.07000000000005
2021-10-07,Kopiluhur,Terra,35.28825641025642,35.27000000000004,,24.410000000000025
2021-10-09,Kopiluhur,Terra,,31.590000000000032,24.57000000000005,24.170000000000016
2021-10-10,Kopiluhur,Terra,40.58302564102565,40.63000000000005,,
2021-10-12,Kopiluhur,Terra,40.44005128205132,39.370000000000005,,
2021-10-23,Kopiluhur,Terra,,,23.887128205128242,23.99000000000001
2021-10-25,Kopiluhur,Terra,,,24.494205128205138,24.650000000000034
2021-10-26,Kopiluhur,Terra,37.694717948718,37.03000000000003,,
2021-11-02,Kopiluhur,Terra,32.37676923076926,34.910000000000025,,
2021-11-03,Kopiluhur,Terra,,,23.393282051282092,22.930000000000007
2021-11-29,Kopiluhur,Terra,33.78138461538465,33.950000000000045,,
2021-12-22,Kopiluhur,Terra,28.44978723404256,28.230000000000018,,
2022-01-16,Kopiluhur,Terra,,,23.187743589743604,23.510000000000048
2022-01-19,Kopiluhur,Terra,25.83000000000004,26.390000000000043,,
2022-02-03,Kopiluhur,Terra,33.63410256410261,33.27000000000004,,
2022-03-02,Kopiluhur,Terra,27.510000000000048,27.930000000000007,,
2022-03-06,Kopiluhur,Terra,31.839025641025643,33.33000000000004,,
2022-03-12,Kopiluhur,Terra,28.970000000000027,28.950000000000045,,
2022-04-04,Kopiluhur,Terra,32.1906153846154,33.710000000000036,,
2022-04-06,Kopiluhur,Terra,26.841076923076976,30.930000000000007,,
2022-04-10,Kopiluhur,Terra,20.730000000000018,25.310000000000002,,
2022-04-11,Kopiluhur,Terra,32.20517948717952,32.31,,
2022-04-13,Kopiluhur,Terra,32.69153846153848,32.450000000000045,,24.250000000000057
2022-04-15,Kopiluhur,Terra,32.48220512820517,32.59000000000003,24.011846153846164,24.810000000000002
2022-04-17,Kopiluhur,Terra,31.350000000000037,32.190000000000055,,
2022-04-20,Kopiluhur,Terra,29.59851282051287,29.210000000000036,,
2022-04-22,Kopiluhur,Terra,29.33379487179489,29.29000000000002,,
2022-04-24,Kopiluhur,Terra,29.714923076923107,33.370000000000005,,
2022-04-25,Kopiluhur,Terra,30.954923076923084,30.970000000000027,,
2022-05-03,Kopiluhur,Terra,29.172974358974407,30.53000000000003,,
2022-05-06,Kopiluhur,Terra,32.50210256410261,32.190000000000055,,
2022-05-10,Kopiluhur,Terra,31.032974358974393,30.03000000000003,,
2022-05-15,Kopiluhur,Terra,30.610000000000014,30.430000000000007,,
2022-05-18,Kopiluhur,Terra,30.861897435897436,31.250000000000057,,
2022-05-20,Kopiluhur,Terra,31.44743589743594,30.360000000000014,,
2022-05-27,Kopiluhur,Terra,31.53953846153849,31.590000000000032,,
2022-05-28,Kopiluhur,Terra,29.33717948717949,29.55000000000001,,
2022-05-31,Kopiluhur,Terra,28.061897435897446,31.810000000000002,,
2022-06-02,Kopiluhur,Terra,30.740769230769267,29.970000000000027,,
2022-06-05,Kopiluhur,Terra,32.14382978723405,32.43000000000001,,
2022-06-10,Kopiluhur,Terra,26.309282051282054,26.630000000000052,,
2022-06-18,Kopiluhur,Terra,29.61041025641027,30.610000000000014,,23.090000000000032
2022-06-22,Kopiluhur,Terra,30.650000000000034,30.650000000000034,,
2022-06-23,Kopiluhur,Terra,31.35194871794876,31.77000000000004,,
2022-06-27,Kopiluhur,Terra,26.410000000000025,29.130000000000052,,
2022-06-28,Kopiluhur,Terra,27.507846153846163,25.190000000000055,18.450000000000045,17.970000000000027
2022-06-29,Kopiluhur,Terra,28.422307692307697,28.022076923076963,21.682717948717965,18.890000000000043
2022-06-30,Kopiluhur,Terra,31.956974358974403,31.630000000000052,,21.810000000000002
2022-07-02,Kopiluhur,Terra,31.41861538461543,31.750000000000057,,
2022-07-05,Kopiluhur,Terra,31.114205128205175,31.730000000000018,,
2022-07-07,Kopiluhur,Terra,29.511641025641037,29.850000000000023,22.83584615384619,22.850000000000023
2022-07-08,Kopiluhur,Terra,29.541487179487223,28.950000000000045,,24.090000000000032
2022-07-09,Kopiluhur,Terra,30.773282051282088,30.730000000000018,,23.910000000000025
2022-07-12,Kopiluhur,Terra,32.166205128205156,32.39000000000004,,
2022-07-15,Kopiluhur,Terra,26.372222222222227,26.57000000000005,,
2022-07-18,Kopiluhur,Terra,30.073404255319183,31.27000000000004,21.93063829787235,22.99000000000001
2022-07-20,Kopiluhur,Terra,30.180769230769265,30.423246753246765,,23.79000000000002
2022-07-21,Kopiluhur,Terra,30.77482051282053,30.570000000000054,,
2022-07-23,Kopiluhur,Terra,30.210000000000036,30.99000000000001,,23.83000000000004
2022-07-24,Kopiluhur,Terra,26.993076923076934,26.77000000000004,,
2022-07-25,Kopiluhur,Terra,29.75225641025643,29.810000000000002,,
2022-07-27,Kopiluhur,Terra,32.17276923076928,31.92034482758622,,23.010000000000048
2022-07-29,Kopiluhur,Terra,32.40723076923081,32.47000000000003,,
2022-08-01,Kopiluhur,Terra,30.745589743589758,31.690000000000055,,
2022-08-03,Kopiluhur,Terra,31.53348717948719,31.53000000000003,,23.390000000000043
2022-08-05,Kopiluhur,Terra,28.298000000000037,26.99000000000001,,
2022-08-06,Kopiluhur,Terra,27.853384615384634,27.79000000000002,,
2022-08-08,Kopiluhur,Terra,33.36979487179491,33.450000000000045,,25.05000000000001
2022-08-09,Kopiluhur,Terra,31.557384615384645,31.49000000000001,,23.710000000000036
2022-08-10,Kopiluhur,Terra,33.203230769230785,32.99000000000001,,23.930000000000007
2022-08-15,Kopiluhur,Terra,,,20.445384615384658,21.370000000000005
2022-08-16,Kopiluhur,Terra,28.33553846153852,27.870000000000005,,23.710000000000036
2022-08-17,Kopiluhur,Terra,,30.850000000000023,23.110000000000014,23.630000000000052
2022-08-19,Kopiluhur,Terra,34.42497435897438,33.93000000000001,,
2022-08-23,Kopiluhur,Terra,32.532358974359,32.89000000000004,,24.150000000000034
2022-08-26,Kopiluhur,Terra,34.87400000000002,34.27000000000004,,
2022-08-28,Kopiluhur,Terra,34.00589743589747,35.59000000000003,,
2022-08-30,Kopiluhur,Terra,33.07061538461543,33.210000000000036,,19.410000000000025
2022-09-06,Kopiluhur,Terra,30.146296296296313,30.29000000000002,23.59800000000001,23.450000000000045
2022-09-15,Kopiluhur,Terra,36.28025641025644,36.41832951945082,,24.07000000000005
2022-09-18,Kopiluhur,Terra,33.966820512820554,35.07000000000005,,
2022-09-25,Kopiluhur,Terra,38.45174358974363,38.110000000000014,,26.230000000000018
2022-09-27,Kopiluhur,Terra,39.075641025641055,38.78333333333336,,
2022-09-29,Kopiluhur,Terra,38.38969230769235,38.39000000000004,,
2022-10-04,Kopiluhur,Terra,33.285897435897475,34.83000000000004,,
2022-10-29,Kopiluhur,Terra,,,17.450000000000045,17.910000000000025
2022-11-19,Kopiluhur,Terra,,,23.511128205128248,23.610000000000014
2022-11-20,Kopiluhur,Terra,27.791333333333352,30.730000000000018,,
2022-12-18,Kopiluhur,Terra,32.01502564102565,31.950000000000045,,
2022-12-20,Kopiluhur,Terra,31.656051282051333,31.630000000000052,,
2023-01-09,Kopiluhur,Terra,30.024814814814846,29.630000000000052,,
2023-01-11,Kopiluhur,Terra,30.57000000000005,30.29000000000002,,24.210000000000036
2023-02-09,Kopiluhur,Terra,31.340256410256448,30.710000000000036,,
2023-02-14,Kopiluhur,Terra,29.403025641025646,28.29000000000002,,
2023-02-19,Kopiluhur,Terra,29.040256410256436,27.55000000000001,,
2023-02-21,Kopiluhur,Terra,29.097794871794918,28.810000000000002,,
2023-03-07,Kopiluhur,Terra,30.55184615384618,30.29000000000002,,
2023-03-09,Kopiluhur,Terra,30.468564102564144,29.99000000000001,,
2023-03-12,Kopiluhur,Terra,26.02189743589746,25.810000000000002,,
2023-03-17,Kopiluhur,Terra,32.996595744680896,31.850000000000023,,
2023-03-24,Kopiluhur,Terra,32.96712820512825,33.07000000000005,,
2023-03-29,Kopiluhur,Terra,28.527659574468093,26.49000000000001,,
2023-04-12,Kopiluhur,Terra,31.4455555555556,31.350000000000023,,
2023-04-15,Kopiluhur,Terra,30.312153846153866,29.950000000000045,,
2023-04-17,Kopiluhur,Terra,28.287230769230803,28.910000000000025,,
2023-04-19,Kopiluhur,Terra,29.544893617021287,29.49000000000001,,
2023-04-24,Kopiluhur,Terra,31.528051282051294,32.08564417177918,,
2023-04-26,Kopiluhur,Terra,28.809897435897437,31.110000000000014,,
2023-05-03,Kopiluhur,Terra,29.540153846153874,29.53000000000003,,
2023-05-04,Kopiluhur,Terra,27.008256410256436,26.670000000000016,,
2023-05-13,Kopiluhur,Terra,30.433692307692308,30.670000000000016,,23.870000000000005
2023-05-14,Kopiluhur,Terra,31.321076923076923,31.250000000000057,23.949384615384655,23.970000000000027
2023-05-15,Kopiluhur,Terra,31.040256410256422,31.230000000000018,20.3309230769231,21.03000000000003
2023-05-16,Kopiluhur,Terra,30.786820512820533,31.670000000000016,24.09841025641027,23.650000000000034
2023-05-19,Kopiluhur,Terra,33.85000000000002,32.370000000000005,,
2023-05-20,Kopiluhur,Terra,,26.610000000000014,24.597794871794903,24.05000000000001
2023-05-22,Kopiluhur,Terra,30.0983076923077,30.470000000000027,,25.410000000000025
2023-05-23,Kopiluhur,Terra,32.270717948717966,32.83000000000005,,23.55000000000001
2023-05-25,Kopiluhur,Terra,34.05082051282054,34.450000000000045,,24.610000000000014
2023-05-26,Kopiluhur,Terra,31.951025641025687,32.190000000000055,22.127538461538492,22.670000000000016
2023-05-28,Kopiluhur,Terra,31.09092307692309,30.870000000000005,,22.090000000000032
2023-05-30,Kopiluhur,Terra,33.72251282051284,32.73000000000002,,25.07000000000005
2023-05-31,Kopiluhur,Terra,30.93338461538464,30.730000000000018,,
2023-06-01,Kopiluhur,Terra,32.600153846153894,32.29000000000002,,
2023-06-04,Kopiluhur,Terra,31.292871794871836,31.430000000000007,,
2023-06-06,Kopiluhur,Terra,,,22.850000000000023,23.910000000000025
2023-06-09,Kopiluhur,Terra,31.73892307692313,31.710000000000036,,23.930000000000007
2023-06-10,Kopiluhur,Terra,27.999128205128216,27.79000000000002,,24.870000000000005
2023-06-11,Kopiluhur,Terra,33.412974358974395,32.97000000000003,,25.390000000000043
2023-06-12,Kopiluhur,Terra,30.786923076923117,28.55000000000001,,
2023-06-13,Kopiluhur,Terra,29.76251282051284,30.27000000000004,,25.010000000000048
2023-06-14,Kopiluhur,Terra,29.05697435897437,31.010000000000048,,
2023-06-20,Kopiluhur,Terra,29.33000000000004,27.470000000000027,23.200256410256447,23.470000000000027
2023-06-22,Kopiluhur,Terra,,,23.84282051282053,23.83000000000004
2023-06-23,Kopiluhur,Terra,32.23635897435903,31.650000000000034,,
2023-06-25,Kopiluhur,Terra,30.38661538461539,29.870000000000005,,
2023-06-26,Kopiluhur,Terra,30.119333333333365,29.69000000000005,,
2023-06-27,Kopiluhur,Terra,30.684358974358986,30.370000000000005,,
2023-06-28,Kopiluhur,Terra,31.97430769230772,31.27000000000004,23.932962962963007,23.49000000000001
2023-06-30,Kopiluhur,Terra,32.43389743589744,31.250000000000057,,
2023-07-01,Kopiluhur,Terra,29.666102564102616,29.07000000000005,,
2023-07-03,Kopiluhur,Terra,32.87994871794872,32.33000000000004,,
2023-07-04,Kopiluhur,Terra,,,23.370000000000005,23.250000000000057
2023-07-05,Kopiluhur,Terra,32.89625641025645,32.710000000000036,,24.57000000000005
2023-07-10,Kopiluhur,Terra,32.440974358974366,32.077458432304084,,
2023-07-12,Kopiluhur,Terra,33.32846153846158,32.210000000000036,,22.630000000000052
2023-07-13,Kopiluhur,Terra,32.51164102564103,31.705728643216116,,
2023-07-15,Kopiluhur,Terra,31.82928205128205,30.910000000000025,,
2023-07-17,Kopiluhur,Terra,33.35933333333335,31.83000000000004,20.925076923076947,23.510000000000048
2023-07-18,Kopiluhur,Terra,31.242717948717967,30.83000000000004,,
2023-07-19,Kopiluhur,Terra,32.41164102564106,31.770000000000042,,24.03000000000003
2023-07-20,Kopiluhur,Terra,32.84302564102565,31.866102236421735,,
2023-07-21,Kopiluhur,Terra,,,23.610000000000014,23.55000000000001
2023-07-22,Kopiluhur,Terra,33.49441025641026,31.890000000000047,,23.170000000000016
2023-07-24,Kopiluhur,Terra,31.653589743589777,31.590000000000032,,23.710000000000036
2023-07-27,Kopiluhur,Terra,34.079846153846184,33.410000000000025,,21.750000000000057
2023-07-29,Kopiluhur,Terra,32.93523076923079,31.590000000000032,,23.730000000000018
2023-07-31,Kopiluhur,Terra,32.109692307692335,31.110000000000014,22.849282051282078,22.190000000000055
2023-08-01,Kopiluhur,Terra,33.858000000000004,32.99000000000001,,
2023-08-02,Kopiluhur,Terra,,30.670000000000016,22.53000000000003,22.190000000000055
2023-08-03,Kopiluhur,Terra,33.59379487179492,33.51914893617025,,
2023-08-05,Kopiluhur,Terra,35.06620512820514,34.03000000000003,,25.07000000000005
2023-08-06,Kopiluhur,Terra,,26.370000000000005,23.18579487179491,22.69000000000005
2023-08-07,Kopiluhur,Terra,32.60415384615388,31.525000000000034,,24.670000000000016
2023-08-08,Kopiluhur,Terra,34.6646666666667,33.55000000000001,,24.390000000000043
2023-08-09,Kopiluhur,Terra,,,21.690923076923127,21.010000000000048
2023-08-10,Kopiluhur,Terra,31.522410256410264,30.490000000000006,,24.610000000000014
2023-08-11,Kopiluhur,Terra,34.00189743589747,33.52000000000004,,
2023-08-12,Kopiluhur,Terra,,21.470000000000027,17.877076923076928,18.010000000000048
2023-08-13,Kopiluhur,Terra,34.524461538461566,34.190000000000055,,24.110000000000014
2023-08-14,Kopiluhur,Terra,31.922923076923098,31.05000000000001,22.248564102564124,22.090000000000032
2023-08-15,Kopiluhur,Terra,35.40958974358978,34.47000000000003,,
2023-08-17,Kopiluhur,Terra,33.1880512820513,31.610000000000014,,23.07000000000005
2023-08-18,Kopiluhur,Terra,33.62846153846155,31.950000000000045,22.410000000000025,22.310000000000002
2023-08-19,Kopiluhur,Terra,32.957794871794896,32.80000000000001,,24.430000000000007
2023-08-20,Kopiluhur,Terra,35.275846153846175,34.450000000000045,,24.99000000000001
2023-08-21,Kopiluhur,Terra,,,22.83584615384619,22.930000000000007
2023-08-22,Kopiluhur,Terra,34.58538461538466,33.110000000000014,,24.83000000000004
2023-08-23,Kopiluhur,Terra,29.555128205128213,30.11000000000001,,
2023-08-24,Kopiluhur,Terra,32.62507692307697,32.01000000000005,,24.690000000000055
2023-08-25,Kopiluhur,Terra,34.69676923076928,34.47000000000003,20.342717948717954,20.670000000000016
2023-08-26,Kopiluhur,Terra,,27.350000000000023,21.09297435897439,21.190000000000055
2023-08-27,Kopiluhur,Terra,35.30035897435901,32.916509803921585,,25.210000000000036
2023-08-29,Kopiluhur,Terra,36.20876923076924,35.150000000000034,,22.350000000000023
2023-08-30,Kopiluhur,Terra,31.679846153846206,31.090000000000032,,23.450000000000045
2023-08-31,Kopiluhur,Terra,36.01912820512823,35.210000000000036,,24.970000000000027
2023-09-01,Kopiluhur,Terra,37.07933333333336,36.01000000000005,,24.49000000000001
2023-09-03,Kopiluhur,Terra,38.357692307692346,37.05000000000001,,24.130000000000052
2023-09-04,Kopiluhur,Terra,32.49605128205129,30.342177914110458,,
2023-09-05,Kopiluhur,Terra,35.9743076923077,35.07000000000005,,24.370000000000005
2023-09-06,Kopiluhur,Terra,34.79656410256412,34.170000000000016,,24.53000000000003
2023-09-07,Kopiluhur,Terra,,,24.45191489361707,23.83000000000004
2023-09-08,Kopiluhur,Terra,,25.33000000000004,22.515128205128253,22.870000000000005
2023-09-10,Kopiluhur,Terra,37.708051282051315,36.79000000000002,,22.930000000000007
2023-09-11,Kopiluhur,Terra,37.24835897435903,36.39000000000004,,19.77000000000004
2023-09-12,Kopiluhur,Terra,38.549487179487194,36.910000000000025,,25.890000000000043
2023-09-13,Kopiluhur,Terra,37.832974358974376,36.99000000000001,,24.99000000000001
2023-09-15,Kopiluhur,Terra,37.17297435897441,35.83000000000004,,25.390000000000043
2023-09-16,Kopiluhur,Terra,31.730000000000018,30.170000000000016,,
2023-09-17,Kopiluhur,Terra,37.33246153846158,35.83000000000004,,25.670000000000016
2023-09-18,Kopiluhur,Terra,35.605794871794906,33.870000000000005,24.4177948717949,24.110000000000014
2023-09-19,Kopiluhur,Terra,32.55000000000001,32.59000000000003,24.338923076923116,24.090000000000032
2023-09-20,Kopiluhur,Terra,39.275230769230824,38.05000000000001,,25.710000000000036
2023-09-22,Kopiluhur,Terra,38.489282051282075,37.51386075949372,,
2023-09-23,Kopiluhur,Terra,36.94025641025645,35.650000000000034,,
2023-09-24,Kopiluhur,Terra,39.49112820512821,38.450000000000045,,25.470000000000027
2023-09-25,Kopiluhur,Terra,39.209794871794884,38.27000000000004,,26.210000000000036
2023-09-27,Kopiluhur,Terra,42.94528205128208,41.77000000000003,,26.430000000000007
2023-09-28,Kopiluhur,Terra,37.614102564102595,37.13000000000005,,
2023-09-29,Kopiluhur,Terra,41.08035897435899,40.01000000000005,,26.170000000000016
2023-10-01,Kopiluhur,Terra,33.93984615384616,33.690000000000055,,
2023-10-02,Kopiluhur,Terra,39.61984615384618,38.27000000000004,,
2023-10-04,Kopiluhur,Terra,39.789692307692356,39.27000000000004,,26.510000000000048
2023-10-05,Kopiluhur,Terra,36.838102564102584,36.63536013400339,,25.310000000000002
2023-10-06,Kopiluhur,Terra,36.547846153846194,36.43000000000001,21.531743589743634,21.05000000000001
2023-10-07,Kopiluhur,Terra,40.679538461538506,39.870000000000005,,22.07000000000005
2023-10-09,Kopiluhur,Terra,42.12764102564106,41.35000000000002,,23.370000000000005
2023-10-11,Kopiluhur,Terra,37.685487179487225,37.650000000000034,24.13779487179489,24.350000000000023
2023-10-12,Kopiluhur,Terra,37.93000000000001,37.79000000000002,,
2023-10-16,Kopiluhur,Terra,43.44938461538464,42.410000000000025,23.370000000000005,24.03000000000003
2023-10-17,Kopiluhur,Terra,40.619538461538475,39.23000000000002,,
2023-10-18,Kopiluhur,Terra,40.544564102564124,39.370000000000005,24.650000000000034,24.310000000000002
2023-10-19,Kopiluhur,Terra,37.85215384615385,37.85131868131871,,
2023-10-21,Kopiluhur,Terra,38.885794871794914,38.59000000000003,,
2023-10-22,Kopiluhur,Terra,,,24.01256410256415,23.77000000000004
2023-10-24,Kopiluhur,Terra,35.42179487179488,35.83000000000004,,
2023-10-26,Kopiluhur,Terra,40.43523076923079,39.99000000000001,,25.05000000000001
2023-10-27,Kopiluhur,Terra,35.049794871794894,34.83000000000004,,
2023-10-28,Kopiluhur,Terra,42.11800000000002,41.610000000000014,,26.410000000000025
2023-10-29,Kopiluhur,Terra,41.491230769230775,41.136753246753294,,26.730000000000018
2023-10-30,Kopiluhur,Terra,35.995538461538466,35.360000000000014,,24.930000000000007
2023-10-31,Kopiluhur,Terra,40.58589743589748,40.31,,
2023-11-02,Kopiluhur,Terra,41.44066666666667,40.92203125000002,,
2023-11-06,Kopiluhur,Terra,,,24.12343589743593,24.610000000000014
2023-11-07,Kopiluhur,Terra,41.686512820512874,40.77000000000003,,20.77000000000004
2023-11-10,Kopiluhur,Terra,33.20415384615388,33.110000000000014,,
2023-11-12,Kopiluhur,Terra,38.52641025641028,38.25000000000006,,22.510000000000048
2023-11-19,Kopiluhur,Terra,,,23.050410256410306,22.630000000000052
2023-11-22,Kopiluhur,Terra,39.21369230769236,38.03000000000003,,
2023-12-13,Kopiluhur,Terra,37.919641025641035,37.35939759036145,23.07000000000005,23.83000000000004
2023-12-14,Kopiluhur,Terra,33.27707692307694,32.73000000000002,,
2023-12-15,Kopiluhur,Terra,,33.410000000000025,23.446000000000023,23.57000000000005
2023-12-18,Kopiluhur,Terra,30.48969230769231,32.59000000000003,,
2023-12-20,Kopiluhur,Terra,35.94435897435901,35.25000000000006,24.908051282051304,24.250000000000057
2023-12-21,Kopiluhur,Terra,,35.610000000000014,23.66117948717954,23.610000000000014
2023-12-23,Kopiluhur,Terra,35.32405128205132,35.05000000000001,,
2024-01-06,Kopiluhur,Terra,34.881914893617044,35.25000000000006,,
2024-01-26,Kopiluhur,Terra,28.985692307692332,29.250000000000057,,
2024-02-16,Kopiluhur,Terra,31.468666666666692,31.390000000000043,,
2024-02-19,Kopiluhur,Terra,,29.870000000000005,23.964814814814844,24.150000000000034
2024-02-29,Kopiluhur,Terra,27.57000000000005,27.99000000000001,,
2024-03-16,Kopiluhur,Terra,29.404051282051288,29.390000000000043,,
2024-03-18,Kopiluhur,Terra,,,23.375641025641027,23.590000000000032
2024-03-19,Kopiluhur,Terra,29.218205128205156,31.530000000000026,,
2024-03-24,Kopiluhur,Terra,30.710000000000036,31.370000000000005,,
2024-03-29,Kopiluhur,Terra,30.002307692307703,29.350000000000023,,
2024-03-31,Kopiluhur,Terra,31.672564102564156,32.710000000000036,,
2024-04-07,Kopiluhur,Terra,33.19225641025646,32.79000000000002,,
2024-04-16,Kopiluhur,Terra,,,25.627846153846168,25.130000000000052
2024-04-17,Kopiluhur,Terra,32.06241025641027,31.630000000000052,,
2024-04-22,Kopiluhur,Terra,31.892769230769254,32.29519348268841,,
2024-05-03,Kopiluhur,Terra,22.455744680851105,25.57000000000005,,24.27000000000004
2024-05-04,Kopiluhur,Terra,32.412461538461564,32.55000000000001,,
2024-05-06,Kopiluhur,Terra,32.70661538461542,32.01000000000005,,24.29000000000002
2024-05-07,Kopiluhur,Terra,31.054102564102593,31.470000000000027,,25.870000000000005
2024-05-09,Kopiluhur,Terra,31.588153846153894,32.01000000000005,,22.29000000000002
2024-05-11,Kopiluhur,Terra,31.547743589743597,30.77000000000004,,
2024-05-13,Kopiluhur,Terra,26.106717948717975,25.610000000000014,,22.890000000000043
2024-05-14,Kopiluhur,Terra,25.468085106382997,30.510000000000048,,
2024-05-16,Kopiluhur,Terra,30.89728205128209,31.090000000000032,,
2024-05-17,Kopiluhur,Terra,32.808564102564105,31.250000000000057,,
2024-05-18,Kopiluhur,Terra,31.181179487179506,30.29000000000002,,
2024-05-19,Kopiluhur,Terra,29.51646153846158,30.699759036144624,,
2024-05-21,Kopiluhur,Terra,31.225076923076973,31.850000000000023,22.56938461538466,23.350000000000023
2024-05-27,Kopiluhur,Terra,,,22.801384615384634,23.170000000000016
2024-05-28,Kopiluhur,Terra,30.264051282051298,30.870000000000005,,21.05000000000001
2024-05-29,Kopiluhur,Terra,29.461589743589755,29.610000000000014,,21.590000000000032
2024-05-31,Kopiluhur,Terra,24.607538461538507,28.950000000000045,,
2024-06-05,Kopiluhur,Terra,31.086615384615428,31.630000000000052,,
2024-06-06,Kopiluhur,Terra,30.090000000000032,29.77000000000004,22.744814814814838,23.510000000000048
2024-06-07,Kopiluhur,Terra,31.39492307692308,32.59000000000003,,24.53000000000003
2024-06-08,Kopiluhur,Terra,26.709282051282084,26.310000000000002,,
2024-06-10,Kopiluhur,Terra,31.407333333333337,30.450000000000045,,
2024-06-17,Kopiluhur,Terra,30.806410256410274,30.910000000000025,,23.510000000000048
2024-06-21,Kopiluhur,Terra,24.850000000000023,25.49000000000001,,25.29000000000002
2024-06-22,Kopiluhur,Terra,22.9677435897436,23.450000000000045,,24.510000000000048
2024-06-26,Kopiluhur,Terra,28.97123076923081,28.57000000000005,,24.55000000000001
2024-06-29,Kopiluhur,Terra,,,22.620769230769245,23.130000000000052
2024-07-02,Kopiluhur,Terra,22.913076923076964,25.090000000000032,,
2024-07-03,Kopiluhur,Terra,29.834410256410294,29.870000000000005,,
2024-07-11,Kopiluhur,Terra,28.83923076923079,27.930000000000007,,23.590000000000032
2024-07-12,Kopiluhur,Terra,25.486615384615412,25.150000000000034,,
2024-07-13,Kopiluhur,Terra,30.143948717948767,30.010000000000048,,23.27000000000004
2024-07-14,Kopiluhur,Terra,29.480256410256455,29.420000000000016,,22.49000000000001
2024-07-16,Kopiluhur,Terra,31.907641025641066,31.25067415730343,,24.05000000000001
2024-07-19,Kopiluhur,Terra,30.506102564102587,30.53000000000003,22.850000000000023,22.750000000000053
2024-07-20,Kopiluhur,Terra,28.345076923076963,27.810000000000002,,24.150000000000034
2024-07-21,Kopiluhur,Terra,32.276153846153896,31.57000000000005,,24.090000000000032
2024-07-23,Kopiluhur,Terra,31.236153846153883,31.010000000000048,,23.210000000000036
2024-07-24,Kopiluhur,Terra,30.579025641025684,30.490000000000006,,
2024-07-25,Kopiluhur,Terra,28.996871794871804,28.79000000000002,,24.730000000000018
2024-07-26,Kopiluhur,Terra,31.358923076923077,31.199289617486386,,24.090000000000032
2024-07-28,Kopiluhur,Terra,32.33338461538462,31.638485549132987,,24.83000000000004
2024-07-29,Kopiluhur,Terra,29.867333333333356,29.730000000000018,,
2024-07-30,Kopiluhur,Terra,31.921589743589745,31.650000000000034,,23.870000000000005
2024-07-31,Kopiluhur,Terra,31.41738461538462,31.33000000000004,,
2024-08-04,Kopiluhur,Terra,32.24394871794875,31.510000000000048,,24.810000000000002
2024-08-05,Kopiluhur,Terra,25.789282051282072,26.750000000000057,,
2024-08-06,Kopiluhur,Terra,31.143230769230783,30.410000000000025,24.230000000000018,23.690000000000055
2024-08-09,Kopiluhur,Terra,32.564564102564134,31.690000000000055,,24.590000000000032
2024-08-10,Kopiluhur,Terra,30.782410256410273,30.75458536585371,20.578615384615436,20.210000000000036
2024-08-11,Kopiluhur,Terra,31.653179487179496,31.130000000000052,,24.730000000000018
2024-08-14,Kopiluhur,Terra,33.64507692307694,33.150000000000034,,24.370000000000005
2024-08-15,Kopiluhur,Terra,30.805076923076925,30.150000000000034,,
2024-08-16,Kopiluhur,Terra,31.352871794871817,29.410000000000025,,
2024-08-18,Kopiluhur,Terra,30.202512820512876,29.930000000000007,24.191846153846203,23.890000000000043
2024-08-19,Kopiluhur,Terra,36.044769230769255,35.55000000000001,23.9988888888889,22.890000000000043
2024-08-20,Kopiluhur,Terra,32.81523076923079,32.73000000000002,,
2024-08-21,Kopiluhur,Terra,33.404256410256416,33.31,,
2024-08-24,Kopiluhur,Terra,34.55194871794876,33.950000000000045,,24.79000000000002
2024-08-26,Kopiluhur,Terra,34.9875384615385,34.39000000000004,,25.910000000000025
2024-08-27,Kopiluhur,Terra,30.5638461538462,29.710000000000036,,
2024-08-31,Kopiluhur,Terra,35.1960512820513,34.650000000000034,23.631702127659587,24.510000000000048
2024-09-01,Kopiluhur,Terra,32.89502564102564,32.59000000000003,,
2024-09-02,Kopiluhur,Terra,33.92056410256411,33.950000000000045,,23.83000000000004
2024-09-03,Kopiluhur,Terra,36.368461538461574,35.51762135922334,,25.07000000000005
2024-09-05,Kopiluhur,Terra,,29.33000000000004,25.03000000000003,24.850000000000023
2024-09-06,Kopiluhur,Terra,36.47000000000001,36.110000000000014,,
2024-09-07,Kopiluhur,Terra,34.97923076923082,34.23000000000002,,
2024-09-12,Kopiluhur,Terra,34.63974358974364,31.910000000000025,,25.79000000000002
2024-09-13,Kopiluhur,Terra,35.253589743589764,34.370000000000005,,25.730000000000018
2024-09-14,Kopiluhur,Terra,33.076974358974404,32.99000000000001,,
2024-09-15,Kopiluhur,Terra,35.77112820512822,35.31,23.33389743589746,23.29000000000002
2024-09-17,Kopiluhur,Terra,34.28179487179492,36.079145728643255,21.164974358974376,21.53000000000003
2024-09-18,Kopiluhur,Terra,36.28989743589749,35.70011904761909,,
2024-09-20,Kopiluhur,Terra,37.871948717948754,37.23000000000002,,23.072147887323993
2024-09-22,Kopiluhur,Terra,36.368461538461574,36.19557956778001,,
2024-09-27,Kopiluhur,Terra,32.196256410256424,32.710000000000036,23.56220512820518,24.45000000000005
2024-09-29,Kopiluhur,Terra,34.477897435897475,35.55000000000001,,
2024-09-30,Kopiluhur,Terra,35.74907692307694,36.01000000000005,,
2024-10-02,Kopiluhur,Terra,37.233179487179505,37.710000000000036,,
2024-10-04,Kopiluhur,Terra,35.66425641025644,35.410000000000025,,
2024-10-07,Kopiluhur,Terra,39.06989743589746,38.57000000000004,24.517794871794884,24.630000000000052
2024-10-12,Kopiluhur,Terra,35.30531914893619,37.190000000000055,,
2024-10-14,Kopiluhur,Terra,35.759846153846176,37.01000000000005,,
2024-10-21,Kopiluhur,Terra,37.39676923076924,38.610000000000014,26.377794871794876,25.870000000000005
2024-10-24,Kopiluhur,Terra,34.14928205128209,36.450000000000045,,19.690000000000055
2024-10-26,Kopiluhur,Terra,37.99933333333337,37.950000000000045,,
2024-10-27,Kopiluhur,Terra,36.552871794871805,36.210000000000036,,25.970000000000027
2024-10-29,Kopiluhur,Terra,39.16179487179488,38.39000000000004,,26.49000000000001
2024-10-31,Kopiluhur,Terra,39.834205128205134,38.51000000000005,,
2024-11-20,Kopiluhur,Terra,29.67123076923078,27.970000000000027,,
2025-02-25,Kopiluhur,Terra,31.750000000000057,26.850000000000023,,
2025-02-27,Kopiluhur,Terra,28.742717948717964,29.710000000000036,,
2025-03-01,Kopiluhur,Terra,29.390923076923116,28.810000000000002,,
2025-03-06,Kopiluhur,Terra,26.806307692307712,26.99000000000001,,
2025-04-02,Kopiluhur,Terra,26.238615384615425,27.79000000000002,,
2025-04-03,Kopiluhur,Terra,30.148051282051316,29.55000000000001,,
2025-04-07,Kopiluhur,Terra,18.950000000000045,20.350000000000023,,24.250000000000057
2025-04-08,Kopiluhur,Terra,31.57400000000001,30.910000000000025,,
2025-04-22,Kopiluhur,Terra,28.87892307692308,28.990000000000006,,23.970000000000027
2025-04-25,Kopiluhur,Terra,26.230000000000018,25.870000000000005,,
2025-04-27,Kopiluhur,Terra,28.996358974359,29.470000000000027,,24.650000000000034
2025-04-28,Kopiluhur,Terra,26.151025641025655,25.750000000000057,,
2025-04-29,Kopiluhur,Terra,29.661692307692338,29.29000000000002,,25.310000000000002
2025-04-30,Kopiluhur,Terra,30.02497435897437,30.470000000000027,,13.970000000000027
2025-05-01,Kopiluhur,Terra,27.29656410256416,27.470000000000027,,25.77000000000004
2025-05-02,Kopiluhur,Terra,30.660051282051313,31.35000000000002,,
2025-05-04,Kopiluhur,Terra,,,23.670740740740754,23.730000000000018
2025-05-05,Kopiluhur,Terra,28.537487179487208,28.890000000000043,,
2025-05-07,Kopiluhur,Terra,26.49000000000001,29.370000000000005,,
2025-05-14,Kopiluhur,Terra,28.685589743589794,28.890000000000043,,
2025-05-15,Kopiluhur,Terra,29.972461538461566,27.930000000000007,,
2025-05-29,Kopiluhur,Terra,29.02364102564105,28.850000000000023,,25.090000000000032
2025-05-30,Kopiluhur,Terra,30.097692307692355,30.83000000000004,,
2025-06-03,Kopiluhur,Terra,,,24.27000000000004,23.890000000000043
2025-06-04,Kopiluhur,Terra,30.015948717948724,30.470000000000024,,
2025-06-08,Kopiluhur,Terra,31.03615384615389,31.210000000000036,,
2025-06-13,Kopiluhur,Terra,,,24.32794871794876,25.07000000000005
2025-06-16,Kopiluhur,Terra,29.351435897435902,29.450000000000045,,
2025-06-21,Kopiluhur,Terra,28.27194871794874,27.49000000000001,,
2025-06-23,Kopiluhur,Terra,28.371025641025646,28.150000000000034,,24.110000000000014
2025-06-24,Kopiluhur,Terra,30.810000000000002,28.390000000000043,,24.49000000000001
2025-06-25,Kopiluhur,Terra,,,25.211230769230802,24.710000000000036
2025-06-26,Kopiluhur,Terra,30.304358974358994,29.930000000000007,,
2025-06-30,Kopiluhur,Terra,26.638820512820544,26.430000000000007,,
2025-07-08,Kopiluhur,Terra,28.46907692307695,28.520873786407808,,
2025-07-09,Kopiluhur,Terra,27.516871794871808,27.530000000000033,,
2025-07-10,Kopiluhur,Terra,28.461179487179514,28.13764617691159,,23.150000000000034
2025-07-11,Kopiluhur,Terra,29.21461538461544,28.730000000000018,,
2025-07-13,Kopiluhur,Terra,28.959574468085155,29.07000000000005,,
2025-07-18,Kopiluhur,Terra,29.454205128205174,29.230000000000018,,24.53000000000003
2025-07-19,Kopiluhur,Terra,29.62815384615386,29.47000000000003,,
2025-07-20,Kopiluhur,Terra,30.791230769230804,29.91000000000003,,25.110000000000014
2025-07-21,Kopiluhur,Terra,29.52425641025642,29.150000000000034,,23.870000000000005
2025-07-23,Kopiluhur,Terra,29.97184615384618,29.580059171597675,,24.870000000000005
2025-07-24,Kopiluhur,Terra,29.591333333333377,29.300440251572333,,
2025-07-25,Kopiluhur,Terra,29.373179487179527,28.55000000000001,,25.750000000000057
2025-07-26,Kopiluhur,Terra,29.913384615384658,30.090000000000032,,24.450000000000045
2025-07-28,Kopiluhur,Terra,30.72589743589747,30.05000000000001,,25.650000000000034
2025-07-31,Kopiluhur,Terra,30.15502564102569,29.83000000000004,,24.05000000000001
2025-08-02,Kopiluhur,Terra,30.925384615384637,30.850000000000023,,23.390000000000043
2025-08-06,Kopiluhur,Terra,30.843538461538483,31.230000000000018,,23.170000000000016
2025-08-10,Kopiluhur,Terra,26.840666666666703,26.330000000000044,,
2025-08-15,Kopiluhur,Terra,30.259948717948735,29.510000000000048,,
2025-08-16,Kopiluhur,Terra,28.970000000000027,28.410000000000025,,22.99000000000001
2025-08-17,Kopiluhur,Terra,31.696769230769284,30.730000000000018,,
2025-08-21,Kopiluhur,Terra,31.061282051282063,30.79000000000002,,
2025-08-24,Kopiluhur,Terra,29.781384615384653,29.650000000000034,,23.690000000000055
2025-08-26,Kopiluhur,Terra,29.145282051282088,28.850000000000023,24.00323076923078,23.150000000000034
2025-08-27,Kopiluhur,Terra,23.781794871794887,24.07000000000005,23.46595744680856,23.130000000000052
2025-08-29,Kopiluhur,Terra,29.99953846153847,29.390000000000043,,
2025-09-01,Kopiluhur,Terra,31.14487179487183,30.859498327759212,23.173191489361717,22.750000000000057
2025-09-04,Kopiluhur,Terra,30.440564102564146,30.2032467532468,20.47370370370375,19.190000000000055
2025-09-06,Kopiluhur,Terra,30.3489743589744,29.970000000000027,,
2025-09-08,Kopiluhur,Terra,,,25.010000000000048,24.590000000000032
2025-09-13,Kopiluhur,Terra,26.363333333333358,25.370000000000005,,
2025-09-16,Kopiluhur,Terra,,,22.933617021276625,23.29000000000002
2025-09-21,Kopiluhur,Terra,28.577589743589776,27.83000000000004,,25.450000000000045
2025-09-23,Kopiluhur,Terra,34.958102564102575,35.29000000000002,,25.49000000000001
2025-09-26,Kopiluhur,Terra,32.66323076923081,31.77000000000004,,
2025-10-01,Kopiluhur,Terra,32.11471794871796,31.090000000000032,,
2025-10-04,Kopiluhur,Terra,,,23.910000000000025,23.390000000000043
2025-10-05,Kopiluhur,Terra,,26.510000000000048,24.23978723404261,24.370000000000005
2025-10-06,Kopiluhur,Terra,32.93687179487184,33.29000000000002,,24.150000000000034
2025-10-07,Kopiluhur,Terra,,,24.495641025641035,24.430000000000007
2025-10-09,Kopiluhur,Terra,32.7429230769231,32.47000000000003,,
2025-10-10,Kopiluhur,Terra,31.908666666666708,31.630000000000052,,
2025-10-13,Kopiluhur,Terra,31.267021276595766,31.090000000000032,,
2025-10-16,Kopiluhur,Terra,33.023435897435924,33.650000000000034,25.450307692307717,25.410000000000025
2025-10-18,Kopiluhur,Terra,31.641589743589776,31.37,,
2025-10-30,Kopiluhur,Terra,31.058888888888905,33.150000000000034,,
2025-11-08,Kopiluhur,Terra,33.07000000000005,33.57000000000005,,
2025-11-27,Kopiluhur,Terra,30.653487179487193,29.150000000000034,,
2025-11-30,Kopiluhur,Terra,27.110000000000014,27.110000000000014,,
2025-12-05,Kopiluhur,Terra,31.112461538461574,30.230000000000018,,
2025-12-12,Kopiluhur,Terra,28.637589743589775,29.170000000000016,,
2025-12-17,Kopiluhur,Terra,28.15102564102569,30.230000000000018,,
2025-12-20,Kopiluhur,Terra,31.58312820512825,31.210000000000036,,
2025-12-22,Kopiluhur,Terra,28.814923076923094,28.810000000000002,,
2026-01-06,Kopiluhur,Terra,29.09010256410261,29.930000000000007,,
2026-01-16,Kopiluhur,Terra,28.744564102564123,28.80000000000001,,
2026-01-31,Kopiluhur,Terra,26.292256410256464,27.03000000000003,,
2026-02-03,Kopiluhur,Terra,27.244666666666713,27.05000000000001,,
2026-02-05,Kopiluhur,Terra,25.88251282051286,27.630000000000052,,
2026-02-10,Kopiluhur,Terra,26.38220512820515,26.55000000000001,,
2026-03-09,Kopiluhur,Terra,29.776051282051302,29.910000000000025,,
2026-03-12,Kopiluhur,Terra,28.17502564102569,28.430000000000007,,
2026-03-13,Kopiluhur,Terra,26.94158974358977,27.31,,
2026-03-15,Kopiluhur,Terra,27.574615384615413,27.350000000000023,,
2026-03-17,Kopiluhur,Terra,27.082410256410302,27.55000000000001,,
2026-03-20,Kopiluhur,Terra,22.53841025641027,23.450000000000045,,
2026-03-23,Kopiluhur,Terra,25.07000000000005,25.250000000000057,,
2026-04-04,Kopiluhur,Terra,28.967037037037045,28.83000000000004,,
2026-04-09,Kopiluhur,Terra,25.190205128205143,25.99000000000001,,
2026-04-16,Kopiluhur,Terra,29.72651282051284,29.430000000000007,,
2026-04-18,Kopiluhur,Terra,26.658307692307744,26.53000000000003,,
2026-04-19,Kopiluhur,Terra,29.315128205128207,28.890000000000043,,
2026-04-21,Kopiluhur,Terra,30.72015384615388,30.257153652392997,,
2026-04-23,Kopiluhur,Terra,,,22.857589743589752,23.370000000000005
2026-04-24,Kopiluhur,Terra,,,24.310000000000002,24.250000000000057
2026-04-27,Kopiluhur,Terra,32.770615384615425,31.870000000000005,,
2026-04-29,Kopiluhur,Terra,28.68189743589745,28.77000000000004,,
2026-05-01,Kopiluhur,Terra,,,24.3293617021277,24.010000000000048
2026-05-03,Kopiluhur,Terra,29.610000000000014,30.810000000000002,,
2026-05-06,Kopiluhur,Terra,28.39758974358978,28.310000000000002,,24.630000000000052
2026-05-10,Kopiluhur,Terra,,,17.406307692307696,18.390000000000043
2026-05-11,Kopiluhur,Terra,28.019025641025685,28.330000000000037,,23.33000000000004
2026-05-12,Kopiluhur,Terra,26.840461538461575,26.630000000000052,,
2026-05-13,Kopiluhur,Terra,,28.730000000000018,24.9288717948718,24.79000000000002
2026-05-18,Kopiluhur,Terra,28.34384615384619,28.350000000000023,,
2026-05-19,Kopiluhur,Terra,27.72241025641031,28.350000000000023,,
2026-05-21,Kopiluhur,Terra,27.71492307692311,28.930000000000007,,
2026-05-24,Kopiluhur,Terra,27.979641025641033,29.190000000000055,,
2026-05-27,Kopiluhur,Terra,26.76743589743593,26.756969696969747,,22.950000000000045
2026-05-28,Kopiluhur,Terra,,30.870000000000005,24.210000000000036,24.090000000000035
2026-05-29,Kopiluhur,Terra,29.122102564102576,29.130000000000052,,
2026-05-31,Kopiluhur,Terra,28.949692307692356,28.27000000000004,,23.49000000000001
2026-06-03,Kopiluhur,Terra,29.006205128205135,29.27000000000004,,
2026-06-05,Kopiluhur,Terra,28.20846153846159,28.130000000000052,,26.130000000000052
2026-06-06,Kopiluhur,Terra,28.876564102564107,28.470000000000027,21.307846153846196,19.670000000000016
2026-06-07,Kopiluhur,Terra,28.455333333333375,27.730000000000018,,25.77000000000004
2026-06-08,Kopiluhur,Terra,29.034717948717976,29.230000000000015,,25.510000000000048
2026-06-09,Kopiluhur,Terra,,,23.560051282051326,24.810000000000002
2026-06-10,Kopiluhur,Terra,27.995538461538473,27.33000000000004,,25.350000000000023
2026-06-11,Kopiluhur,Terra,29.40292307692312,29.090000000000032,,25.010000000000048
2026-06-15,Kopiluhur,Terra,26.181487179487235,27.310000000000002,,
2026-06-16,Kopiluhur,Terra,25.474615384615426,25.580805084745798,21.650820512820527,22.13785714285719
2026-06-17,Kopiluhur,Terra,,,23.561692307692315,24.130000000000052
2026-06-18,Kopiluhur,Terra,29.322102564102572,29.170000000000016,,25.630000000000052
2026-06-20,Kopiluhur,Terra,28.1200512820513,27.79000000000002,,23.170000000000016
2026-06-26,Kopiluhur,Terra,27.99297435897437,27.05000000000001,,19.510000000000048
2026-06-27,Kopiluhur,Terra,,,18.690000000000055,21.890000000000043
2026-06-28,Kopiluhur,Terra,29.03307692307697,29.130000000000052,,25.930000000000007
2026-07-01,Kopiluhur,Terra,29.527230769230812,29.170000000000016,,24.910000000000025
2026-07-02,Kopiluhur,Terra,28.090000000000032,28.05000000000001,,25.110000000000014
2026-07-03,Kopiluhur,Terra,26.99297872340428,27.310000000000002,,25.07000000000005
2026-07-06,Kopiluhur,Terra,29.429794871794893,28.850000000000023,24.349897435897457,24.170000000000016
2026-07-08,Kopiluhur,Terra,29.47225641025645,28.83000000000004,,24.810000000000002
2026-07-10,Kopiluhur,Terra,28.985282051282077,28.010000000000044,,24.590000000000032
2026-07-11,Kopiluhur,Terra,29.082205128205135,28.510000000000048,,
2026-07-13,Kopiluhur,Terra,28.7681538461539,28.130000000000052,,24.55000000000001
2026-07-16,Kopiluhur,Terra,,,23.653692307692342,23.57000000000005
2026-07-17,Kopiluhur,Terra,,,23.395333333333372,23.130000000000052
2026-07-18,Kopiluhur,Terra,28.984974358974405,28.350000000000023,,24.910000000000025
2026-07-20,Kopiluhur,Terra,29.292051282051315,28.490000000000006,,25.710000000000036
2026-07-22,Kopiluhur,Terra,,,24.550102564102577,24.07000000000005
2026-07-23,Kopiluhur,Terra,28.560051282051294,27.650000000000034,21.04117948717949,19.05000000000001
2026-07-25,Kopiluhur,Terra,29.29933333333335,28.350000000000026,,24.090000000000032
2026-07-26,Kopiluhur,Terra,29.87892307692312,29.510000000000048,22.64651282051285,22.410000000000025
2026-07-27,Kopiluhur,Terra,,,23.168256410256426,22.810000000000002
2026-07-28,Kopiluhur,Terra,27.70846153846159,27.590000000000032,,
2026-07-29,Kopiluhur,Terra,23.942765957446817,23.930000000000007,,
2026-07-30,Kopiluhur,Terra,,,24.141489361702178,24.710000000000036
2026-08-01,Kopiluhur,Terra,,,23.95615384615388,23.850000000000023
2026-08-02,Kopiluhur,Terra,29.711435897435948,28.77000000000004,,25.29000000000002
2026-08-04,Kopiluhur,Terra,30.152974358974394,29.350000000000023,,26.130000000000052
2026-08-05,Kopiluhur,Terra,31.353384615384655,30.730000000000018,22.79000000000002,23.010000000000048
2026-08-07,Kopiluhur,Terra,30.40169230769235,29.870000000000005,,25.730000000000018
2026-08-08,Kopiluhur,Terra,28.626307692307726,28.29000000000002,,
2026-08-09,Kopiluhur,Terra,29.492358974358986,28.130000000000052,17.633703703703752,17.970000000000027
2026-08-10,Kopiluhur,Terra,30.52733333333334,30.170000000000016,20.34169230769231,22.250000000000057
2026-08-12,Kopiluhur,Terra,31.101076923076956,30.03000000000003,,25.05000000000001
2026-08-13,Kopiluhur,Terra,30.42846153846154,29.350000000000023,,
2026-08-15,Kopiluhur,Terra,29.94487179487182,29.05000000000001,,20.870000000000005
2026-08-16,Kopiluhur,Terra,,,22.297487179487216,22.090000000000032
2026-08-17,Kopiluhur,Terra,28.208510638297923,27.910000000000025,23.74333333333335,23.49000000000001
2026-08-20,Kopiluhur,Terra,30.35923076923081,29.530000000000033,24.216769230769284,24.170000000000016
2026-08-21,Kopiluhur,Terra,,,22.410102564102587,22.510000000000048
2026-08-22,Kopiluhur,Terra,31.171538461538496,30.02108603667141,,25.410000000000025
2026-08-23,Kopiluhur,Terra,27.840461538461575,27.650000000000038,,
2026-08-24,Kopiluhur,Terra,30.26517948717954,29.630000000000052,,25.910000000000025
2026-08-25,Kopiluhur,Terra,32.40558974358978,31.390000000000043,,25.350000000000023
2026-08-27,Kopiluhur,Terra,31.375948717948738,30.69994082840241,,24.33000000000004
2026-08-28,Kopiluhur,Terra,31.045076923076962,30.970000000000027,,
2026-08-30,Kopiluhur,Terra,30.834307692307696,29.910000000000025,,
2026-09-01,Kopiluhur,Terra,31.240461538461577,30.850000000000023,,26.850000000000023
2026-09-02,Kopiluhur,Terra,31.07389743589748,29.830000000000037,,
2026-09-03,Kopiluhur,Terra,30.73092307692311,30.29000000000002,23.930000000000007,23.430000000000007
2026-09-06,Kopiluhur,Terra,30.728358974359004,30.150000000000038,,25.190000000000055
2026-09-07,Kopiluhur,Terra,29.783333333333353,29.55000000000001,,
2026-09-11,Kopiluhur,Terra,31.584666666666678,31.33000000000004,20.976358974359,23.29000000000002
2026-09-14,Kopiluhur,Terra,34.19933333333337,33.51000000000005,,25.010000000000048
2026-09-16,Kopiluhur,Terra,32.0931794871795,31.470000000000027,21.724871794871845,23.910000000000025
2026-09-17,Kopiluhur,Terra,30.513794871794918,29.470000000000027,20.888461538461563,20.190000000000055
2026-09-19,Kopiluhur,Terra,29.98446153846155,29.49000000000001,25.27000000000004,24.83000000000004
2026-09-20,Kopiluhur,Terra,,,24.523846153846204,23.610000000000014
2026-09-21,Kopiluhur,Terra,32.98374358974363,32.13000000000005,,23.130000000000052
2026-09-22,Kopiluhur,Terra,29.748871794871828,29.510000000000048,21.904358974359013,21.890000000000043
2026-09-23,Kopiluhur,Terra,32.90579487179489,32.639940828402416,,26.370000000000005
2019-01-06,Kopiluhur,Aqua,33.50600000000001,32.690000000000055,,
2019-01-10,Kopiluhur,Aqua,30.750000000000057,30.010000000000048,,
2019-01-29,Kopiluhur,Aqua,,,23.79000000000002,23.370000000000005
2019-02-06,Kopiluhur,Aqua,,,19.649259259259296,19.450000000000045
2019-02-07,Kopiluhur,Aqua,23.00805128205129,26.370000000000005,,
2019-02-13,Kopiluhur,Aqua,,,22.430000000000007,22.29000000000002
2019-02-14,Kopiluhur,Aqua,33.82829787234045,31.870000000000005,,
2019-03-04,Kopiluhur,Aqua,31.46641025641028,31.410000000000025,,
2019-03-15,Kopiluhur,Aqua,29.96558974358975,28.350000000000023,,
2019-03-27,Kopiluhur,Aqua,34.168051282051294,33.190000000000055,,
2019-03-29,Kopiluhur,Aqua,36.27082051282053,35.83000000000004,,
2019-04-07,Kopiluhur,Aqua,30.871025641025646,30.83000000000004,,
2019-04-14,Kopiluhur,Aqua,33.354410256410276,32.25000000000006,,
2019-04-17,Kopiluhur,Aqua,35.77625641025645,32.33000000000004,,
2019-04-22,Kopiluhur,Aqua,35.39348717948719,34.210000000000036,,
2019-05-03,Kopiluhur,Aqua,31.374615384615407,32.59000000000003,,
2019-05-05,Kopiluhur,Aqua,32.188871794871844,33.150000000000034,,
2019-05-06,Kopiluhur,Aqua,,,17.94887179487181,16.430000000000007
2019-05-07,Kopiluhur,Aqua,32.0240740740741,31.430000000000007,,
2019-05-08,Kopiluhur,Aqua,32.58302564102566,31.99000000000001,,
2019-05-10,Kopiluhur,Aqua,32.64938461538463,31.55000000000001,,
2019-05-11,Kopiluhur,Aqua,,,23.300666666666707,22.670000000000016
2019-05-12,Kopiluhur,Aqua,27.677872340425584,32.39000000000004,,16.430000000000007
2019-05-13,Kopiluhur,Aqua,28.630000000000052,28.810000000000002,22.190717948718,22.350000000000023
2019-05-14,Kopiluhur,Aqua,23.72374358974364,28.870000000000005,,
2019-05-17,Kopiluhur,Aqua,35.09153846153848,34.30333333333334,,
2019-05-19,Kopiluhur,Aqua,34.47317948717949,34.950000000000045,,
2019-05-21,Kopiluhur,Aqua,34.72589743589749,35.05000000000001,,
2019-05-22,Kopiluhur,Aqua,30.440974358974383,30.33000000000004,,
2019-05-23,Kopiluhur,Aqua,33.3741025641026,33.41523138833,,20.970000000000027
2019-05-24,Kopiluhur,Aqua,29.210000000000036,30.670000000000016,,
2019-05-25,Kopiluhur,Aqua,33.49400000000002,33.73000000000002,,23.310000000000002
2019-05-26,Kopiluhur,Aqua,34.851743589743606,35.03000000000003,,
2019-05-27,Kopiluhur,Aqua,,,23.310000000000002,22.690000000000055
2019-05-28,Kopiluhur,Aqua,35.23646153846157,34.950000000000045,,
2019-05-30,Kopiluhur,Aqua,33.84589743589747,32.73000000000002,,
2019-05-31,Kopiluhur,Aqua,29.82579487179489,30.110000000000014,,21.390000000000043
2019-06-01,Kopiluhur,Aqua,33.693589743589776,33.05000000000001,,
2019-06-02,Kopiluhur,Aqua,28.8292592592593,27.49000000000001,,
2019-06-05,Kopiluhur,Aqua,,,22.675538461538476,23.210000000000036
2019-06-06,Kopiluhur,Aqua,34.23051282051287,34.190000000000055,20.530740740740768,20.33000000000004
2019-06-08,Kopiluhur,Aqua,35.02651282051286,34.170000000000016,,
2019-06-09,Kopiluhur,Aqua,35.70579487179491,34.27000000000004,,
2019-06-11,Kopiluhur,Aqua,36.55964102564104,35.73000000000002,,
2019-06-12,Kopiluhur,Aqua,,,24.810000000000002,24.870000000000005
2019-06-13,Kopiluhur,Aqua,38.135128205128254,36.91610354223435,,
2019-06-16,Kopiluhur,Aqua,31.08353846153849,31.150000000000034,23.349794871794895,23.150000000000034
2019-06-17,Kopiluhur,Aqua,34.75051282051285,34.33000000000005,,22.190000000000055
2019-06-18,Kopiluhur,Aqua,36.21358974358976,35.710000000000036,,
2019-06-20,Kopiluhur,Aqua,38.389384615384635,37.13000000000005,21.25369230769233,20.350000000000023
2019-06-21,Kopiluhur,Aqua,,,19.638820512820548,18.650000000000034
2019-06-22,Kopiluhur,Aqua,35.42169230769233,34.170000000000016,,20.33000000000004
2019-06-23,Kopiluhur,Aqua,31.972461538461562,31.730000000000018,,21.210000000000036
2019-06-24,Kopiluhur,Aqua,34.55646153846155,35.85000000000002,,22.130000000000052
2019-06-25,Kopiluhur,Aqua,35.64035897435899,35.13000000000005,,21.590000000000032
2019-06-26,Kopiluhur,Aqua,33.9624102564103,32.70050167224085,,22.670000000000016
2019-06-27,Kopiluhur,Aqua,36.49656410256413,35.55000000000001,,
2019-06-29,Kopiluhur,Aqua,38.71605128205132,37.266477683956616,21.900871794871822,21.210000000000036
2019-06-30,Kopiluhur,Aqua,,33.190000000000055,21.419948717948724,21.190000000000055
2019-07-01,Kopiluhur,Aqua,37.429589743589766,36.09000000000003,20.91953846153847,20.650000000000034
2019-07-03,Kopiluhur,Aqua,34.59266666666671,34.110000000000014,,
2019-07-04,Kopiluhur,Aqua,35.926102564102564,35.43000000000001,,
2019-07-06,Kopiluhur,Aqua,36.85533333333337,36.34754208754211,,21.05000000000001
2019-07-07,Kopiluhur,Aqua,,,21.645384615384636,21.27000000000004
2019-07-08,Kopiluhur,Aqua,35.94015384615387,35.150000000000034,20.200358974359027,21.690000000000055
2019-07-09,Kopiluhur,Aqua,30.642307692307742,30.810000000000002,22.559846153846166,22.51000000000005
2019-07-10,Kopiluhur,Aqua,35.90958974358975,35.170000000000016,,22.810000000000002
2019-07-11,Kopiluhur,Aqua,35.836358974358994,35.05000000000001,,
2019-07-12,Kopiluhur,Aqua,33.11133333333335,32.51000000000005,,23.33000000000004
2019-07-13,Kopiluhur,Aqua,37.80271794871796,36.150000000000034,,23.430000000000007
2019-07-14,Kopiluhur,Aqua,,,16.83307692307696,17.510000000000048
2019-07-15,Kopiluhur,Aqua,38.785487179487234,37.16802631578949,,21.430000000000007
2019-07-16,Kopiluhur,Aqua,33.23933333333335,32.23000000000002,,20.950000000000045
2019-07-17,Kopiluhur,Aqua,37.56005128205131,36.59000000000003,22.3194358974359,21.77000000000004
2019-07-18,Kopiluhur,Aqua,33.41810256410258,33.33000000000004,,
2019-07-22,Kopiluhur,Aqua,40.5344102564103,39.280119047619074,,
2019-07-24,Kopiluhur,Aqua,39.89800000000004,37.690000000000055,,
2019-07-25,Kopiluhur,Aqua,32.489589743589754,32.85000000000002,21.20589743589747,20.850000000000023
2019-07-26,Kopiluhur,Aqua,35.06620512820515,33.26180064308686,,
2019-07-28,Kopiluhur,Aqua,34.01430769230772,33.910000000000025,21.2954358974359,20.99000000000001
2019-07-29,Kopiluhur,Aqua,40.55471794871799,39.53000000000003,18.690615384615437,18.710000000000036
2019-07-30,Kopiluhur,Aqua,,,21.745897435897444,23.590000000000032
2019-07-31,Kopiluhur,Aqua,41.05000000000001,39.190000000000055,22.932974358974366,22.29000000000002
2019-08-01,Kopiluhur,Aqua,32.10333333333334,32.710000000000036,23.212461538461575,22.690000000000055
2019-08-02,Kopiluhur,Aqua,38.3565641025641,38.410000000000025,,22.750000000000057
2019-08-03,Kopiluhur,Aqua,37.30076923076927,36.03000000000003,,22.79000000000002
2019-08-04,Kopiluhur,Aqua,37.66651282051283,36.85000000000002,,22.510000000000048
2019-08-05,Kopiluhur,Aqua,39.17430769230772,37.710000000000036,,
2019-08-06,Kopiluhur,Aqua,36.23225641025645,35.51000000000005,,
2019-08-07,Kopiluhur,Aqua,35.6080512820513,33.27000000000004,,
2019-08-08,Kopiluhur,Aqua,,,17.805384615384618,17.83000000000004
2019-08-09,Kopiluhur,Aqua,41.15738461538465,38.55000000000001,22.522410256410286,21.57000000000005
2019-08-10,Kopiluhur,Aqua,33.49000000000001,31.390000000000043,,17.910000000000025
2019-08-12,Kopiluhur,Aqua,35.59617021276601,34.23000000000002,,
2019-08-13,Kopiluhur,Aqua,35.85953846153848,35.57000000000005,,23.810000000000002
2019-08-14,Kopiluhur,Aqua,40.32907692307692,39.370000000000005,,
2019-08-16,Kopiluhur,Aqua,42.78435897435903,41.53000000000003,17.903846153846164,20.730000000000018
2019-08-17,Kopiluhur,Aqua,36.09133333333336,35.26000000000005,,21.410000000000025
2019-08-18,Kopiluhur,Aqua,40.92066666666667,39.75000000000006,,23.170000000000016
2019-08-19,Kopiluhur,Aqua,37.99964102564105,37.03000000000003,,22.890000000000043
2019-08-20,Kopiluhur,Aqua,38.214205128205144,37.01000000000005,,23.430000000000007
2019-08-21,Kopiluhur,Aqua,42.23246153846159,41.51000000000005,,
2019-08-22,Kopiluhur,Aqua,,,21.145282051282102,21.950000000000045
2019-08-23,Kopiluhur,Aqua,42.756974358974375,40.761192660550506,20.410000000000025,19.670000000000016
2019-08-25,Kopiluhur,Aqua,40.94825641025642,39.110000000000014,,19.950000000000045
2019-08-28,Kopiluhur,Aqua,37.77615384615386,37.01000000000005,,
2019-08-30,Kopiluhur,Aqua,37.66815384615386,38.011149425287414,,18.110000000000014
2019-09-01,Kopiluhur,Aqua,41.765487179487195,41.25000000000006,,
2019-09-03,Kopiluhur,Aqua,34.92682051282055,38.410000000000025,22.139743589743624,22.470000000000027
2019-09-05,Kopiluhur,Aqua,39.999128205128244,39.910000000000025,,21.690000000000055
2019-09-06,Kopiluhur,Aqua,43.93543589743592,42.690000000000055,,
2019-09-07,Kopiluhur,Aqua,35.74856410256413,36.110000000000014,,24.29000000000002
2019-09-08,Kopiluhur,Aqua,43.59430769230774,42.40012048192774,22.764358974359013,22.77000000000004
2019-09-10,Kopiluhur,Aqua,44.42271794871799,43.79159203980102,,23.670000000000016
2019-09-11,Kopiluhur,Aqua,39.61882051282054,39.43000000000001,,22.630000000000052
2019-09-12,Kopiluhur,Aqua,,,17.553829787234054,17.670000000000016
2019-09-13,Kopiluhur,Aqua,40.9409743589744,39.210000000000036,,
2019-09-14,Kopiluhur,Aqua,36.87276923076925,35.410000000000025,,21.510000000000048
2019-09-15,Kopiluhur,Aqua,40.15225641025642,39.370000000000005,,
2019-09-17,Kopiluhur,Aqua,39.40815384615389,37.79000000000002,23.181692307692362,23.010000000000048
2019-09-18,Kopiluhur,Aqua,33.151435897435945,33.51000000000005,21.59800000000003,21.890000000000043
2019-09-19,Kopiluhur,Aqua,41.95358974358975,40.84000000000003,,24.53000000000003
2019-09-21,Kopiluhur,Aqua,38.998923076923106,37.51000000000005,22.268153846153897,21.110000000000014
2019-09-22,Kopiluhur,Aqua,41.50846153846156,40.650000000000034,,
2019-09-24,Kopiluhur,Aqua,40.10661538461542,39.47000000000003,22.997589743589792,22.910000000000025
2019-09-26,Kopiluhur,Aqua,43.34158974358978,42.1577481840194,,
2019-09-28,Kopiluhur,Aqua,39.62394871794876,40.13000000000005,24.47978723404256,23.630000000000052
2019-10-01,Kopiluhur,Aqua,46.9880512820513,46.25000000000006,,
2019-10-03,Kopiluhur,Aqua,42.58579487179488,42.29634538152611,,
2019-10-04,Kopiluhur,Aqua,37.00312820512821,38.39000000000004,13.625384615384666,15.190000000000055
2019-10-05,Kopiluhur,Aqua,43.68148717948723,42.79000000000002,,24.860000000000014
2019-10-06,Kopiluhur,Aqua,38.950000000000045,40.05000000000001,,
2019-10-07,Kopiluhur,Aqua,,,24.18241025641027,23.730000000000018
2019-10-08,Kopiluhur,Aqua,45.911435897435936,44.27000000000004,,
2019-10-09,Kopiluhur,Aqua,37.8955384615385,37.99000000000001,,25.150000000000034
2019-10-10,Kopiluhur,Aqua,42.22897435897438,41.89000000000004,,17.05000000000001
2019-10-14,Kopiluhur,Aqua,42.27882051282052,41.455656565656604,24.824974358974398,24.250000000000057
2019-10-17,Kopiluhur,Aqua,42.73738461538465,40.57000000000005,,
2019-10-19,Kopiluhur,Aqua,,,23.454820512820557,23.170000000000016
2019-10-20,Kopiluhur,Aqua,36.804769230769246,35.910000000000025,,25.210000000000036
2019-10-21,Kopiluhur,Aqua,43.797076923076965,43.419958847736645,,25.77000000000004
2019-10-22,Kopiluhur,Aqua,41.00025641025644,40.13000000000005,,
2019-10-23,Kopiluhur,Aqua,,,24.466410256410303,23.890000000000043
2019-10-24,Kopiluhur,Aqua,39.409692307692346,38.410831408776005,,
2019-10-26,Kopiluhur,Aqua,44.61666666666671,44.417766990291284,,
2019-10-27,Kopiluhur,Aqua,,,23.176153846153863,22.810000000000002
2019-10-28,Kopiluhur,Aqua,39.66394871794876,39.190000000000055,24.38989743589748,23.710000000000036
2019-10-29,Kopiluhur,Aqua,36.924358974359016,35.870000000000005,,
2019-10-30,Kopiluhur,Aqua,38.636974358974406,39.25000000000006,,25.77000000000004
2019-10-31,Kopiluhur,Aqua,42.2798461538462,42.29000000000002,,
2019-11-04,Kopiluhur,Aqua,41.44638297872343,42.03000000000003,,
2019-11-06,Kopiluhur,Aqua,44.434000000000005,43.710000000000036,,25.430000000000007
2019-11-07,Kopiluhur,Aqua,41.55225641025642,41.03000000000003,,
2019-11-08,Kopiluhur,Aqua,42.687948717948764,41.98498973305956,,23.53000000000003
2019-11-09,Kopiluhur,Aqua,45.30825641025647,44.89000000000004,,
2019-11-11,Kopiluhur,Aqua,47.14476923076926,45.662378640776716,24.907846153846197,24.870000000000005
2019-11-15,Kopiluhur,Aqua,42.51000000000005,43.07000000000005,,
2019-11-16,Kopiluhur,Aqua,43.39912820512823,42.870000000000005,,24.590000000000032
2019-11-17,Kopiluhur,Aqua,40.179230769230784,40.150000000000034,,26.410000000000025
2019-11-19,Kopiluhur,Aqua,,,19.430000000000007,23.83000000000004
2019-11-22,Kopiluhur,Aqua,34.634468085106434,34.79000000000002,,
2019-11-23,Kopiluhur,Aqua,41.22989743589749,39.75000000000006,,
2019-11-27,Kopiluhur,Aqua,44.06425641025644,43.03666666666669,18.607128205128213,21.03000000000003
2019-11-29,Kopiluhur,Aqua,39.62723076923081,39.710000000000036,,
2019-12-06,Kopiluhur,Aqua,39.77676923076925,39.79000000000002,,
2019-12-20,Kopiluhur,Aqua,32.69808510638299,38.93000000000001,,
2019-12-24,Kopiluhur,Aqua,36.264666666666685,33.47000000000003,,
2020-01-14,Kopiluhur,Aqua,,,21.69174358974364,21.53000000000003
2020-02-13,Kopiluhur,Aqua,32.49000000000001,28.090000000000032,,
2020-02-14,Kopiluhur,Aqua,29.77000000000004,29.350000000000023,,
2020-03-11,Kopiluhur,Aqua,32.10610256410257,30.810000000000002,,
2020-03-15,Kopiluhur,Aqua,28.57000000000005,29.53000000000003,,
2020-03-25,Kopiluhur,Aqua,33.317872340425566,32.13000000000005,,
2020-04-01,Kopiluhur,Aqua,23.29000000000002,26.110000000000014,,
2020-04-05,Kopiluhur,Aqua,30.710000000000036,32.49000000000001,,
2020-04-09,Kopiluhur,Aqua,29.551948717948726,29.910000000000025,,
2020-04-10,Kopiluhur,Aqua,32.751063829787256,30.450000000000045,,
2020-04-17,Kopiluhur,Aqua,32.49051282051287,31.930000000000007,,
2020-04-24,Kopiluhur,Aqua,33.67246153846158,32.650000000000034,,
2020-04-29,Kopiluhur,Aqua,29.53000000000003,30.83000000000004,,
2020-05-02,Kopiluhur,Aqua,26.807037037037077,27.590000000000032,,
2020-05-03,Kopiluhur,Aqua,32.75102564102569,33.870000000000005,,
2020-05-14,Kopiluhur,Aqua,33.92958974358977,34.05000000000001,,
2020-05-16,Kopiluhur,Aqua,32.65369230769235,31.870000000000005,,
2020-05-25,Kopiluhur,Aqua,30.775435897435933,30.29000000000002,,
2020-05-30,Kopiluhur,Aqua,31.88969230769231,30.810000000000002,,
2020-05-31,Kopiluhur,Aqua,32.274000000000036,31.27000000000004,,23.090000000000032
2020-06-04,Kopiluhur,Aqua,33.08282051282054,33.09000000000003,,
2020-06-05,Kopiluhur,Aqua,30.766717948718004,30.470000000000027,,
2020-06-07,Kopiluhur,Aqua,,,22.481897435897476,21.130000000000052
2020-06-08,Kopiluhur,Aqua,31.851743589743606,31.797621359223314,,
2020-06-11,Kopiluhur,Aqua,30.501794871794882,29.470000000000027,,23.57000000000005
2020-06-12,Kopiluhur,Aqua,30.123025641025688,30.984841121495336,22.567641025641073,22.390000000000043
2020-06-13,Kopiluhur,Aqua,34.06682051282052,34.370000000000005,,
2020-06-17,Kopiluhur,Aqua,29.870000000000005,30.410000000000025,,
2020-06-20,Kopiluhur,Aqua,32.614205128205164,32.33000000000004,,
2020-06-26,Kopiluhur,Aqua,31.441589743589784,30.350000000000023,,23.77000000000004
2020-06-27,Kopiluhur,Aqua,32.46876923076924,31.390000000000043,,
2020-06-28,Kopiluhur,Aqua,33.64661538461543,32.99000000000001,,22.690000000000055
2020-06-29,Kopiluhur,Aqua,35.40558974358975,34.93000000000001,,
2020-07-01,Kopiluhur,Aqua,33.74856410256414,33.42692307692309,,
2020-07-05,Kopiluhur,Aqua,32.378717948717984,32.75113513513519,,
2020-07-07,Kopiluhur,Aqua,31.027333333333374,29.610000000000014,23.332051282051324,23.610000000000014
2020-07-08,Kopiluhur,Aqua,34.892974358974364,34.53000000000003,,
2020-07-10,Kopiluhur,Aqua,,,21.98558974358975,21.77000000000004
2020-07-11,Kopiluhur,Aqua,29.16292307692313,30.670000000000016,,
2020-07-12,Kopiluhur,Aqua,30.170102564102613,32.81,23.9455555555556,23.77000000000004
2020-07-13,Kopiluhur,Aqua,31.890205128205167,33.27000000000004,,
2020-07-14,Kopiluhur,Aqua,31.766000000000016,32.09000000000003,,
2020-07-16,Kopiluhur,Aqua,,,22.54111111111112,22.360322580645175
2020-07-17,Kopiluhur,Aqua,35.16651282051287,35.25959314775165,23.585282051282096,23.03000000000003
2020-07-18,Kopiluhur,Aqua,30.234042553191543,30.250000000000057,21.151025641025672,21.470000000000027
2020-07-19,Kopiluhur,Aqua,34.439743589743614,33.58253012048196,20.67892307692311,22.510000000000048
2020-07-20,Kopiluhur,Aqua,33.83000000000004,35.210000000000036,19.39553191489362,19.190000000000055
2020-07-21,Kopiluhur,Aqua,,,22.218307692307746,21.970000000000027
2020-07-22,Kopiluhur,Aqua,33.28138461538467,32.27000000000004,,
2020-07-24,Kopiluhur,Aqua,34.230102564102616,34.83000000000004,,23.57000000000005
2020-07-25,Kopiluhur,Aqua,,,23.259948717948756,22.37
2020-07-27,Kopiluhur,Aqua,35.00671794871796,33.27000000000004,,
2020-07-28,Kopiluhur,Aqua,34.70158974358976,33.23000000000002,,22.07000000000005
2020-07-29,Kopiluhur,Aqua,28.590000000000032,26.510000000000048,,
2020-07-30,Kopiluhur,Aqua,,,21.670000000000016,21.630000000000052
2020-07-31,Kopiluhur,Aqua,36.975128205128236,35.23000000000002,,
2020-08-02,Kopiluhur,Aqua,37.951846153846176,36.97569269521413,20.924461538461546,20.77000000000004
2020-08-07,Kopiluhur,Aqua,33.01358974358977,32.83000000000004,,
2020-08-08,Kopiluhur,Aqua,,,23.470000000000027,23.370000000000005
2020-08-09,Kopiluhur,Aqua,36.58405128205129,35.25000000000006,22.347846153846174,22.33000000000004
2020-08-14,Kopiluhur,Aqua,35.48548717948723,33.210000000000036,,
2020-08-15,Kopiluhur,Aqua,33.8241538461539,32.07000000000005,,22.470000000000027
2020-08-16,Kopiluhur,Aqua,37.18510638297876,37.250000000000064,,
2020-09-03,Kopiluhur,Aqua,40.41297435897436,35.35000000000002,,
2020-09-05,Kopiluhur,Aqua,41.73748717948723,40.57000000000005,,23.970000000000027
2020-09-06,Kopiluhur,Aqua,35.929179487179525,35.83000000000004,,
2020-09-07,Kopiluhur,Aqua,,,23.942615384615394,23.350000000000023
2020-09-09,Kopiluhur,Aqua,36.51000000000005,37.35000000000002,,
2020-09-10,Kopiluhur,Aqua,40.60353846153848,38.610000000000014,,
2020-09-12,Kopiluhur,Aqua,42.92312820512824,41.49000000000001,22.190000000000055,22.410000000000025
2020-09-14,Kopiluhur,Aqua,37.65482051282054,36.857034482758635,,23.850000000000023
2020-09-17,Kopiluhur,Aqua,40.000358974358996,39.203333333333376,,
2020-09-19,Kopiluhur,Aqua,42.989179487179506,42.33000000000004,,
2020-09-23,Kopiluhur,Aqua,36.671948717948766,35.01000000000005,,25.410000000000025
2020-09-26,Kopiluhur,Aqua,42.617487179487185,42.55000000000001,,
2020-09-30,Kopiluhur,Aqua,38.25000000000006,38.950000000000045,,
2020-10-01,Kopiluhur,Aqua,42.474410256410266,41.490000000000016,,
2020-10-03,Kopiluhur,Aqua,39.109076923076934,38.97000000000003,,
2020-10-04,Kopiluhur,Aqua,,,22.54897435897437,22.370000000000005
2020-10-06,Kopiluhur,Aqua,,,21.052974358974392,22.150000000000034
2020-10-07,Kopiluhur,Aqua,39.53482051282054,39.210000000000036,,
2020-10-12,Kopiluhur,Aqua,42.423538461538506,40.870000000000005,,
2020-11-07,Kopiluhur,Aqua,,,21.99000000000001,21.610000000000014
2020-11-12,Kopiluhur,Aqua,32.892769230769275,31.690000000000055,,24.870000000000005
2020-11-13,Kopiluhur,Aqua,38.88271794871799,39.856753246753264,,
2020-11-15,Kopiluhur,Aqua,37.433076923076925,38.63000000000005,,
2020-11-20,Kopiluhur,Aqua,33.02107692307697,33.09000000000003,,
2020-12-01,Kopiluhur,Aqua,30.80661538461539,31.210000000000036,,
2020-12-20,Kopiluhur,Aqua,33.27000000000004,32.79000000000002,,
2021-03-02,Kopiluhur,Aqua,33.10000000000005,33.910000000000025,,
2021-03-14,Kopiluhur,Aqua,32.63148936170216,32.950000000000045,,
2021-03-15,Kopiluhur,Aqua,,,21.950512820512827,21.970000000000027
2021-03-16,Kopiluhur,Aqua,32.71133333333335,30.99000000000001,,
2021-03-17,Kopiluhur,Aqua,33.11594871794876,32.13000000000005,,21.810000000000002
2021-03-18,Kopiluhur,Aqua,33.055106382978735,31.670000000000016,,
2021-04-08,Kopiluhur,Aqua,34.012358974359,32.55000000000001,22.29000000000002,22.230000000000018
2021-04-16,Kopiluhur,Aqua,31.781076923076974,30.27000000000004,,22.450000000000045
2021-04-19,Kopiluhur,Aqua,30.796769230769264,32.670000000000016,,20.350000000000023
2021-04-20,Kopiluhur,Aqua,35.01164102564103,35.85000000000002,,
2021-04-21,Kopiluhur,Aqua,32.94425641025645,32.710000000000036,,24.33000000000004
2021-04-22,Kopiluhur,Aqua,34.70497435897439,34.777792915531364,18.702978723404293,18.350000000000023
2021-04-24,Kopiluhur,Aqua,34.46343589743594,35.39000000000004,19.535230769230804,21.170000000000016
2021-04-25,Kopiluhur,Aqua,,,21.55841025641027,21.430000000000007
2021-04-26,Kopiluhur,Aqua,33.37123076923079,33.05000000000001,,24.170000000000016
2021-04-27,Kopiluhur,Aqua,32.14319148936171,33.910000000000025,,
2021-04-29,Kopiluhur,Aqua,34.461179487179535,33.25000000000006,,
2021-05-01,Kopiluhur,Aqua,,,18.318102564102585,20.810000000000002
2021-05-02,Kopiluhur,Aqua,,,21.65820512820516,21.850000000000023
2021-05-10,Kopiluhur,Aqua,36.071641025641036,35.690000000000055,,24.130000000000052
2021-05-11,Kopiluhur,Aqua,31.779435897435917,31.510000000000048,23.267230769230824,22.970000000000027
2021-05-14,Kopiluhur,Aqua,33.29594871794873,33.29000000000002,,24.29000000000002
2021-05-21,Kopiluhur,Aqua,,,24.204153846153893,24.350000000000023
2021-05-22,Kopiluhur,Aqua,35.79553191489365,34.870000000000005,,
2021-05-26,Kopiluhur,Aqua,33.510717948717954,33.710000000000036,,
2021-05-27,Kopiluhur,Aqua,30.516666666666694,28.850000000000023,,20.79000000000002
2021-05-28,Kopiluhur,Aqua,32.36312820512821,31.250000000000057,,
2021-05-30,Kopiluhur,Aqua,30.313282051282087,29.99000000000001,,24.090000000000032
2021-05-31,Kopiluhur,Aqua,33.73256410256412,34.370000000000005,,
2021-06-01,Kopiluhur,Aqua,,,22.99676923076924,23.430000000000007
2021-06-04,Kopiluhur,Aqua,30.73584615384617,30.690000000000055,,25.230000000000018
2021-06-05,Kopiluhur,Aqua,33.620871794871825,32.870000000000005,,
2021-06-06,Kopiluhur,Aqua,31.225384615384634,30.49000000000001,,
2021-06-07,Kopiluhur,Aqua,35.921282051282056,35.190000000000055,,
2021-06-09,Kopiluhur,Aqua,32.85000000000002,32.23000000000002,,
2021-06-11,Kopiluhur,Aqua,34.177589743589756,32.690000000000055,,
2021-06-13,Kopiluhur,Aqua,,32.190000000000055,23.391276595744724,23.250000000000057
2021-06-18,Kopiluhur,Aqua,32.410000000000025,30.03000000000003,,
2021-06-22,Kopiluhur,Aqua,32.05000000000001,32.410000000000025,,
2021-06-26,Kopiluhur,Aqua,,,21.850000000000023,21.970000000000027
2021-06-27,Kopiluhur,Aqua,32.01000000000005,30.190000000000055,,
2021-06-29,Kopiluhur,Aqua,33.91871794871799,33.700000000000045,,
2021-06-30,Kopiluhur,Aqua,34.15148936170214,34.110000000000014,,
2021-07-02,Kopiluhur,Aqua,34.22476923076926,34.670000000000016,22.390000000000043,21.890000000000043
2021-07-04,Kopiluhur,Aqua,35.43666666666669,35.20350649350654,23.094615384615416,23.110000000000014
2021-07-05,Kopiluhur,Aqua,32.59338461538463,32.03000000000003,,23.33000000000004
2021-07-06,Kopiluhur,Aqua,35.164358974359025,34.43000000000001,21.53000000000003,21.090000000000032
2021-07-07,Kopiluhur,Aqua,33.91071794871797,33.450000000000045,20.807025641025646,20.010000000000048
2021-07-08,Kopiluhur,Aqua,,,22.054307692307738,21.53000000000003
2021-07-10,Kopiluhur,Aqua,30.27133333333337,29.810000000000002,,
2021-07-11,Kopiluhur,Aqua,32.781076923076974,33.210000000000036,23.818615384615423,23.797034482758633
2021-07-18,Kopiluhur,Aqua,37.314205128205145,36.39000000000004,,
2021-07-20,Kopiluhur,Aqua,34.93964102564104,34.53000000000003,22.70241025641029,22.290000000000017
2021-07-21,Kopiluhur,Aqua,30.27000000000004,30.27000000000004,,20.27000000000004
2021-07-22,Kopiluhur,Aqua,,,24.394444444444456,22.33000000000004
2021-07-24,Kopiluhur,Aqua,33.99051282051286,31.810000000000002,,22.83000000000004
2021-07-25,Kopiluhur,Aqua,39.00651282051283,38.25000000000006,,
2021-07-26,Kopiluhur,Aqua,34.82538461538465,34.29000000000002,,22.390000000000043
2021-07-27,Kopiluhur,Aqua,37.83235897435901,37.05000000000001,,22.150000000000034
2021-07-29,Kopiluhur,Aqua,34.64405128205131,37.58319148936174,22.663846153846197,22.49000000000001
2021-07-30,Kopiluhur,Aqua,33.602102564102594,33.190000000000055,,
2021-08-01,Kopiluhur,Aqua,34.89625641025642,32.110000000000014,,
2021-08-02,Kopiluhur,Aqua,,31.170000000000016,23.434102564102606,23.450000000000045
2021-08-04,Kopiluhur,Aqua,,,23.802000000000003,23.29000000000002
2021-08-05,Kopiluhur,Aqua,37.739641025641056,37.31,,
2021-08-07,Kopiluhur,Aqua,30.501179487179527,29.950000000000045,,23.370000000000005
2021-08-08,Kopiluhur,Aqua,33.189076923076975,32.13000000000005,,
2021-08-10,Kopiluhur,Aqua,32.33000000000004,33.370000000000005,,
2021-08-11,Kopiluhur,Aqua,30.765384615384654,30.970000000000027,,23.170000000000016
2021-08-12,Kopiluhur,Aqua,37.92005128205132,37.05000000000001,,
2021-08-14,Kopiluhur,Aqua,38.13410256410258,38.09000000000003,,
2021-08-15,Kopiluhur,Aqua,35.65071794871796,35.25000000000006,,
2021-08-16,Kopiluhur,Aqua,36.649897435897465,33.09000000000003,,23.350000000000023
2021-08-17,Kopiluhur,Aqua,34.77246153846155,32.710000000000036,,
2021-08-18,Kopiluhur,Aqua,,35.59000000000003,21.870307692307737,21.650000000000034
2021-08-19,Kopiluhur,Aqua,33.728723404255334,32.77000000000004,,
2021-08-23,Kopiluhur,Aqua,29.137589743589782,35.55000000000001,,
2021-08-24,Kopiluhur,Aqua,35.534000000000006,34.704307304785935,,
2021-08-25,Kopiluhur,Aqua,35.87482051282051,35.35713178294575,,24.53000000000003
2021-08-26,Kopiluhur,Aqua,38.55369230769234,36.83000000000004,,
2021-08-28,Kopiluhur,Aqua,39.57758974358979,36.79000000000002,,
2021-09-01,Kopiluhur,Aqua,38.09328205128208,37.31,,
2021-09-02,Kopiluhur,Aqua,37.80989743589747,33.77000000000004,,
2021-09-04,Kopiluhur,Aqua,42.23102564102567,39.209881656804775,,
2021-09-08,Kopiluhur,Aqua,37.96097435897438,38.670000000000016,,23.370000000000005
2021-09-09,Kopiluhur,Aqua,38.06938461538464,37.07000000000005,,
2021-09-10,Kopiluhur,Aqua,38.34158974358978,37.55000000000001,,
2021-09-13,Kopiluhur,Aqua,38.102553191489406,35.110000000000014,,
2021-09-15,Kopiluhur,Aqua,,,19.096769230769244,17.930000000000007
2021-09-16,Kopiluhur,Aqua,35.153282051282076,33.670000000000016,,
2021-09-17,Kopiluhur,Aqua,36.380666666666706,34.710000000000036,23.62979487179492,23.33000000000004
2021-09-18,Kopiluhur,Aqua,37.97061538461541,36.51000000000005,,9.870000000000005
2021-09-24,Kopiluhur,Aqua,,,21.26195876288665,23.03000000000003
2021-09-25,Kopiluhur,Aqua,35.77133333333339,34.83000000000004,,
2021-09-26,Kopiluhur,Aqua,36.94907692307693,35.25000000000006,,
2021-09-29,Kopiluhur,Aqua,41.02158974358975,39.57000000000005,21.267037037037074,20.870000000000005
2021-10-01,Kopiluhur,Aqua,39.68200000000004,38.05000000000001,,
2021-10-02,Kopiluhur,Aqua,,,21.95307692307697,21.53000000000003
2021-10-03,Kopiluhur,Aqua,37.75000000000006,38.210000000000036,,
2021-10-07,Kopiluhur,Aqua,,,19.815957446808554,22.79000000000002
2021-10-08,Kopiluhur,Aqua,39.97978723404256,38.110000000000014,,
2021-10-09,Kopiluhur,Aqua,36.690000000000055,36.01000000000005,23.289179487179506,23.310000000000002
2021-10-10,Kopiluhur,Aqua,40.9435384615385,40.43000000000001,,
2021-10-12,Kopiluhur,Aqua,39.203829787234056,36.77000000000004,,
2021-10-13,Kopiluhur,Aqua,41.95266666666669,41.789247311827985,,
2021-10-22,Kopiluhur,Aqua,39.21276923076926,39.450000000000045,,
2021-11-04,Kopiluhur,Aqua,35.778307692307706,34.05000000000001,,
2021-12-08,Kopiluhur,Aqua,32.23133333333335,31.010000000000048,,
2022-02-17,Kopiluhur,Aqua,31.130000000000052,29.370000000000005,,
2022-03-10,Kopiluhur,Aqua,26.33000000000004,28.910000000000025,,
2022-03-17,Kopiluhur,Aqua,34.96446153846155,33.55000000000001,,
2022-03-26,Kopiluhur,Aqua,,,21.45789743589746,21.49000000000001
2022-03-31,Kopiluhur,Aqua,33.58364102564104,32.410000000000025,,
2022-04-25,Kopiluhur,Aqua,30.259333333333352,30.83000000000004,,
2022-04-29,Kopiluhur,Aqua,,,23.435538461538467,23.630000000000052
2022-05-06,Kopiluhur,Aqua,,,24.036974358974387,24.29000000000002
2022-05-15,Kopiluhur,Aqua,28.350000000000023,28.350000000000023,,
2022-05-18,Kopiluhur,Aqua,33.81974358974361,34.526196808510676,,
2022-05-20,Kopiluhur,Aqua,33.778923076923114,32.81,,
2022-05-22,Kopiluhur,Aqua,,,23.00497435897441,22.67000000000002
2022-05-23,Kopiluhur,Aqua,26.149794871794903,30.110000000000014,,
2022-05-27,Kopiluhur,Aqua,33.62548717948721,33.27000000000004,,19.090000000000032
2022-05-28,Kopiluhur,Aqua,,29.05000000000001,20.950000000000045,20.810000000000002
2022-05-29,Kopiluhur,Aqua,,,22.870000000000005,23.170000000000016
2022-06-03,Kopiluhur,Aqua,34.31,32.35000000000002,,
2022-06-05,Kopiluhur,Aqua,32.70384615384617,31.450000000000045,,
2022-06-10,Kopiluhur,Aqua,31.623230769230798,31.870000000000005,22.82297872340429,22.590000000000032
2022-06-28,Kopiluhur,Aqua,31.29882051282055,31.29000000000002,23.39861538461541,22.910000000000025
2022-06-30,Kopiluhur,Aqua,32.496769230769274,31.27000000000004,,21.05000000000001
2022-07-01,Kopiluhur,Aqua,33.33512820512821,33.25000000000006,,
2022-07-03,Kopiluhur,Aqua,32.183617021276646,32.690000000000055,,
2022-07-05,Kopiluhur,Aqua,34.25902564102566,34.55000000000001,,
2022-07-07,Kopiluhur,Aqua,29.32815384615388,29.970000000000027,,24.090000000000032
2022-07-08,Kopiluhur,Aqua,33.64282051282053,33.26301020408168,,
2022-07-09,Kopiluhur,Aqua,33.50251282051285,32.690000000000055,,20.350000000000023
2022-07-10,Kopiluhur,Aqua,32.885692307692345,32.53000000000003,19.27092307692311,19.03000000000003
2022-07-12,Kopiluhur,Aqua,30.3114814814815,31.230000000000018,,
2022-07-15,Kopiluhur,Aqua,31.331538461538504,30.890000000000043,,
2022-07-16,Kopiluhur,Aqua,,,22.79194871794874,22.29000000000002
2022-07-20,Kopiluhur,Aqua,,28.77000000000004,23.312051282051304,22.53000000000003
2022-07-21,Kopiluhur,Aqua,34.74641025641027,33.85365384615386,,
2022-07-24,Kopiluhur,Aqua,33.32753846153848,31.450000000000045,,
2022-07-26,Kopiluhur,Aqua,32.70394871794877,32.39000000000004,,
2022-07-28,Kopiluhur,Aqua,34.88764102564103,33.83975903614461,20.756461538461554,19.870000000000005
2022-07-31,Kopiluhur,Aqua,34.21625641025646,32.93000000000001,,
2022-08-01,Kopiluhur,Aqua,32.47830769230773,31.490000000000006,,
2022-08-04,Kopiluhur,Aqua,33.27246153846157,33.710000000000036,,
2022-08-07,Kopiluhur,Aqua,34.97184615384617,34.110000000000014,,21.250000000000057
2022-08-08,Kopiluhur,Aqua,33.87943589743593,33.170000000000016,,22.190000000000055
2022-08-09,Kopiluhur,Aqua,35.888666666666666,35.35000000000002,,
2022-08-11,Kopiluhur,Aqua,35.95010256410257,35.64049618320615,,
2022-08-16,Kopiluhur,Aqua,34.745384615384665,32.39000000000004,,
2022-08-17,Kopiluhur,Aqua,,30.170000000000016,24.185076923076974,23.29000000000002
2022-08-18,Kopiluhur,Aqua,36.76302564102566,36.610000000000014,,
2022-08-20,Kopiluhur,Aqua,32.4469230769231,34.110000000000014,,
2022-08-22,Kopiluhur,Aqua,33.31256410256416,30.610000000000014,,17.83000000000004
2022-08-23,Kopiluhur,Aqua,32.13964102564103,34.59000000000003,,
2022-08-24,Kopiluhur,Aqua,,,23.210000000000036,22.53000000000003
2022-08-25,Kopiluhur,Aqua,37.63000000000005,33.150000000000034,,
2022-08-29,Kopiluhur,Aqua,35.795743589743644,31.810000000000002,,22.690000000000055
2022-09-02,Kopiluhur,Aqua,,31.410000000000025,20.801111111111116,20.55000000000001
2022-09-05,Kopiluhur,Aqua,37.38046153846156,36.910000000000025,,
2022-09-06,Kopiluhur,Aqua,34.46579487179491,32.33000000000004,,
2022-09-07,Kopiluhur,Aqua,34.950000000000045,31.53000000000003,,
2022-09-12,Kopiluhur,Aqua,37.88489361702131,35.170000000000016,21.74897435897441,21.33000000000004
2022-09-15,Kopiluhur,Aqua,38.88035897435898,38.99000000000001,,
2022-09-17,Kopiluhur,Aqua,40.59164102564107,40.01000000000005,,
2022-09-19,Kopiluhur,Aqua,40.69225641025644,40.46404580152675,,
2022-09-26,Kopiluhur,Aqua,33.89871794871795,34.610000000000014,,
2022-09-27,Kopiluhur,Aqua,35.10384615384617,34.81,,
2022-09-28,Kopiluhur,Aqua,37.99902564102566,37.05000000000001,,
2022-09-30,Kopiluhur,Aqua,,,22.69127659574473,23.010000000000048
2022-10-12,Kopiluhur,Aqua,36.10128205128206,33.450000000000045,,
2023-03-11,Kopiluhur,Aqua,33.32825641025643,31.170000000000016,,
2023-03-13,Kopiluhur,Aqua,34.80364102564104,33.410000000000025,,
2023-03-16,Kopiluhur,Aqua,37.24210256410258,36.26000000000005,,
2023-03-23,Kopiluhur,Aqua,34.43646153846154,34.150000000000034,,
2023-04-20,Kopiluhur,Aqua,33.688153846153874,32.110000000000014,,
2023-04-22,Kopiluhur,Aqua,32.71635897435899,31.49000000000001,23.28744680851066,23.470000000000027
2023-04-24,Kopiluhur,Aqua,31.408564102564128,30.370000000000005,,
2023-04-27,Kopiluhur,Aqua,32.956769230769254,31.370000000000005,,
2023-05-13,Kopiluhur,Aqua,31.86629629629634,30.810000000000002,,23.390000000000043
2023-05-14,Kopiluhur,Aqua,,31.230000000000018,22.88548717948722,22.630000000000052
2023-05-15,Kopiluhur,Aqua,32.86497435897436,32.450000000000045,19.55000000000001,21.310000000000002
2023-05-16,Kopiluhur,Aqua,33.92743589743592,34.094581939799355,,
2023-05-17,Kopiluhur,Aqua,,,22.79769230769233,22.99000000000001
2023-05-20,Kopiluhur,Aqua,,,22.098410256410272,21.99000000000001
2023-05-21,Kopiluhur,Aqua,,,23.702307692307727,23.330000000000044
2023-05-22,Kopiluhur,Aqua,29.170000000000016,30.950000000000045,,23.650000000000034
2023-05-23,Kopiluhur,Aqua,33.25143589743593,33.410000000000025,,
2023-05-25,Kopiluhur,Aqua,36.58938461538466,36.39635135135139,24.25779487179491,23.970000000000027
2023-05-26,Kopiluhur,Aqua,,,22.588723404255347,22.650000000000034
2023-05-27,Kopiluhur,Aqua,,,23.594680851063842,24.310000000000002
2023-05-28,Kopiluhur,Aqua,,,21.33000000000004,21.710000000000036
2023-05-29,Kopiluhur,Aqua,31.082615384615426,30.690000000000055,22.89635897435898,23.110000000000014
2023-05-30,Kopiluhur,Aqua,33.086717948718,30.850000000000023,,
2023-06-01,Kopiluhur,Aqua,33.09041025641031,31.850000000000023,,19.150000000000034
2023-06-02,Kopiluhur,Aqua,29.315743589743608,29.970000000000027,,
2023-06-03,Kopiluhur,Aqua,32.733692307692344,34.99000000000001,,24.730000000000018
2023-06-08,Kopiluhur,Aqua,35.113692307692354,35.036454183266954,,21.610000000000014
2023-06-09,Kopiluhur,Aqua,,27.010000000000048,22.29000000000002,21.630000000000052
2023-06-10,Kopiluhur,Aqua,34.245692307692345,34.3484782608696,,22.610000000000014
2023-06-11,Kopiluhur,Aqua,32.689076923076954,34.110000000000014,,
2023-06-13,Kopiluhur,Aqua,33.23888888888891,32.110000000000014,,
2023-06-14,Kopiluhur,Aqua,,,21.19051282051287,21.910000000000025
2023-06-19,Kopiluhur,Aqua,30.35379487179487,29.970000000000027,,
2023-06-22,Kopiluhur,Aqua,34.39215384615389,34.150000000000034,22.533692307692334,22.690000000000055
2023-06-24,Kopiluhur,Aqua,33.12394871794873,31.950000000000045,,20.230000000000018
2023-06-26,Kopiluhur,Aqua,,,23.901702127659597,23.010000000000048
2023-06-27,Kopiluhur,Aqua,33.927025641025644,32.57000000000005,,
2023-06-29,Kopiluhur,Aqua,34.93635897435898,34.25000000000006,21.98353846153849,22.410000000000025
2023-06-30,Kopiluhur,Aqua,32.43000000000001,30.07000000000005,24.13379487179491,23.750000000000057
2023-07-01,Kopiluhur,Aqua,34.43933333333336,32.59000000000003,,
2023-07-06,Kopiluhur,Aqua,,33.33000000000004,22.20846153846157,21.57000000000005
2023-07-10,Kopiluhur,Aqua,34.32938461538463,33.29000000000002,22.210000000000036,21.810000000000002
2023-07-11,Kopiluhur,Aqua,34.841384615384655,34.07666666666671,,
2023-07-13,Kopiluhur,Aqua,,,23.235128205128223,22.010000000000048
2023-07-16,Kopiluhur,Aqua,35.95748717948719,34.610000000000014,,
2023-07-17,Kopiluhur,Aqua,32.7934871794872,32.13000000000005,,22.450000000000045
2023-07-18,Kopiluhur,Aqua,37.5718461538462,35.93000000000001,,20.99000000000001
2023-07-20,Kopiluhur,Aqua,36.951948717948724,35.73000000000002,,22.130000000000052
2023-07-21,Kopiluhur,Aqua,33.60569230769232,31.510000000000048,,14.390000000000043
2023-07-22,Kopiluhur,Aqua,35.24661538461544,33.950000000000045,,21.130000000000052
2023-07-25,Kopiluhur,Aqua,35.72025641025644,34.69726342711003,,
2023-07-26,Kopiluhur,Aqua,,,23.38777777777782,22.610000000000014
2023-07-27,Kopiluhur,Aqua,38.707230769230804,36.450000000000045,,22.29000000000002
2023-07-28,Kopiluhur,Aqua,35.86538461538461,35.33000000000004,,20.450000000000045
2023-07-29,Kopiluhur,Aqua,28.660153846153875,34.29000000000002,,23.430000000000007
2023-07-31,Kopiluhur,Aqua,,28.350000000000023,22.269361702127696,22.410000000000025
2023-08-01,Kopiluhur,Aqua,38.82343589743589,37.81,,
2023-08-02,Kopiluhur,Aqua,,,21.77000000000004,22.130000000000052
2023-08-03,Kopiluhur,Aqua,35.54620512820517,33.73000000000002,21.967037037037066,21.764825581395392
2023-08-04,Kopiluhur,Aqua,34.41974358974361,33.43000000000001,22.279333333333355,22.27000000000004
2023-08-05,Kopiluhur,Aqua,29.826615384615405,34.25000000000006,,23.430000000000007
2023-08-06,Kopiluhur,Aqua,36.33605128205129,34.63000000000005,,
2023-08-07,Kopiluhur,Aqua,29.901487179487184,30.690000000000055,,23.210000000000036
2023-08-08,Kopiluhur,Aqua,37.26569230769236,36.09000000000003,,23.27000000000004
2023-08-10,Kopiluhur,Aqua,37.09697435897441,36.550000000000004,,21.190000000000055
2023-08-11,Kopiluhur,Aqua,39.600256410256456,37.67000000000001,,22.090000000000032
2023-08-12,Kopiluhur,Aqua,35.12128205128208,35.170000000000016,,
2023-08-14,Kopiluhur,Aqua,,,21.430000000000007,20.83000000000004
2023-08-15,Kopiluhur,Aqua,39.54702564102567,38.793340961098416,,22.410000000000025
2023-08-16,Kopiluhur,Aqua,32.210000000000036,33.55000000000001,23.950000000000045,23.57000000000005
2023-08-17,Kopiluhur,Aqua,31.090000000000032,27.630000000000052,,22.010000000000048
2023-08-18,Kopiluhur,Aqua,37.08158974358975,34.75000000000006,21.192666666666714,21.170000000000016
2023-08-19,Kopiluhur,Aqua,33.26312820512822,32.63000000000005,,22.590000000000032
2023-08-20,Kopiluhur,Aqua,39.64917948717954,37.95205714285719,,
2023-08-22,Kopiluhur,Aqua,31.810000000000002,35.75000000000006,18.21246153846157,21.430000000000007
2023-08-23,Kopiluhur,Aqua,,,21.600051282051336,21.05000000000001
2023-08-24,Kopiluhur,Aqua,37.0689743589744,37.05000000000001,,22.57000000000005
2023-08-25,Kopiluhur,Aqua,38.20025641025644,37.210000000000036,19.651481481481515,19.690000000000055
2023-08-26,Kopiluhur,Aqua,,33.31,14.850000000000023,15.170000000000016
2023-08-27,Kopiluhur,Aqua,40.73276923076927,37.55000000000001,22.070205128205174,22.190000000000055
2023-08-28,Kopiluhur,Aqua,,,24.03000000000003,23.250000000000057
2023-08-29,Kopiluhur,Aqua,40.34528205128209,39.64157360406096,,
2023-08-31,Kopiluhur,Aqua,40.85123076923079,40.65011976047908,,22.410000000000025
2023-09-01,Kopiluhur,Aqua,41.26117948717952,40.796787564766845,,
2023-09-02,Kopiluhur,Aqua,31.15687179487184,33.85000000000002,,21.670000000000016
2023-09-03,Kopiluhur,Aqua,41.05984615384616,40.450000000000045,21.813384615384617,21.05000000000001
2023-09-04,Kopiluhur,Aqua,,,21.996461538461546,21.27000000000004
2023-09-05,Kopiluhur,Aqua,41.44856410256411,40.670000000000016,,
2023-09-06,Kopiluhur,Aqua,35.90774358974361,35.370000000000005,21.92925925925927,21.910000000000025
2023-09-07,Kopiluhur,Aqua,38.25984615384619,38.09000000000004,22.067446808510688,21.27000000000004
2023-09-08,Kopiluhur,Aqua,40.151435897435945,39.3346927374302,,
2023-09-09,Kopiluhur,Aqua,34.23461538461542,34.757710843373545,,21.930000000000007
2023-09-10,Kopiluhur,Aqua,42.85912820512824,41.53000000000003,19.935538461538506,19.650000000000034
2023-09-12,Kopiluhur,Aqua,40.6544102564103,39.910000000000025,23.126307692307723,22.150000000000034
2023-09-13,Kopiluhur,Aqua,38.625384615384625,38.981003039513695,23.230000000000018,22.670000000000016
2023-09-14,Kopiluhur,Aqua,36.98579487179488,34.39000000000004,,
2023-09-15,Kopiluhur,Aqua,41.30764102564105,39.25000000000006,,
2023-09-19,Kopiluhur,Aqua,40.58661538461541,37.844938574938595,,23.05000000000001
2023-09-20,Kopiluhur,Aqua,36.10435897435899,36.410000000000025,21.978820512820537,20.310000000000002
2023-09-21,Kopiluhur,Aqua,38.94271794871797,37.410000000000025,,24.250000000000057
2023-09-22,Kopiluhur,Aqua,41.68046153846157,40.29000000000002,,
2023-09-23,Kopiluhur,Aqua,,33.110000000000014,20.67957446808512,21.850000000000023
2023-09-24,Kopiluhur,Aqua,43.59389743589748,42.910000000000025,,
2023-09-25,Kopiluhur,Aqua,35.4712307692308,35.47000000000003,,25.250000000000057
2023-09-26,Kopiluhur,Aqua,42.88005128205132,42.35000000000002,,24.710000000000036
2023-09-27,Kopiluhur,Aqua,39.90764102564105,39.27000000000004,23.30897435897436,22.850000000000023
2023-09-28,Kopiluhur,Aqua,39.6128717948718,39.25000000000006,,24.49000000000001
2023-09-29,Kopiluhur,Aqua,43.21861538461543,41.6984454756381,,
2023-10-01,Kopiluhur,Aqua,44.99061538461541,43.57000000000005,,
2023-10-04,Kopiluhur,Aqua,39.52507692307694,39.03000000000003,,22.07000000000005
2023-10-05,Kopiluhur,Aqua,38.95769230769231,37.97000000000003,,25.190000000000055
2023-10-06,Kopiluhur,Aqua,44.73143589743594,44.02447963800909,,
2023-10-07,Kopiluhur,Aqua,,,23.160564102564116,23.930000000000007
2023-10-09,Kopiluhur,Aqua,38.592974358974374,37.49000000000001,,
2023-10-10,Kopiluhur,Aqua,38.158820512820554,36.950000000000045,24.010000000000048,23.210000000000036
2023-10-11,Kopiluhur,Aqua,35.69740740740744,38.27000000000004,,
2023-10-12,Kopiluhur,Aqua,36.266615384615434,35.51000000000005,,
2023-10-15,Kopiluhur,Aqua,35.096666666666714,40.46253926701574,,25.230000000000018
2023-10-16,Kopiluhur,Aqua,39.31676923076923,38.99000000000001,24.251333333333385,24.29000000000002
2023-10-17,Kopiluhur,Aqua,40.0624102564103,39.53000000000003,,25.230000000000018
2023-10-18,Kopiluhur,Aqua,39.62046153846158,40.2047398843931,,
2023-10-20,Kopiluhur,Aqua,41.481692307692335,40.89000000000004,,
2023-10-22,Kopiluhur,Aqua,43.59646153846158,42.23000000000002,,22.950000000000045
2023-10-24,Kopiluhur,Aqua,36.20948717948719,35.870000000000005,,
2023-10-25,Kopiluhur,Aqua,39.53205128205129,39.05000000000001,,
2023-10-27,Kopiluhur,Aqua,42.502410256410265,41.77000000000004,,
2023-10-28,Kopiluhur,Aqua,41.12394871794877,40.450000000000045,,24.850000000000023
2023-10-29,Kopiluhur,Aqua,43.8134871794872,42.97000000000003,,26.03000000000003
2023-10-30,Kopiluhur,Aqua,40.391743589743626,40.170000000000016,22.696153846153894,22.390000000000043
2023-10-31,Kopiluhur,Aqua,37.47882051282054,35.710000000000036,,
2023-11-01,Kopiluhur,Aqua,40.65769230769235,39.99000000000001,,23.210000000000036
2023-11-02,Kopiluhur,Aqua,,,24.260769230769277,23.590000000000032
2023-11-06,Kopiluhur,Aqua,42.63205128205131,41.870000000000005,,
2023-11-07,Kopiluhur,Aqua,37.65953846153851,36.52075757575761,18.05000000000001,21.010000000000048
2023-11-08,Kopiluhur,Aqua,37.575743589743595,37.450000000000045,22.70558974358978,22.810000000000002
2023-11-10,Kopiluhur,Aqua,38.67758974358978,38.59000000000003,17.873692307692348,17.430000000000007
2023-11-15,Kopiluhur,Aqua,41.60744680851065,40.47000000000003,,
2023-11-17,Kopiluhur,Aqua,,,24.55000000000001,24.05000000000001
2023-11-19,Kopiluhur,Aqua,39.74805128205133,38.870000000000005,,24.590000000000032
2023-11-20,Kopiluhur,Aqua,42.357076923076924,40.75000000000006,,
2023-11-22,Kopiluhur,Aqua,38.79000000000002,38.75000000000006,,
2023-11-23,Kopiluhur,Aqua,,,23.90200000000002,23.510000000000048
2023-12-06,Kopiluhur,Aqua,28.92617021276596,31.130000000000052,,
2023-12-11,Kopiluhur,Aqua,35.57000000000005,37.210000000000036,,
2023-12-12,Kopiluhur,Aqua,,,23.59740740740742,22.99000000000001
2023-12-13,Kopiluhur,Aqua,38.13000000000005,35.33000000000004,,
2023-12-16,Kopiluhur,Aqua,,37.910000000000025,17.52712820512825,19.390000000000043
2023-12-17,Kopiluhur,Aqua,,,22.999435897435927,23.350000000000023
2023-12-30,Kopiluhur,Aqua,39.14784615384618,38.39000000000004,,
2024-01-01,Kopiluhur,Aqua,35.31444444444448,31.79000000000002,,
2024-01-06,Kopiluhur,Aqua,36.44333333333334,37.97000000000003,,
2024-02-12,Kopiluhur,Aqua,,,22.927128205128234,22.890000000000043
2024-02-13,Kopiluhur,Aqua,30.430000000000007,29.750000000000057,,22.870000000000005
2024-02-19,Kopiluhur,Aqua,,,23.01533333333338,23.010000000000048
2024-02-29,Kopiluhur,Aqua,29.05000000000001,29.05000000000001,,
2024-03-19,Kopiluhur,Aqua,,,19.653179487179518,23.170000000000012
2024-03-20,Kopiluhur,Aqua,34.38230769230771,34.81,,
2024-03-21,Kopiluhur,Aqua,,,18.350000000000023,20.110000000000014
2024-03-30,Kopiluhur,Aqua,34.89184615384619,33.77000000000004,,
2024-04-02,Kopiluhur,Aqua,32.5118461538462,30.190000000000055,,
2024-04-03,Kopiluhur,Aqua,33.37235897435901,31.690000000000055,,
2024-04-08,Kopiluhur,Aqua,34.468564102564144,32.75000000000006,,
2024-04-15,Kopiluhur,Aqua,28.05000000000001,29.03000000000003,23.62569230769232,24.630000000000052
2024-04-16,Kopiluhur,Aqua,33.77666666666672,32.170000000000016,,
2024-04-20,Kopiluhur,Aqua,34.010000000000026,32.47000000000003,,
2024-04-29,Kopiluhur,Aqua,29.436051282051302,30.29000000000002,25.128518518518533,24.470000000000027
2024-04-30,Kopiluhur,Aqua,31.949897435897462,30.190000000000055,,
2024-05-02,Kopiluhur,Aqua,30.709692307692343,30.690000000000055,,
2024-05-04,Kopiluhur,Aqua,34.25164102564104,32.93000000000001,,
2024-05-05,Kopiluhur,Aqua,32.30846153846157,30.79000000000002,,
2024-05-06,Kopiluhur,Aqua,31.044461538461565,31.03000000000003,,23.310000000000002
2024-05-07,Kopiluhur,Aqua,35.49512820512823,35.359624060150395,21.959230769230796,21.890000000000043
2024-05-10,Kopiluhur,Aqua,32.76774358974364,31.190000000000055,,
2024-05-11,Kopiluhur,Aqua,32.23000000000002,31.49000000000001,,
2024-05-14,Kopiluhur,Aqua,31.65625641025642,31.230000000000018,,
2024-05-15,Kopiluhur,Aqua,32.33851282051285,31.410000000000025,,
2024-05-16,Kopiluhur,Aqua,31.828666666666706,31.05000000000001,20.510000000000048,20.310000000000002
2024-05-17,Kopiluhur,Aqua,35.63943589743591,34.99000000000001,,
2024-05-18,Kopiluhur,Aqua,,,21.434410256410285,22.03000000000003
2024-05-19,Kopiluhur,Aqua,34.61625641025644,34.13000000000005,,
2024-05-21,Kopiluhur,Aqua,33.210000000000036,33.110000000000014,,
2024-05-24,Kopiluhur,Aqua,29.950000000000045,29.49000000000001,,
2024-05-26,Kopiluhur,Aqua,,31.99000000000001,22.630000000000052,22.810000000000002
2024-05-27,Kopiluhur,Aqua,,29.170000000000016,22.59348717948721,22.570000000000046
2024-05-29,Kopiluhur,Aqua,33.73994871794875,33.86301020408165,,
2024-05-31,Kopiluhur,Aqua,29.304256410256425,27.49000000000001,22.20917948717952,22.450000000000042
2024-06-05,Kopiluhur,Aqua,31.090000000000032,31.250000000000057,23.77000000000004,23.710000000000036
2024-06-07,Kopiluhur,Aqua,33.46815384615389,33.59000000000003,20.32111111111111,20.590000000000032
2024-06-08,Kopiluhur,Aqua,32.093589743589796,32.29000000000002,,
2024-06-10,Kopiluhur,Aqua,32.73635897435899,32.190000000000055,,
2024-06-14,Kopiluhur,Aqua,31.098923076923125,30.010000000000048,,
2024-06-17,Kopiluhur,Aqua,33.67102564102566,33.64000000000004,,
2024-06-18,Kopiluhur,Aqua,,,20.66538461538465,22.450000000000045
2024-06-19,Kopiluhur,Aqua,35.129384615384645,34.27000000000004,,24.410000000000025
2024-06-20,Kopiluhur,Aqua,34.56846153846155,33.99000000000001,,
2024-06-21,Kopiluhur,Aqua,31.65871794871796,31.610000000000017,,23.630000000000052
2024-06-22,Kopiluhur,Aqua,34.2606666666667,34.450000000000045,,
2024-06-26,Kopiluhur,Aqua,31.81789743589744,30.370000000000005,,23.77000000000004
2024-06-30,Kopiluhur,Aqua,,,21.594717948718,22.03000000000003
2024-07-08,Kopiluhur,Aqua,30.236974358974393,29.930000000000007,,
2024-07-09,Kopiluhur,Aqua,30.950205128205134,31.010000000000048,,
2024-07-10,Kopiluhur,Aqua,,,23.773897435897453,23.29000000000002
2024-07-11,Kopiluhur,Aqua,33.65625641025645,32.9133284671533,,22.410000000000025
2024-07-12,Kopiluhur,Aqua,31.595948717948747,31.510000000000048,,21.83000000000004
2024-07-13,Kopiluhur,Aqua,33.20005128205131,33.33000000000004,,22.150000000000034
2024-07-14,Kopiluhur,Aqua,34.71020512820518,34.27000000000004,,
2024-07-15,Kopiluhur,Aqua,31.366820512820514,30.524062863795145,,21.630000000000052
2024-07-16,Kopiluhur,Aqua,35.14087179487181,35.08000000000004,21.90517948717951,21.930000000000007
2024-07-17,Kopiluhur,Aqua,,,19.55148148148153,19.210000000000036
2024-07-18,Kopiluhur,Aqua,32.32610256410257,31.83000000000004,,23.250000000000057
2024-07-19,Kopiluhur,Aqua,34.83871794871795,34.421826923076935,,
2024-07-20,Kopiluhur,Aqua,32.96169230769232,32.190000000000055,,23.79000000000002
2024-07-21,Kopiluhur,Aqua,36.839846153846196,35.780861423221005,15.795743589743608,17.190000000000055
2024-07-24,Kopiluhur,Aqua,35.37153846153848,35.55000000000001,,
2024-07-25,Kopiluhur,Aqua,33.25000000000006,32.63000000000005,,
2024-07-26,Kopiluhur,Aqua,34.70076923076926,34.79666666666668,,
2024-07-28,Kopiluhur,Aqua,35.52158974358975,35.13000000000005,,23.370000000000005
2024-07-29,Kopiluhur,Aqua,32.60692307692311,31.630000000000052,,22.710000000000036
2024-07-30,Kopiluhur,Aqua,35.56292307692312,35.150000000000034,,22.930000000000007
2024-07-31,Kopiluhur,Aqua,35.036461538461545,34.99000000000001,,
2024-08-01,Kopiluhur,Aqua,,25.010000000000048,21.977076923076933,22.930000000000007
2024-08-02,Kopiluhur,Aqua,34.5455555555556,32.23000000000002,,20.730000000000018
2024-08-04,Kopiluhur,Aqua,37.177282051282084,36.39000000000004,,24.55000000000001
2024-08-05,Kopiluhur,Aqua,35.16210256410261,34.49000000000001,20.559846153846163,19.83000000000004
2024-08-06,Kopiluhur,Aqua,33.231230769230784,32.710000000000036,22.618512820512873,22.07000000000005
2024-08-07,Kopiluhur,Aqua,30.45717948717951,30.390000000000043,,
2024-08-09,Kopiluhur,Aqua,31.876153846153848,36.01000000000005,20.036256410256456,19.110000000000014
2024-08-10,Kopiluhur,Aqua,,,22.97461538461541,22.930000000000007
2024-08-11,Kopiluhur,Aqua,34.36333333333337,33.93,,22.750000000000057
2024-08-12,Kopiluhur,Aqua,33.46815384615388,34.49000000000001,,
2024-08-13,Kopiluhur,Aqua,,,21.652153846153897,21.010000000000048
2024-08-14,Kopiluhur,Aqua,37.0457948717949,37.42167048054921,,21.150000000000034
2024-08-15,Kopiluhur,Aqua,32.30866666666668,31.730000000000018,,
2024-08-16,Kopiluhur,Aqua,37.19317948717952,36.99000000000001,,
2024-08-17,Kopiluhur,Aqua,36.404256410256416,36.139860834990095,,
2024-08-18,Kopiluhur,Aqua,33.338102564102584,33.53000000000003,,23.810000000000002
2024-08-19,Kopiluhur,Aqua,40.686820512820546,40.26167048054925,,23.150000000000034
2024-08-20,Kopiluhur,Aqua,34.5777948717949,34.27000000000004,,23.810000000000002
2024-08-21,Kopiluhur,Aqua,37.511025641025654,37.110000000000014,,
2024-08-24,Kopiluhur,Aqua,40.31400000000002,39.49000000000001,,21.750000000000057
2024-08-26,Kopiluhur,Aqua,36.09471794871796,39.23000000000002,,
2024-08-31,Kopiluhur,Aqua,39.974923076923126,39.31,23.53000000000003,22.970000000000027
2024-09-01,Kopiluhur,Aqua,,,22.510000000000048,22.810000000000002
2024-09-02,Kopiluhur,Aqua,38.08589743589748,38.09000000000003,,24.610000000000014
2024-09-03,Kopiluhur,Aqua,40.19994871794877,39.490000000000016,,
2024-09-04,Kopiluhur,Aqua,,30.350000000000023,17.466000000000005,21.850000000000023
2024-09-06,Kopiluhur,Aqua,,,23.212051282051316,22.810000000000002
2024-09-07,Kopiluhur,Aqua,37.85000000000002,36.410000000000025,,
2024-09-12,Kopiluhur,Aqua,37.552461538461586,37.08256157635472,,25.010000000000048
2024-09-13,Kopiluhur,Aqua,40.01256410256415,38.210000000000036,,
2024-09-14,Kopiluhur,Aqua,,28.750000000000057,21.99000000000001,20.850000000000023
2024-09-15,Kopiluhur,Aqua,38.445897435897486,37.150000000000034,,
2024-09-17,Kopiluhur,Aqua,40.63533333333335,40.170000000000016,,
2024-09-19,Kopiluhur,Aqua,35.855435897435896,35.51000000000005,,
2024-09-20,Kopiluhur,Aqua,39.374000000000024,38.650000000000034,,
2024-09-27,Kopiluhur,Aqua,34.81,34.85000000000002,,18.650000000000034
2024-09-28,Kopiluhur,Aqua,,,22.512769230769255,22.99000000000001
2024-10-04,Kopiluhur,Aqua,36.36702127659578,32.31,,
2024-10-05,Kopiluhur,Aqua,,,14.943641025641051,14.550000000000011
2024-10-07,Kopiluhur,Aqua,40.192769230769244,39.98000000000002,,
2024-10-08,Kopiluhur,Aqua,,,25.18425641025644,24.05000000000001
2024-10-09,Kopiluhur,Aqua,38.034615384615414,37.35000000000002,,
2024-10-11,Kopiluhur,Aqua,35.97000000000003,35.950000000000045,,
2024-10-12,Kopiluhur,Aqua,40.83533333333334,41.26000000000005,,
2024-10-17,Kopiluhur,Aqua,40.12323076923078,39.16071895424838,,
2024-10-19,Kopiluhur,Aqua,40.80610256410258,40.71994129158515,,
2024-10-21,Kopiluhur,Aqua,,36.27000000000004,24.690000000000055,24.110000000000014
2024-10-23,Kopiluhur,Aqua,,,22.549794871794887,23.210000000000036
2024-10-24,Kopiluhur,Aqua,38.332153846153865,38.710000000000036,,
2024-10-26,Kopiluhur,Aqua,40.32764102564103,38.75000000000006,,
2024-10-27,Kopiluhur,Aqua,40.150000000000034,40.31,,
2024-10-29,Kopiluhur,Aqua,42.64097435897441,42.210000000000036,,
2024-11-06,Kopiluhur,Aqua,41.670000000000016,41.670000000000016,,
2024-11-08,Kopiluhur,Aqua,35.988666666666674,34.47000000000003,,
2024-11-13,Kopiluhur,Aqua,35.69164102564108,36.610000000000014,,
2024-12-17,Kopiluhur,Aqua,29.83000000000004,27.510000000000048,,
2025-01-03,Kopiluhur,Aqua,30.19707692307696,29.49000000000001,,20.57000000000005
2025-01-05,Kopiluhur,Aqua,,,21.43923076923079,21.59000000000003
2025-02-12,Kopiluhur,Aqua,,,19.750000000000057,21.710000000000036
2025-02-22,Kopiluhur,Aqua,32.535641025641034,30.57000000000005,,
2025-03-05,Kopiluhur,Aqua,30.98661538461539,30.910000000000025,,
2025-03-09,Kopiluhur,Aqua,29.062102564102613,28.650000000000034,,
2025-04-11,Kopiluhur,Aqua,29.470000000000027,28.33000000000004,,
2025-04-16,Kopiluhur,Aqua,,,22.81810256410257,23.210000000000036
2025-04-24,Kopiluhur,Aqua,,,20.61769230769232,22.090000000000032
2025-04-25,Kopiluhur,Aqua,30.590000000000032,29.110000000000014,,
2025-04-26,Kopiluhur,Aqua,29.169179487179516,28.590000000000032,,
2025-04-27,Kopiluhur,Aqua,28.283333333333335,29.040493827160514,,
2025-04-29,Kopiluhur,Aqua,31.989384615384637,32.51000000000005,,23.03000000000003
2025-05-01,Kopiluhur,Aqua,26.17246153846157,28.390000000000043,,23.650000000000034
2025-05-06,Kopiluhur,Aqua,31.332871794871814,30.650000000000034,,
2025-05-07,Kopiluhur,Aqua,33.172358974358986,32.93000000000001,,
2025-05-14,Kopiluhur,Aqua,29.324051282051293,27.49000000000001,,
2025-05-16,Kopiluhur,Aqua,28.749179487179507,27.910000000000025,,
2025-05-20,Kopiluhur,Aqua,32.4543076923077,31.350000000000023,,
2025-05-29,Kopiluhur,Aqua,32.01810256410261,31.450000000000045,25.165531914893627,24.870000000000005
2025-05-30,Kopiluhur,Aqua,32.82794871794876,31.870000000000005,,
2025-06-01,Kopiluhur,Aqua,,,22.126808510638348,22.170000000000016
2025-06-04,Kopiluhur,Aqua,33.73358974358978,34.57762135922334,,
2025-06-05,Kopiluhur,Aqua,,,19.880425531914938,21.310000000000002
2025-06-06,Kopiluhur,Aqua,32.255538461538514,32.07000000000005,,
2025-06-07,Kopiluhur,Aqua,33.09543589743591,32.33000000000004,,21.110000000000014
2025-06-08,Kopiluhur,Aqua,33.05000000000001,31.03000000000003,,
2025-06-12,Kopiluhur,Aqua,30.54005128205133,30.890000000000043,21.51174358974363,21.450000000000045
2025-06-21,Kopiluhur,Aqua,30.630000000000052,30.190000000000055,,
2025-06-23,Kopiluhur,Aqua,31.379948717948757,31.019759036144617,,
2025-06-24,Kopiluhur,Aqua,28.191435897435927,27.310000000000002,,
2025-06-26,Kopiluhur,Aqua,33.47041025641026,33.35000000000002,,
2025-06-28,Kopiluhur,Aqua,,,20.608936170212814,21.610000000000014
2025-07-04,Kopiluhur,Aqua,31.587641025641073,30.370000000000005,,
2025-07-08,Kopiluhur,Aqua,,,23.090000000000032,22.170000000000016
2025-07-09,Kopiluhur,Aqua,32.387948717948724,31.950000000000045,22.690000000000055,21.730000000000018
2025-07-10,Kopiluhur,Aqua,30.996666666666705,29.670000000000016,,20.29000000000002
2025-07-11,Kopiluhur,Aqua,30.06343589743591,29.390000000000043,,
2025-07-12,Kopiluhur,Aqua,24.369384615384636,28.595671140939622,,
2025-07-17,Kopiluhur,Aqua,,,21.481692307692352,20.870000000000005
2025-07-19,Kopiluhur,Aqua,33.088974358974404,31.950000000000045,,21.690000000000055
2025-07-20,Kopiluhur,Aqua,33.29194871794877,32.359444444444456,,
2025-07-21,Kopiluhur,Aqua,33.117179487179534,32.35000000000002,,20.29000000000002
2025-07-22,Kopiluhur,Aqua,33.24589743589745,32.58000000000004,20.57205128205133,20.890000000000043
2025-07-24,Kopiluhur,Aqua,33.55758974358975,33.25000000000006,,24.450000000000045
2025-07-25,Kopiluhur,Aqua,31.901702127659593,30.230000000000018,,
2025-07-26,Kopiluhur,Aqua,30.940666666666676,30.110000000000014,,24.55000000000001
2025-07-27,Kopiluhur,Aqua,33.52046153846155,33.190000000000055,,24.470000000000027
2025-07-28,Kopiluhur,Aqua,,,24.02661538461543,23.170000000000016
2025-07-29,Kopiluhur,Aqua,33.17256410256414,31.59000000000003,,
2025-07-30,Kopiluhur,Aqua,28.961111111111133,29.27000000000004,,
2025-07-31,Kopiluhur,Aqua,29.13953846153847,28.230000000000018,,23.33000000000004
2025-08-01,Kopiluhur,Aqua,34.844769230769266,34.03000000000003,,22.950000000000045
2025-08-02,Kopiluhur,Aqua,33.150000000000034,31.910000000000025,21.96958974358977,21.970000000000027
2025-08-03,Kopiluhur,Aqua,33.01800000000001,31.77000000000004,,
2025-08-06,Kopiluhur,Aqua,34.24517948717952,33.670000000000016,22.393589743589786,22.650000000000034
2025-08-08,Kopiluhur,Aqua,29.75676923076925,28.750000000000057,,22.370000000000005
2025-08-11,Kopiluhur,Aqua,32.4872307692308,31.07000000000005,,
2025-08-14,Kopiluhur,Aqua,31.271489361702148,28.730000000000018,,
2025-08-15,Kopiluhur,Aqua,,,21.650000000000034,21.250000000000057
2025-08-16,Kopiluhur,Aqua,33.56200000000001,33.07000000000005,,
2025-08-17,Kopiluhur,Aqua,35.20507692307697,33.41437978560492,,21.310000000000002
2025-08-23,Kopiluhur,Aqua,30.683128205128238,30.53000000000003,24.027446808510668,23.29000000000002
2025-08-24,Kopiluhur,Aqua,33.17082051282053,31.910000000000025,,22.230000000000018
2025-08-25,Kopiluhur,Aqua,,,23.77379487179489,23.870000000000005
2025-08-26,Kopiluhur,Aqua,34.7546153846154,34.35000000000002,20.53902564102569,22.03000000000003
2025-08-28,Kopiluhur,Aqua,,,21.370000000000005,21.190000000000055
2025-08-31,Kopiluhur,Aqua,32.34764102564103,30.970000000000027,,
2025-09-01,Kopiluhur,Aqua,33.886307692307696,32.57000000000005,,
2025-09-03,Kopiluhur,Aqua,33.542205128205175,33.610000000000014,,24.55000000000001
2025-09-05,Kopiluhur,Aqua,32.30087179487183,32.33000000000004,22.4731794871795,21.310000000000002
2025-09-08,Kopiluhur,Aqua,34.53287179487182,34.870000000000005,,
2025-09-13,Kopiluhur,Aqua,21.410000000000025,27.730000000000018,22.466000000000008,22.310000000000002
2025-09-21,Kopiluhur,Aqua,35.31502564102566,34.79000000000002,,
2025-09-22,Kopiluhur,Aqua,30.548051282051325,31.210000000000036,,
2025-09-23,Kopiluhur,Aqua,37.95625641025645,38.33000000000004,,
2025-09-24,Kopiluhur,Aqua,35.710410256410306,34.89000000000004,,
2025-09-26,Kopiluhur,Aqua,35.73830769230773,35.78274900398409,,21.090000000000032
2025-10-03,Kopiluhur,Aqua,,,21.83000000000004,22.27000000000004
2025-10-04,Kopiluhur,Aqua,33.10415384615386,34.53726342711,,
2025-10-08,Kopiluhur,Aqua,29.750000000000057,29.970000000000027,,23.610000000000014
2025-10-11,Kopiluhur,Aqua,30.376871794871835,29.83000000000004,,21.230000000000018
2025-10-13,Kopiluhur,Aqua,32.210000000000036,32.190000000000055,,
2025-10-14,Kopiluhur,Aqua,36.49789743589744,36.53429508196724,,
2025-10-16,Kopiluhur,Aqua,35.466205128205175,35.01762135922334,,
2025-10-18,Kopiluhur,Aqua,32.46435897435899,32.31,,
2026-03-14,Kopiluhur,Aqua,18.610923076923093,21.55000000000001,,
2026-03-19,Kopiluhur,Aqua,19.790820512820535,23.150000000000034,,
2026-03-20,Kopiluhur,Aqua,30.30382978723408,31.250000000000057,,
2026-03-29,Kopiluhur,Aqua,30.970000000000027,30.350000000000023,,
2026-04-01,Kopiluhur,Aqua,31.741179487179522,31.090000000000032,,
2026-04-06,Kopiluhur,Aqua,33.47389743589744,32.49000000000001,22.950000000000045,22.810000000000002
2026-04-17,Kopiluhur,Aqua,32.10005128205131,31.910000000000025,,
2026-04-20,Kopiluhur,Aqua,32.36928205128208,30.690000000000055,,
2026-04-24,Kopiluhur,Aqua,30.732564102564154,30.190000000000055,,
2026-04-25,Kopiluhur,Aqua,,,22.62753846153851,22.53000000000003
2026-04-26,Kopiluhur,Aqua,,,22.950000000000045,23.33000000000004
2026-05-01,Kopiluhur,Aqua,,,19.712871794871845,22.14758576874209
2026-05-02,Kopiluhur,Aqua,,23.870000000000005,24.83717948717951,24.190000000000055
2026-05-09,Kopiluhur,Aqua,,,22.630000000000052,22.55000000000001
2026-05-10,Kopiluhur,Aqua,31.374307692307713,31.708478260869605,,
2026-05-12,Kopiluhur,Aqua,30.047641025641052,30.110000000000014,,24.690000000000055
2026-05-13,Kopiluhur,Aqua,31.947333333333358,32.57000000000005,,
2026-05-20,Kopiluhur,Aqua,,,22.030615384615395,22.370000000000005
2026-05-21,Kopiluhur,Aqua,28.851025641025682,30.370000000000005,,
2026-05-25,Kopiluhur,Aqua,30.154820512820528,28.450000000000045,,22.190000000000055
2026-05-26,Kopiluhur,Aqua,29.246102564102582,30.05000000000001,,
2026-05-28,Kopiluhur,Aqua,27.987948717948743,29.910000000000025,,23.33000000000004
2026-05-31,Kopiluhur,Aqua,28.22425641025644,27.83000000000004,21.405897435897458,21.650000000000034
2026-06-02,Kopiluhur,Aqua,30.57584615384618,31.49000000000001,21.899025641025645,21.99000000000001
2026-06-03,Kopiluhur,Aqua,31.378000000000004,30.130000000000052,,
2026-06-05,Kopiluhur,Aqua,31.659641025641058,31.980000000000018,24.308564102564105,23.590000000000032
2026-06-07,Kopiluhur,Aqua,31.944358974358998,31.890000000000047,,23.630000000000052
2026-06-08,Kopiluhur,Aqua,32.03871794871798,32.43000000000001,22.670000000000023,22.250000000000057
2026-06-10,Kopiluhur,Aqua,30.653589743589794,30.810000000000002,,22.53000000000003
2026-06-11,Kopiluhur,Aqua,31.518923076923087,32.190000000000055,,
2026-06-14,Kopiluhur,Aqua,,,21.819435897435937,21.750000000000057
2026-06-15,Kopiluhur,Aqua,30.075435897435906,30.230000000000018,,21.970000000000027
2026-06-18,Kopiluhur,Aqua,32.62835897435899,32.690000000000055,,22.57000000000005
2026-06-20,Kopiluhur,Aqua,29.290717948717987,29.57000000000005,,22.29000000000002
2026-06-21,Kopiluhur,Aqua,,32.23000000000002,19.87266666666667,19.390000000000043
2026-06-26,Kopiluhur,Aqua,31.862410256410275,31.75677290836658,,
2026-06-28,Kopiluhur,Aqua,32.33482051282055,31.730000000000018,,22.77000000000004
2026-06-29,Kopiluhur,Aqua,33.46661538461542,32.870000000000005,,
2026-07-01,Kopiluhur,Aqua,32.709282051282074,32.33000000000004,,22.150000000000034
2026-07-02,Kopiluhur,Aqua,,29.55000000000001,22.230000000000018,22.27000000000004
2026-07-04,Kopiluhur,Aqua,31.275744680851105,29.33000000000004,,20.690000000000055
2026-07-05,Kopiluhur,Aqua,,,21.949487179487225,22.27000000000004
2026-07-06,Kopiluhur,Aqua,31.282000000000053,31.01698979591841,,25.07000000000005
2026-07-07,Kopiluhur,Aqua,32.43543589743592,30.730000000000018,,23.450000000000045
2026-07-08,Kopiluhur,Aqua,32.16682051282056,31.470000000000027,,22.55000000000001
2026-07-09,Kopiluhur,Aqua,33.95615384615389,32.690000000000055,,21.250000000000057
2026-07-10,Kopiluhur,Aqua,27.943846153846177,27.950000000000045,,21.730000000000018
2026-07-11,Kopiluhur,Aqua,30.600769230769277,30.310000000000006,,21.110000000000014
2026-07-14,Kopiluhur,Aqua,32.18241025641027,31.67000000000002,,22.950000000000045
2026-07-16,Kopiluhur,Aqua,31.80907692307694,31.17000000000002,,22.310000000000002
2026-07-19,Kopiluhur,Aqua,32.47851282051285,31.76301020408168,,
2026-07-20,Kopiluhur,Aqua,,,20.300051282051285,20.230000000000018
2026-07-22,Kopiluhur,Aqua,33.689897435897485,32.33000000000004,,
2026-07-23,Kopiluhur,Aqua,,,16.703333333333383,17.650000000000034
2026-07-24,Kopiluhur,Aqua,34.05851282051283,32.420000000000016,,22.810000000000002
2026-07-25,Kopiluhur,Aqua,32.164153846153894,32.25456521739136,,
2026-07-26,Kopiluhur,Aqua,32.75400000000002,31.810000000000002,,20.33000000000004
2026-07-27,Kopiluhur,Aqua,33.89194871794872,33.35000000000002,,22.07000000000005
2026-07-29,Kopiluhur,Aqua,30.487128205128247,29.926064516129046,,21.130000000000052
2026-08-01,Kopiluhur,Aqua,32.350512820512854,31.79000000000002,22.630000000000052,22.690000000000055
2026-08-02,Kopiluhur,Aqua,32.47000000000003,31.350000000000023,,20.07000000000005
2026-08-03,Kopiluhur,Aqua,31.45389743589746,31.49000000000001,23.450000000000045,22.890000000000043
2026-08-04,Kopiluhur,Aqua,32.71410256410262,33.43000000000001,,22.210000000000036
2026-08-06,Kopiluhur,Aqua,33.17697435897439,33.03000000000004,,23.53000000000003
2026-08-07,Kopiluhur,Aqua,29.880769230769236,29.33000000000004,,
2026-08-08,Kopiluhur,Aqua,31.306410256410274,31.250000000000057,,22.850000000000023
2026-08-09,Kopiluhur,Aqua,29.867333333333338,28.650000000000034,,
2026-08-10,Kopiluhur,Aqua,29.838512820512822,30.210000000000036,,24.190000000000055
2026-08-11,Kopiluhur,Aqua,34.30066666666671,33.77000000000004,,22.450000000000045
2026-08-12,Kopiluhur,Aqua,33.04774358974362,32.99000000000001,,
2026-08-14,Kopiluhur,Aqua,34.556871794871824,34.23000000000002,22.05000000000001,21.590000000000032
2026-08-17,Kopiluhur,Aqua,32.64148717948719,31.190000000000055,20.891948717948743,20.29000000000002
2026-08-20,Kopiluhur,Aqua,31.631333333333345,30.210000000000036,,
2026-08-21,Kopiluhur,Aqua,31.773179487179544,31.19000000000005,,23.630000000000052
2026-08-22,Kopiluhur,Aqua,34.87933333333335,34.27000000000004,,23.510000000000048
2026-08-24,Kopiluhur,Aqua,33.674410256410304,33.59000000000003,17.30340425531917,21.27000000000004
2026-08-25,Kopiluhur,Aqua,33.44887179487182,33.355807622504564,,
2026-08-27,Kopiluhur,Aqua,,26.910000000000025,23.650000000000034,22.750000000000057
2026-08-28,Kopiluhur,Aqua,33.83317948717949,33.63000000000005,,21.510000000000048
2026-08-29,Kopiluhur,Aqua,31.911743589743626,31.310000000000002,,22.710000000000036
2026-08-30,Kopiluhur,Aqua,34.29482051282055,33.51782208588961,22.842102564102568,22.33000000000004
2026-09-01,Kopiluhur,Aqua,33.15010256410261,33.25000000000006,,22.83000000000004
2026-09-02,Kopiluhur,Aqua,33.698923076923094,33.190000000000055,,
2026-09-03,Kopiluhur,Aqua,31.554205128205158,31.050000000000008,,23.77000000000004
2026-09-04,Kopiluhur,Aqua,36.07020512820515,35.97000000000003,,24.310000000000002
2026-09-05,Kopiluhur,Aqua,33.47933333333334,33.33000000000004,21.816358974358977,21.730000000000018
2026-09-06,Kopiluhur,Aqua,34.69348717948719,33.89000000000004,,21.410000000000025
2026-09-07,Kopiluhur,Aqua,34.09020512820517,33.98264069264071,,
2026-09-08,Kopiluhur,Aqua,,,22.255333333333386,22.150000000000034
2026-09-09,Kopiluhur,Aqua,34.54138461538466,33.53000000000003,17.807333333333354,18.850000000000023
2026-09-10,Kopiluhur,Aqua,,,22.154923076923108,22.210000000000036
2026-09-12,Kopiluhur,Aqua,34.30979487179489,33.910000000000025,,
2026-09-14,Kopiluhur,Aqua,34.091948717948725,34.01744525547449,22.414468085106407,22.390000000000043
2026-09-15,Kopiluhur,Aqua,33.409282051282055,33.49000000000001,,
2026-09-16,Kopiluhur,Aqua,30.089179487179496,30.110000000000017,23.853829787234062,23.510000000000048
2026-09-17,Kopiluhur,Aqua,34.754102564102574,34.63000000000005,22.56856410256415,22.370000000000005
2026-09-19,Kopiluhur,Aqua,31.843538461538465,30.210000000000036,,
2026-09-20,Kopiluhur,Aqua,34.47000000000003,33.81,,
2026-09-21,Kopiluhur,Aqua,,,22.969897435897447,22.150000000000034
