date,tpa_nama,sensor,day_tpa,day_ring,night_tpa,night_ring
2019-01-04,Pesalakan,Terra,31.15472361809048,31.079655172413837,,
2019-01-06,Pesalakan,Terra,32.02889447236183,31.580323886639714,,
2019-02-07,Pesalakan,Terra,27.93723618090454,28.650000000000034,,
2019-02-09,Pesalakan,Terra,31.738844221105555,31.77000000000004,,
2019-02-14,Pesalakan,Terra,30.785075376884446,30.33000000000004,,
2019-02-16,Pesalakan,Terra,30.084773869346755,30.33000000000004,,
2019-02-18,Pesalakan,Terra,32.234126984127,31.590000000000032,,
2019-02-23,Pesalakan,Terra,31.633618090452295,31.254892966360913,,
2019-02-25,Pesalakan,Terra,32.471105527638215,32.35000000000002,,
2019-02-26,Pesalakan,Terra,28.74608040201008,28.690000000000055,,
2019-03-29,Pesalakan,Terra,32.41130653266335,32.51000000000005,,
2019-03-31,Pesalakan,Terra,32.52455782312928,32.55000000000001,,
2019-04-03,Pesalakan,Terra,30.090000000000032,30.57000000000005,,
2019-04-07,Pesalakan,Terra,35.522964824120635,34.85000000000002,,
2019-04-25,Pesalakan,Terra,29.324800000000053,29.430000000000007,,
2019-04-30,Pesalakan,Terra,30.3862814070352,30.890000000000043,,
2019-05-03,Pesalakan,Terra,29.210000000000036,27.350000000000023,,
2019-05-04,Pesalakan,Terra,30.669597989949786,30.690000000000055,23.922462311557812,23.305000000000007
2019-05-05,Pesalakan,Terra,33.13582914572866,32.410000000000025,19.350000000000023,21.350000000000023
2019-05-09,Pesalakan,Terra,32.8281909547739,32.76051759834374,,
2019-05-13,Pesalakan,Terra,,29.010000000000048,23.050904522613102,22.49000000000001
2019-05-16,Pesalakan,Terra,,,23.110000000000014,23.970000000000027
2019-05-19,Pesalakan,Terra,31.160954773869385,30.890000000000043,,
2019-05-20,Pesalakan,Terra,30.184673366834204,30.49000000000001,,
2019-05-21,Pesalakan,Terra,32.097537688442245,32.170000000000016,,
2019-05-22,Pesalakan,Terra,30.51974874371861,30.110000000000014,,
2019-05-23,Pesalakan,Terra,33.616231155778905,32.93000000000001,,
2019-05-25,Pesalakan,Terra,31.925175879397028,32.31,,23.130000000000052
2019-05-26,Pesalakan,Terra,32.03000000000003,31.750000000000057,,
2019-05-28,Pesalakan,Terra,32.48939698492464,31.930000000000007,19.65683417085428,19.450000000000045
2019-05-30,Pesalakan,Terra,31.17804020100507,30.020853548966794,,
2019-05-31,Pesalakan,Terra,,,19.150000000000034,19.150000000000034
2019-06-01,Pesalakan,Terra,31.56809045226135,31.358689407540407,,22.850000000000023
2019-06-05,Pesalakan,Terra,29.45236363636366,29.410000000000025,23.916710526315804,23.79000000000002
2019-06-06,Pesalakan,Terra,31.418442211055307,31.190000000000055,,16.370000000000005
2019-06-08,Pesalakan,Terra,33.59582914572868,32.45000000000004,,
2019-06-10,Pesalakan,Terra,34.41422110552769,33.210000000000036,,
2019-06-12,Pesalakan,Terra,,30.350000000000023,24.337586206896585,24.610000000000014
2019-06-13,Pesalakan,Terra,35.30025125628144,33.93000000000001,,
2019-06-15,Pesalakan,Terra,34.46839195979903,32.57000000000005,,
2019-06-16,Pesalakan,Terra,,,22.63321608040203,22.910000000000025
2019-06-17,Pesalakan,Terra,30.014623115577898,28.65033898305088,,24.190000000000055
2019-06-18,Pesalakan,Terra,31.65713567839201,31.130000000000052,,
2019-06-19,Pesalakan,Terra,31.317638190954803,30.364117647058833,,
2019-06-20,Pesalakan,Terra,31.235226130653285,30.85000000000002,,21.950000000000045
2019-06-22,Pesalakan,Terra,32.336934673366876,30.86500000000001,,22.390000000000043
2019-06-24,Pesalakan,Terra,34.54005025125631,33.13000000000005,20.903968253968294,22.79000000000002
2019-06-26,Pesalakan,Terra,34.58949748743723,32.976957708049135,,24.210000000000036
2019-06-27,Pesalakan,Terra,32.079346733668366,31.49000000000001,,
2019-06-28,Pesalakan,Terra,33.16185929648244,32.07975143403446,,24.03000000000003
2019-06-29,Pesalakan,Terra,35.644472361809065,34.26073684210531,21.299852941176503,21.150000000000034
2019-06-30,Pesalakan,Terra,31.130000000000052,30.610000000000014,,22.430000000000007
2019-07-01,Pesalakan,Terra,36.01964824120607,34.410000000000025,,20.130000000000052
2019-07-03,Pesalakan,Terra,35.02457286432164,33.610000000000014,,23.390000000000043
2019-07-06,Pesalakan,Terra,29.844482758620728,29.890000000000043,16.58457286432164,18.470000000000027
2019-07-07,Pesalakan,Terra,31.288693467336707,30.310000000000002,22.892613065326675,22.890000000000043
2019-07-08,Pesalakan,Terra,33.7665829145729,32.13704419889507,,20.910000000000025
2019-07-10,Pesalakan,Terra,37.02115577889449,34.585000000000036,22.596666666666714,22.350000000000023
2019-07-12,Pesalakan,Terra,33.91854271356788,33.51718309859159,,23.99000000000001
2019-07-13,Pesalakan,Terra,34.95391959798997,33.53000000000003,,
2019-07-14,Pesalakan,Terra,35.90266331658293,33.98407665505228,22.763869346733703,22.230000000000018
2019-07-15,Pesalakan,Terra,32.51654545454548,33.35000000000002,,21.710000000000036
2019-07-16,Pesalakan,Terra,31.57000000000005,31.33000000000004,21.966080402010075,21.970000000000027
2019-07-17,Pesalakan,Terra,34.31733668341712,31.29000000000002,,
2019-07-21,Pesalakan,Terra,34.600854271356816,33.05000000000001,22.507587939698517,22.410000000000025
2019-07-22,Pesalakan,Terra,38.36216080402013,36.98201877934274,,21.83000000000004
2019-07-23,Pesalakan,Terra,33.85150753768848,34.25000000000006,,
2019-07-24,Pesalakan,Terra,35.1725125628141,35.13000000000005,,
2019-07-26,Pesalakan,Terra,36.10688442211058,33.76000000000005,22.797437185929684,22.690000000000055
2019-07-28,Pesalakan,Terra,39.54216080402015,37.53000000000003,,23.650000000000034
2019-07-29,Pesalakan,Terra,36.815527638191,34.73000000000002,,
2019-07-30,Pesalakan,Terra,32.110000000000014,33.670000000000016,,23.79000000000002
2019-07-31,Pesalakan,Terra,38.39321608040203,37.210000000000036,,21.230000000000018
2019-08-01,Pesalakan,Terra,,,23.010000000000048,22.05000000000001
2019-08-02,Pesalakan,Terra,41.58407035175882,38.870000000000005,,23.430000000000007
2019-08-04,Pesalakan,Terra,39.34015075376889,37.25659658344289,,22.33000000000004
2019-08-05,Pesalakan,Terra,35.40206030150755,34.63000000000005,,
2019-08-06,Pesalakan,Terra,39.6984422110553,37.58333333333337,21.610000000000014,22.03000000000003
2019-08-07,Pesalakan,Terra,36.27080402010054,35.13000000000005,,
2019-08-09,Pesalakan,Terra,37.72605442176875,35.150000000000034,,22.110000000000014
2019-08-10,Pesalakan,Terra,,,20.230000000000018,20.230000000000018
2019-08-11,Pesalakan,Terra,39.63110552763821,36.92755244755246,22.78768844221107,22.310000000000002
2019-08-13,Pesalakan,Terra,41.430603015075405,38.79000000000002,23.199246231155815,23.710000000000036
2019-08-15,Pesalakan,Terra,38.59000000000003,37.210000000000036,21.035628140703533,21.090000000000032
2019-08-16,Pesalakan,Terra,38.04644736842109,38.73000000000002,21.666190476190486,21.390000000000043
2019-08-17,Pesalakan,Terra,35.6541206030151,35.73000000000002,,20.730000000000018
2019-08-18,Pesalakan,Terra,42.50839195979901,40.23000000000002,23.070921052631608,22.730000000000018
2019-08-20,Pesalakan,Terra,41.16105527638194,39.170000000000016,,23.130000000000052
2019-08-21,Pesalakan,Terra,38.75763819095482,37.83000000000004,,
2019-08-22,Pesalakan,Terra,,33.690000000000055,24.005862068965527,23.590000000000032
2019-08-23,Pesalakan,Terra,40.6454773869347,38.39000000000004,18.110000000000014,16.010000000000048
2019-08-24,Pesalakan,Terra,39.02899497487438,37.39000000000004,,
2019-08-25,Pesalakan,Terra,40.42346733668345,38.190000000000055,,
2019-08-27,Pesalakan,Terra,42.19040201005027,39.710000000000036,,
2019-08-29,Pesalakan,Terra,41.124673366834195,38.21000000000003,,
2019-08-30,Pesalakan,Terra,38.4533165829146,37.31,,
2019-08-31,Pesalakan,Terra,41.54738693467338,39.35000000000003,,24.110000000000014
2019-09-01,Pesalakan,Terra,42.55331658291459,40.61000000000002,,22.33000000000004
2019-09-02,Pesalakan,Terra,36.50266331658294,35.710000000000036,,
2019-09-03,Pesalakan,Terra,41.29000000000002,36.57000000000005,,
2019-09-04,Pesalakan,Terra,,,23.35994974874374,23.370000000000005
2019-09-05,Pesalakan,Terra,46.27643216080405,43.28000000000003,,22.970000000000027
2019-09-06,Pesalakan,Terra,41.11412060301509,40.19926315789478,,
2019-09-09,Pesalakan,Terra,36.73000000000002,33.89000000000004,23.889095477386963,23.310000000000002
2019-09-10,Pesalakan,Terra,47.85894472361813,44.89000000000004,,24.650000000000034
2019-09-11,Pesalakan,Terra,36.87804020100505,36.411180811808144,,
2019-09-12,Pesalakan,Terra,42.87994974874374,40.150000000000034,,
2019-09-14,Pesalakan,Terra,45.12427135678395,41.75000000000006,,23.850000000000023
2019-09-16,Pesalakan,Terra,42.091005025125654,40.26548076923081,,23.850000000000023
2019-09-17,Pesalakan,Terra,,,23.474924623115584,23.370000000000005
2019-09-18,Pesalakan,Terra,36.05000000000001,34.710000000000036,19.49000000000001,20.53000000000003
2019-09-19,Pesalakan,Terra,36.22417085427138,39.670000000000016,,20.710000000000036
2019-09-22,Pesalakan,Terra,36.75963636363638,35.93000000000001,,
2019-09-23,Pesalakan,Terra,40.302160804020126,38.89000000000004,22.065979899497517,22.350000000000023
2019-09-24,Pesalakan,Terra,40.16135678391961,39.210000000000036,,
2019-09-26,Pesalakan,Terra,42.9522110552764,38.59000000000003,23.870000000000005,23.83000000000004
2019-09-30,Pesalakan,Terra,41.24437185929652,38.35000000000002,,
2019-10-01,Pesalakan,Terra,40.473517587939725,39.01000000000005,,
2019-10-02,Pesalakan,Terra,40.7992462311558,39.47000000000003,,24.210000000000036
2019-10-04,Pesalakan,Terra,38.73492462311561,39.35000000000002,22.930000000000007,22.630000000000052
2019-10-05,Pesalakan,Terra,47.18628140703521,43.47097014925376,,24.930000000000007
2019-10-09,Pesalakan,Terra,41.81,39.79000000000002,24.537839195979927,24.670000000000016
2019-10-11,Pesalakan,Terra,40.53000000000003,39.75000000000006,,
2019-10-14,Pesalakan,Terra,47.7392462311558,44.230000000000025,,24.190000000000055
2019-10-16,Pesalakan,Terra,44.62735294117652,41.31,,23.610000000000014
2019-10-18,Pesalakan,Terra,,,24.012127659574475,24.310000000000002
2019-10-19,Pesalakan,Terra,43.738643216080405,42.43000000000001,,
2019-10-20,Pesalakan,Terra,40.38777777777779,39.81,,25.930000000000007
2019-10-21,Pesalakan,Terra,41.24849246231159,39.51000000000005,,26.250000000000057
2019-10-22,Pesalakan,Terra,,,24.449264705882378,24.370000000000005
2019-10-23,Pesalakan,Terra,36.50005025125631,36.16275126903556,,
2019-10-24,Pesalakan,Terra,36.77000000000004,36.85000000000002,,
2019-10-25,Pesalakan,Terra,45.088994974874424,43.370000000000005,,25.950000000000045
2019-10-30,Pesalakan,Terra,46.85603015075379,43.870000000000005,23.79512562814072,24.83000000000004
2019-11-06,Pesalakan,Terra,45.727587939698516,44.07000000000005,,
2019-11-08,Pesalakan,Terra,44.616733668341745,41.96142857142861,,25.470000000000027
2019-11-10,Pesalakan,Terra,45.26223684210529,42.783218085106405,26.680854271356807,26.010000000000048
2019-11-15,Pesalakan,Terra,37.828291457286475,38.710000000000036,,
2019-11-17,Pesalakan,Terra,40.861859296482436,40.48000000000002,,25.370000000000005
2019-11-18,Pesalakan,Terra,40.114623115577906,39.65000000000004,,
2019-11-19,Pesalakan,Terra,39.02407035175881,37.81,,
2019-11-24,Pesalakan,Terra,42.190000000000055,40.190000000000055,,22.110000000000014
2019-11-28,Pesalakan,Terra,,,24.03000000000003,23.57000000000005
2019-11-29,Pesalakan,Terra,39.450000000000045,36.03000000000003,,
2020-01-22,Pesalakan,Terra,33.00648936170214,33.29000000000002,,
2020-02-10,Pesalakan,Terra,32.34457286432163,31.930000000000003,,
2020-02-14,Pesalakan,Terra,31.16648241206033,31.870000000000005,,
2020-02-16,Pesalakan,Terra,33.358442211055284,33.43000000000001,,
2020-02-22,Pesalakan,Terra,27.41442211055279,29.53000000000003,,
2020-03-06,Pesalakan,Terra,29.811034482758632,29.05000000000001,,
2020-03-10,Pesalakan,Terra,33.00758793969851,33.25000000000006,,
2020-03-22,Pesalakan,Terra,30.559648241206062,29.250000000000057,,
2020-04-12,Pesalakan,Terra,31.568090452261327,31.710000000000036,,
2020-04-14,Pesalakan,Terra,30.34276381909552,30.650000000000034,,19.250000000000057
2020-04-23,Pesalakan,Terra,31.778382352941193,31.950000000000045,,
2020-04-30,Pesalakan,Terra,28.059523809523856,28.430000000000007,,
2020-05-02,Pesalakan,Terra,31.756532663316612,31.450000000000045,,
2020-05-14,Pesalakan,Terra,30.206884422110573,29.350000000000023,,
2020-05-16,Pesalakan,Terra,32.75703517587943,32.29000000000002,,
2020-05-24,Pesalakan,Terra,29.85010050251259,29.710000000000036,,
2020-05-25,Pesalakan,Terra,30.413718592964862,30.650000000000034,,
2020-05-29,Pesalakan,Terra,31.639447236180917,31.590000000000032,,
2020-06-04,Pesalakan,Terra,30.150000000000034,30.150000000000034,,
2020-06-05,Pesalakan,Terra,30.057236180904532,30.023103448275897,,
2020-06-08,Pesalakan,Terra,30.061457286432184,29.870000000000005,,
2020-06-11,Pesalakan,Terra,,,22.190000000000055,22.190000000000055
2020-06-12,Pesalakan,Terra,31.906080402010087,31.750000000000057,,21.930000000000007
2020-06-13,Pesalakan,Terra,30.19532663316585,30.13942698706104,,
2020-06-14,Pesalakan,Terra,32.36507537688444,32.39000000000004,,
2020-06-16,Pesalakan,Terra,26.57422110552766,26.590000000000032,,24.53000000000003
2020-06-17,Pesalakan,Terra,30.35914572864326,30.410000000000018,,
2020-06-19,Pesalakan,Terra,27.353216080402028,26.130000000000052,,
2020-06-20,Pesalakan,Terra,27.84346733668344,28.05000000000001,,
2020-06-21,Pesalakan,Terra,30.623668341708576,30.41000000000003,,
2020-06-26,Pesalakan,Terra,31.44577889447239,30.950000000000045,23.08475177304968,22.870000000000005
2020-06-28,Pesalakan,Terra,31.924170854271384,31.450000000000045,,22.910000000000025
2020-06-29,Pesalakan,Terra,28.897035175879417,28.91000000000003,,21.07000000000005
2020-06-30,Pesalakan,Terra,31.50889447236183,30.950000000000045,,22.77000000000004
2020-07-01,Pesalakan,Terra,29.877482993197322,31.310000000000002,,
2020-07-02,Pesalakan,Terra,30.880050251256296,30.110000000000014,,
2020-07-05,Pesalakan,Terra,31.173819095477427,31.210000000000036,,
2020-07-07,Pesalakan,Terra,29.941658291457326,29.870000000000005,,23.510000000000048
2020-07-08,Pesalakan,Terra,30.37120603015078,30.37,,
2020-07-10,Pesalakan,Terra,,,21.17000000000003,21.710000000000036
2020-07-11,Pesalakan,Terra,,27.250000000000057,22.154705882352967,22.03000000000003
2020-07-12,Pesalakan,Terra,31.431105527638216,31.29000000000002,,
2020-07-14,Pesalakan,Terra,32.61763819095482,32.29817307692309,,
2020-07-16,Pesalakan,Terra,,,21.470000000000027,22.930000000000007
2020-07-17,Pesalakan,Terra,32.17432160804022,31.890000000000043,,23.210000000000036
2020-07-18,Pesalakan,Terra,27.832110552763858,28.07000000000005,,
2020-07-19,Pesalakan,Terra,33.13422110552768,32.870000000000005,,
2020-07-20,Pesalakan,Terra,,,19.750000000000057,20.110000000000014
2020-07-21,Pesalakan,Terra,30.426080402010086,30.77000000000004,,
2020-07-24,Pesalakan,Terra,,,20.957939698492503,21.410000000000025
2020-07-25,Pesalakan,Terra,28.623768844221118,28.670000000000016,,22.850000000000023
2020-07-26,Pesalakan,Terra,28.51582914572867,29.630000000000052,,22.610000000000014
2020-07-28,Pesalakan,Terra,32.51391959798996,31.98333333333335,,22.27000000000004
2020-07-30,Pesalakan,Terra,33.40989949748745,32.6309345794393,,
2020-07-31,Pesalakan,Terra,34.010703517587984,33.23000000000002,,
2020-08-01,Pesalakan,Terra,33.98025125628143,33.370000000000005,,20.29000000000002
2020-08-02,Pesalakan,Terra,33.36005025125631,33.45000000000004,,
2020-08-06,Pesalakan,Terra,35.51974874371863,34.59000000000003,22.930000000000007,23.350000000000023
2020-08-10,Pesalakan,Terra,32.59502512562817,32.83000000000004,,
2020-08-15,Pesalakan,Terra,34.06356783919601,33.75000000000006,,
2020-08-17,Pesalakan,Terra,33.86236180904526,33.690000000000055,,
2020-08-20,Pesalakan,Terra,36.69291457286434,36.03000000000003,,18.390000000000043
2020-08-22,Pesalakan,Terra,35.33000000000004,36.39000000000004,,24.410000000000025
2020-08-24,Pesalakan,Terra,36.77582914572867,36.08281407035179,,25.110000000000014
2020-08-25,Pesalakan,Terra,38.16336683417088,37.85000000000002,23.07000000000005,23.27000000000004
2020-08-26,Pesalakan,Terra,35.08899497487441,34.83000000000004,,
2020-08-27,Pesalakan,Terra,37.383768844221144,37.75000000000006,23.097537688442248,23.090000000000032
2020-08-29,Pesalakan,Terra,41.14336683417087,39.450000000000045,22.284472361809083,22.55000000000001
2020-08-31,Pesalakan,Terra,38.737135678391965,38.170000000000016,,
2020-09-05,Pesalakan,Terra,39.283668341708584,37.710000000000036,23.130000000000052,23.010000000000048
2020-09-09,Pesalakan,Terra,41.24025125628145,38.450000000000045,,
2020-09-10,Pesalakan,Terra,,,15.310000000000002,15.310000000000002
2020-09-11,Pesalakan,Terra,35.800050251256316,35.27000000000004,19.887142857142898,21.690000000000055
2020-09-12,Pesalakan,Terra,40.34758793969852,38.36499259259261,21.15944723618095,21.03000000000003
2020-09-14,Pesalakan,Terra,42.15613065326636,39.641460674157344,,24.29000000000002
2020-09-16,Pesalakan,Terra,37.907587939698516,35.03000000000003,,24.670000000000016
2020-09-17,Pesalakan,Terra,36.4946231155779,35.59000000000003,,
2020-09-18,Pesalakan,Terra,38.81964824120605,37.01000000000005,,
2020-09-19,Pesalakan,Terra,42.045979899497524,40.595714285714315,,
2020-09-21,Pesalakan,Terra,37.52959798994978,37.150000000000034,,
2020-09-23,Pesalakan,Terra,35.633618090452295,35.33000000000004,,
2020-09-25,Pesalakan,Terra,36.47553191489364,34.670000000000016,,23.470000000000027
2020-09-26,Pesalakan,Terra,36.76105527638195,35.53000000000003,,
2020-09-30,Pesalakan,Terra,39.58105527638194,37.99000000000001,,
2020-10-02,Pesalakan,Terra,41.2870854271357,39.450000000000045,,
2020-10-07,Pesalakan,Terra,39.04718592964827,37.33000000000004,,
2020-10-16,Pesalakan,Terra,35.454422110552784,35.450000000000045,,
2020-11-10,Pesalakan,Terra,34.12517587939702,34.420010537407805,,
2020-11-13,Pesalakan,Terra,31.910000000000025,32.05000000000001,,
2020-11-15,Pesalakan,Terra,31.888894472361823,32.27000000000004,,
2020-11-19,Pesalakan,Terra,35.734422110552806,35.110000000000014,,
2020-12-01,Pesalakan,Terra,32.41965517241383,31.190000000000055,,
2020-12-08,Pesalakan,Terra,28.650000000000034,29.850000000000023,,
2020-12-23,Pesalakan,Terra,30.98728643216084,31.99000000000001,,
2021-02-27,Pesalakan,Terra,31.411909547738734,31.33000000000004,,
2021-04-17,Pesalakan,Terra,32.43613065326637,32.670000000000016,,
2021-04-19,Pesalakan,Terra,29.806582914572893,29.53000000000003,23.735025125628162,24.190000000000055
2021-04-21,Pesalakan,Terra,32.517939698492484,32.85000000000002,,25.350000000000023
2021-04-22,Pesalakan,Terra,31.022562814070383,31.370000000000005,,
2021-04-23,Pesalakan,Terra,30.88216080402014,30.710000000000033,,
2021-04-24,Pesalakan,Terra,32.14125628140708,32.57587257617733,,
2021-04-25,Pesalakan,Terra,,,22.547989949748786,22.910000000000025
2021-04-26,Pesalakan,Terra,32.75592964824124,32.98964143426296,,24.410000000000025
2021-05-02,Pesalakan,Terra,29.983567839196006,29.750000000000057,,
2021-05-05,Pesalakan,Terra,29.49000000000001,28.750000000000057,,
2021-05-09,Pesalakan,Terra,33.32296482412063,32.59000000000003,,25.07000000000005
2021-05-10,Pesalakan,Terra,26.7922110552764,28.410000000000025,,23.910000000000025
2021-05-12,Pesalakan,Terra,29.917537688442252,29.810000000000002,,
2021-05-14,Pesalakan,Terra,32.0373366834171,32.01000000000005,,
2021-05-15,Pesalakan,Terra,29.796896551724164,29.430000000000007,,
2021-05-16,Pesalakan,Terra,31.15753768844223,30.530000000000033,,23.77000000000004
2021-05-21,Pesalakan,Terra,33.35140703517592,32.920000000000016,22.52106382978727,22.750000000000057
2021-05-23,Pesalakan,Terra,,,23.489264705882402,23.570000000000054
2021-05-28,Pesalakan,Terra,33.93070351758797,32.450000000000045,,
2021-05-30,Pesalakan,Terra,30.425979899497506,29.690000000000055,,
2021-06-04,Pesalakan,Terra,32.7111055276382,31.890000000000043,,
2021-06-06,Pesalakan,Terra,33.42296482412065,31.99000000000001,,
2021-06-08,Pesalakan,Terra,30.33000000000004,29.910000000000025,,
2021-06-13,Pesalakan,Terra,33.64718592964828,32.13000000000005,22.350402010050285,21.850000000000023
2021-06-18,Pesalakan,Terra,32.03000000000003,31.710000000000036,,
2021-06-22,Pesalakan,Terra,27.079342105263176,28.57000000000005,,
2021-06-27,Pesalakan,Terra,30.438341708542747,30.27000000000004,,
2021-06-29,Pesalakan,Terra,32.29944723618094,31.410000000000025,,
2021-07-02,Pesalakan,Terra,29.70316582914577,29.670000000000016,,
2021-07-03,Pesalakan,Terra,32.6689949748744,31.590000000000032,,24.730000000000018
2021-07-04,Pesalakan,Terra,30.75321608040205,29.910000000000025,,
2021-07-05,Pesalakan,Terra,30.912110552763835,30.53000000000003,,24.410000000000025
2021-07-06,Pesalakan,Terra,33.433216080402026,31.950000000000045,22.495527638190985,21.830000000000044
2021-07-08,Pesalakan,Terra,33.99482412060303,32.47000000000003,,
2021-07-10,Pesalakan,Terra,31.190000000000055,31.07000000000005,,
2021-07-12,Pesalakan,Terra,32.79190954773871,32.23000000000002,,
2021-07-13,Pesalakan,Terra,33.97281407035178,32.83000000000004,,
2021-07-15,Pesalakan,Terra,33.898140703517605,32.35000000000002,,
2021-07-17,Pesalakan,Terra,,25.230000000000018,21.762181818181844,22.03000000000003
2021-07-18,Pesalakan,Terra,32.25000000000006,32.13000000000005,,
2021-07-20,Pesalakan,Terra,33.62105527638194,32.77000000000004,,
2021-07-24,Pesalakan,Terra,35.09763819095479,34.03000000000003,,25.150000000000034
2021-07-25,Pesalakan,Terra,34.7973366834171,34.23000000000002,,
2021-07-26,Pesalakan,Terra,34.717638190954816,33.63646387832704,,24.33000000000004
2021-07-27,Pesalakan,Terra,35.90879396984928,35.1380441640379,21.310000000000002,21.57000000000005
2021-07-28,Pesalakan,Terra,34.615929648241234,33.73000000000002,,25.03000000000003
2021-07-29,Pesalakan,Terra,36.70025125628143,35.48779720279722,,22.950000000000045
2021-07-31,Pesalakan,Terra,32.58176470588241,32.59000000000003,,
2021-08-02,Pesalakan,Terra,35.81241206030154,34.79000000000002,,
2021-08-05,Pesalakan,Terra,32.478140703517624,32.610000000000014,,
2021-08-07,Pesalakan,Terra,34.373316582914605,33.95000000000005,23.33698412698416,23.27000000000004
2021-08-08,Pesalakan,Terra,,,20.903768844221126,20.590000000000032
2021-08-11,Pesalakan,Terra,33.44909547738694,33.210000000000036,,24.590000000000032
2021-08-12,Pesalakan,Terra,34.190000000000055,32.870000000000005,,
2021-08-14,Pesalakan,Terra,,33.950000000000045,22.174126984127,19.77000000000004
2021-08-15,Pesalakan,Terra,28.854444444444482,28.390000000000043,,
2021-08-16,Pesalakan,Terra,33.21804020100504,33.97875413450939,,23.05000000000001
2021-08-18,Pesalakan,Terra,36.18185929648244,34.81,,
2021-08-23,Pesalakan,Terra,34.950804020100534,35.410000000000025,,
2021-08-25,Pesalakan,Terra,36.40407035175884,35.70301369863018,,24.33000000000004
2021-08-27,Pesalakan,Terra,36.14678391959802,35.263980815347765,22.541914893617047,22.910000000000025
2021-08-28,Pesalakan,Terra,35.775628140703546,33.89000000000004,,
2021-09-01,Pesalakan,Terra,36.00206030150756,36.110000000000014,,24.150000000000034
2021-09-08,Pesalakan,Terra,34.86668341708545,33.57000000000005,,
2021-09-10,Pesalakan,Terra,40.120653266331686,37.870000000000005,,
2021-09-15,Pesalakan,Terra,,29.890000000000043,22.855125628140723,22.630000000000052
2021-09-17,Pesalakan,Terra,37.18025125628143,36.75679094540617,23.403768844221133,23.79000000000002
2021-09-19,Pesalakan,Terra,35.59291457286435,33.950000000000045,,
2021-09-20,Pesalakan,Terra,30.89613065326634,30.930000000000007,,
2021-09-28,Pesalakan,Terra,31.630000000000052,32.43000000000001,,24.55000000000001
2021-09-29,Pesalakan,Terra,34.96125628140705,34.370000000000005,,
2021-09-30,Pesalakan,Terra,33.210000000000036,32.29000000000002,24.133919597989976,23.870000000000005
2021-10-01,Pesalakan,Terra,36.10839195979903,34.190000000000055,,
2021-10-03,Pesalakan,Terra,38.4422613065327,36.718813559322065,,
2021-10-05,Pesalakan,Terra,40.712211055276434,38.21000000000003,,22.730000000000018
2021-10-07,Pesalakan,Terra,37.56045226130656,35.93000000000001,,23.090000000000032
2021-10-10,Pesalakan,Terra,41.26085427135681,38.9273698630137,,
2021-10-12,Pesalakan,Terra,41.98798994974877,39.22195583596217,24.166683417085455,24.07000000000005
2021-11-29,Pesalakan,Terra,33.03180904522615,32.450000000000045,,
2021-12-08,Pesalakan,Terra,28.83000000000004,31.83000000000004,,
2021-12-27,Pesalakan,Terra,30.897931034482788,29.930000000000007,,
2022-01-07,Pesalakan,Terra,26.630000000000052,27.470000000000027,,
2022-01-23,Pesalakan,Terra,31.07964824120605,30.590000000000032,,
2022-02-22,Pesalakan,Terra,28.630000000000052,29.79000000000002,,
2022-02-24,Pesalakan,Terra,32.870201005025166,32.610000000000014,,
2022-02-26,Pesalakan,Terra,32.44798994974876,32.019788867562426,,
2022-03-17,Pesalakan,Terra,28.470000000000027,28.27000000000004,,
2022-04-04,Pesalakan,Terra,31.08015075376887,31.17000000000002,,
2022-04-06,Pesalakan,Terra,31.529798994974904,31.350000000000023,,
2022-04-11,Pesalakan,Terra,31.864974874371903,31.350000000000023,,
2022-04-13,Pesalakan,Terra,30.809095477386958,31.49000000000001,,
2022-04-15,Pesalakan,Terra,31.7384422110553,31.47965517241381,,24.79000000000002
2022-04-16,Pesalakan,Terra,29.379145728643238,29.470000000000027,,
2022-04-17,Pesalakan,Terra,24.090000000000032,27.83000000000004,,
2022-04-20,Pesalakan,Terra,29.07000000000005,29.07000000000005,,
2022-05-03,Pesalakan,Terra,30.80849246231157,30.890000000000043,,
2022-05-06,Pesalakan,Terra,31.16839195979902,31.01000000000005,,
2022-05-10,Pesalakan,Terra,31.680552763819115,31.630000000000052,,
2022-05-13,Pesalakan,Terra,30.41361809045228,29.950000000000045,,
2022-05-15,Pesalakan,Terra,31.374020100502534,31.55000000000001,,
2022-05-17,Pesalakan,Terra,,,23.61618421052635,23.870000000000005
2022-05-18,Pesalakan,Terra,29.81643216080404,29.470000000000027,,
2022-05-24,Pesalakan,Terra,31.285678391959813,31.210000000000036,,
2022-05-27,Pesalakan,Terra,30.400452261306558,30.97000000000003,,
2022-05-29,Pesalakan,Terra,26.26467336683419,25.650000000000034,,
2022-05-30,Pesalakan,Terra,,,22.750000000000057,22.510000000000048
2022-05-31,Pesalakan,Terra,30.833718592964857,31.230000000000018,,
2022-06-05,Pesalakan,Terra,30.40648241206034,29.930000000000007,,
2022-06-20,Pesalakan,Terra,30.33944723618093,30.05000000000001,,
2022-06-21,Pesalakan,Terra,30.48688442211058,30.450000000000045,,
2022-06-23,Pesalakan,Terra,30.34125628140704,30.110000000000014,,
2022-06-25,Pesalakan,Terra,30.010000000000048,29.170000000000016,,
2022-06-27,Pesalakan,Terra,28.631708542713593,28.29846153846155,,
2022-06-28,Pesalakan,Terra,26.20417085427138,27.58000000000004,,
2022-06-29,Pesalakan,Terra,29.55452261306535,29.190000000000047,22.01894472361812,22.050000000000015
2022-06-30,Pesalakan,Terra,31.50396984924627,31.650000000000034,20.470000000000027,20.610000000000014
2022-07-02,Pesalakan,Terra,32.41020100502516,32.13000000000005,,
2022-07-04,Pesalakan,Terra,27.226683417085443,28.190000000000055,23.250000000000057,23.730000000000018
2022-07-05,Pesalakan,Terra,29.183266331658338,30.110000000000017,,
2022-07-07,Pesalakan,Terra,29.797939698492485,30.230000000000015,,22.57000000000005
2022-07-08,Pesalakan,Terra,28.787989949748752,28.850000000000023,,23.630000000000052
2022-07-09,Pesalakan,Terra,31.897939698492475,31.79424090338772,,21.630000000000052
2022-07-13,Pesalakan,Terra,28.390000000000043,28.610000000000014,,
2022-07-15,Pesalakan,Terra,29.190000000000055,29.210000000000036,,
2022-07-20,Pesalakan,Terra,31.93281407035178,31.830000000000037,,
2022-07-21,Pesalakan,Terra,30.52005025125632,30.33000000000004,,
2022-07-22,Pesalakan,Terra,30.001256281407063,29.970000000000027,,
2022-07-23,Pesalakan,Terra,,,19.99040201005029,19.630000000000052
2022-07-24,Pesalakan,Terra,28.908994974874407,28.27000000000004,,
2022-07-25,Pesalakan,Terra,29.109698492462336,29.310000000000002,,
2022-07-27,Pesalakan,Terra,31.696331658291477,31.610000000000014,,23.450000000000045
2022-07-29,Pesalakan,Terra,31.42788944723622,31.55000000000001,,
2022-07-30,Pesalakan,Terra,30.54859296482413,30.77000000000004,,
2022-08-01,Pesalakan,Terra,31.460552763819113,30.85000000000002,,
2022-08-05,Pesalakan,Terra,33.761959798995,33.110000000000014,,
2022-08-06,Pesalakan,Terra,23.99000000000001,28.630000000000052,,
2022-08-07,Pesalakan,Terra,31.366381909547748,30.15000000000003,,23.690000000000055
2022-08-08,Pesalakan,Terra,33.0549246231156,32.55000000000002,,21.470000000000027
2022-08-09,Pesalakan,Terra,,32.23000000000002,22.510000000000048,22.150000000000034
2022-08-12,Pesalakan,Terra,31.670000000000016,32.361460674157314,,
2022-08-16,Pesalakan,Terra,,25.230000000000018,22.49000000000001,23.350000000000023
2022-08-19,Pesalakan,Terra,34.83150753768846,34.43000000000001,,
2022-08-22,Pesalakan,Terra,32.444342105263196,31.99000000000001,,
2022-08-23,Pesalakan,Terra,33.406683417085446,32.89000000000004,,24.130000000000052
2022-08-25,Pesalakan,Terra,28.344371859296505,27.79000000000002,,
2022-08-27,Pesalakan,Terra,,,17.890000000000043,18.03000000000003
2022-08-30,Pesalakan,Terra,33.94145728643218,33.11000000000002,,
2022-09-02,Pesalakan,Terra,33.170804020100526,32.59000000000003,,
2022-09-06,Pesalakan,Terra,32.569497487437225,32.23000000000002,,
2022-09-13,Pesalakan,Terra,35.71864321608042,35.09000000000003,,
2022-09-15,Pesalakan,Terra,34.8933165829146,34.73000000000002,,
2022-09-18,Pesalakan,Terra,34.356532663316614,33.42080508474578,,
2022-09-19,Pesalakan,Terra,29.51974874371861,29.350000000000023,,
2022-09-25,Pesalakan,Terra,33.862261306532695,33.33000000000004,,24.710000000000036
2022-09-27,Pesalakan,Terra,35.47110552763823,35.190000000000055,,
2022-11-10,Pesalakan,Terra,32.52529411764709,32.23000000000002,,
2022-11-20,Pesalakan,Terra,31.604070351758835,31.230000000000018,,
2022-11-29,Pesalakan,Terra,33.23703517587944,33.13874734607223,,
2022-12-11,Pesalakan,Terra,32.13703517587942,31.81,,
2022-12-18,Pesalakan,Terra,32.37522613065329,31.630000000000052,,
2022-12-21,Pesalakan,Terra,28.78788944723622,28.55000000000001,,
2023-01-07,Pesalakan,Terra,30.94557788944728,30.870000000000005,,
2023-01-14,Pesalakan,Terra,30.47040201005028,30.390000000000043,,
2023-01-21,Pesalakan,Terra,30.230000000000018,30.670000000000016,,
2023-01-23,Pesalakan,Terra,30.839547738693486,30.810000000000002,,
2023-03-12,Pesalakan,Terra,29.88457286432164,30.58030418250955,,24.210000000000036
2023-04-05,Pesalakan,Terra,29.87532663316586,30.33000000000004,,
2023-04-12,Pesalakan,Terra,30.31422110552766,30.190000000000055,,
2023-04-14,Pesalakan,Terra,31.434120603015106,31.05000000000001,,
2023-04-15,Pesalakan,Terra,29.826482412060333,29.930000000000007,,
2023-04-19,Pesalakan,Terra,29.937839195979926,29.810000000000002,,
2023-04-22,Pesalakan,Terra,30.656432160804062,30.310000000000002,,
2023-04-24,Pesalakan,Terra,31.288592964824154,31.870000000000005,,
2023-05-01,Pesalakan,Terra,29.252512562814097,29.310000000000002,,
2023-05-13,Pesalakan,Terra,31.143467336683447,30.850000000000023,,24.250000000000057
2023-05-14,Pesalakan,Terra,26.330100502512607,26.470000000000027,,
2023-05-15,Pesalakan,Terra,31.455226130653283,31.630000000000056,21.268391959799015,20.870000000000005
2023-05-16,Pesalakan,Terra,31.505577889447267,31.690000000000055,21.69492462311562,21.27000000000004
2023-05-18,Pesalakan,Terra,31.05331658291461,31.02355525965383,,
2023-05-21,Pesalakan,Terra,29.348894472361838,29.03000000000003,,
2023-05-23,Pesalakan,Terra,33.3014572864322,33.150000000000034,20.970000000000027,22.930000000000007
2023-05-24,Pesalakan,Terra,,,23.069095477386966,23.210000000000036
2023-05-25,Pesalakan,Terra,34.25472361809049,33.51000000000005,,24.53000000000003
2023-05-26,Pesalakan,Terra,30.48045226130655,31.090000000000032,,
2023-05-28,Pesalakan,Terra,32.400351758794,32.27000000000004,21.712814070351783,22.470000000000027
2023-05-30,Pesalakan,Terra,32.07020100502514,31.855884353741516,,22.930000000000007
2023-06-01,Pesalakan,Terra,33.791005025125656,33.27000000000004,,
2023-06-02,Pesalakan,Terra,28.90241379310349,28.470000000000027,,
2023-06-03,Pesalakan,Terra,,,23.486683417085448,24.025764909248092
2023-06-04,Pesalakan,Terra,31.636934673366856,30.762714285714328,,
2023-06-06,Pesalakan,Terra,31.410603015075402,30.89000000000004,,
2023-06-08,Pesalakan,Terra,29.363668341708586,29.410000000000025,,21.450000000000045
2023-06-09,Pesalakan,Terra,32.1827638190955,31.970000000000027,21.870000000000005,22.230000000000018
2023-06-11,Pesalakan,Terra,33.24587939698496,32.583456464379985,23.459849246231176,22.850000000000023
2023-06-13,Pesalakan,Terra,31.123065326633203,31.010000000000044,,24.630000000000052
2023-06-18,Pesalakan,Terra,30.952363636363643,30.090000000000032,,
2023-06-21,Pesalakan,Terra,33.18135678391962,32.200000000000045,,22.670000000000016
2023-06-23,Pesalakan,Terra,32.20788944723622,31.450000000000045,22.83160804020103,22.670000000000016
2023-06-25,Pesalakan,Terra,30.79000000000002,31.090000000000032,,
2023-06-26,Pesalakan,Terra,31.075829145728676,30.170000000000012,,
2023-06-28,Pesalakan,Terra,34.04105527638192,32.85000000000002,23.030634920634956,22.710000000000036
2023-06-30,Pesalakan,Terra,34.39432160804024,33.29000000000002,,
2023-07-01,Pesalakan,Terra,30.822060301507552,30.410000000000025,,
2023-07-05,Pesalakan,Terra,34.918140703517615,33.39000000000004,,24.350000000000023
2023-07-10,Pesalakan,Terra,33.94819095477391,33.170000000000016,,22.150000000000034
2023-07-11,Pesalakan,Terra,,,19.33422110552765,18.930000000000007
2023-07-12,Pesalakan,Terra,32.78366834170857,31.75584144645346,,
2023-07-17,Pesalakan,Terra,36.06939698492466,34.63049713193122,,22.710000000000036
2023-07-19,Pesalakan,Terra,33.82045226130657,32.77000000000004,,23.79000000000002
2023-07-20,Pesalakan,Terra,34.5476884422111,33.51972142170994,,
2023-07-21,Pesalakan,Terra,,30.410000000000025,23.105517241379328,22.590000000000032
2023-07-22,Pesalakan,Terra,35.99321608040202,34.670000000000016,22.03000000000003,21.390000000000043
2023-07-24,Pesalakan,Terra,32.57261306532667,32.370000000000005,,24.370000000000005
2023-07-26,Pesalakan,Terra,34.247386934673386,32.85000000000002,,23.33000000000004
2023-07-27,Pesalakan,Terra,37.452110552763855,35.97000000000003,,23.430000000000007
2023-07-29,Pesalakan,Terra,36.08688442211058,34.85894736842106,,22.710000000000036
2023-07-31,Pesalakan,Terra,35.12316582914575,33.80188524590165,20.870000000000005,18.57000000000005
2023-08-01,Pesalakan,Terra,35.82758793969851,34.33000000000004,,20.950000000000045
2023-08-02,Pesalakan,Terra,,,22.162907801418484,22.750000000000057
2023-08-03,Pesalakan,Terra,,,23.33000000000004,23.170000000000016
2023-08-04,Pesalakan,Terra,,,22.765577889447258,22.57000000000005
2023-08-05,Pesalakan,Terra,35.73070351758796,34.610000000000014,,24.450000000000045
2023-08-07,Pesalakan,Terra,33.92849246231159,33.39000000000004,,23.03000000000003
2023-08-08,Pesalakan,Terra,36.03000000000004,34.76936224489799,21.27000000000001,22.850000000000023
2023-08-09,Pesalakan,Terra,,,19.70115577889451,19.390000000000043
2023-08-10,Pesalakan,Terra,36.68778894472364,35.23000000000002,,23.690000000000055
2023-08-11,Pesalakan,Terra,36.190000000000055,35.55000000000001,,
2023-08-12,Pesalakan,Terra,38.17663316582917,36.170000000000016,,
2023-08-13,Pesalakan,Terra,36.57970588235296,34.259263157894786,,
2023-08-14,Pesalakan,Terra,34.04477386934677,33.210000000000036,,23.610000000000014
2023-08-16,Pesalakan,Terra,,,23.310000000000002,23.27000000000004
2023-08-17,Pesalakan,Terra,37.26065326633167,35.670000000000016,20.668095238095272,20.690000000000055
2023-08-18,Pesalakan,Terra,34.902462311557834,33.950000000000045,,21.190000000000055
2023-08-19,Pesalakan,Terra,35.39261306532666,34.150000000000034,24.007185929648255,23.890000000000043
2023-08-20,Pesalakan,Terra,35.81271356783923,35.13809523809528,,24.370000000000005
2023-08-22,Pesalakan,Terra,35.41884422110555,35.208478260869605,,24.33000000000004
2023-08-24,Pesalakan,Terra,35.337135678391995,34.27000000000004,,22.630000000000052
2023-08-25,Pesalakan,Terra,34.690000000000055,33.35000000000002,,22.53000000000003
2023-08-26,Pesalakan,Terra,,,21.446545454545507,20.99000000000001
2023-08-27,Pesalakan,Terra,38.49010050251259,37.01000000000005,,24.590000000000032
2023-08-28,Pesalakan,Terra,,,21.487788944723626,21.590000000000032
2023-08-29,Pesalakan,Terra,39.28778894472364,37.420000000000016,,23.630000000000052
2023-08-30,Pesalakan,Terra,34.74959798994977,33.70183811129853,,
2023-08-31,Pesalakan,Terra,37.32437185929653,36.01242774566479,,24.79000000000002
2023-09-01,Pesalakan,Terra,39.17482412060302,37.52000000000004,,24.250000000000057
2023-09-03,Pesalakan,Terra,39.317437185929684,37.51500000000004,,23.430000000000007
2023-09-05,Pesalakan,Terra,38.789296482412105,37.13000000000005,,24.210000000000036
2023-09-06,Pesalakan,Terra,37.45100502512566,35.670000000000016,,23.55000000000001
2023-09-07,Pesalakan,Terra,34.610402010050294,34.33000000000004,24.416984126984154,23.750000000000057
2023-09-08,Pesalakan,Terra,33.789893617021306,34.51000000000005,,24.630000000000052
2023-09-09,Pesalakan,Terra,,,23.455628140703542,23.27000000000004
2023-09-10,Pesalakan,Terra,39.798140703517625,38.36026156941651,,23.950000000000045
2023-09-11,Pesalakan,Terra,37.791407035175894,36.690000000000055,,16.890000000000043
2023-09-12,Pesalakan,Terra,37.94537688442212,37.27000000000004,,25.150000000000034
2023-09-13,Pesalakan,Terra,40.49522613065331,38.700000000000045,15.810000000000002,14.630000000000052
2023-09-15,Pesalakan,Terra,39.76457286432163,37.78000000000003,24.84959798994976,24.710000000000036
2023-09-17,Pesalakan,Terra,38.21150753768848,36.63671052631583,24.147090909090924,23.650000000000034
2023-09-18,Pesalakan,Terra,35.51713567839201,35.73000000000002,,
2023-09-20,Pesalakan,Terra,41.82809045226134,40.02728813559325,24.783758865248256,24.77000000000004
2023-09-22,Pesalakan,Terra,41.974221105527654,40.01000000000005,,
2023-09-23,Pesalakan,Terra,38.42718592964827,36.97000000000003,,
2023-09-24,Pesalakan,Terra,40.9443718592965,39.696666666666715,,24.690000000000055
2023-09-25,Pesalakan,Terra,39.308592964824136,37.39000000000004,,24.750000000000057
2023-09-27,Pesalakan,Terra,44.25733668341712,41.99,,25.390000000000043
2023-09-28,Pesalakan,Terra,38.75080402010053,37.58040455120105,,
2023-09-29,Pesalakan,Terra,41.60487437185934,40.776417582417615,,25.77000000000004
2023-10-01,Pesalakan,Terra,36.955226130653294,35.852413793103466,,
2023-10-02,Pesalakan,Terra,41.288793969849266,39.47000000000003,,
2023-10-04,Pesalakan,Terra,41.33713567839201,39.69000000000005,,25.170000000000016
2023-10-05,Pesalakan,Terra,37.81,37.63000000000005,,23.430000000000007
2023-10-06,Pesalakan,Terra,38.929597989949784,38.110000000000014,,25.55000000000001
2023-10-07,Pesalakan,Terra,38.7011557788945,38.13000000000005,,
2023-10-09,Pesalakan,Terra,43.451507537688464,41.71720000000003,,24.83000000000004
2023-10-11,Pesalakan,Terra,40.145678391959834,37.690000000000055,21.49000000000001,24.430000000000007
2023-10-12,Pesalakan,Terra,34.17680000000002,34.89000000000004,,
2023-10-13,Pesalakan,Terra,35.994522613065364,35.36619047619049,,
2023-10-14,Pesalakan,Terra,41.22517587939701,38.59975143403444,,
2023-10-16,Pesalakan,Terra,42.41854271356787,40.710000000000036,,26.090000000000032
2023-10-17,Pesalakan,Terra,41.47100502512566,40.3620283018868,,
2023-10-18,Pesalakan,Terra,40.70708542713571,39.83000000000004,24.407085427135712,24.57000000000005
2023-10-19,Pesalakan,Terra,39.531447368421105,38.210000000000036,,
2023-10-21,Pesalakan,Terra,43.14839195979902,41.40992125984254,,
2023-10-25,Pesalakan,Terra,,,24.138620689655205,24.430000000000007
2023-10-26,Pesalakan,Terra,40.63733668341711,37.91507968127492,,
2023-10-28,Pesalakan,Terra,43.361457286432184,41.580079051383436,,26.29000000000002
2023-10-29,Pesalakan,Terra,42.06959798994977,40.89000000000004,,25.29000000000002
2023-10-30,Pesalakan,Terra,37.37582914572868,36.39000000000004,,24.950000000000045
2023-10-31,Pesalakan,Terra,35.31,37.33000000000004,,
2023-11-02,Pesalakan,Terra,42.92457286432163,40.39000000000004,,25.910000000000025
2023-11-07,Pesalakan,Terra,34.92654545454549,37.360000000000014,,
2023-11-09,Pesalakan,Terra,38.60216080402015,36.81,,
2023-11-10,Pesalakan,Terra,37.106683417085435,35.49000000000001,,
2023-11-19,Pesalakan,Terra,41.67060301507541,39.78000000000003,25.11482412060305,24.29000000000002
2023-11-22,Pesalakan,Terra,34.67432160804024,33.610000000000014,,
2023-11-26,Pesalakan,Terra,,,23.730000000000018,23.910000000000025
2023-12-11,Pesalakan,Terra,34.18859296482414,32.85000000000002,,
2023-12-13,Pesalakan,Terra,37.10527638190958,35.48288607594938,,
2023-12-15,Pesalakan,Terra,35.43452261306536,34.110000000000014,,
2023-12-16,Pesalakan,Terra,32.43824120603017,34.07000000000005,19.58487437185933,20.090000000000032
2023-12-18,Pesalakan,Terra,33.93578947368422,33.710000000000036,,
2023-12-20,Pesalakan,Terra,36.674020100502545,34.93000000000001,,24.49000000000001
2023-12-23,Pesalakan,Terra,36.581959798994994,35.610000000000014,,
2024-01-20,Pesalakan,Terra,,,22.62768844221108,23.05000000000001
2024-02-02,Pesalakan,Terra,28.591809045226164,29.03000000000003,,
2024-02-09,Pesalakan,Terra,31.1768341708543,30.79625000000002,,
2024-02-16,Pesalakan,Terra,31.190000000000055,30.870000000000005,,
2024-02-19,Pesalakan,Terra,,30.05000000000001,23.263869346733703,23.470000000000027
2024-02-26,Pesalakan,Terra,29.611105527638234,29.410000000000025,,
2024-03-19,Pesalakan,Terra,30.764472361809094,31.890000000000047,23.84648241206033,23.610000000000014
2024-03-21,Pesalakan,Terra,,,22.299636363636406,23.250000000000057
2024-03-31,Pesalakan,Terra,32.34909547738698,32.07720930232563,,23.810000000000002
2024-04-02,Pesalakan,Terra,31.491407035175907,31.77000000000004,,
2024-04-03,Pesalakan,Terra,27.85881578947372,28.190000000000055,,
2024-04-07,Pesalakan,Terra,31.155125628140723,31.703410852713223,,
2024-04-12,Pesalakan,Terra,30.147142857142875,30.57000000000005,,
2024-04-17,Pesalakan,Terra,30.95743718592967,30.79000000000002,,
2024-04-22,Pesalakan,Terra,29.890000000000043,29.03000000000003,,
2024-04-27,Pesalakan,Terra,28.912545454545473,28.850000000000023,,
2024-05-04,Pesalakan,Terra,30.649597989949783,31.299655172413804,,
2024-05-06,Pesalakan,Terra,31.004070351758823,31.29000000000002,,24.190000000000055
2024-05-07,Pesalakan,Terra,29.878341708542752,30.230000000000018,22.507487437185958,22.890000000000043
2024-05-09,Pesalakan,Terra,30.169396984924646,30.80000000000001,23.83994974874375,23.630000000000052
2024-05-13,Pesalakan,Terra,26.345172413793136,26.210000000000036,,
2024-05-16,Pesalakan,Terra,30.86678391959801,31.230000000000018,,
2024-05-17,Pesalakan,Terra,29.293492063492078,29.170000000000016,,
2024-05-18,Pesalakan,Terra,31.000150753768878,31.090000000000032,,
2024-05-19,Pesalakan,Terra,26.95783919597994,27.370000000000005,,
2024-05-21,Pesalakan,Terra,30.888090452261327,31.03000000000003,,
2024-05-26,Pesalakan,Terra,,,23.18306532663318,23.130000000000052
2024-05-27,Pesalakan,Terra,,,22.320000000000046,22.170000000000016
2024-05-29,Pesalakan,Terra,28.07020100502515,28.090000000000032,,
2024-05-30,Pesalakan,Terra,28.003065326633177,28.03000000000003,,
2024-05-31,Pesalakan,Terra,27.79522613065328,29.05000000000001,,
2024-06-04,Pesalakan,Terra,30.230301507537707,30.210000000000036,,
2024-06-05,Pesalakan,Terra,29.60246231155782,29.570000000000046,,
2024-06-06,Pesalakan,Terra,,,24.130000000000052,24.350000000000023
2024-06-07,Pesalakan,Terra,30.798140703517625,31.110000000000014,,23.79000000000002
2024-06-09,Pesalakan,Terra,28.984371859296502,28.930000000000007,23.724558823529453,24.390000000000043
2024-06-10,Pesalakan,Terra,29.835125628140727,29.210000000000036,,
2024-06-14,Pesalakan,Terra,28.90879396984928,28.93000000000001,,24.450000000000045
2024-06-17,Pesalakan,Terra,29.98075376884424,30.090000000000032,,
2024-06-19,Pesalakan,Terra,,23.29000000000002,22.390904522613074,22.57000000000005
2024-06-21,Pesalakan,Terra,29.882763819095512,29.77000000000004,,23.57000000000005
2024-06-22,Pesalakan,Terra,29.515427135678426,29.730000000000018,,23.250000000000057
2024-06-26,Pesalakan,Terra,29.54417085427138,29.47000000000003,23.322181818181843,23.710000000000036
2024-06-27,Pesalakan,Terra,28.882763819095487,28.630000000000052,22.049095477386974,21.49000000000001
2024-06-29,Pesalakan,Terra,30.044070351758837,29.250000000000057,,
2024-07-03,Pesalakan,Terra,30.28266331658294,29.77000000000004,,
2024-07-06,Pesalakan,Terra,25.865238095238116,27.450000000000045,,
2024-07-08,Pesalakan,Terra,29.071608040201028,29.010000000000044,,22.230000000000018
2024-07-11,Pesalakan,Terra,32.63371859296485,32.39000000000004,,22.850000000000023
2024-07-13,Pesalakan,Terra,31.299346733668372,30.910000000000025,,
2024-07-14,Pesalakan,Terra,30.744271356783962,30.297865168539342,20.45825396825401,19.79000000000002
2024-07-15,Pesalakan,Terra,,,22.77000000000004,23.27000000000004
2024-07-16,Pesalakan,Terra,32.51140703517593,31.710000000000036,,23.53000000000003
2024-07-18,Pesalakan,Terra,30.671206030150785,30.51153846153851,,
2024-07-19,Pesalakan,Terra,30.961055276381963,30.73000000000002,,
2024-07-20,Pesalakan,Terra,,,22.592814070351782,22.490000000000013
2024-07-21,Pesalakan,Terra,33.230904522613095,32.55000000000001,22.336532663316614,22.230000000000018
2024-07-23,Pesalakan,Terra,32.74427135678394,31.890000000000043,21.637738693467355,22.99000000000001
2024-07-24,Pesalakan,Terra,31.689095477386964,31.49000000000001,,
2024-07-26,Pesalakan,Terra,32.833819095477416,32.419008620689674,,24.010000000000048
2024-07-28,Pesalakan,Terra,33.85864321608043,33.43000000000001,,24.630000000000052
2024-07-29,Pesalakan,Terra,30.95030150753772,30.430000000000007,,
2024-07-30,Pesalakan,Terra,33.198040201005064,32.650000000000034,,25.33000000000004
2024-07-31,Pesalakan,Terra,31.850000000000023,31.27000000000004,,
2024-08-01,Pesalakan,Terra,,,19.690000000000055,20.190000000000055
2024-08-04,Pesalakan,Terra,33.54929648241209,32.670000000000016,,22.650000000000034
2024-08-05,Pesalakan,Terra,32.55814070351761,31.75790020790026,17.672110552763858,17.57000000000005
2024-08-06,Pesalakan,Terra,31.670904522613096,31.630000000000052,,
2024-08-09,Pesalakan,Terra,34.457437185929685,33.89000000000004,21.130000000000052,23.370000000000005
2024-08-10,Pesalakan,Terra,,,18.06266331658293,18.170000000000016
2024-08-11,Pesalakan,Terra,32.761859296482434,31.890000000000043,,22.730000000000018
2024-08-12,Pesalakan,Terra,31.43402010050255,32.55000000000001,,23.810000000000002
2024-08-14,Pesalakan,Terra,35.79492462311561,35.43000000000001,22.867989949748786,23.55000000000001
2024-08-15,Pesalakan,Terra,37.56428571428576,36.29000000000002,,
2024-08-18,Pesalakan,Terra,,,23.959361702127698,23.55000000000001
2024-08-19,Pesalakan,Terra,37.536633165829166,36.690000000000055,,24.49000000000001
2024-08-21,Pesalakan,Terra,35.14869346733671,34.55000000000002,,23.53000000000003
2024-08-24,Pesalakan,Terra,36.00346733668343,35.69097014925378,21.00547738693469,22.701915887850507
2024-08-26,Pesalakan,Terra,35.98447236180906,35.67000000000001,24.348592964824153,24.03000000000003
2024-08-27,Pesalakan,Terra,32.82929648241209,32.4766487935657,,
2024-08-31,Pesalakan,Terra,38.085678391959824,37.763802435724,,20.730000000000018
2024-09-02,Pesalakan,Terra,34.77673366834174,34.33000000000004,24.916331658291504,25.090000000000032
2024-09-03,Pesalakan,Terra,37.07613065326636,36.53000000000003,,
2024-09-05,Pesalakan,Terra,37.17684210526319,37.47000000000003,23.57161616161618,23.510000000000048
2024-09-07,Pesalakan,Terra,37.39793969849248,36.57998035363462,,24.57000000000005
2024-09-12,Pesalakan,Terra,31.539748743718615,31.370000000000005,,22.99000000000001
2024-09-13,Pesalakan,Terra,33.719045226130675,33.610000000000014,,
2024-09-14,Pesalakan,Terra,32.104874371859324,32.51000000000005,,
2024-09-15,Pesalakan,Terra,35.76839195979904,35.48233766233768,,
2024-09-17,Pesalakan,Terra,36.97180904522616,36.29000000000002,,
2024-09-18,Pesalakan,Terra,36.08266331658296,35.690000000000055,,
2024-09-20,Pesalakan,Terra,36.357135678392,35.0881494661922,,23.470000000000027
2024-09-24,Pesalakan,Terra,,,24.802964824120618,24.77000000000004
2024-09-27,Pesalakan,Terra,36.60638190954778,35.690000000000055,,
2024-10-02,Pesalakan,Terra,36.877537688442246,36.51000000000005,,
2024-10-07,Pesalakan,Terra,38.56447236180907,37.370000000000005,,
2024-10-12,Pesalakan,Terra,37.91623115577891,36.63000000000005,,
2024-10-21,Pesalakan,Terra,35.6979396984925,36.450000000000045,,25.470000000000027
2024-10-24,Pesalakan,Terra,39.05974874371861,37.55000000000001,23.930000000000007,24.650000000000034
2024-10-26,Pesalakan,Terra,38.336331658291485,37.31,,
2024-10-27,Pesalakan,Terra,37.538542713567864,36.35000000000002,20.097236180904535,19.650000000000034
2024-10-29,Pesalakan,Terra,37.90437185929651,37.57294314381275,,
2025-01-03,Pesalakan,Terra,30.561859296482442,30.250000000000057,,
2025-02-12,Pesalakan,Terra,,,22.810000000000002,22.810000000000002
2025-02-27,Pesalakan,Terra,29.636532663316622,29.57000000000005,,
2025-03-06,Pesalakan,Terra,29.310301507537726,29.430000000000007,,
2025-03-08,Pesalakan,Terra,30.700050251256307,30.49000000000001,,
2025-04-02,Pesalakan,Terra,28.782261306532675,28.77000000000004,,
2025-04-07,Pesalakan,Terra,26.681595744680884,27.190000000000055,,24.910000000000025
2025-04-12,Pesalakan,Terra,30.097537688442262,28.83000000000004,,
2025-04-19,Pesalakan,Terra,28.1544221105528,27.950000000000045,,
2025-04-22,Pesalakan,Terra,28.676733668341743,29.110000000000014,,
2025-04-25,Pesalakan,Terra,28.765175879397017,28.990000000000002,,23.610000000000014
2025-04-27,Pesalakan,Terra,27.042160804020128,28.414629213483163,,
2025-04-28,Pesalakan,Terra,26.506381909547756,28.710000000000036,,
2025-04-29,Pesalakan,Terra,30.946180904522638,30.55000000000001,23.410000000000025,23.410000000000025
2025-04-30,Pesalakan,Terra,29.06015075376888,29.430000000000007,,
2025-05-01,Pesalakan,Terra,,,21.29000000000002,23.190000000000055
2025-05-02,Pesalakan,Terra,29.037236180904564,30.010000000000048,,
2025-05-04,Pesalakan,Terra,,,23.499045226130683,23.630000000000052
2025-05-05,Pesalakan,Terra,26.454623115577913,26.870000000000005,,
2025-05-07,Pesalakan,Terra,29.923467336683437,29.83000000000004,,
2025-05-10,Pesalakan,Terra,30.81643216080404,30.890000000000043,,
2025-05-14,Pesalakan,Terra,28.572814070351793,28.79000000000002,,
2025-05-29,Pesalakan,Terra,31.01974874371863,30.99000000000001,,25.890000000000043
2025-05-30,Pesalakan,Terra,29.54859296482415,29.55000000000001,,
2025-06-03,Pesalakan,Terra,,,23.451134751773065,24.03000000000003
2025-06-04,Pesalakan,Terra,29.174020100502535,29.250000000000057,,
2025-06-06,Pesalakan,Terra,29.30658291457289,29.170000000000016,,
2025-06-08,Pesalakan,Terra,30.03703517587943,29.970000000000027,,
2025-06-11,Pesalakan,Terra,,,22.527889447236216,23.010000000000048
2025-06-12,Pesalakan,Terra,,,22.07000000000005,24.110000000000014
2025-06-13,Pesalakan,Terra,29.173718592964846,28.730000000000018,23.62308823529416,24.310000000000002
2025-06-14,Pesalakan,Terra,27.453115577889456,27.850000000000023,,
2025-06-21,Pesalakan,Terra,25.21190954773873,26.430000000000007,,
2025-06-23,Pesalakan,Terra,28.596532663316587,28.050000000000008,,23.970000000000027
2025-06-26,Pesalakan,Terra,28.71180904522617,29.05000000000001,,
2025-06-28,Pesalakan,Terra,29.37964824120606,29.250000000000057,,
2025-06-29,Pesalakan,Terra,29.43462311557791,29.07380952380957,,
2025-06-30,Pesalakan,Terra,26.418140703517594,26.870000000000005,23.221636363636403,23.410000000000025
2025-07-08,Pesalakan,Terra,,,22.311904761904774,23.310000000000002
2025-07-09,Pesalakan,Terra,27.7286934673367,27.670000000000012,,
2025-07-10,Pesalakan,Terra,28.624371859296524,28.430000000000007,22.01814070351762,22.450000000000045
2025-07-11,Pesalakan,Terra,29.32889447236183,29.390000000000043,,20.010000000000048
2025-07-16,Pesalakan,Terra,29.446984924623152,29.750000000000057,,22.310000000000002
2025-07-18,Pesalakan,Terra,30.226381909547758,30.019940828402408,,22.810000000000002
2025-07-19,Pesalakan,Terra,23.748552631578985,24.870000000000005,,
2025-07-20,Pesalakan,Terra,30.61904522613068,30.14102639296192,,23.250000000000057
2025-07-21,Pesalakan,Terra,30.591507537688475,30.29000000000002,,22.750000000000057
2025-07-23,Pesalakan,Terra,28.816331658291492,28.970000000000027,23.11261306532667,23.730000000000018
2025-07-25,Pesalakan,Terra,29.820452261306574,29.55000000000001,,25.510000000000048
2025-07-26,Pesalakan,Terra,29.766582914572886,29.77000000000004,,23.510000000000048
2025-07-27,Pesalakan,Terra,,,17.350000000000023,17.470000000000027
2025-07-28,Pesalakan,Terra,31.59492462311561,31.430000000000007,,23.79000000000002
2025-07-31,Pesalakan,Terra,30.096733668341738,30.430000000000007,22.880545454545477,22.83000000000004
2025-08-02,Pesalakan,Terra,31.510603015075414,31.803013698630146,23.486206896551735,23.310000000000002
2025-08-04,Pesalakan,Terra,29.419145728643255,26.970000000000027,,
2025-08-15,Pesalakan,Terra,30.242663316582945,29.750000000000057,,
2025-08-16,Pesalakan,Terra,28.326783919598007,28.29000000000002,,16.650000000000034
2025-08-17,Pesalakan,Terra,31.410301507537724,30.510000000000048,,
2025-08-24,Pesalakan,Terra,31.078643216080433,30.910000000000025,,24.950000000000045
2025-08-26,Pesalakan,Terra,31.741256281407075,31.150000000000034,24.005477386934693,23.750000000000057
2025-09-01,Pesalakan,Terra,33.01834170854274,32.51000000000005,,
2025-09-03,Pesalakan,Terra,35.01844221105531,34.39000000000004,,
2025-09-04,Pesalakan,Terra,32.80517587939701,32.07000000000005,,
2025-09-06,Pesalakan,Terra,27.698040201005046,29.336543535620084,,
2025-09-08,Pesalakan,Terra,32.09000000000003,30.390000000000043,,
2025-09-15,Pesalakan,Terra,31.070603015075406,30.610000000000014,,23.670000000000016
2025-09-21,Pesalakan,Terra,30.079090909090915,30.590000000000032,,24.210000000000036
2025-09-22,Pesalakan,Terra,,,22.948693467336717,22.930000000000007
2025-09-23,Pesalakan,Terra,34.925175879397,35.01000000000005,,25.150000000000034
2025-09-26,Pesalakan,Terra,32.78889447236184,33.370000000000005,,
2025-09-28,Pesalakan,Terra,33.8843718592965,33.51000000000005,,
2025-10-06,Pesalakan,Terra,34.20095477386938,34.110000000000014,22.609148936170232,22.970000000000027
2025-10-07,Pesalakan,Terra,,,24.655326633165874,24.77000000000004
2025-10-08,Pesalakan,Terra,34.94678391959802,34.26614147909973,,
2025-10-10,Pesalakan,Terra,32.07000000000005,31.690000000000055,,
2025-10-13,Pesalakan,Terra,35.82316582914576,34.950000000000045,,
2025-10-15,Pesalakan,Terra,31.05000000000001,30.77000000000004,,
2025-10-16,Pesalakan,Terra,34.95190954773871,34.170000000000016,,
2025-10-18,Pesalakan,Terra,35.08949748743723,34.05000000000002,,
2025-12-02,Pesalakan,Terra,30.361658291457324,30.370000000000005,,
2025-12-12,Pesalakan,Terra,27.285979899497516,27.230000000000018,,
2025-12-20,Pesalakan,Terra,30.055427135678432,30.110000000000014,,
2026-01-06,Pesalakan,Terra,29.702964824120638,29.490000000000013,,
2026-01-08,Pesalakan,Terra,27.34597989949752,27.690000000000055,,
2026-03-10,Pesalakan,Terra,27.710000000000036,28.77000000000004,,
2026-03-12,Pesalakan,Terra,28.08688442211056,28.33000000000004,,23.07000000000005
2026-03-13,Pesalakan,Terra,28.526281407035203,28.730000000000018,,
2026-03-14,Pesalakan,Terra,29.382562814070383,29.390000000000047,,
2026-03-17,Pesalakan,Terra,26.153517587939724,26.80333333333334,,
2026-03-23,Pesalakan,Terra,28.726381909547783,27.430000000000007,,
2026-03-29,Pesalakan,Terra,30.577135678392008,30.53000000000003,,
2026-04-01,Pesalakan,Terra,28.457437185929674,28.750000000000057,,
2026-04-04,Pesalakan,Terra,27.814020100502546,28.950000000000042,,
2026-04-09,Pesalakan,Terra,27.972613065326648,26.27000000000004,,
2026-04-12,Pesalakan,Terra,30.714120603015104,30.930000000000007,,
2026-04-14,Pesalakan,Terra,29.45371859296485,29.910000000000025,,
2026-04-16,Pesalakan,Terra,27.755326633165865,27.930000000000007,,
2026-04-17,Pesalakan,Terra,26.423065326633193,26.57000000000005,,
2026-04-19,Pesalakan,Terra,29.554623115577925,29.650000000000034,,
2026-04-21,Pesalakan,Terra,28.17100502512566,28.470000000000027,,
2026-04-24,Pesalakan,Terra,28.836733668341733,28.99000000000001,,23.130000000000052
2026-04-26,Pesalakan,Terra,28.317537688442254,28.950000000000045,,25.410000000000025
2026-04-29,Pesalakan,Terra,28.56839195979903,28.710000000000036,,
2026-05-04,Pesalakan,Terra,26.639748743718624,26.810000000000002,,
2026-05-07,Pesalakan,Terra,26.30557788944727,26.510000000000048,,
2026-05-08,Pesalakan,Terra,27.609597989949755,26.950000000000045,,
2026-05-11,Pesalakan,Terra,25.453819095477414,27.702614840989444,,
2026-05-12,Pesalakan,Terra,27.750000000000057,28.810000000000002,,
2026-05-16,Pesalakan,Terra,26.53276595744685,26.710000000000036,,
2026-05-19,Pesalakan,Terra,27.62115577889449,28.03000000000003,,23.590000000000032
2026-05-24,Pesalakan,Terra,26.55884422110557,26.790000000000017,,
2026-05-26,Pesalakan,Terra,28.34527638190959,28.310000000000002,,26.250000000000057
2026-05-27,Pesalakan,Terra,19.80517587939702,23.930000000000007,,14.450000000000045
2026-05-29,Pesalakan,Terra,28.553316582914587,28.310000000000002,19.620452261306568,19.33000000000004
2026-05-31,Pesalakan,Terra,27.838241206030172,28.03000000000003,,
2026-06-03,Pesalakan,Terra,28.631909547738708,28.33000000000004,,
2026-06-05,Pesalakan,Terra,28.869396984924652,28.51000000000005,,27.170000000000016
2026-06-06,Pesalakan,Terra,27.930301507537724,28.190000000000055,,19.430000000000007
2026-06-08,Pesalakan,Terra,28.85070351758796,28.970000000000024,,24.870000000000005
2026-06-10,Pesalakan,Terra,27.133316582914585,27.150000000000034,23.28919597989952,24.110000000000014
2026-06-11,Pesalakan,Terra,27.733015075376912,27.930000000000007,,
2026-06-15,Pesalakan,Terra,27.803165829145744,27.810000000000006,,20.910000000000025
2026-06-16,Pesalakan,Terra,24.865477386934703,25.190000000000058,,22.230000000000018
2026-06-18,Pesalakan,Terra,28.542462311557806,28.590000000000035,,24.930000000000007
2026-06-20,Pesalakan,Terra,26.744181818181843,26.79000000000002,24.297135678391985,24.190000000000055
2026-06-22,Pesalakan,Terra,,,22.148909090909125,22.130000000000052
2026-06-26,Pesalakan,Terra,26.651909547738704,26.630000000000052,,
2026-06-27,Pesalakan,Terra,,,24.34055276381913,23.890000000000043
2026-06-28,Pesalakan,Terra,28.073417085427185,28.090000000000032,,25.03000000000003
2026-07-01,Pesalakan,Terra,29.160954773869392,29.150000000000034,,23.730000000000018
2026-07-03,Pesalakan,Terra,28.113718592964855,28.03000000000003,,24.77000000000004
2026-07-05,Pesalakan,Terra,27.562763819095498,27.350000000000023,,25.250000000000057
2026-07-06,Pesalakan,Terra,28.36949748743721,28.150000000000034,,20.850000000000023
2026-07-08,Pesalakan,Terra,29.43090452261311,29.36204368174728,,23.930000000000007
2026-07-10,Pesalakan,Terra,27.381758793969873,27.27000000000004,,24.07000000000005
2026-07-11,Pesalakan,Terra,28.058241206030186,27.930000000000007,,
2026-07-13,Pesalakan,Terra,27.328090452261335,27.510000000000048,23.444473684210553,23.33000000000004
2026-07-15,Pesalakan,Terra,27.988994974874405,27.890000000000043,,25.230000000000018
2026-07-18,Pesalakan,Terra,29.150402010050268,29.07000000000005,,24.83000000000004
2026-07-20,Pesalakan,Terra,28.34095477386936,27.797933227345,,24.910000000000025
2026-07-21,Pesalakan,Terra,27.97512562814073,27.910000000000025,,23.610000000000014
2026-07-23,Pesalakan,Terra,28.494623115577934,28.519629629629673,,22.870000000000005
2026-07-25,Pesalakan,Terra,29.366884422110587,29.07000000000005,,23.430000000000007
2026-07-26,Pesalakan,Terra,29.94467336683419,29.710000000000033,22.017336683417124,22.130000000000052
2026-07-28,Pesalakan,Terra,26.91844221105529,27.25000000000006,,
2026-08-01,Pesalakan,Terra,,,23.150000000000034,23.130000000000052
2026-08-02,Pesalakan,Terra,28.646281407035204,29.010000000000048,,25.110000000000014
2026-08-05,Pesalakan,Terra,29.741859296482446,29.99000000000001,23.74457286432164,23.610000000000014
2026-08-07,Pesalakan,Terra,29.20497487437189,29.57000000000005,,24.33000000000004
2026-08-09,Pesalakan,Terra,29.662361809045255,29.41000000000002,22.509468085106402,22.630000000000052
2026-08-10,Pesalakan,Terra,29.894824120603044,29.690000000000055,21.06899497487441,21.77000000000004
2026-08-12,Pesalakan,Terra,30.11552763819097,30.210000000000033,,24.950000000000045
2026-08-14,Pesalakan,Terra,28.074924623115603,28.450000000000045,,24.950000000000045
2026-08-15,Pesalakan,Terra,30.07562814070356,29.930000000000003,,20.29000000000002
2026-08-16,Pesalakan,Terra,,,23.08000000000004,23.79000000000002
2026-08-20,Pesalakan,Terra,29.608492462311574,29.590000000000032,19.32608040201007,20.150000000000034
2026-08-22,Pesalakan,Terra,30.809899497487482,31.07000000000005,,25.950000000000045
2026-08-24,Pesalakan,Terra,30.159547738693508,30.310000000000002,21.610000000000014,21.610000000000014
2026-08-25,Pesalakan,Terra,31.88547738693471,31.77000000000004,,
2026-08-26,Pesalakan,Terra,,,22.890000000000043,22.890000000000043
2026-08-27,Pesalakan,Terra,31.639547738693498,31.670000000000016,23.37344827586209,24.250000000000057
2026-08-28,Pesalakan,Terra,30.961155778894508,31.190000000000058,,
2026-08-29,Pesalakan,Terra,30.093115577889467,29.850000000000023,24.38206349206352,23.970000000000027
2026-08-30,Pesalakan,Terra,31.092814070351775,31.250000000000057,,
2026-08-31,Pesalakan,Terra,,,20.390000000000043,21.07000000000005
2026-09-01,Pesalakan,Terra,32.46477386934677,32.42026156941652,,25.79000000000002
2026-09-02,Pesalakan,Terra,30.196432160804058,30.250000000000057,,
2026-09-03,Pesalakan,Terra,30.518542713567864,30.350000000000023,,25.53000000000003
2026-09-05,Pesalakan,Terra,29.148157894736876,29.27000000000004,22.74005025125632,22.910000000000025
2026-09-06,Pesalakan,Terra,31.51271356783923,31.210000000000036,24.619547738693488,24.07551351351356
2026-09-07,Pesalakan,Terra,29.330100502512597,29.190000000000055,,
2026-09-09,Pesalakan,Terra,32.47000000000003,32.01000000000005,21.89170854271358,23.010000000000048
2026-09-10,Pesalakan,Terra,,,24.33000000000004,24.57000000000005
2026-09-11,Pesalakan,Terra,30.92457286432165,31.110000000000014,,22.170000000000016
2026-09-14,Pesalakan,Terra,33.510000000000026,33.636952908587304,,25.190000000000055
2026-09-15,Pesalakan,Terra,,,24.89170854271361,24.55000000000001
2026-09-16,Pesalakan,Terra,31.656633165829177,31.921460674157316,,25.110000000000014
2026-09-18,Pesalakan,Terra,,,24.530301507537715,24.53000000000003
2026-09-19,Pesalakan,Terra,31.394924623115596,31.610000000000014,,24.79000000000002
2026-09-21,Pesalakan,Terra,33.16658291457289,32.83000000000004,,25.07000000000005
2019-01-06,Pesalakan,Aqua,33.864572864321616,34.07493506493511,,
2019-02-14,Pesalakan,Aqua,32.47582914572868,32.3423672566372,,
2019-02-22,Pesalakan,Aqua,,,20.650000000000034,21.210000000000036
2019-02-23,Pesalakan,Aqua,32.139411764705926,31.930000000000007,,
2019-02-26,Pesalakan,Aqua,32.85666666666669,32.73000000000002,,
2019-03-02,Pesalakan,Aqua,34.45321608040203,32.690000000000055,,
2019-03-20,Pesalakan,Aqua,31.90986394557827,32.43000000000001,,
2019-03-29,Pesalakan,Aqua,32.110000000000014,30.29000000000002,,
2019-05-03,Pesalakan,Aqua,31.439145728643243,33.170000000000016,,
2019-05-05,Pesalakan,Aqua,34.391105527638224,34.23000000000002,22.19763819095482,21.33000000000004
2019-05-12,Pesalakan,Aqua,33.28500000000002,33.09000000000003,19.310294117647075,19.27000000000004
2019-05-13,Pesalakan,Aqua,,,22.547989949748768,22.77000000000004
2019-05-17,Pesalakan,Aqua,34.82728643216083,34.58387019230773,,
2019-05-18,Pesalakan,Aqua,,,22.727788944723656,22.610000000000017
2019-05-19,Pesalakan,Aqua,34.31331658291462,34.110000000000014,,
2019-05-21,Pesalakan,Aqua,34.300452261306575,33.91638184245662,,22.510000000000048
2019-05-23,Pesalakan,Aqua,28.42170068027214,29.750000000000057,,
2019-05-25,Pesalakan,Aqua,30.944170854271373,31.470000000000027,,23.470000000000027
2019-05-27,Pesalakan,Aqua,,,22.090000000000032,23.55000000000001
2019-05-28,Pesalakan,Aqua,35.74276381909551,34.420000000000016,,
2019-06-01,Pesalakan,Aqua,31.671809045226155,31.670000000000016,,
2019-06-08,Pesalakan,Aqua,34.618743718592995,33.360200000000006,,
2019-06-09,Pesalakan,Aqua,31.870000000000005,32.79000000000002,,
2019-06-11,Pesalakan,Aqua,36.496934673366866,34.99000000000001,,
2019-06-13,Pesalakan,Aqua,35.82949748743721,33.89000000000004,,
2019-06-15,Pesalakan,Aqua,33.00955882352945,32.13000000000005,,
2019-06-17,Pesalakan,Aqua,34.51894472361813,33.979449152542394,,23.510000000000048
2019-06-18,Pesalakan,Aqua,35.07773869346736,34.03000000000003,,
2019-06-20,Pesalakan,Aqua,36.24427135678395,34.92551128818062,18.07776315789476,18.27000000000004
2019-06-22,Pesalakan,Aqua,35.46527638190958,33.650000000000034,,21.57000000000005
2019-06-23,Pesalakan,Aqua,,,21.77050251256283,21.610000000000014
2019-06-24,Pesalakan,Aqua,33.063065326633215,30.890000000000043,,23.470000000000027
2019-06-25,Pesalakan,Aqua,34.75120603015078,34.110000000000014,,22.07000000000005
2019-06-26,Pesalakan,Aqua,34.608693467336714,34.133669064748254,,23.53000000000003
2019-06-27,Pesalakan,Aqua,36.072110552763846,34.29000000000002,,
2019-06-28,Pesalakan,Aqua,31.219849246231163,31.590000000000035,,22.83000000000004
2019-06-29,Pesalakan,Aqua,38.74145728643219,36.655678571428595,20.417368421052668,20.29000000000002
2019-07-01,Pesalakan,Aqua,37.02477386934675,35.410000000000025,,
2019-07-03,Pesalakan,Aqua,35.57381909547743,34.30480651731162,,23.130000000000052
2019-07-06,Pesalakan,Aqua,34.7957286432161,33.450000000000045,18.30446808510641,18.05000000000001
2019-07-08,Pesalakan,Aqua,36.19743718592967,33.97210526315792,22.400653266331695,22.07000000000005
2019-07-09,Pesalakan,Aqua,,,21.043768844221123,21.310000000000002
2019-07-10,Pesalakan,Aqua,37.85884422110557,35.70195583596219,,22.05000000000001
2019-07-11,Pesalakan,Aqua,36.96065326633169,35.450000000000045,,21.510000000000048
2019-07-12,Pesalakan,Aqua,34.427788944723645,33.33000000000004,,22.590000000000032
2019-07-13,Pesalakan,Aqua,39.652512562814096,37.01000000000005,,
2019-07-14,Pesalakan,Aqua,33.71783919597995,32.25571428571434,21.597236842105286,20.890000000000043
2019-07-15,Pesalakan,Aqua,36.882368421052654,36.89000000000004,18.89653266331662,18.7020560747664
2019-07-16,Pesalakan,Aqua,,,13.941557788944756,13.850000000000023
2019-07-17,Pesalakan,Aqua,37.11482412060305,33.910000000000025,,21.250000000000057
2019-07-18,Pesalakan,Aqua,,,20.08145728643219,19.77000000000004
2019-07-21,Pesalakan,Aqua,,26.910000000000025,20.91138297872343,21.27000000000004
2019-07-22,Pesalakan,Aqua,41.5525125628141,38.29000000000002,,
2019-07-24,Pesalakan,Aqua,40.55050251256286,38.07000000000005,,
2019-07-26,Pesalakan,Aqua,39.87512562814074,38.641460674157344,,22.470000000000027
2019-07-28,Pesalakan,Aqua,36.92165829145733,35.59000000000003,21.170000000000016,21.423950177935957
2019-07-29,Pesalakan,Aqua,40.44778894472364,38.170000000000016,,
2019-07-31,Pesalakan,Aqua,43.28226130653269,39.643087071240146,,21.670000000000016
2019-08-02,Pesalakan,Aqua,39.99231292517011,37.870000000000005,,22.710000000000036
2019-08-03,Pesalakan,Aqua,,36.77000000000004,18.710000000000036,19.970000000000027
2019-08-04,Pesalakan,Aqua,41.37180904522616,39.01936010037645,,22.110000000000014
2019-08-05,Pesalakan,Aqua,42.87542713567844,40.93000000000001,,
2019-08-06,Pesalakan,Aqua,35.941773049645434,35.690000000000055,,
2019-08-07,Pesalakan,Aqua,36.812010050251295,39.170000000000016,,
2019-08-09,Pesalakan,Aqua,35.063090909090946,36.89000000000004,21.040954773869377,21.090000000000032
2019-08-10,Pesalakan,Aqua,,,20.36809045226134,20.670000000000016
2019-08-11,Pesalakan,Aqua,40.60955882352946,38.09000000000003,22.356382978723424,22.650000000000034
2019-08-12,Pesalakan,Aqua,39.73000000000002,37.05000000000001,,
2019-08-13,Pesalakan,Aqua,38.67994974874373,35.85000000000002,,21.710000000000036
2019-08-14,Pesalakan,Aqua,39.77000000000004,37.23000000000002,,
2019-08-16,Pesalakan,Aqua,42.63000000000005,38.228950000000026,,
2019-08-18,Pesalakan,Aqua,44.334723618090464,40.85000000000002,,21.850000000000023
2019-08-21,Pesalakan,Aqua,42.98336683417089,40.910000000000025,,
2019-08-22,Pesalakan,Aqua,,,22.690952380952393,22.850000000000023
2019-08-23,Pesalakan,Aqua,41.01934673366837,41.210000000000036,,
2019-08-25,Pesalakan,Aqua,45.07052631578951,42.99000000000001,,
2019-08-30,Pesalakan,Aqua,42.93693467336686,40.410000000000025,,
2019-09-01,Pesalakan,Aqua,44.84879396984928,42.25000000000006,,
2019-09-02,Pesalakan,Aqua,,,16.79000000000002,19.590000000000032
2019-09-04,Pesalakan,Aqua,,,13.381356783919621,18.41000000000002
2019-09-05,Pesalakan,Aqua,39.78959798994979,39.450000000000045,21.942562814070378,22.090000000000032
2019-09-06,Pesalakan,Aqua,44.056532663316595,42.33118081180815,,
2019-09-08,Pesalakan,Aqua,46.46698492462315,43.89000000000004,,22.230000000000018
2019-09-09,Pesalakan,Aqua,,,23.59220588235297,23.510000000000048
2019-09-10,Pesalakan,Aqua,49.86829145728646,46.59000000000003,,23.27000000000004
2019-09-11,Pesalakan,Aqua,39.17402010050255,38.610000000000014,,23.590000000000032
2019-09-12,Pesalakan,Aqua,44.16748743718594,42.97000000000003,,
2019-09-13,Pesalakan,Aqua,43.02447236180907,41.210000000000036,,14.730000000000018
2019-09-14,Pesalakan,Aqua,40.89301507537691,39.950000000000045,22.363668341708586,22.370000000000005
2019-09-15,Pesalakan,Aqua,44.40758793969851,42.51380952380957,,
2019-09-16,Pesalakan,Aqua,39.0816582914573,38.47000000000003,,
2019-09-17,Pesalakan,Aqua,43.36527638190958,41.99000000000001,22.52055276381913,22.430000000000007
2019-09-19,Pesalakan,Aqua,47.88829145728647,45.170000000000016,22.044255319148967,22.57000000000005
2019-09-20,Pesalakan,Aqua,38.43000000000001,38.85000000000002,20.295226130653283,20.130000000000052
2019-09-21,Pesalakan,Aqua,,,20.340000000000046,21.63000000000005
2019-09-22,Pesalakan,Aqua,43.987085427135696,41.52674952198856,,
2019-09-24,Pesalakan,Aqua,47.02125628140706,43.910000000000025,23.297375886524833,22.890000000000043
2019-09-28,Pesalakan,Aqua,43.98949748743722,40.85000000000002,24.190000000000015,24.010000000000048
2019-10-01,Pesalakan,Aqua,45.802361809045244,43.870000000000005,,
2019-10-10,Pesalakan,Aqua,44.25884422110556,41.53000000000003,,
2019-10-13,Pesalakan,Aqua,,,15.272110552763852,17.750000000000057
2019-10-16,Pesalakan,Aqua,,,23.364170854271386,23.799527720739235
2019-10-17,Pesalakan,Aqua,45.126482412060334,41.55000000000001,,
2019-10-18,Pesalakan,Aqua,,,23.42849246231159,23.510000000000048
2019-10-21,Pesalakan,Aqua,43.55840425531919,42.15910256410258,,24.150000000000034
2019-10-23,Pesalakan,Aqua,,,23.854736842105293,23.79000000000002
2019-10-24,Pesalakan,Aqua,42.535226130653285,41.39000000000004,,
2019-10-26,Pesalakan,Aqua,47.14909547738697,42.85000000000002,,
2019-10-28,Pesalakan,Aqua,37.53382978723407,37.63000000000005,,23.810000000000002
2019-10-30,Pesalakan,Aqua,43.71864321608042,41.290827067669184,23.33000000000004,23.750000000000057
2019-11-06,Pesalakan,Aqua,46.04105527638195,44.01095238095243,24.08859296482416,24.090000000000032
2019-11-07,Pesalakan,Aqua,38.63301507537693,38.23000000000002,,
2019-11-08,Pesalakan,Aqua,42.90266331658296,41.596862925482995,,
2019-11-15,Pesalakan,Aqua,34.93000000000001,34.910000000000025,,
2019-11-16,Pesalakan,Aqua,38.40718592964828,39.450000000000045,,24.230000000000018
2019-11-18,Pesalakan,Aqua,43.64396984924627,43.410000000000025,,
2019-11-20,Pesalakan,Aqua,41.07000000000005,39.150000000000034,,
2019-11-24,Pesalakan,Aqua,,,24.68460526315792,24.450000000000045
2019-11-27,Pesalakan,Aqua,,,18.39211055276384,19.410000000000025
2019-11-29,Pesalakan,Aqua,41.59613065326635,38.89000000000004,,
2019-12-08,Pesalakan,Aqua,35.205175879397025,36.150000000000034,,
2020-01-27,Pesalakan,Aqua,30.956934673366856,30.27000000000004,,
2020-02-01,Pesalakan,Aqua,32.05361809045229,31.450000000000045,,
2020-02-14,Pesalakan,Aqua,29.095427135678413,29.010000000000048,,
2020-02-22,Pesalakan,Aqua,32.89492462311561,32.110000000000014,,
2020-03-06,Pesalakan,Aqua,30.170000000000016,28.690000000000055,,
2020-03-11,Pesalakan,Aqua,30.450000000000045,31.310000000000002,,
2020-03-27,Pesalakan,Aqua,33.42396984924624,32.59000000000003,,
2020-04-03,Pesalakan,Aqua,34.26236180904525,33.97000000000003,,
2020-04-14,Pesalakan,Aqua,31.902462311557816,31.190000000000055,,
2020-04-21,Pesalakan,Aqua,27.815263157894748,28.730000000000018,,
2020-04-23,Pesalakan,Aqua,33.08105527638195,33.01000000000005,,
2020-05-13,Pesalakan,Aqua,,,22.54226130653271,23.510000000000048
2020-05-23,Pesalakan,Aqua,32.1897989949749,33.33000000000004,23.919748743718632,24.49000000000001
2020-05-25,Pesalakan,Aqua,27.3262814070352,26.430000000000007,,
2020-06-04,Pesalakan,Aqua,31.09834170854275,31.33000000000004,,
2020-06-05,Pesalakan,Aqua,28.95904522613069,29.170000000000016,,
2020-06-08,Pesalakan,Aqua,31.669698492462345,31.810000000000002,,
2020-06-10,Pesalakan,Aqua,28.884181818181855,29.79000000000002,,
2020-06-11,Pesalakan,Aqua,29.59412060301509,29.490000000000002,22.424363636363683,22.590000000000032
2020-06-12,Pesalakan,Aqua,30.623366834170888,30.53000000000003,,23.210000000000036
2020-06-13,Pesalakan,Aqua,32.9049748743719,32.43000000000001,,
2020-06-19,Pesalakan,Aqua,28.897301587301616,29.210000000000036,,
2020-06-22,Pesalakan,Aqua,31.20557788944724,30.77000000000004,,
2020-06-25,Pesalakan,Aqua,,,18.526080402010084,18.810000000000002
2020-06-26,Pesalakan,Aqua,30.346381909547787,29.366020942408387,,23.430000000000007
2020-06-27,Pesalakan,Aqua,31.099346733668376,30.77000000000004,15.362060301507558,16.970000000000027
2020-06-28,Pesalakan,Aqua,31.847688442211087,31.63000000000005,21.663366834170873,22.53000000000003
2020-06-30,Pesalakan,Aqua,,29.99000000000001,21.630000000000052,22.29000000000002
2020-07-01,Pesalakan,Aqua,32.870000000000005,32.99000000000001,21.420854271356813,21.53000000000003
2020-07-04,Pesalakan,Aqua,29.836532663316632,29.750000000000057,,19.890000000000043
2020-07-05,Pesalakan,Aqua,32.399447236180926,32.29000000000003,,
2020-07-07,Pesalakan,Aqua,29.14718592964825,28.79000000000002,,23.57000000000005
2020-07-13,Pesalakan,Aqua,,26.710000000000036,20.81321608040205,20.910000000000025
2020-07-17,Pesalakan,Aqua,34.80497487437189,34.83000000000004,,21.690000000000055
2020-07-19,Pesalakan,Aqua,33.024170854271404,33.610000000000014,,
2020-07-26,Pesalakan,Aqua,25.305172413793116,27.83000000000004,20.979346733668372,21.07000000000005
2020-07-28,Pesalakan,Aqua,34.528894472361834,34.29654353562007,,21.29000000000002
2020-07-29,Pesalakan,Aqua,,29.110000000000014,20.900050251256307,20.870000000000005
2020-07-30,Pesalakan,Aqua,33.06745454545459,32.29000000000002,,
2020-07-31,Pesalakan,Aqua,34.46567839195983,35.11000000000002,,
2020-08-02,Pesalakan,Aqua,,37.150000000000034,20.209396984924666,20.27000000000004
2020-08-09,Pesalakan,Aqua,37.01180904522616,36.40957723577238,,
2020-08-14,Pesalakan,Aqua,33.43824120603017,33.93000000000001,,
2020-09-05,Pesalakan,Aqua,39.433216080402055,37.610000000000014,,
2020-09-07,Pesalakan,Aqua,,,22.951904761904785,23.510000000000048
2020-09-10,Pesalakan,Aqua,40.0257788944724,39.67000000000001,,
2020-09-11,Pesalakan,Aqua,,,22.59753768844225,22.650000000000034
2020-09-12,Pesalakan,Aqua,,40.00000000000003,18.723900709219897,18.870000000000005
2020-09-14,Pesalakan,Aqua,40.58889447236183,38.93000000000001,21.295427135678427,21.763333333333378
2020-09-15,Pesalakan,Aqua,39.78376884422113,39.83000000000004,22.113115577889484,22.210000000000036
2020-09-16,Pesalakan,Aqua,,39.27000000000004,22.057340425531944,22.710000000000036
2020-09-17,Pesalakan,Aqua,41.9489949748744,39.75000000000006,,
2020-09-18,Pesalakan,Aqua,,,23.390000000000043,23.370000000000005
2020-09-19,Pesalakan,Aqua,45.17502512562817,42.97000000000003,,
2020-09-20,Pesalakan,Aqua,,,23.362964824120628,23.510000000000048
2020-09-26,Pesalakan,Aqua,38.140753768844256,35.75000000000006,,
2020-09-27,Pesalakan,Aqua,,,22.868994974874393,23.170000000000016
2020-09-30,Pesalakan,Aqua,38.39000000000004,34.110000000000014,,
2020-10-06,Pesalakan,Aqua,,,19.62523809523814,19.250000000000057
2020-10-12,Pesalakan,Aqua,37.80319148936171,37.29000000000002,,
2020-10-14,Pesalakan,Aqua,36.00029411764708,35.690000000000055,,
2020-10-17,Pesalakan,Aqua,,,17.69822695035464,16.79000000000002
2020-10-28,Pesalakan,Aqua,36.52798994974876,34.857786259541996,,
2020-11-10,Pesalakan,Aqua,34.15462311557794,33.07000000000005,,
2020-11-13,Pesalakan,Aqua,36.9233668341709,35.860000000000014,,
2020-11-15,Pesalakan,Aqua,31.163552631578963,30.390000000000043,,
2020-11-18,Pesalakan,Aqua,,,20.528090452261342,20.470000000000027
2020-12-01,Pesalakan,Aqua,32.03000000000003,31.450000000000045,,
2020-12-08,Pesalakan,Aqua,31.236532663316606,31.41000000000002,,
2020-12-28,Pesalakan,Aqua,30.552512562814105,30.250000000000057,,
2021-03-09,Pesalakan,Aqua,33.78854545454545,32.85000000000002,,
2021-04-08,Pesalakan,Aqua,31.956532663316608,32.13000000000005,22.55861702127663,21.510000000000048
2021-04-10,Pesalakan,Aqua,32.513517587939724,33.49000000000001,,
2021-04-12,Pesalakan,Aqua,31.048190954773897,30.55000000000001,,
2021-04-15,Pesalakan,Aqua,30.466281407035215,30.450000000000045,,
2021-04-17,Pesalakan,Aqua,29.450000000000045,32.57000000000005,,
2021-04-20,Pesalakan,Aqua,32.33723618090453,32.170000000000016,,
2021-04-21,Pesalakan,Aqua,31.05703517587943,31.230000000000018,,24.190000000000055
2021-04-22,Pesalakan,Aqua,32.31864321608043,32.93000000000001,,
2021-04-24,Pesalakan,Aqua,33.5249748743719,33.58000000000004,,
2021-04-25,Pesalakan,Aqua,,,21.309899497487464,21.090000000000032
2021-04-29,Pesalakan,Aqua,31.389310344827614,31.55000000000001,,
2021-05-01,Pesalakan,Aqua,33.561055276381936,34.13000000000005,,
2021-05-08,Pesalakan,Aqua,,,22.38497487437189,22.210000000000036
2021-05-10,Pesalakan,Aqua,35.90055276381914,35.809603174603176,19.29000000000002,20.970000000000027
2021-05-16,Pesalakan,Aqua,,,21.446507936507974,21.450000000000045
2021-05-22,Pesalakan,Aqua,30.753448275862105,31.930000000000007,,
2021-05-24,Pesalakan,Aqua,33.75394557823134,33.07000000000005,,
2021-05-26,Pesalakan,Aqua,35.077839195979934,34.026073211314504,,
2021-05-27,Pesalakan,Aqua,30.73351758793974,30.57000000000005,,22.00000000000003
2021-05-30,Pesalakan,Aqua,29.25914572864325,29.190000000000055,,24.370000000000005
2021-06-02,Pesalakan,Aqua,31.93974874371863,30.730000000000018,,
2021-06-04,Pesalakan,Aqua,33.38959798994978,32.110000000000014,23.076834170854305,23.110000000000014
2021-06-05,Pesalakan,Aqua,33.80497487437187,33.43000000000001,,
2021-06-06,Pesalakan,Aqua,32.27000000000004,31.670000000000016,,
2021-06-11,Pesalakan,Aqua,29.910909090909104,30.29000000000002,,
2021-06-12,Pesalakan,Aqua,,,20.930000000000007,21.510000000000048
2021-06-13,Pesalakan,Aqua,34.41894472361812,33.29000000000002,,
2021-06-17,Pesalakan,Aqua,,,21.75120603015079,22.07000000000005
2021-06-18,Pesalakan,Aqua,34.33000000000004,33.150000000000034,,
2021-06-27,Pesalakan,Aqua,32.247636363636396,31.79944099378883,,
2021-06-29,Pesalakan,Aqua,35.27311557788947,33.89000000000004,,
2021-07-03,Pesalakan,Aqua,,,22.127688442211085,22.27000000000004
2021-07-04,Pesalakan,Aqua,34.49884422110556,33.41797169811323,22.59271356783922,22.590000000000032
2021-07-06,Pesalakan,Aqua,36.04517587939703,34.89000000000004,,21.07000000000005
2021-07-07,Pesalakan,Aqua,32.9963316582915,32.31,,
2021-07-08,Pesalakan,Aqua,,,21.489296482412076,21.470000000000027
2021-07-11,Pesalakan,Aqua,35.21753768844225,34.259263157894786,,23.350000000000023
2021-07-13,Pesalakan,Aqua,37.557738693467364,36.29000000000002,,
2021-07-15,Pesalakan,Aqua,33.494321608040224,32.73000000000002,22.587788944723645,22.110000000000014
2021-07-17,Pesalakan,Aqua,,,20.21391959798997,20.750000000000057
2021-07-18,Pesalakan,Aqua,33.690000000000055,33.53000000000003,,
2021-07-20,Pesalakan,Aqua,38.23743718592969,36.6435614702155,13.447889447236198,20.99000000000001
2021-07-22,Pesalakan,Aqua,30.690000000000055,30.430000000000007,23.367085427135706,23.79000000000002
2021-07-24,Pesalakan,Aqua,34.22135678391961,34.39000000000004,,24.210000000000036
2021-07-25,Pesalakan,Aqua,38.69130653266335,37.53000000000004,,
2021-07-26,Pesalakan,Aqua,35.11542713567842,35.150000000000034,,23.210000000000036
2021-07-27,Pesalakan,Aqua,38.76336683417089,37.33000000000004,,21.430000000000007
2021-07-31,Pesalakan,Aqua,35.52547738693468,34.710000000000036,,
2021-08-01,Pesalakan,Aqua,,29.07000000000005,21.479547738693487,20.670000000000016
2021-08-05,Pesalakan,Aqua,34.451034482758644,34.39000000000004,,
2021-08-06,Pesalakan,Aqua,,,19.910000000000025,20.210000000000036
2021-08-07,Pesalakan,Aqua,37.238341708542734,36.110000000000014,22.605175879397013,22.670000000000016
2021-08-09,Pesalakan,Aqua,33.57000000000005,33.35000000000002,,
2021-08-10,Pesalakan,Aqua,30.96180000000003,31.450000000000045,,
2021-08-11,Pesalakan,Aqua,31.261256281407068,31.510000000000048,,23.370000000000005
2021-08-15,Pesalakan,Aqua,34.673216080402035,33.75000000000006,17.82478723404258,17.83000000000004
2021-08-16,Pesalakan,Aqua,36.62487437185933,35.39000000000004,,23.210000000000036
2021-08-23,Pesalakan,Aqua,32.35010050251259,33.03000000000003,,
2021-08-25,Pesalakan,Aqua,37.143366834170884,36.139883040935715,,23.650000000000034
2021-08-27,Pesalakan,Aqua,35.370000000000005,35.49000000000001,,
2021-08-31,Pesalakan,Aqua,,,21.510000000000048,21.310000000000002
2021-09-01,Pesalakan,Aqua,37.863970588235325,36.33000000000004,,
2021-09-02,Pesalakan,Aqua,37.19326530612246,36.09000000000003,,
2021-09-04,Pesalakan,Aqua,39.25834170854276,38.01000000000005,,
2021-09-08,Pesalakan,Aqua,,38.610000000000014,23.365577889447263,23.110000000000014
2021-09-09,Pesalakan,Aqua,38.31170854271361,36.910000000000025,,20.710000000000036
2021-09-20,Pesalakan,Aqua,35.73000000000002,35.85000000000002,,
2021-09-29,Pesalakan,Aqua,,35.210000000000036,20.05000000000001,20.230000000000018
2021-09-30,Pesalakan,Aqua,,,23.214623115577908,23.370000000000005
2021-10-05,Pesalakan,Aqua,,,21.822864321608066,21.710000000000036
2021-10-10,Pesalakan,Aqua,41.075829145728676,38.86902985074627,,
2021-10-12,Pesalakan,Aqua,37.52155778894475,37.23000000000002,,
2021-10-22,Pesalakan,Aqua,38.24497487437188,37.29000000000002,,
2021-11-29,Pesalakan,Aqua,31.42724137931039,30.55000000000001,,
2022-01-05,Pesalakan,Aqua,34.50095477386938,33.25000000000006,,
2022-01-21,Pesalakan,Aqua,33.12055276381912,33.170000000000016,,
2022-01-30,Pesalakan,Aqua,34.1301005025126,33.637971698113255,,
2022-03-26,Pesalakan,Aqua,32.215517241379345,32.39000000000004,,
2022-03-31,Pesalakan,Aqua,33.648970588235315,34.55000000000001,,
2022-05-06,Pesalakan,Aqua,31.87271356783923,31.350000000000023,,
2022-05-11,Pesalakan,Aqua,31.201658291457317,31.57992094861664,,
2022-05-13,Pesalakan,Aqua,31.218643216080427,31.630000000000052,,
2022-05-20,Pesalakan,Aqua,30.166206896551742,29.710000000000036,,
2022-05-28,Pesalakan,Aqua,,,22.27502512562817,22.310000000000002
2022-05-30,Pesalakan,Aqua,30.427788944723645,30.05000000000001,,
2022-06-10,Pesalakan,Aqua,31.660954773869374,31.19994059405945,,
2022-06-14,Pesalakan,Aqua,27.587085427135708,30.310000000000002,,
2022-06-28,Pesalakan,Aqua,31.302663316582933,31.39000000000004,,22.33000000000004
2022-06-29,Pesalakan,Aqua,32.27693467336687,31.970000000000027,,
2022-06-30,Pesalakan,Aqua,29.712010050251298,30.08335078534035,,20.99000000000001
2022-07-01,Pesalakan,Aqua,29.710344827586223,29.370000000000005,,
2022-07-03,Pesalakan,Aqua,31.756130653266343,31.19000000000005,,
2022-07-08,Pesalakan,Aqua,32.61753768844224,32.49000000000001,21.66266331658294,21.83000000000004
2022-07-09,Pesalakan,Aqua,32.53522613065331,32.49000000000001,,21.730000000000018
2022-07-10,Pesalakan,Aqua,32.73683417085428,32.410000000000025,,
2022-07-19,Pesalakan,Aqua,32.97653266331662,33.03000000000003,,17.010000000000048
2022-07-21,Pesalakan,Aqua,32.519346733668364,31.33000000000004,,22.190000000000055
2022-07-23,Pesalakan,Aqua,,26.970000000000027,22.237437185929682,22.210000000000036
2022-07-25,Pesalakan,Aqua,30.21994974874376,30.510000000000048,18.24306532663319,18.350000000000023
2022-07-26,Pesalakan,Aqua,32.83763819095482,33.31,,
2022-07-30,Pesalakan,Aqua,32.78939698492466,32.35654353562007,,22.150000000000034
2022-07-31,Pesalakan,Aqua,32.340050251256315,32.85000000000002,,
2022-08-01,Pesalakan,Aqua,33.718844221105556,33.75000000000006,,
2022-08-04,Pesalakan,Aqua,33.787788944723644,33.690000000000055,,
2022-08-07,Pesalakan,Aqua,,30.27000000000004,19.710000000000036,19.29000000000002
2022-08-08,Pesalakan,Aqua,33.210000000000036,33.110000000000014,,22.670000000000016
2022-08-10,Pesalakan,Aqua,,,22.81231155778896,22.930000000000007
2022-08-12,Pesalakan,Aqua,,,23.11432160804023,23.33000000000004
2022-08-18,Pesalakan,Aqua,36.31661764705886,31.49000000000001,,
2022-08-20,Pesalakan,Aqua,32.8396551724138,34.49000000000001,,
2022-08-24,Pesalakan,Aqua,,,23.348190954773916,23.690000000000055
2022-09-02,Pesalakan,Aqua,31.85482412060305,31.370000000000005,,
2022-09-05,Pesalakan,Aqua,39.29502512562818,37.29580323785805,,
2022-09-06,Pesalakan,Aqua,30.42728643216083,30.470000000000027,,
2022-09-12,Pesalakan,Aqua,35.18326633165831,34.79140280561124,,22.350000000000023
2022-09-15,Pesalakan,Aqua,35.146323529411816,35.09000000000003,,
2022-09-17,Pesalakan,Aqua,38.63624113475181,37.08000000000004,,
2022-09-19,Pesalakan,Aqua,37.68333333333335,34.29000000000002,,
2022-09-23,Pesalakan,Aqua,31.250000000000057,31.250000000000057,,
2022-09-25,Pesalakan,Aqua,30.00668341708544,30.170000000000016,23.345789473684242,23.53000000000003
2022-12-13,Pesalakan,Aqua,28.40095477386937,24.810000000000002,,
2023-03-13,Pesalakan,Aqua,32.668793969849254,33.41375796178346,,
2023-03-18,Pesalakan,Aqua,33.39824120603018,33.35000000000002,,
2023-04-03,Pesalakan,Aqua,30.710000000000036,29.99000000000001,,
2023-04-05,Pesalakan,Aqua,,,23.55000000000001,24.310000000000002
2023-04-08,Pesalakan,Aqua,32.6008542713568,32.01075630252106,,
2023-04-22,Pesalakan,Aqua,32.31572864321608,32.610000000000014,,
2023-04-24,Pesalakan,Aqua,31.137939698492495,31.390000000000043,,
2023-05-15,Pesalakan,Aqua,28.77000000000004,31.210000000000036,,22.350000000000023
2023-05-16,Pesalakan,Aqua,32.85211055276384,33.482530712530725,,
2023-05-17,Pesalakan,Aqua,,,22.182261306532695,22.630000000000052
2023-05-20,Pesalakan,Aqua,,,22.126783919598033,22.750000000000057
2023-05-22,Pesalakan,Aqua,,26.610000000000014,22.406180904522646,22.610000000000014
2023-05-23,Pesalakan,Aqua,32.03582914572868,32.910000000000025,,
2023-05-25,Pesalakan,Aqua,34.83271356783922,34.79000000000001,,22.430000000000007
2023-05-26,Pesalakan,Aqua,,,20.64829145728647,22.410000000000025
2023-05-27,Pesalakan,Aqua,31.210000000000036,31.310000000000002,21.96700680272113,22.05000000000001
2023-05-28,Pesalakan,Aqua,,,19.170000000000016,19.930000000000007
2023-05-30,Pesalakan,Aqua,33.342864321608076,33.29000000000002,,
2023-05-31,Pesalakan,Aqua,29.214623115577925,28.870000000000005,,23.27000000000004
2023-06-01,Pesalakan,Aqua,34.5957286432161,34.25000000000006,,
2023-06-03,Pesalakan,Aqua,33.77492462311561,33.610000000000014,,24.410000000000025
2023-06-08,Pesalakan,Aqua,34.514221105527675,33.95000000000005,,17.750000000000057
2023-06-10,Pesalakan,Aqua,33.93100502512567,33.29000000000002,,22.510000000000048
2023-06-13,Pesalakan,Aqua,32.970909090909124,32.47000000000003,,
2023-06-17,Pesalakan,Aqua,34.48849246231159,32.950000000000045,,
2023-06-19,Pesalakan,Aqua,31.043768844221145,30.670000000000016,,
2023-06-21,Pesalakan,Aqua,,,18.796633165829185,21.77000000000004
2023-06-22,Pesalakan,Aqua,36.252010050251286,34.950000000000045,,
2023-06-24,Pesalakan,Aqua,32.43000000000001,30.55000000000001,21.120552763819134,21.250000000000057
2023-06-27,Pesalakan,Aqua,31.910000000000025,33.73000000000002,,
2023-06-28,Pesalakan,Aqua,,,22.67211055276387,22.590000000000032
2023-06-29,Pesalakan,Aqua,36.29582914572868,34.89000000000004,23.112413793103485,22.650000000000034
2023-07-01,Pesalakan,Aqua,36.1824623115578,35.35000000000002,,
2023-07-05,Pesalakan,Aqua,,,23.55000000000001,23.170000000000016
2023-07-10,Pesalakan,Aqua,34.893492063492104,34.51000000000005,,
2023-07-16,Pesalakan,Aqua,34.99000000000001,34.27000000000004,,22.430000000000007
2023-07-17,Pesalakan,Aqua,34.29793969849248,33.49000000000001,21.45753768844224,22.230000000000018
2023-07-18,Pesalakan,Aqua,37.56175879396989,36.150000000000034,,20.950000000000045
2023-07-19,Pesalakan,Aqua,,,21.722352941176513,21.670000000000016
2023-07-20,Pesalakan,Aqua,39.370402010050285,37.016701708278624,,
2023-07-22,Pesalakan,Aqua,37.27482412060305,35.33000000000004,,21.210000000000036
2023-07-27,Pesalakan,Aqua,36.65894472361812,35.690000000000055,18.710000000000036,19.99000000000001
2023-07-28,Pesalakan,Aqua,,,19.046884422110583,18.310000000000002
2023-08-01,Pesalakan,Aqua,40.953216080402036,39.04000000000002,,
2023-08-04,Pesalakan,Aqua,,,22.54306532663319,22.49000000000001
2023-08-05,Pesalakan,Aqua,37.331206030150796,35.52000000000004,23.55000000000001,23.510000000000048
2023-08-08,Pesalakan,Aqua,40.32115577889451,38.07666666666671,,
2023-08-09,Pesalakan,Aqua,,,22.536911764705906,22.29000000000002
2023-08-10,Pesalakan,Aqua,39.344974874371886,37.27506142506146,,22.350000000000023
2023-08-11,Pesalakan,Aqua,35.53974874371862,35.01000000000005,,21.870000000000005
2023-08-12,Pesalakan,Aqua,37.10989949748748,35.35577576443943,,
2023-08-13,Pesalakan,Aqua,36.72376884422115,36.950000000000045,,
2023-08-15,Pesalakan,Aqua,38.13751773049647,37.51000000000005,,22.29000000000002
2023-08-17,Pesalakan,Aqua,36.41170854271359,35.150000000000034,,22.250000000000057
2023-08-18,Pesalakan,Aqua,,37.47000000000003,20.954868421052662,20.910000000000025
2023-08-20,Pesalakan,Aqua,41.12587939698495,39.410000000000025,,
2023-08-21,Pesalakan,Aqua,,,21.354623115577912,22.150000000000034
2023-08-22,Pesalakan,Aqua,37.210000000000036,36.610000000000014,,23.510000000000048
2023-08-25,Pesalakan,Aqua,37.690000000000055,33.950000000000045,21.58919597989951,21.870000000000008
2023-08-27,Pesalakan,Aqua,37.39000000000004,36.93000000000001,,
2023-08-29,Pesalakan,Aqua,43.98346733668343,41.96093078758953,22.43206896551727,22.310000000000002
2023-08-31,Pesalakan,Aqua,41.18115577889449,39.07853932584274,,23.650000000000034
2023-09-01,Pesalakan,Aqua,39.60236180904525,37.89000000000004,22.205175879397,22.350000000000023
2023-09-02,Pesalakan,Aqua,,,21.715025125628163,22.410000000000025
2023-09-03,Pesalakan,Aqua,37.241457286432194,39.170000000000016,,
2023-09-04,Pesalakan,Aqua,,,15.39271356783921,19.890000000000043
2023-09-05,Pesalakan,Aqua,42.657738693467365,40.610000000000014,,19.250000000000057
2023-09-06,Pesalakan,Aqua,,33.53000000000003,23.090000000000032,22.99000000000001
2023-09-07,Pesalakan,Aqua,39.58045226130656,38.43000000000001,,16.930000000000007
2023-09-09,Pesalakan,Aqua,38.104773869346765,38.05000000000001,,22.850000000000023
2023-09-10,Pesalakan,Aqua,43.18417085427138,41.145636942675196,19.082659574468124,19.03000000000003
2023-09-12,Pesalakan,Aqua,39.8654773869347,38.36847826086957,19.650000000000034,20.910000000000025
2023-09-15,Pesalakan,Aqua,40.267085427135704,38.59000000000003,,
2023-09-18,Pesalakan,Aqua,,,22.62517587939701,22.690000000000055
2023-09-19,Pesalakan,Aqua,42.27673366834173,40.23000000000002,23.093718592964848,23.370000000000005
2023-09-20,Pesalakan,Aqua,,,21.023741496598653,21.090000000000032
2023-09-21,Pesalakan,Aqua,38.19804020100505,36.860000000000014,,22.210000000000036
2023-09-22,Pesalakan,Aqua,43.505477386934714,41.55000000000001,,
2023-09-24,Pesalakan,Aqua,44.0733165829146,41.870000000000005,15.210344827586225,16.230000000000018
2023-09-26,Pesalakan,Aqua,43.996934673366866,41.81,,24.33000000000004
2023-09-27,Pesalakan,Aqua,39.13522613065329,38.85000000000002,22.230000000000018,22.410000000000025
2023-09-28,Pesalakan,Aqua,39.4286934673367,38.4851612903226,,24.55000000000001
2023-09-29,Pesalakan,Aqua,41.34487437185933,39.59000000000003,,
2023-09-30,Pesalakan,Aqua,33.0494974874372,32.85000000000002,24.370000000000005,23.27000000000004
2023-10-01,Pesalakan,Aqua,43.117437185929674,40.330000000000034,,
2023-10-06,Pesalakan,Aqua,42.31783919597994,39.700000000000045,,
2023-10-11,Pesalakan,Aqua,38.88246231155781,37.785242718446625,,
2023-10-15,Pesalakan,Aqua,44.11964824120604,42.14000000000004,,
2023-10-16,Pesalakan,Aqua,,,24.610000000000014,24.450000000000045
2023-10-17,Pesalakan,Aqua,,32.59000000000003,25.069296482412096,24.610000000000014
2023-10-19,Pesalakan,Aqua,,,23.601724137931047,23.77000000000004
2023-10-20,Pesalakan,Aqua,44.36336683417089,42.296327077748,,
2023-10-22,Pesalakan,Aqua,43.856432160804054,41.450000000000045,20.130526315789503,19.29000000000002
2023-10-27,Pesalakan,Aqua,43.19301507537693,40.70542168674702,24.161557788944748,24.090000000000032
2023-10-29,Pesalakan,Aqua,45.109899497487476,42.890000000000036,,24.510000000000048
2023-11-03,Pesalakan,Aqua,33.423758865248246,31.230000000000018,,
2023-11-07,Pesalakan,Aqua,,,22.236834170854294,23.33000000000004
2023-11-08,Pesalakan,Aqua,41.35412060301509,39.58000000000004,21.340552763819108,20.890000000000043
2023-11-10,Pesalakan,Aqua,41.08175879396988,37.52989487516429,,
2023-11-17,Pesalakan,Aqua,,,22.98728643216084,24.130000000000052
2023-11-18,Pesalakan,Aqua,40.50085427135683,40.13000000000005,,25.130000000000052
2023-11-19,Pesalakan,Aqua,,39.39000000000004,22.948157894736852,23.910000000000025
2023-11-22,Pesalakan,Aqua,37.21532663316585,38.670000000000016,,
2023-12-11,Pesalakan,Aqua,40.02809045226135,37.53000000000003,,21.27000000000004
2023-12-12,Pesalakan,Aqua,,,22.670000000000016,22.630000000000052
2023-12-16,Pesalakan,Aqua,40.54547738693469,39.23000000000002,,
2023-12-20,Pesalakan,Aqua,36.63703517587942,36.83000000000004,,22.750000000000057
2023-12-22,Pesalakan,Aqua,,,24.332412060301515,24.350000000000026
2023-12-29,Pesalakan,Aqua,21.432631578947408,21.130000000000052,,
2023-12-30,Pesalakan,Aqua,33.150000000000034,32.63000000000005,,
2024-01-13,Pesalakan,Aqua,31.178275862069,31.710000000000036,,
2024-01-20,Pesalakan,Aqua,,,19.99000000000001,21.450000000000045
2024-01-27,Pesalakan,Aqua,31.84487437185933,30.870000000000005,,
2024-02-06,Pesalakan,Aqua,30.657000000000025,28.450000000000045,,
2024-02-08,Pesalakan,Aqua,31.535829145728666,30.590000000000032,22.532553191489377,22.590000000000032
2024-02-20,Pesalakan,Aqua,31.33261306532667,31.430000000000007,,
2024-03-17,Pesalakan,Aqua,,,21.847386934673395,22.410000000000025
2024-03-20,Pesalakan,Aqua,34.134824120603035,35.030523138833026,,
2024-03-21,Pesalakan,Aqua,,,22.03000000000003,22.670000000000016
2024-03-22,Pesalakan,Aqua,31.948693467336714,32.39000000000004,,
2024-03-25,Pesalakan,Aqua,,,22.441557788944742,22.430000000000007
2024-04-10,Pesalakan,Aqua,29.193919597989982,29.450000000000045,,
2024-04-15,Pesalakan,Aqua,30.258944723618143,31.450000000000045,,
2024-04-20,Pesalakan,Aqua,32.23884422110556,32.23000000000002,,
2024-04-29,Pesalakan,Aqua,29.590000000000032,32.650000000000034,,
2024-05-04,Pesalakan,Aqua,30.535079365079405,31.710000000000036,,
2024-05-07,Pesalakan,Aqua,32.914824120603036,34.13901197604794,21.809396984924646,21.55000000000001
2024-05-09,Pesalakan,Aqua,31.232545454545473,31.590000000000032,,23.33000000000004
2024-05-16,Pesalakan,Aqua,,,20.749195979899522,20.79000000000002
2024-05-17,Pesalakan,Aqua,32.930603015075405,33.301984732824444,,
2024-05-18,Pesalakan,Aqua,,,20.914625850340162,21.49000000000001
2024-05-19,Pesalakan,Aqua,32.2106030150754,32.33000000000004,,
2024-05-26,Pesalakan,Aqua,30.102060301507553,30.670000000000016,,23.310000000000002
2024-05-29,Pesalakan,Aqua,31.939748743718603,32.190000000000055,,
2024-05-31,Pesalakan,Aqua,32.233718592964856,32.8591891891892,,
2024-06-04,Pesalakan,Aqua,,,23.155957446808532,23.190000000000055
2024-06-05,Pesalakan,Aqua,31.990000000000034,33.09000000000003,,22.210000000000036
2024-06-07,Pesalakan,Aqua,31.391105527638214,32.110000000000014,,
2024-06-09,Pesalakan,Aqua,29.769095477386973,30.210000000000036,,
2024-06-14,Pesalakan,Aqua,29.851608040201018,29.99000000000001,23.703567839196005,23.610000000000014
2024-06-16,Pesalakan,Aqua,27.673919597989975,28.690000000000055,,23.07000000000005
2024-06-17,Pesalakan,Aqua,32.16839195979902,31.55000000000001,,21.190000000000055
2024-06-20,Pesalakan,Aqua,31.17160804020104,30.77000000000004,,
2024-06-21,Pesalakan,Aqua,30.341617647058868,30.010000000000048,,23.950000000000045
2024-06-26,Pesalakan,Aqua,31.641055276381934,30.79000000000002,,
2024-06-27,Pesalakan,Aqua,32.26356783919601,32.43000000000001,,
2024-06-28,Pesalakan,Aqua,,27.090000000000032,23.310000000000002,23.410000000000025
2024-07-01,Pesalakan,Aqua,30.23727272727275,30.310000000000002,,
2024-07-09,Pesalakan,Aqua,32.099145728643244,32.309999999999995,,
2024-07-11,Pesalakan,Aqua,34.081356783919624,33.59655948553057,,
2024-07-13,Pesalakan,Aqua,32.79000000000002,33.610000000000014,,
2024-07-14,Pesalakan,Aqua,34.76678391959801,33.7166666666667,,
2024-07-16,Pesalakan,Aqua,34.777035175879426,34.77000000000004,,22.230000000000018
2024-07-17,Pesalakan,Aqua,,,18.510000000000048,20.230000000000018
2024-07-18,Pesalakan,Aqua,,28.930000000000007,21.385778894472374,21.610000000000014
2024-07-19,Pesalakan,Aqua,32.64939698492466,33.05000000000001,19.139246231155806,19.390000000000043
2024-07-21,Pesalakan,Aqua,35.10959798994976,35.170000000000016,,
2024-07-23,Pesalakan,Aqua,32.64351063829791,32.57000000000005,,19.810000000000002
2024-07-26,Pesalakan,Aqua,35.116834170854304,34.710000000000036,,
2024-07-27,Pesalakan,Aqua,,32.07000000000005,22.393235294117666,22.510000000000048
2024-07-28,Pesalakan,Aqua,,34.89000000000004,22.11361809045231,22.27000000000004
2024-07-30,Pesalakan,Aqua,35.90256281407038,36.210000000000036,,20.930000000000007
2024-08-01,Pesalakan,Aqua,,,22.61201005025129,22.950000000000045
2024-08-04,Pesalakan,Aqua,36.975829145728646,36.710000000000036,,23.130000000000052
2024-08-05,Pesalakan,Aqua,34.73562814070354,34.73000000000002,,21.05000000000001
2024-08-06,Pesalakan,Aqua,34.98949748743722,34.450000000000045,,
2024-08-07,Pesalakan,Aqua,37.325879396984966,36.49000000000001,,
2024-08-09,Pesalakan,Aqua,35.67321608040204,35.73000000000002,,
2024-08-10,Pesalakan,Aqua,,,22.093819095477425,22.930000000000007
2024-08-11,Pesalakan,Aqua,,35.55000000000001,19.57000000000005,21.77000000000004
2024-08-12,Pesalakan,Aqua,36.85100502512566,36.57000000000005,,
2024-08-13,Pesalakan,Aqua,32.00949748743723,32.650000000000034,,23.33000000000004
2024-08-14,Pesalakan,Aqua,38.38356783919601,37.47155555555558,,
2024-08-16,Pesalakan,Aqua,34.8537931034483,36.90976190476192,20.94206349206351,21.05000000000001
2024-08-18,Pesalakan,Aqua,33.57050251256285,33.450000000000045,,22.450000000000045
2024-08-19,Pesalakan,Aqua,37.990804020100526,37.35000000000002,,22.650000000000034
2024-08-21,Pesalakan,Aqua,37.26929648241208,36.650000000000034,,
2024-08-23,Pesalakan,Aqua,,,23.146884422110585,23.190000000000055
2024-08-24,Pesalakan,Aqua,38.689195979899544,39.01000000000005,,
2024-08-30,Pesalakan,Aqua,,,19.77000000000004,21.710000000000036
2024-08-31,Pesalakan,Aqua,40.797738693467366,40.80619047619048,22.248865248226977,22.630000000000052
2024-09-02,Pesalakan,Aqua,38.01000000000005,36.33000000000004,,24.110000000000014
2024-09-12,Pesalakan,Aqua,,33.950000000000045,22.340552763819122,23.07000000000005
2024-09-17,Pesalakan,Aqua,41.0859798994975,38.89000000000004,,
2024-09-19,Pesalakan,Aqua,38.894321608040215,38.63000000000005,,
2024-09-20,Pesalakan,Aqua,38.560351758794006,38.27000000000004,,
2024-10-07,Pesalakan,Aqua,40.53532663316586,38.98228915662652,,
2024-10-09,Pesalakan,Aqua,38.43522613065328,37.01000000000005,,
2024-10-12,Pesalakan,Aqua,38.870000000000005,40.03000000000003,,
2024-10-16,Pesalakan,Aqua,38.875728643216114,37.66300970873789,,
2024-10-18,Pesalakan,Aqua,,,23.190000000000055,22.970000000000027
2024-10-19,Pesalakan,Aqua,40.45130653266333,38.57654353562009,,
2024-10-24,Pesalakan,Aqua,41.42497487437188,39.300079051383406,,
2024-10-27,Pesalakan,Aqua,38.96551724137934,38.35000000000002,,
2024-10-29,Pesalakan,Aqua,39.989698492462324,37.93000000000001,,
2025-01-03,Pesalakan,Aqua,30.83633165829148,30.890000000000043,21.299342105263186,21.870000000000005
2025-02-18,Pesalakan,Aqua,28.867587939698513,31.110000000000014,,
2025-03-12,Pesalakan,Aqua,31.211809045226143,31.750000000000057,,
2025-04-06,Pesalakan,Aqua,,,21.33000000000004,22.430000000000007
2025-04-07,Pesalakan,Aqua,31.364572864321644,31.27000000000004,,
2025-04-19,Pesalakan,Aqua,30.427487437185942,31.076809078771735,,
2025-04-24,Pesalakan,Aqua,29.819346733668375,30.110000000000014,,
2025-04-29,Pesalakan,Aqua,31.123768844221146,31.710000000000036,,24.310000000000002
2025-05-01,Pesalakan,Aqua,28.722127659574497,28.910000000000025,,24.29000000000002
2025-05-14,Pesalakan,Aqua,30.56869346733671,30.910000000000025,,
2025-05-22,Pesalakan,Aqua,28.662978723404287,28.510000000000048,,
2025-05-24,Pesalakan,Aqua,29.114264705882373,29.55000000000001,,
2025-05-30,Pesalakan,Aqua,28.730000000000018,28.430000000000007,,
2025-06-02,Pesalakan,Aqua,,,22.39261306532666,22.350000000000023
2025-06-04,Pesalakan,Aqua,31.148775510204125,31.390000000000043,,
2025-06-06,Pesalakan,Aqua,30.489899497487468,30.950000000000045,,
2025-06-07,Pesalakan,Aqua,,,20.622060301507577,20.370000000000005
2025-06-11,Pesalakan,Aqua,,,20.975000000000023,21.27000000000004
2025-06-23,Pesalakan,Aqua,30.52608040201007,30.650000000000034,,
2025-06-26,Pesalakan,Aqua,30.725172413793114,31.970000000000027,,23.57000000000005
2025-07-01,Pesalakan,Aqua,30.875829145728666,31.130000000000052,21.89180904522616,22.390000000000043
2025-07-09,Pesalakan,Aqua,31.825778894472403,31.810000000000002,,21.850000000000023
2025-07-11,Pesalakan,Aqua,29.900150753768862,29.99000000000001,19.132512562814117,19.07000000000005
2025-07-17,Pesalakan,Aqua,25.83095238095238,26.630000000000052,,
2025-07-19,Pesalakan,Aqua,31.61381909547741,31.77000000000004,19.466984924623127,21.57000000000005
2025-07-20,Pesalakan,Aqua,,,20.813216080402018,20.79000000000002
2025-07-21,Pesalakan,Aqua,32.01723618090456,32.610000000000014,,22.190000000000055
2025-07-22,Pesalakan,Aqua,33.74738693467341,33.39000000000004,,15.550000000000011
2025-07-24,Pesalakan,Aqua,32.249095477386966,32.190000000000055,21.016578947368465,21.49000000000001
2025-07-25,Pesalakan,Aqua,,31.57000000000005,21.41673366834175,21.470000000000027
2025-07-26,Pesalakan,Aqua,30.74135678391962,30.450000000000045,23.5557286432161,23.49000000000001
2025-07-27,Pesalakan,Aqua,33.96447236180908,33.79241379310347,,
2025-07-31,Pesalakan,Aqua,31.517135678392005,31.010000000000048,22.342864321608054,22.810000000000002
2025-08-01,Pesalakan,Aqua,35.8568341708543,35.53000000000003,,23.590000000000032
2025-08-06,Pesalakan,Aqua,34.34507537688445,34.35241379310347,21.565477386934703,21.670000000000016
2025-08-11,Pesalakan,Aqua,32.370000000000005,32.23000000000002,,
2025-08-16,Pesalakan,Aqua,35.6614572864322,35.25657216494851,17.952000000000027,19.970000000000027
2025-08-22,Pesalakan,Aqua,,,22.560050251256307,22.250000000000057
2025-08-23,Pesalakan,Aqua,33.24949748743722,33.07000000000005,,24.430000000000007
2025-08-31,Pesalakan,Aqua,33.641724137931064,33.59000000000003,,
2025-09-02,Pesalakan,Aqua,33.090363636363655,32.77000000000004,,
2025-09-03,Pesalakan,Aqua,36.73773869346737,36.07000000000005,,24.710000000000036
2025-09-05,Pesalakan,Aqua,34.89663316582918,34.758705501618174,,
2025-09-06,Pesalakan,Aqua,36.99000000000001,34.910000000000025,,
2025-09-09,Pesalakan,Aqua,,,21.98276381909552,20.49000000000001
2025-09-13,Pesalakan,Aqua,28.338040201005047,29.590000000000032,,
2025-09-20,Pesalakan,Aqua,,,22.868421052631614,23.310000000000002
2025-09-21,Pesalakan,Aqua,35.34226130653269,35.33000000000004,,
2025-09-23,Pesalakan,Aqua,35.11070351758798,34.75944099378887,,
2025-09-25,Pesalakan,Aqua,31.108693467336725,31.03000000000003,,23.210000000000036
2025-09-26,Pesalakan,Aqua,33.54025125628144,33.93000000000001,,
2025-10-03,Pesalakan,Aqua,,,22.154321608040235,22.190000000000055
2025-10-05,Pesalakan,Aqua,,,21.370317460317487,22.090000000000032
2025-10-06,Pesalakan,Aqua,37.31763819095482,36.47000000000003,,25.250000000000057
2025-10-08,Pesalakan,Aqua,34.29000000000002,34.450000000000045,24.455000000000037,24.29000000000002
2025-10-09,Pesalakan,Aqua,33.82386934673368,32.860000000000014,,
2025-10-11,Pesalakan,Aqua,35.723869346733686,34.610000000000014,,
2025-10-14,Pesalakan,Aqua,,,20.489899497487468,20.350000000000023
2025-10-31,Pesalakan,Aqua,31.730000000000018,27.610000000000014,,
2025-12-16,Pesalakan,Aqua,,,21.873517587939737,21.690000000000055
2026-03-12,Pesalakan,Aqua,31.521959798995002,31.808606965174132,,
2026-03-17,Pesalakan,Aqua,31.09331658291461,30.99000000000001,,
2026-04-24,Pesalakan,Aqua,30.825879396984956,31.27000000000004,,
2026-05-01,Pesalakan,Aqua,,,22.044773869346756,21.99000000000001
2026-05-04,Pesalakan,Aqua,,,22.710000000000036,22.890000000000043
2026-05-12,Pesalakan,Aqua,29.401457286432183,29.430000000000007,,23.930000000000007
2026-05-18,Pesalakan,Aqua,30.02044117647062,30.950000000000045,,
2026-05-20,Pesalakan,Aqua,29.167386934673424,29.470000000000027,,
2026-05-26,Pesalakan,Aqua,29.39000000000003,29.410000000000025,,
2026-05-28,Pesalakan,Aqua,29.260050251256292,30.310000000000002,,
2026-05-30,Pesalakan,Aqua,,,21.604558823529448,21.83000000000004
2026-06-02,Pesalakan,Aqua,28.20236180904527,28.33000000000004,,
2026-06-05,Pesalakan,Aqua,30.82407035175883,30.89000000000004,,
2026-06-07,Pesalakan,Aqua,31.17663316582917,31.090000000000032,,23.29000000000002
2026-06-08,Pesalakan,Aqua,31.00658291457291,31.190000000000055,,
2026-06-10,Pesalakan,Aqua,29.552010050251283,29.650000000000034,,23.350000000000023
2026-06-14,Pesalakan,Aqua,,,20.750000000000057,22.49000000000001
2026-06-17,Pesalakan,Aqua,28.65201005025129,28.950000000000045,,23.510000000000048
2026-06-18,Pesalakan,Aqua,31.418040201005066,31.730000000000018,,23.710000000000036
2026-06-19,Pesalakan,Aqua,,,16.750000000000057,15.490000000000009
2026-06-25,Pesalakan,Aqua,28.844472361809075,28.690000000000055,22.938088235294142,23.33000000000004
2026-06-26,Pesalakan,Aqua,,28.07000000000005,17.450000000000045,19.130000000000052
2026-06-28,Pesalakan,Aqua,31.27723618090453,31.390000000000043,,23.630000000000052
2026-06-30,Pesalakan,Aqua,31.225175879397025,31.07000000000005,,21.890000000000043
2026-07-01,Pesalakan,Aqua,30.371105527638214,31.030000000000033,,22.930000000000007
2026-07-03,Pesalakan,Aqua,30.377437185929658,30.390000000000043,,23.150000000000034
2026-07-05,Pesalakan,Aqua,,,21.7038693467337,21.610000000000014
2026-07-08,Pesalakan,Aqua,32.483165829145754,31.890000000000043,21.401315789473717,20.930000000000007
2026-07-09,Pesalakan,Aqua,32.11000000000002,31.870000000000005,,20.370000000000005
2026-07-11,Pesalakan,Aqua,31.155125628140738,30.57954918032791,,22.05000000000001
2026-07-14,Pesalakan,Aqua,32.29211055276383,31.430000000000007,,22.29000000000002
2026-07-16,Pesalakan,Aqua,31.46909547738696,31.33000000000004,,22.670000000000016
2026-07-18,Pesalakan,Aqua,,,21.499636363636398,21.55000000000001
2026-07-19,Pesalakan,Aqua,32.26728643216082,32.01618932038839,21.614924623115606,20.390000000000043
2026-07-22,Pesalakan,Aqua,32.95361809045228,32.51666666666671,,
2026-07-23,Pesalakan,Aqua,,,22.49000000000001,22.390000000000043
2026-07-24,Pesalakan,Aqua,34.0184422110553,33.210000000000036,21.237437185929675,20.870000000000005
2026-07-26,Pesalakan,Aqua,32.28125628140706,32.13000000000005,,20.590000000000032
2026-07-27,Pesalakan,Aqua,33.24185929648242,32.97500000000002,,17.010000000000048
2026-08-01,Pesalakan,Aqua,30.187185929648255,30.630000000000052,,22.83000000000004
2026-08-02,Pesalakan,Aqua,,,22.163157894736877,22.090000000000032
2026-08-04,Pesalakan,Aqua,31.115578231292545,32.650000000000034,,22.03000000000003
2026-08-06,Pesalakan,Aqua,33.260954773869365,33.43000000000001,,24.29000000000002
2026-08-08,Pesalakan,Aqua,31.299748743718617,31.51000000000005,,22.930000000000007
2026-08-09,Pesalakan,Aqua,28.240753768844264,29.110000000000014,,
2026-08-10,Pesalakan,Aqua,,,21.902727272727294,22.05000000000001
2026-08-11,Pesalakan,Aqua,32.50949748743723,32.950000000000045,,19.470000000000027
2026-08-12,Pesalakan,Aqua,32.18527638190959,32.950000000000045,,
2026-08-14,Pesalakan,Aqua,33.86487437185934,34.08869387755105,,22.03000000000003
2026-08-21,Pesalakan,Aqua,,29.170000000000016,20.87202020202022,22.07000000000005
2026-08-22,Pesalakan,Aqua,33.896231155778906,34.110000000000014,22.130000000000052,22.430000000000007
2026-08-23,Pesalakan,Aqua,,,22.581055276381953,22.49000000000001
2026-08-24,Pesalakan,Aqua,33.785778894472394,33.59000000000003,20.84636363636366,22.55000000000001
2026-08-25,Pesalakan,Aqua,33.494489795918405,34.13000000000005,,
2026-08-26,Pesalakan,Aqua,,,22.405577889447258,22.870000000000005
2026-08-27,Pesalakan,Aqua,35.36979899497491,35.63000000000005,,22.890000000000043
2026-08-29,Pesalakan,Aqua,32.919346733668384,32.73000000000002,21.711454545454586,22.03000000000003
2026-08-30,Pesalakan,Aqua,33.63060301507541,33.670000000000016,,
2026-09-01,Pesalakan,Aqua,33.684773869346756,33.91952380952383,,22.110000000000014
2026-09-04,Pesalakan,Aqua,33.6579396984925,34.49000000000001,,23.670000000000016
2026-09-06,Pesalakan,Aqua,34.84175879396989,34.89000000000004,,21.130000000000052
2026-09-09,Pesalakan,Aqua,33.53402010050255,33.79738060781477,,20.77000000000004
2026-09-10,Pesalakan,Aqua,,,22.250000000000032,22.230000000000018
2026-09-11,Pesalakan,Aqua,,,22.333115577889483,22.810000000000002
2026-09-14,Pesalakan,Aqua,34.525678391959836,34.410000000000025,20.722964824120623,20.370000000000005
2026-09-15,Pesalakan,Aqua,,,21.810000000000002,21.710000000000036
2026-09-16,Pesalakan,Aqua,30.43331658291461,30.29000000000002,22.628592964824133,22.650000000000034
2026-09-17,Pesalakan,Aqua,33.82936170212769,33.81,20.430000000000007,20.470000000000027
2026-09-19,Pesalakan,Aqua,32.05231155778899,31.870000000000005,22.110000000000014,22.750000000000057
2026-09-21,Pesalakan,Aqua,29.652412060301547,29.350000000000023,,23.190000000000055
